"Country A","Country B","Type","Date of signature","Effective","Status","Source","WHTrates","PE","Other","UN","5(3)(a)C","5(3)(a)S","5(3)(b)","5(4)(a)","5(4)(b)","5(5)(b)","5(6)","5(7)","7(1)(b&c)","7(3)","8(2)","10(2)(a)Q","10(2)(a)T","10(2)(b)","11(2)","11(2)F","12(2)","12(2)C","12(2)E","12(A)","13(4)","13(5)","14","16(2)","21(3)","25B(5)","27","29"
"Albania","Israel","Original","2021","2022","In Force","0.3","0.31","0.45","0.13","0.26","9","YES","12","YES","YES","NO","NO","YES","NO","NO","NO","5","25","15","10","10","5","5","5","0","YES","NO","NO","NO","NO","NO","NO","PPT"
"Albania","Turkey","Original","1994","1997","In Force","0.19","0.38","0.06","0.13","0.06","12","NO","NO","YES","YES","NO","NO","NO","NO","NO","NO","5","25","15","10","10","10","10","10","0","NO","NO","YES","NO","NO","NO","NO","NA"
"Albania","Romania","Original","1994","1995","In Force","0.47","0.47","0.58","0.38","0.44","9","YES","9","YES","YES","YES","NO","YES","YES","NO","NO","10","25","15","10","10","15","15","15","0","NO","NO","YES","NO","YES","NO","NO","NA"
"Albania","Italy","Original","1994","2000","In Force","0.19","0.25","0.19","0.13","0.12","12","NO","NO","YES","YES","YES","NO","NO","NO","NO","NO","10","","10","5","5","5","5","5","0","NO","NO","YES","NO","NO","NO","NO","NA"
"Albania","Russia","Original","1995","1998","In Force","0.23","0.38","0.06","0.25","0.12","12","NO","NO","YES","YES","NO","NO","NO","NO","NO","NO","10","","10","10","10","10","10","10","0","NO","NO","YES","NO","YES","NO","NO","NA"
"Albania","Czechia","Original","1995","1997","In Force","0.33","0.54","0.47","0","0.31","6","YES","6","YES","YES","NO","NO","YES","NO","NO","NO","10","25","15","12","12","10","5","10","10","NO","NO","NO","NO","","NO","NO","NA"
"Albania","North Macedonia","Original","1998","1999","In Force","0.44","0.38","0.7","0.25","0.44","9","YES","9","NO","NO","YES","NO","NO","NO","NO","NO","10","","10","10","10","10","10","10","0","YES","NO","YES","NO","NO","NO","NO","NA"
"Albania","Sweden","Original","1998","2000","In Force","0.4","0.25","0.7","0.25","0.44","9","YES","9","NO","NO","NO","NO","YES","NO","NO","NO","5","25","15","5","5","5","5","5","0","NO","NO","YES","NO","YES","NO","NO","OTHER"
"Albania","Norway","Original","1998","2000","In Force","0.53","0.38","0.72","0.5","0.59","6","YES","6","NO","NO","YES","NO","NO","YES","NO","NO","5","25","15","10","10","10","10","10","0","YES","NO","YES","NO","YES","NO","NO","NA"
"Albania","Moldova","Original","2002","2004","In Force","0.58","0.28","0.95","0.5","0.68","9","YES","3","NO","NO","YES","YES","YES","YES","YES","NO","5","25","10","5","5","10","10","10","0","YES","NO","YES","NO","NO","NO","NO","NA"
"Albania","Montenegro","Pre-independence","2004","2006","In Force","0.57","0.5","0.83","0.38","0.62","9","YES","9","NO","NO","YES","NO","YES","NO","YES","NO","5","25","15","10","10","10","10","10","10","YES","NO","YES","NO","NO","NO","NO","NA"
"Albania","South Korea","Original","2006","2008","In Force","0.43","0.34","0.7","0.25","0.44","9","YES","6","NO","NO","YES","NO","NO","NO","NO","NO","5","25","10","10","10","10","10","10","0","YES","NO","YES","NO","NO","NO","NO","NA"
"Albania","Kuwait","Original","2010","2014","In Force","0.31","0.34","0.47","0.13","0.29","6","YES","6","YES","YES","NO","NO","YES","NO","NO","NO","5","10","10","10","10","10","10","10","0","NO","NO","YES","NO","NO","NO","NO","NA"
"Albania","Estonia","Original","2010","2018","In Force","0.31","0.22","0.45","0.25","0.32","9","YES","6","YES","YES","NO","NO","YES","NO","NO","NO","5","10","10","5","5","5","5","5","0","YES","NO","YES","NO","NO","NO","YES","NA"
"Albania","Germany","Original","2010","2012","In Force","0.23","0.25","0.2","0.25","0.21","9","YES","NO","YES","YES","NO","NO","NO","NO","NO","NO","5","25","15","5","5","5","5","5","0","YES","NO","YES","NO","NO","NO","YES","NA"
"Albania","Spain","Original","2010","2011","In Force","0.1","0.1","0.06","0.13","0.06","12","NO","NO","YES","YES","NO","NO","NO","NO","NO","NO","0","","10","6","0","0","0","0","0","YES","NO","NO","NO","NO","NO","NO","PARTIAL"
"Albania","Saudi Arabia","Original","2019","2020","In Force","0.36","0.23","0.47","0.38","0.41","6","YES","6","YES","YES","YES","NO","NO","NO","YES","NO","5","","5","6","6","8","8","5","0","NO","YES","YES","NO","NO","NO","NO","NA"
"Albania","Kosovo","Amended by protocol","2020","2022","In Force","0.21","0.29","0.22","0.13","0.18","6","NO","3","YES","YES","NO","NO","NO","NO","NO","NO","5","25","8","10","10","10","10","0","0","YES","NO","NO","NO","NO","YES","YES","PPT"
"Albania","Switzerland","Amended by protocol","2015","2016","In Force","0.15","0.25","0.08","0.13","0.09","9","NO","NO","YES","YES","NO","NO","NO","NO","NO","NO","5","25","15","5","5","5","5","5","0","NO","NO","YES","NO","NO","YES","NO","PARTIAL"
"Albania","Belgium","Amended by MLI","2019","2021","In Force","0.41","0.25","0.7","0.29","0.47","9","YES","9","NO","NO","NO","NO","YES","NO","NO","NO","5","25","15","5","5","5","5","5","0","YES","NO","YES","NO","","NO","YES","PPT"
"Albania","Bosnia and Herzegovina","Amended by MLI","2019","2021","In Force","0.43","0.34","0.69","0.25","0.41","12","YES","6","NO","NO","NO","NO","YES","NO","NO","NO","5","25","10","10","10","10","10","10","0","YES","NO","YES","NO","NO","NO","NO","PPT"
"Albania","Bulgaria","Amended by MLI","2019","2023","In Force","0.4","0.38","0.58","0.25","0.38","9","NO","NO","NO","NO","YES","NO","YES","NO","NO","NO","5","25","15","10","10","10","10","10","0","YES","NO","YES","NO","NO","NO","NO","PPT"
"Albania","China","Amended by MLI","2019","2023","In Force","0.36","0.38","0.45","0.25","0.32","9","YES","9","YES","YES","NO","NO","YES","NO","NO","NO","10","","10","10","10","10","10","10","0","YES","NO","YES","NO","NO","NO","NO","PPT"
"Albania","Croatia","Amended by MLI","2019","2022","In Force","0.44","0.38","0.69","0.25","0.41","12","YES","12","NO","NO","NO","NO","YES","NO","NO","NO","10","","10","10","10","10","10","10","0","YES","NO","YES","NO","NO","NO","NO","PPT"
"Albania","Egypt","Amended by MLI","2019","2021","In Force","0.53","0.38","0.84","0.38","0.59","6","YES","6","NO","NO","NO","YES","YES","NO","NO","NO","10","","10","10","10","10","10","10","0","YES","YES","YES","NO","NO","NO","NO","PPT"
"Albania","France","Amended by MLI","2019","2021","In Force","0.26","0.31","0.19","0.29","0.19","12","NO","NO","YES","YES","NO","NO","YES","NO","NO","NO","5","25","15","10","10","5","5","5","0","YES","NO","YES","NO","","NO","YES","PPT"
"Albania","Greece","Amended by MLI","2019","2022","In Force","0.34","0.19","0.58","0.25","0.38","9","NO","NO","NO","NO","YES","NO","YES","YES","NO","NO","5","","5","5","5","5","5","5","0","NO","NO","YES","NO","NO","NO","NO","PPT"
"Albania","Iceland","Amended by MLI","2019","2021","In Force","0.35","0.34","0.47","0.25","0.35","6","YES","6","YES","YES","NO","NO","YES","NO","NO","NO","5","25","10","10","10","10","10","10","0","YES","NO","YES","NO","NO","NO","NO","PPT"
"Albania","India","Amended by MLI","2019","2021","In Force","0.61","0.5","0.97","0.38","0.71","6","YES","6","NO","NO","YES","YES","YES","NO","YES","NO","10","","10","10","10","10","10","10","10","NO","YES","YES","NO","NO","NO","YES","PPT"
"Albania","Ireland","Amended by MLI","2019","2021","In Force","0.28","0.22","0.34","0.29","0.31","6","YES","6","YES","YES","NO","NO","NO","NO","NO","NO","5","25","10","7","0","7","7","7","0","YES","NO","YES","NO","","NO","NO","PPT"
"Albania","Latvia","Amended by MLI","2019","2021","In Force","0.28","0.25","0.33","0.25","0.26","9","YES","6","YES","YES","NO","NO","NO","NO","NO","NO","5","25","10","10","5","5","5","5","0","YES","NO","YES","NO","NO","NO","NO","PPT"
"Albania","Malaysia","Amended by MLI","2019","2022","In Force","0.48","0.5","0.7","0.25","0.5","9","YES","NO","NO","NO","YES","NO","YES","NO","NO","NO","5","25","15","10","10","10","10","10","10","NO","NO","YES","NO","YES","NO","NO","PPT"
"Albania","Malta","Amended by MLI","2019","2021","In Force","0.45","0.25","0.84","0.25","0.53","6","YES","6","NO","NO","YES","NO","YES","NO","NO","NO","5","25","15","5","5","5","5","5","0","YES","NO","YES","NO","NO","NO","NO","PPT"
"Albania","Netherlands","Amended by MLI","2019","2021","In Force","0.38","0.31","0.58","0.25","0.38","9","NO","9","NO","NO","NO","NO","YES","NO","NO","NO","0","","15","10","5","10","10","10","0","YES","NO","YES","NO","NO","YES","YES","PPT"
"Albania","Poland","Amended by MLI","2019","2021","In Force","0.16","0.28","0.06","0.13","0.06","12","NO","NO","YES","YES","NO","NO","NO","NO","NO","NO","5","25","10","10","10","5","5","5","0","NO","NO","YES","NO","NO","NO","NO","PPT"
"Albania","Qatar","Amended by MLI","2019","2021","In Force","0.35","0.2","0.59","0.25","0.41","6","YES","6","YES","YES","NO","YES","YES","NO","NO","NO","5","","5","5","5","6","6","6","0","YES","NO","YES","NO","NO","NO","NO","PPT"
"Albania","Serbia","Amended by MLI","2019","2021","In Force","0.57","0.5","0.83","0.38","0.62","9","YES","9","NO","NO","YES","NO","YES","NO","YES","NO","5","25","15","10","10","10","10","10","10","YES","NO","YES","NO","NO","NO","NO","PPT"
"Albania","Singapore","Amended by MLI","2019","2021","In Force","0.29","0.19","0.31","0.38","0.29","12","YES","6","YES","YES","NO","NO","NO","NO","NO","NO","5","","5","5","5","5","5","5","0","YES","NO","YES","NO","YES","NO","NO","PPT"
"Albania","Slovenia","Amended by MLI","2019","2021","In Force","0.32","0.27","0.44","0.25","0.29","12","YES","6","YES","YES","NO","NO","YES","NO","NO","NO","5","25","10","7","7","7","7","7","0","YES","NO","YES","NO","NO","NO","NO","PPT"
"Albania","United Arab Emirates","Amended by MLI","2019","2021","In Force","0.38","0.16","0.72","0.25","0.47","6","YES","9","YES","YES","YES","YES","YES","NO","NO","NO","5","10","10","0","0","5","5","5","0","YES","NO","YES","NO","NO","NO","NO","PPT"
"Albania","United Kingdom","Amended by MLI","2019","2021","In Force","0.12","0.13","0.09","0.13","0.12","6","NO","NO","YES","YES","NO","NO","NO","NO","NO","NO","5","25","10","6","0","0","0","0","0","YES","NO","NO","NO","NO","YES","YES","PPT"
"Albania","Hungary","Amended by MLI","2019","2022","In Force","0.11","0.16","0.06","0.13","0.06","12","NO","NO","YES","YES","NO","NO","NO","NO","NO","NO","5","25","10","0","0","5","5","5","0","NO","NO","YES","NO","NO","NO","NO","PPT"
"Albania","Austria","Amended by MLI","2019","2021","In Force","0.23","0.25","0.33","0.13","0.21","9","YES","6","YES","YES","NO","NO","NO","NO","NO","NO","5","25","15","5","5","5","5","5","0","NO","NO","YES","NO","NO","NO","NO","PPT"
"Algeria","Tunisia","Original","1985","1986","In Force","0.6","0.67","0.75","0.38","0.53","0","YES","0","NO","NO","YES","NO","NO","NO","YES","NO","NO LIMIT","","NO LIMIT","","","NO LIMIT","NO LIMIT","NO LIMIT","0","YES","NO","YES","NO","NO","NO","NO","NA"
"Algeria","Libya","Original","1988","null","In Force","0.57","0.75","0.63","0.33","0.47","0","YES","0","NO","NO","NO","NO","NO","NO","NO","NO","NO LIMIT","","NO LIMIT","NO LIMIT","NO LIMIT","NO LIMIT","NO LIMIT","NO LIMIT","0","","","YES","NO","YES","NO","NO","NA"
"Algeria","Morocco","Original","1990","null","In Force","0.46","0.4","0.73","0.25","0.47","3","YES","3","NO","NO","YES","NO","NO","NO","YES","NO","12","","12","10","10","10","10","10","0","NO","NO","YES","NO","NO","NO","YES","NA"
"Algeria","Italy","Original","1991","1996","In Force","0.46","0.52","0.48","0.38","0.41","3","YES","NO","NO","NO","NO","NO","NO","NO","YES","NO","15","","15","15","15","15","5","15","0","YES","NO","YES","NO","NO","NO","NO","NA"
"Algeria","Belgium","Original","1991","2004","In Force","0.46","0.52","0.61","0.25","0.41","3","YES","NO","NO","NO","YES","NO","NO","NO","YES","NO","15","","15","15","15","15","5","15","0","NO","NO","YES","NO","NO","NO","YES","NA"
"Algeria","Romania","Original","1994","1997","In Force","0.51","0.56","0.72","0.25","0.47","6","YES","6","NO","NO","YES","NO","NO","NO","YES","NO","15","","15","15","15","15","15","15","0","NO","NO","YES","NO","NO","NO","YES","NA"
"Algeria","Turkey","Original","1994","1997","In Force","0.46","0.4","0.72","0.25","0.47","6","YES","6","NO","NO","YES","NO","NO","NO","YES","NO","12","","12","10","10","10","10","10","0","NO","NO","YES","NO","NO","NO","YES","NA"
"Algeria","Indonesia","Original","1995","2001","In Force","0.68","0.56","0.98","0.5","0.71","3","YES","3","NO","NO","YES","YES","YES","YES","YES","NO","15","","15","15","15","15","15","15","0","NO","NO","YES","NO","YES","NO","YES","NA"
"Algeria","Syria","Original","1997","2002","In Force","","","","","","","","","","","","","","","","","","","","","","","","","","","","","","","","",""
"Algeria","Jordan","Original","1997","2002","In Force","0.64","0.56","0.84","0.5","0.65","6","YES","6","NO","NO","YES","YES","NO","NO","YES","NO","15","","15","15","15","15","15","15","0","YES","YES","YES","NO","NO","NO","YES","NA"
"Algeria","South Africa","Original","1998","2001","In Force","0.38","0.41","0.34","0.38","0.35","6","YES","6","YES","YES","NO","NO","NO","NO","YES","NO","10","25","15","10","10","10","10","10","0","NO","NO","YES","NO","YES","NO","YES","NA"
"Algeria","Bulgaria","Original","1998","2006","In Force","0.36","0.38","0.45","0.25","0.32","9","NO","9","YES","YES","NO","YES","YES","NO","YES","NO","10","","10","10","10","10","10","10","0","NO","NO","YES","NO","NO","NO","NO","NA"
"Algeria","Canada","Original","1999","2000","In Force","0.52","0.56","0.61","0.38","0.47","3","YES","3","NO","NO","NO","NO","NO","NO","YES","NO","15","","15","15","15","15","15","15","0","NO","NO","YES","NO","YES","NO","NO","NA"
"Algeria","France","Original","1999","2002","In Force","0.27","0.32","0.11","0.38","0.24","3","NO","NO","YES","YES","NO","NO","NO","NO","YES","NO","5","10","15","12","0","12","5","12","0","YES","NO","YES","NO","NO","NO","YES","NA"
"Algeria","Oman","Original","2000","2004","In Force","","","","","","","","","","","","","","","","","","","","","","","","","","","","","","","","",""
"Algeria","Bahrain","Original","2000","2004","In Force","0.36","0","0.47","0.63","0.53","6","YES","6","YES","YES","NO","NO","YES","NO","YES","NO","0","","0","0","0","0","0","0","0","YES","NO","YES","YES","YES","NO","NO","NA"
"Algeria","Egypt","Original","2001","2004","In Force","0.59","0.31","0.83","0.63","0.68","9","YES","NO","NO","NO","YES","YES","YES","NO","YES","NO","10","","10","5","5","10","10","10","0","YES","NO","YES","YES","YES","NO","NO","NA"
"Algeria","United Arab Emirates","Original","2001","2005","In Force","0.28","0.13","0.45","0.25","0.32","9","YES","NO","YES","YES","YES","NO","YES","NO","NO","NO","0","","0","0","0","10","10","10","0","YES","NO","YES","NO","NO","NO","NO","NA"
"Algeria","South Korea","Original","2001","2007","In Force","0.23","0.34","0.09","0.25","0.18","6","NO","NO","YES","YES","NO","NO","NO","NO","NO","NO","5","25","15","10","10","10","10","2","0","YES","NO","YES","NO","NO","NO","YES","NA"
"Algeria","Lebanon","Original","2002","2007","In Force","0.3","0.44","0.47","0","0.24","6","YES","3","YES","YES","NO","YES","NO","NO","NO","NO","15","","15","10","10","10","10","10","0","NO","NO","NO","NO","NO","NO","NO","NA"
"Algeria","Spain","Original","2002","2006","In Force","0.12","0.27","0.09","0","0.06","6","NO","NO","YES","YES","NO","NO","NO","NO","NO","NO","5","10","15","5","0","7","14","7","0","NO","NO","NO","NO","NO","NO","YES","NA"
"Algeria","Ukraine","Original","2002","2005","In Force","0.49","0.38","0.72","0.38","0.53","6","YES","6","NO","NO","YES","NO","NO","NO","YES","NO","5","25","15","10","10","10","10","10","0","YES","NO","YES","NO","NO","NO","NO","NA"
"Algeria","Austria","Original","2003","2006","In Force","0.22","0.31","0.09","0.25","0.18","6","NO","NO","YES","YES","NO","NO","NO","NO","YES","NO","5","10","15","10","0","10","10","10","0","NO","NO","YES","NO","NO","NO","YES","NA"
"Algeria","Portugal","Original","2003","2007","In Force","0.27","0.47","0.09","0.25","0.18","6","NO","NO","YES","YES","NO","NO","NO","NO","YES","NO","10","25","15","15","15","10","10","10","0","NO","NO","YES","NO","NO","NO","YES","NA"
"Algeria","Russia","Original","2006","2008","In Force","0.45","0.5","0.59","0.25","0.41","6","YES","3","NO","NO","NO","NO","NO","NO","YES","NO","5","25","15","15","15","15","15","15","0","NO","NO","YES","NO","NO","NO","YES","NA"
"Algeria","Kuwait","Original","2006","2017","In Force","0.43","0.19","0.84","0.25","0.53","6","YES","6","NO","NO","YES","NO","YES","NO","YES","NO","0","","0","0","0","15","15","15","0","NO","NO","YES","NO","NO","NO","NO","NA"
"Algeria","Switzerland","Original","2006","2010","In Force","0.3","0.31","0.34","0.25","0.29","6","YES","6","YES","YES","NO","NO","NO","NO","NO","NO","5","20","15","10","0","10","10","10","0","YES","NO","YES","NO","NO","NO","NO","NA"
"Algeria","China","Original","2006","2008","In Force","0.26","0.31","0.09","0.38","0.24","6","NO","NO","YES","YES","NO","NO","NO","NO","YES","NO","5","25","10","7","7","10","10","10","0","YES","NO","YES","NO","NO","NO","NO","NA"
"Algeria","Germany","Original","2007","2009","In Force","0.32","0.38","0.22","0.38","0.29","6","YES","NO","YES","YES","NO","NO","NO","NO","YES","NO","5","10","15","10","10","10","10","10","0","YES","NO","YES","NO","NO","NO","YES","NA"
"Algeria","Qatar","Original","2008","2012","In Force","0.39","0.06","0.72","0.38","0.53","6","YES","6","NO","NO","NO","YES","NO","NO","NO","NO","0","","0","0","0","5","5","5","0","NO","NO","YES","YES","YES","NO","YES","NA"
"Algeria","Iran","Original","2008","2011","In Force","0.33","0.19","0.56","0.25","0.35","12","YES","NO","NO","NO","NO","NO","YES","NO","NO","NO","5","","5","5","5","5","5","5","0","YES","NO","YES","NO","NO","NO","NO","NA"
"Algeria","Bosnia and Herzegovina","Original","2009","2011","In Force","0.33","0.4","0.33","0.25","0.26","9","YES","3","YES","YES","NO","NO","NO","NO","NO","NO","10","","10","10","10","12","12","12","0","NO","NO","YES","NO","YES","NO","YES","NA"
"Algeria","Mauritania","Original","2011","2017","In Force","0.43","0.44","0.48","0.38","0.41","3","YES","1","YES","YES","NO","NO","YES","NO","YES","NO","10","","10","10","10","15","15","15","0","NO","NO","YES","NO","YES","NO","YES","NA"
"Algeria","Saudi Arabia","Original","2013","2017","In Force","0.39","0.09","0.72","0.38","0.53","6","YES","6","NO","NO","YES","NO","NO","NO","YES","NO","0","","0","0","0","7","7","7","0","NO","YES","YES","NO","NO","NO","NO","NA"
"Algeria","United Kingdom","Original","2015","2017","In Force","0.27","0.34","0.22","0.25","0.24","6","NO","6","YES","YES","NO","NO","NO","NO","NO","NO","5","25","15","7","7","10","10","10","0","YES","NO","YES","NO","NO","YES","YES","NA"
"Algeria","Netherlands","Original","2018","2021","In Force","0.21","0.28","0.22","0.13","0.18","6","YES","NO","YES","YES","NO","NO","NO","NO","NO","NO","5","10","15","8","0","5","15","5","0","NO","NO","YES","NO","NO","YES","YES","NA"
"Libya","Algeria","Multilateral","1990","1994","In Force","0.74","1","0.73","0.5","0.67","3","YES","0","NO","NO","YES","NO","NO","NO","YES","NO","NO LIMIT","","NO LIMIT","NO LIMIT","NO LIMIT","NO LIMIT","NO LIMIT","NO LIMIT","NO LIMIT","YES","","YES","","NO","NO","YES","NA"
"Angola","United Arab Emirates","Original","2018","2018","In Force","0.5","0.28","0.72","0.5","0.67","6","YES","6","YES","YES","YES","YES","YES","YES","YES","NO","8","","8","8","0","8","8","0","5","","","YES","NO","NO","NO","NO","PPT"
"Angola","Portugal","Original","2018","2020","In Force","0.63","0.43","0.84","0.63","0.76","6","NO","6","NO","NO","YES","YES","YES","YES","YES","NO","8","25","15","10","10","8","8","8","5","YES","NO","NO","YES","YES","NO","NO","PPT"
"Angola","China","Original","2018","2023","In Force","","","","","","","","","","","","","","","","","","","","","","","","","","","","","","","","",""
"Guyana","Antigua and Barbuda","Multilateral","1994","1998","In Force","","0.56","","0.5","0.57","","","","","","","","","","","NO","0","","0","15","15","15","15","15","15","YES","YES","YES","NO","NO","NO","NO","NA"
"Argentina","Bolivia","Original","1976","1980","In Force","","","","","","","","","","","","","","","","","","","","","","","","","","","","","","","","",""
"Argentina","Canada","Original","1993","1995","In Force","0.54","0.58","0.59","0.43","0.56","6","YES","6","YES","YES","NO","YES","YES","YES","NO","NO","10","25","15","12.5","12.5","10","15","10","10","","YES","YES","NO","NO","NO","NO","NA"
"Argentina","Finland","Original","1994","1997","In Force","0.69","0.61","0.84","0.63","0.76","6","YES","6","NO","NO","NO","YES","YES","YES","NO","NO","10","25","15","15","15","10","15","10","10","YES","YES","YES","NO","YES","NO","NO","NA"
"Argentina","Sweden","Original","1995","1998","In Force","0.63","0.54","0.84","0.5","0.71","6","YES","6","NO","NO","NO","YES","YES","YES","NO","NO","10","25","15","12.5","12.5","10","5","10","10","NO","YES","YES","NO","YES","NO","NO","NA"
"Argentina","Denmark","Original","1995","1998","In Force","0.58","0.58","0.59","0.57","0.63","6","YES","6","YES","YES","NO","YES","YES","YES","NO","NO","10","25","15","12","12","10","15","10","10","","YES","YES","NO","YES","NO","NO","NA"
"Argentina","United Kingdom","Original","1996","1998","In Force","0.64","0.58","0.84","0.5","0.71","6","YES","6","NO","NO","NO","YES","YES","NO","NO","NO","10","25","15","12","12","10","15","10","10","YES","YES","YES","NO","YES","NO","NO","NA"
"Argentina","Belgium","Original","1996","2000","In Force","0.61","0.54","0.72","0.57","0.69","6","YES","6","NO","NO","NO","YES","NO","YES","NO","NO","10","25","15","12","12","10","5","10","10","","YES","YES","NO","YES","NO","NO","NA"
"Argentina","Netherlands","Original","1996","1999","In Force","0.58","0.54","0.59","0.63","0.65","6","YES","6","YES","YES","NO","YES","YES","YES","NO","NO","10","25","15","12","12","10","5","10","10","YES","YES","YES","NO","YES","NO","NO","NA"
"Argentina","Norway","Original","1997","2002","In Force","0.6","0.54","0.84","0.43","0.69","6","YES","6","NO","NO","NO","YES","YES","YES","NO","NO","10","25","15","12.5","12.5","10","5","10","10","NO","","YES","NO","YES","NO","NO","NA"
"Argentina","Australia","Original","1999","2000","In Force","0.7","0.64","0.72","0.75","0.76","6","YES","6","NO","NO","NO","YES","NO","YES","YES","NO","10","25","15","12","12","15","10","10","15","YES","YES","YES","NO","YES","NO","NO","NA"
"Argentina","Russia","Original","2001","2013","In Force","0.65","0.72","0.72","0.5","0.65","6","YES","1","NO","NO","NO","YES","NO","YES","NO","NO","10","25","15","15","15","15","15","15","15","YES","YES","YES","NO","NO","NO","NO","NA"
"Argentina","Spain","Original","2013","2013","In Force","0.72","0.58","0.97","0.63","0.82","6","YES","6","NO","NO","YES","YES","YES","YES","NO","NO","10","25","15","12","12","10","15","10","10","YES","YES","YES","NO","YES","NO","NO","NA"
"Argentina","Chile","Original","2015","2010","In Force","0.65","0.6","0.84","0.5","0.71","6","YES","6","NO","NO","NO","YES","YES","NO","NO","NO","10","25","15","15","12","10","15","10","10","YES","YES","YES","NO","YES","NO","YES","LOB-PPT"
"Argentina","Mexico","Original","2015","2018","In Force","0.68","0.58","0.97","0.5","0.76","6","YES","6","NO","NO","YES","YES","YES","NO","NO","NO","10","25","15","12","12","10","15","10","10","YES","YES","YES","NO","YES","NO","NO","LOB-PPT"
"Argentina","United Arab Emirates","Original","2016","2020","In Force","0.72","0.56","0.97","0.63","0.82","6","YES","6","NO","NO","YES","YES","YES","YES","NO","NO","10","25","15","12","12","10","10","10","10","YES","YES","YES","NO","YES","NO","NO","LOB"
"Argentina","Qatar","Original","2018","2022","In Force","0.65","0.6","0.84","0.5","0.71","6","YES","6","NO","NO","NO","YES","YES","NO","NO","NO","10","25","15","12","12","10","10","NO LIMIT","10","YES","YES","YES","NO","YES","NO","NO","PPT"
"Argentina","Germany","Amended by protocol","1996","2001","In Force","0.35","0.57","0.22","0.25","0.24","6","NO","NO","YES","YES","NO","YES","NO","NO","NO","NO","15","","15","15","10","15","NO LIMIT","NO LIMIT","0","NO","YES","YES","NO","NO","NO","NO","NA"
"Argentina","Italy","Amended by protocol","1997","1979","In Force","0.36","0.63","0.2","0.25","0.21","9","NO","NO","YES","YES","NO","YES","NO","NO","NO","NO","15","","15","20","20","18","10","18","0","NO","NO","YES","NO","YES","NO","NO","NA"
"Argentina","France","Amended by protocol","2001","2008","In Force","0.35","0.67","0.22","0.17","0.2","6","NO","NO","YES","YES","NO","YES","NO","NO","NO","NO","15","","15","20","20","18","18","NO LIMIT","0","","","YES","NO","NO","NO","NO","NA"
"Argentina","Brazil","Amended by protocol","2017","2018","In Force","0.4","0.61","0.34","0.25","0.35","6","NO","NO","YES","YES","NO","YES","YES","NO","NO","NO","10","25","15","15","15","10","15","10","10","NO","NO","YES","NO","YES","NO","NO","LOB-PPT"
"Argentina","Switzerland","Amended by protocol","2018","2018","In Force","0.66","0.58","0.84","0.57","0.75","6","YES","6","NO","NO","NO","YES","YES","YES","NO","NO","10","25","15","12","12","10","15","10","10","YES","YES","YES","NO","","NO","NO","NA"
"Armenia","United States","Pre-independence","1973","1976","In Force","0.1","0.17","0.14","0","0.08","","NO","NO","YES","NO","NO","NO","NO","NO","NO","NO","","","","0","NO LIMIT","0","0","0","0","","","NO","","","NO","NO","NA"
"Armenia","Japan","Pre-independence","1986","1987","In Force","0.15","0.4","0.06","0","0","12","NO","NO","YES","YES","NO","NO","NO","NO","NO","NO","15","","15","10","10","10","0","10","0","NO","NO","NO","NO","NO","NO","NO","NA"
"Armenia","Malaysia","Pre-independence","1987","1989","In Force","0.34","0.33","0.56","0.13","0.29","12","NO","NO","NO","NO","YES","NO","YES","NO","NO","NO","0","","0","15","15","10","15","10","0","NO","NO","NO","NO","YES","NO","NO","NA"
"Armenia","Iran","Original","1995","1998","In Force","0.47","0.34","0.56","0.5","0.47","12","YES","NO","NO","NO","NO","NO","YES","YES","NO","NO","10","25","15","10","10","5","5","5","0","YES","NO","YES","NO","YES","NO","YES","NA"
"Armenia","Romania","Original","1996","1998","In Force","0.39","0.34","0.45","0.38","0.38","9","YES","9","YES","YES","NO","YES","NO","NO","NO","NO","5","25","10","10","10","10","10","10","0","YES","NO","YES","NO","YES","NO","YES","NA"
"Armenia","Turkmenistan","Original","1997","2000","In Force","0.6","0.38","0.94","0.5","0.65","12","YES","12","NO","NO","YES","YES","YES","NO","NO","NO","5","25","15","10","10","10","10","10","0","YES","YES","YES","NO","YES","NO","YES","NA"
"Armenia","Georgia","Original","1997","2001","In Force","","","","","","","","","","","","","","","","","","","","","","","","","","","","","","","","",""
"Armenia","Lebanon","Original","1998","2001","In Force","0.32","0.26","0.45","0.25","0.32","9","YES","6","YES","YES","NO","YES","NO","NO","NO","NO","5","25","10","8","8","5","5","5","0","NO","NO","YES","NO","YES","NO","NO","NA"
"Armenia","Estonia","Original","2001","2004","In Force","0.28","0.38","0.2","0.25","0.21","9","YES","NO","YES","YES","NO","NO","NO","NO","NO","NO","5","25","15","10","10","10","10","10","0","YES","NO","YES","NO","NO","NO","NO","NA"
"Armenia","Italy","Original","2002","2009","In Force","0.27","0.24","0.2","0.38","0.26","9","NO","NO","YES","YES","NO","NO","YES","NO","YES","NO","5","10","10","10","0","7","7","7","0","YES","NO","YES","NO","NO","NO","NO","NA"
"Armenia","Moldova","Original","2002","2006","In Force","0.31","0.38","0.19","0.38","0.24","12","YES","NO","YES","YES","NO","NO","NO","NO","YES","NO","5","25","15","10","10","10","10","10","0","NO","NO","YES","NO","YES","NO","NO","NA"
"Armenia","Syria","Original","2005","2007","In Force","0.41","0.4","0.72","0.13","0.41","6","YES","6","NO","NO","NO","YES","NO","NO","NO","NO","10","","10","10","10","12","12","12","0","NO","NO","YES","NO","NO","NO","NO","NA"
"Armenia","Indonesia","Original","2005","2017","In Force","0.63","0.41","0.97","0.5","0.71","6","YES","4","NO","NO","YES","YES","YES","YES","YES","NO","10","25","15","10","10","10","10","10","0","NO","NO","YES","NO","YES","NO","YES","NA"
"Armenia","Switzerland","Original","2006","2008","In Force","0.28","0.25","0.34","0.25","0.29","6","YES","NO","YES","YES","NO","NO","YES","NO","NO","NO","5","25","15","10","0","5","5","5","0","YES","NO","YES","NO","NO","NO","NO","NA"
"Armenia","Kuwait","Original","2009","2014","In Force","0.32","0.25","0.47","0.25","0.35","6","YES","3","YES","YES","NO","NO","YES","NO","YES","NO","5","","5","5","5","10","10","10","0","YES","NO","NO","NO","NO","NO","NO","NA"
"Armenia","Spain","Original","2010","2013","In Force","0.19","0.23","0.2","0.13","0.15","9","YES","NO","YES","YES","NO","NO","NO","NO","NO","NO","0","25","10","5","5","10","5","10","0","YES","NO","NO","NO","NO","NO","NO","NA"
"Armenia","Slovakia","Original","2015","2018","In Force","0.24","0.28","0.33","0.13","0.21","9","YES","6","YES","YES","NO","NO","NO","NO","NO","NO","5","10","10","10","10","5","5","5","0","YES","NO","NO","NO","NO","NO","YES","PPT"
"Armenia","Sweden","Original","2016","2018","In Force","0.23","0.25","0.2","0.25","0.21","9","YES","NO","YES","YES","NO","NO","NO","NO","NO","NO","5","10","15","5","5","5","5","5","0","YES","NO","NO","NO","YES","YES","YES","OTHER"
"Armenia","Germany","Original","2016","2018","In Force","0.19","0.24","0.2","0.13","0.15","9","YES","NO","YES","YES","NO","NO","NO","NO","NO","NO","7","25","10","5","5","6","6","6","0","YES","NO","NO","NO","NO","YES","YES","NA"
"Armenia","Denmark","Original","2018","2020","In Force","0.2","0.27","0.2","0.13","0.15","9","YES","NO","YES","YES","NO","NO","NO","NO","NO","NO","0","50","15","10","5","5","10","5","0","YES","NO","NO","NO","NO","NO","YES","PPT"
"Armenia","Singapore","Original","2019","2022","In Force","0.2","0.16","0.33","0.13","0.21","9","YES","6","YES","YES","NO","NO","NO","NO","NO","NO","0","25","5","5","5","5","5","5","0","NO","NO","NO","NO","YES","YES","NO","PPT"
"Armenia","Malta","Original","2019","2022","In Force","0.31","0.22","0.58","0.13","0.32","9","YES","6","NO","NO","NO","NO","NO","NO","NO","NO","5","10","10","5","5","5","5","5","0","YES","NO","NO","NO","NO","NO","NO","PPT"
"Armenia","Russia","Amended by protocol","2011","2014","In Force","","","","","","","","","","","","","","","","","","","","","","","","","","","","","","","","",""
"Armenia","Belarus","Amended by protocol","2016","2017","In Force","","","","","","","","","","","","","","","","","","","","","","","","","","","","","","","","",""
"Armenia","Greece","Amended by MLI","2017","2024","In Force","0.3","0.31","0.33","0.25","0.26","9","YES","NO","YES","YES","NO","YES","NO","NO","YES","NO","10","","10","10","10","5","5","5","0","NO","NO","YES","NO","NO","NO","YES","PPT"
"Armenia","Austria","Amended by MLI","2017","2024","In Force","0.36","0.25","0.33","0.5","0.38","9","NO","NO","YES","YES","NO","YES","YES","NO","YES","NO","5","10","15","10","0","5","5","5","0","YES","NO","YES","NO","YES","YES","NO","PPT"
"Armenia","Hungary","Amended by MLI","2017","2024","In Force","0.23","0.25","0.31","0.13","0.18","12","YES","3","YES","YES","NO","NO","NO","NO","NO","NO","5","25","10","10","5","5","5","5","0","YES","NO","NO","NO","NO","NO","NO","PPT"
"Armenia","Belgium","Amended by MLI","2017","2024","In Force","0.46","0.29","0.58","0.5","0.5","9","NO","NO","NO","NO","YES","NO","YES","NO","YES","NO","5","10","15","10","0","8","8","8","0","YES","NO","YES","NO","YES","NO","YES","PPT"
"Armenia","Bulgaria","Amended by MLI","2017","2024","In Force","0.45","0.29","0.56","0.5","0.47","12","YES","6","YES","YES","NO","YES","YES","NO","YES","NO","5","","10","10","5","10","5","10","0","YES","NO","YES","NO","YES","NO","NO","PPT"
"Armenia","Canada","Amended by MLI","2017","2024","In Force","0.57","0.38","0.83","0.5","0.62","9","YES","9","NO","NO","YES","YES","NO","NO","YES","NO","5","25","15","10","10","10","10","10","0","YES","NO","YES","NO","YES","NO","NO","PPT"
"Armenia","China","Amended by MLI","2017","2024","In Force","0.34","0.34","0.44","0.25","0.29","12","YES","12","YES","YES","NO","NO","YES","NO","YES","NO","5","25","10","10","10","10","10","10","0","NO","NO","YES","NO","NO","NO","NO","PPT"
"Armenia","Croatia","Amended by MLI","2017","2024","In Force","0.24","0.25","0.22","0.25","0.24","6","NO","NO","YES","YES","NO","NO","YES","NO","NO","NO","0","25","10","10","10","5","5","5","0","YES","NO","NO","NO","YES","NO","NO","PPT"
"Armenia","Cyprus","Amended by MLI","2017","2024","In Force","0.26","0.19","0.45","0.13","0.26","9","YES","6","YES","YES","NO","NO","YES","NO","NO","NO","5","","5","5","5","5","5","5","0","YES","NO","NO","NO","NO","NO","NO","PPT"
"Armenia","Czechia","Amended by MLI","2017","2024","In Force","0.47","0.32","0.72","0.38","0.53","6","YES","6","NO","NO","YES","NO","NO","NO","YES","NO","10","","10","10","5","10","5","10","0","YES","NO","NO","NO","YES","NO","NO","PPT"
"Armenia","United Arab Emirates","Amended by MLI","2018","2024","In Force","0.35","0.1","0.7","0.25","0.44","9","YES","6","YES","YES","YES","YES","YES","NO","YES","NO","3","","3","0","0","5","5","5","0","NO","NO","YES","NO","NO","NO","NO","PPT"
"Armenia","Finland","Amended by MLI","2017","2024","In Force","0.24","0.27","0.08","0.38","0.21","9","NO","NO","YES","YES","NO","NO","NO","NO","YES","NO","5","25","15","5","5","5","10","5","0","YES","NO","YES","NO","NO","NO","NO","PPT"
"Armenia","France","Amended by MLI","2017","2024","In Force","0.28","0.29","0.19","0.38","0.24","12","NO","NO","YES","YES","NO","NO","YES","NO","YES","NO","5","10","15","10","0","10","5","10","0","YES","NO","YES","NO","NO","NO","YES","PPT"
"Armenia","Israel","Amended by MLI","2017","2024","In Force","0.26","0.33","0.33","0.13","0.21","9","YES","NO","YES","YES","NO","NO","YES","NO","NO","NO","5","25","15","10","10","5","10","5","0","YES","NO","NO","NO","NO","NO","NO","PPT"
"Armenia","India","Amended by MLI","2017","2024","In Force","0.65","0.5","0.83","0.63","0.74","9","YES","NO","NO","NO","YES","YES","YES","NO","YES","NO","10","","10","10","10","10","10","10","10","YES","YES","YES","NO","YES","NO","YES","PPT"
"Armenia","Ireland","Amended by MLI","2017","2024","In Force","0.16","0.28","0.08","0.13","0.09","9","NO","NO","YES","YES","NO","NO","NO","NO","NO","NO","5","10","15","10","5","5","5","5","0","YES","NO","NO","NO","NO","NO","NO","PPT"
"Armenia","Kazakhstan","Amended by MLI","2018","2024","In Force","","","1","1","1","","","","","","","","YES","","","","","","","","","","","","","YES","","","","","","","PPT"
"Armenia","Latvia","Amended by MLI","2017","2024","In Force","0.28","0.38","0.2","0.25","0.21","9","YES","NO","YES","YES","NO","NO","NO","NO","NO","NO","5","25","15","10","10","10","10","10","0","YES","NO","YES","NO","NO","NO","NO","PPT"
"Armenia","Lithuania","Amended by MLI","2017","2024","In Force","0.28","0.38","0.19","0.29","0.19","12","NO","NO","YES","YES","NO","NO","YES","NO","NO","","5","25","15","10","10","10","10","10","0","YES","NO","YES","NO","NO","NO","NO","PPT"
"Armenia","Luxembourg","Amended by MLI","2017","2024","In Force","0.27","0.25","0.31","0.25","0.24","12","YES","3","YES","YES","NO","NO","NO","NO","YES","NO","5","10","15","10","0","5","5","5","0","YES","NO","NO","NO","NO","NO","NO","PPT"
"Armenia","Netherlands","Amended by MLI","2017","2024","In Force","0.22","0.22","0.19","0.25","0.18","12","YES","NO","YES","YES","NO","NO","NO","NO","YES","NO","5","10","15","5","0","5","5","5","0","NO","NO","YES","NO","NO","NO","YES","PPT"
"Armenia","Poland","Amended by MLI","2017","2024","In Force","0.63","0.31","0.81","0.75","0.71","12","YES","6","YES","NO","YES","YES","YES","YES","YES","NO","10","","10","5","5","10","10","10","0","YES","NO","YES","YES","YES","NO","YES","PPT"
"Armenia","Qatar","Amended by MLI","2018","2024","In Force","0.35","0.22","0.58","0.25","0.38","9","YES","NO","NO","NO","NO","YES","NO","NO","NO","NO","5","","10","5","5","5","5","5","0","NO","NO","NO","YES","YES","NO","NO","PPT"
"Armenia","Serbia","Amended by MLI","2017","2024","In Force","0.45","0.3","0.56","0.5","0.47","12","NO","NO","NO","NO","YES","NO","YES","NO","YES","NO","8","","8","8","8","8","8","8","0","YES","NO","YES","NO","YES","NO","NO","PPT"
"Armenia","Slovenia","Amended by MLI","2017","2024","In Force","0.25","0.28","0.34","0.13","0.24","6","YES","NO","YES","YES","NO","NO","YES","NO","NO","NO","5","25","10","10","10","5","5","5","0","YES","NO","NO","NO","NO","NO","NO","PPT"
"Armenia","United Kingdom","Amended by MLI","2017","2024","In Force","0.14","0.22","0.08","0.13","0.09","9","NO","NO","YES","YES","NO","NO","NO","NO","NO","NO","5","25","10","5","5","5","5","5","0","YES","NO","NO","NO","NO","YES","NO","PPT"
"Armenia","Ukraine","Amended by MLI","2018","2024","In Force","","","1","1","1","","","","","","","","YES","","","","","","","","","","","","","YES","","","","","","","PPT"
"Armenia","Thailand","Amended by MLI","2022","2024","In Force","0.61","0.5","0.97","0.38","0.65","6","YES","6","NO","NO","YES","YES","YES","NO","NO","YES","10","","10","NO LIMIT","10","15","15","15","0","NO","NO","YES","NO","YES","NO","NO","PPT"
"Australia","Kiribati","Original","1991","1991","In Force","0.56","0.56","0.48","0.63","0.53","3","YES","3","YES","YES","YES","NO","NO","YES","NO","YES","20","","20","10","10","15","15","15","0","YES","NO","YES","NO","YES","NO","NO","NA"
"Australia","Philippines","Original","1979","1980","In Force","0.51","0.66","0.59","0.29","0.44","6","YES","6","YES","YES","YES","NO","YES","YES","NO","NO","15","","25","15","15","25","25","25","0","NO","NO","YES","NO","","NO","NO","NA"
"Australia","Sri Lanka","Original","1989","1992","In Force","0.68","0.44","0.72","0.88","0.76","6","YES","6","NO","NO","YES","NO","NO","YES","YES","YES","15","","15","10","10","10","10","10","0","YES","YES","YES","NO","YES","NO","NO","NA"
"Australia","Samoa","Original","2009","2013","In Force","","","","","","","","","","","","","","","","","","","","","","","","","","","","","","","","",""
"Australia","Marshall Islands","Original","2010","2012","In Force","","","","","","","","","","","","","","","","","","","","","","","","","","","","","","","","",""
"Australia","Mauritius","Original","2010","2014","In Force","","","","","","","","","","","","","","","","","","","","","","","","","","","","","","","","",""
"Australia","Indonesia","Amended by protocol","2020","2020","In Force","0.65","0.48","0.85","0.63","0.71","4","YES","4","NO","NO","YES","NO","YES","YES","YES","NO","15","","15","10","10","15","15","10","0","YES","NO","YES","NO","YES","NO","NO","PPT"
"Australia","China","Amended by MLI","2017","2023","In Force","0.51","0.44","0.47","0.63","0.53","6","YES","6","YES","YES","NO","NO","YES","NO","YES","NO","15","","15","10","10","10","10","10","0","YES","YES","YES","NO","YES","NO","NO","PPT"
"Australia","India","Amended by MLI","2017","2020","In Force","0.73","0.73","0.84","0.63","0.76","6","YES","6","NO","NO","YES","NO","YES","NO","NO","YES","15","","15","15","15","15","15","10","15","YES","YES","YES","NO","YES","NO","YES","PPT"
"Australia","Mexico","Amended by MLI","2017","2024","In Force","0.36","0.38","0.22","0.5","0.35","6","YES","NO","YES","YES","NO","NO","NO","NO","YES","NO","0","10","15","15","10","10","10","10","0","YES","NO","YES","NO","YES","NO","NO","PPT"
"Australia","South Africa","Amended by MLI","2017","2023","In Force","0.36","0.25","0.47","0.38","0.41","6","YES","NO","NO","NO","NO","NO","NO","NO","NO","NO","5","10","15","10","0","5","5","5","0","YES","NO","YES","NO","YES","NO","YES","PPT"
"Australia","Papua New Guinea","Amended by MLI","2019","2024","In Force","0.49","0.5","0.48","0.5","0.47","3","YES","3","YES","YES","YES","NO","NO","YES","NO","NO","20","","20","10","10","10","10","10","0","YES","NO","YES","NO","YES","YES","NO","PPT"
"Australia","Vietnam","Amended by MLI","2022","2024","In Force","0.32","0.38","0.22","0.38","0.29","6","YES","NO","YES","YES","NO","NO","NO","NO","NO","NO","10","","10","10","10","10","10","10","0","YES","NO","YES","NO","YES","NO","NO","PPT"
"Australia","Thailand","Amended by MLI","2022","2023","In Force","0.65","0.59","0.59","0.75","0.65","6","YES","6","YES","YES","YES","NO","YES","YES","NO","YES","15","25","NO LIMIT","25","10","15","15","15","0","YES","YES","YES","NO","YES","NO","NO","PPT"
"Austria","Mongolia","Original","2003","2005","In Force","0.16","0.28","0.06","0.13","0.06","12","NO","NO","YES","YES","NO","NO","NO","NO","NO","NO","5","10","10","10","10","5","10","0","0","NO","NO","YES","NO","NO","YES","NO","NA"
"Austria","Nepal","Original","2000","2002","In Force","0.5","0.41","0.72","0.38","0.53","6","YES","6","YES","YES","YES","YES","YES","NO","YES","NO","5","25","15","15","10","15","15","0","0","NO","NO","YES","NO","YES","NO","NO","NA"
"Austria","Philippines","Original","1981","1983","In Force","0.59","0.56","0.59","0.63","0.59","6","YES","NO","YES","YES","YES","YES","YES","YES","YES","YES","10","10","25","15","15","15","15","15","0","YES","NO","YES","NO","NO","NO","NO","NA"
"Austria","Brazil","Original","1975","1977","In Force","0.38","0.54","0.22","0.38","0.29","6","NO","NO","YES","YES","NO","YES","NO","NO","NO","NO","15","","15","15","15","15","10","15","0","YES","YES","YES","NO","NO","NO","NO","NA"
"Austria","Indonesia","Original","1986","1989","In Force","0.67","0.41","0.97","0.63","0.76","6","YES","3","NO","NO","YES","YES","YES","YES","YES","YES","10","25","15","10","10","10","10","10","0","NO","NO","YES","NO","YES","NO","NO","NA"
"Austria","Uzbekistan","Original","2000","2002","In Force","0.21","0.31","0.06","0.25","0.12","12","NO","NO","YES","YES","NO","NO","NO","NO","YES","NO","5","10","15","10","10","5","5","5","0","NO","NO","YES","NO","NO","NO","NO","NA"
"Austria","Azerbaijan","Original","2000","2002","In Force","0.35","0.38","0.31","0.38","0.29","12","NO","6","YES","YES","NO","NO","YES","NO","NO","NO","5","25","15","10","10","10","10","10","0","YES","NO","YES","NO","YES","NO","NO","NA"
"Austria","Kyrgyzstan","Original","2001","2004","In Force","0.35","0.38","0.31","0.38","0.29","12","YES","12","YES","YES","NO","NO","NO","NO","YES","NO","5","25","15","10","10","10","10","10","0","YES","NO","YES","NO","NO","NO","NO","NA"
"Austria","Morocco","Original","2002","2007","In Force","0.31","0.34","0.34","0.25","0.29","6","NO","NO","YES","YES","NO","YES","YES","NO","NO","NO","5","25","10","10","10","10","10","10","0","YES","NO","YES","NO","NO","NO","NO","NA"
"Austria","Iran","Original","2002","2005","In Force","0.29","0.19","0.56","0.13","0.29","12","YES","NO","NO","NO","NO","NO","YES","NO","NO","NO","5","25","10","5","0","5","5","5","0","NO","NO","YES","NO","NO","NO","NO","NA"
"Austria","Moldova","Original","2004","2006","In Force","0.19","0.25","0.19","0.13","0.12","12","NO","NO","YES","YES","NO","YES","NO","NO","YES","NO","5","25","15","5","5","5","5","5","0","NO","NO","NO","NO","NO","NO","NO","NA"
"Austria","Venezuela","Original","2006","2008","In Force","0.45","0.28","0.45","0.63","0.5","9","NO","NO","YES","YES","YES","YES","YES","NO","YES","NO","5","15","15","10","4.95","5","5","5","0","YES","YES","YES","NO","YES","NO","NO","NA"
"Austria","North Macedonia","Original","2007","2008","In Force","0.06","0.13","0.06","0","0","12","NO","NO","YES","YES","NO","NO","NO","NO","NO","NO","0","10","15","0","0","","","","0","NO","NO","NO","NO","NO","YES","NO","NA"
"Austria","Turkmenistan","Original","2015","2017","In Force","0.18","0.34","0.06","0.13","0.06","12","NO","NO","YES","YES","NO","NO","NO","NO","NO","NO","0","25","15","10","10","10","10","10","0","YES","NO","NO","NO","NO","NO","NO","NA"
"Austria","Kosovo","Original","2018","2019","In Force","0.22","0.22","0.31","0.13","0.18","12","YES","6","YES","YES","NO","NO","NO","NO","NO","NO","0","25","15","10","10","0","0","0","0","YES","NO","NO","NO","NO","YES","NO","PPT"
"Austria","Ukraine","Amended by protocol","2020","2022","In Force","0.23","0.25","0.19","0.25","0.18","12","NO","NO","YES","YES","YES","NO","NO","NO","NO","NO","5","10","15","5","5","5","10","0","0","YES","NO","YES","NO","NO","NO","NO","PPT"
"Austria","Georgia","Amended by protocol","2012","2014","In Force","0.05","0.06","0.09","0","0.06","6","NO","NO","YES","YES","NO","NO","NO","NO","NO","NO","0","10","10","0","0","0","0","0","0","NO","NO","NO","NO","NO","NO","NO","NA"
"Austria","Tajikistan","Amended by protocol","2013","2021","In Force","0.1","0.24","0.06","0","0","12","NO","NO","YES","YES","NO","NO","NO","NO","NO","NO","5","15","10","8","0","8","8","8","0","NO","NO","NO","NO","NO","NO","NO","NA"
"Austria","India","Amended by protocol","2017","2021","In Force","0.57","0.5","0.59","0.63","0.65","6","YES","NO","YES","YES","YES","YES","YES","NO","YES","NO","10","","10","10","10","10","10","10","10","YES","YES","YES","NO","YES","NO","YES","NA"
"Austria","Egypt","Amended by MLI","2017","2021","In Force","0.16","0.38","0.09","0","0.06","6","NO","NO","YES","YES","NO","NO","NO","NO","NO","NO","15","","15","15","15","0","0","0","0","NO","NO","NO","","NO","NO","NO","PPT"
"Austria","Tunisia","Amended by MLI","2018","2024","In Force","0.36","0.48","0.34","0.25","0.29","6","YES","NO","YES","YES","NO","YES","NO","NO","YES","NO","10","25","20","10","10","15","10","15","0","NO","NO","YES","NO","NO","NO","NO","PPT"
"Austria","China","Amended by MLI","2017","2023","In Force","0.47","0.32","0.47","0.63","0.53","6","YES","6","YES","YES","NO","NO","YES","NO","YES","NO","7","25","10","10","7","10","10","6","0","YES","YES","YES","NO","YES","NO","NO","PPT"
"Austria","Mexico","Amended by MLI","2017","2024","In Force","0.44","0.34","0.47","0.5","0.47","6","YES","6","YES","YES","NO","YES","NO","NO","YES","NO","5","10","10","10","10","10","10","10","0","YES","YES","NO","NO","YES","NO","YES","PPT"
"Austria","Pakistan","Amended by MLI","2017","2022","In Force","0.77","0.59","0.72","1","0.88","6","NO","NO","NO","NO","YES","YES","YES","YES","YES","YES","10","20","15","15","15","10","10","10","10","YES","YES","YES","YES","YES","NO","NO","PPT"
"Austria","South Africa","Amended by MLI","2017","2023","In Force","0.1","0.13","0.06","0.13","0.06","12","NO","NO","YES","YES","NO","NO","NO","NO","NO","NO","5","25","15","0","0","0","0","0","0","NO","NO","YES","NO","NO","NO","NO","PPT"
"Austria","Bosnia and Herzegovina","Amended by MLI","2019","2021","In Force","0.09","0.22","0.06","0","0","12","NO","NO","YES","YES","NO","NO","NO","NO","NO","NO","5","25","10","5","5","5","5","5","0","NO","NO","NO","NO","NO","YES","NO","PPT"
"Austria","Vietnam","Amended by MLI","2022","2024","In Force","0.66","0.5","0.84","0.63","0.76","6","YES","NO","NO","NO","YES","YES","YES","NO","YES","NO","10","25","15","10","10","10","10","10","7.5","YES","YES","YES","NO","YES","NO","NO","PPT"
"Austria","Thailand","Amended by MLI","2022","2023","In Force","0.6","0.59","0.72","0.5","0.59","6","YES","6","YES","YES","YES","YES","YES","NO","NO","YES","15","25","NO LIMIT","25","10","15","15","15","0","NO","YES","YES","NO","YES","NO","NO","PPT"
"Azerbaijan","Pakistan","Original","1996","1996","In Force","0.52","0.33","0.97","0.25","0.59","6","YES","6","NO","NO","YES","YES","YES","NO","NO","NO","10","","10","10","10","10","10","0","0","YES","NO","YES","NO","NO","NO","NO","NA"
"Azerbaijan","Vietnam","Original","2014","2015","In Force","0.74","0.5","0.97","0.75","0.88","6","YES","6","NO","NO","YES","YES","YES","YES","YES","NO","10","","10","10","10","10","10","10","10","YES","YES","YES","YES","NO","NO","NO","NA"
"Azerbaijan","United States","Pre-independence","1973","1976","In Force","0.1","0.17","0.14","0","0.08","","NO","NO","YES","NO","NO","NO","NO","NO","NO","NO","","","","0","NO LIMIT","0","0","0","0","","","NO","","","NO","NO","NA"
"Azerbaijan","Cyprus","Pre-independence","1982","1983","In Force","0.1","0","0.31","0","0.13","12","NO","NO","NO","NO","NO","NO","NO","NO","NO","NO","0","","0","0","0","0","0","0","0","NO","NO","NO","","NO","NO","NO","NA"
"Azerbaijan","Malaysia","Pre-independence","1987","1989","In Force","0.34","0.33","0.56","0.13","0.29","12","NO","NO","NO","NO","YES","NO","YES","NO","NO","NO","0","","0","15","15","10","15","10","0","NO","NO","NO","NO","YES","NO","NO","NA"
"Azerbaijan","India","Pre-independence","1988","1990","In Force","0.65","0.85","0.59","0.5","0.59","6","YES","NO","NO","NO","YES","NO","NO","NO","NO","YES","15","","15","15","15","20","15","20","20","NO","YES","YES","NO","YES","NO","NO","NA"
"Azerbaijan","Turkey","Original","1994","1998","In Force","","","","","","","","","","","","","","","","","","","","","","","","","","","","","","","","",""
"Azerbaijan","United Kingdom","Original","1994","1996","In Force","0.32","0.39","0.31","0.25","0.24","12","NO","6","YES","YES","NO","NO","YES","NO","NO","NO","10","30","15","10","10","10","5","10","0","YES","NO","YES","NO","NO","NO","NO","OTHER"
"Azerbaijan","Norway","Original","1996","1997","In Force","0.28","0.41","0.31","0.13","0.18","12","NO","6","YES","YES","NO","NO","YES","NO","NO","NO","10","30","15","10","10","10","10","10","0","NO","NO","YES","NO","NO","NO","YES","NA"
"Azerbaijan","Uzbekistan","Original","1996","1997","In Force","","","","","","","","","","","","","","","","","","","","","","","","","","","","","","","","",""
"Azerbaijan","Georgia","Original","1997","1998","In Force","","","","","","","","","","","","","","","","","","","","","","","","","","","","","","","","",""
"Azerbaijan","Russia","Original","1997","1999","In Force","","","","","","","","","","","","","","","","","","","","","","","","","","","","","","","","",""
"Azerbaijan","Poland","Original","1997","2006","In Force","","","","","","","","","","","","","","","","","","","","","","","","","","","","","","","","",""
"Azerbaijan","Moldova","Original","1997","2000","In Force","0.47","0.44","0.59","0.38","0.47","6","YES","0","YES","YES","YES","NO","YES","NO","NO","NO","","","15","10","10","10","10","10","0","YES","NO","YES","NO","YES","NO","NO","NA"
"Azerbaijan","Ukraine","Original","1999","2001","In Force","","","","","","","","","","","","","","","","","","","","","","","","","","","","","","","","",""
"Azerbaijan","Belarus","Original","2001","2003","In Force","","","","","","","","","","","","","","","","","","","","","","","","","","","","","","","","",""
"Azerbaijan","France","Original","2001","2006","In Force","0.26","0.35","0.19","0.25","0.18","12","NO","6","YES","YES","NO","NO","NO","NO","NO","NO","10","","10","10","10","10","5","10","0","YES","NO","YES","NO","NO","NO","YES","NA"
"Azerbaijan","Romania","Original","2002","2005","In Force","0.38","0.32","0.44","0.38","0.35","12","YES","6","YES","YES","NO","NO","YES","YES","NO","NO","5","25","10","8","8","10","10","10","0","YES","NO","YES","NO","NO","NO","YES","NA"
"Azerbaijan","Lithuania","Original","2004","2005","In Force","0.39","0.34","0.45","0.38","0.38","9","YES","6","YES","YES","NO","NO","YES","NO","NO","NO","5","25","10","10","10","10","10","10","0","YES","NO","YES","NO","YES","NO","NO","NA"
"Azerbaijan","Belgium","Original","2004","2007","In Force","0.31","0.35","0.31","0.25","0.24","12","YES","NO","YES","YES","NO","NO","YES","NO","NO","NO","5","30","15","10","10","10","5","10","0","YES","NO","YES","NO","NO","NO","YES","NA"
"Azerbaijan","Italy","Original","2004","2013","In Force","0.34","0.33","0.44","0.25","0.29","12","YES","6","YES","YES","NO","NO","YES","NO","NO","NO","10","","10","10","10","5","10","5","0","YES","NO","YES","NO","NO","NO","NO","PPT"
"Azerbaijan","Germany","Original","2004","2006","In Force","0.3","0.33","0.31","0.25","0.24","12","YES","NO","YES","YES","NO","YES","NO","NO","NO","NO","5","25","15","10","10","5","10","5","0","YES","NO","YES","NO","NO","NO","NO","NA"
"Azerbaijan","Canada","Original","2004","2007","In Force","0.45","0.41","0.56","0.38","0.41","12","YES","6","YES","YES","NO","YES","YES","NO","NO","NO","10","10","15","10","10","10","10","10","0","YES","NO","YES","NO","YES","NO","NO","OTHER"
"Azerbaijan","China","Original","2005","2006","In Force","0.37","0.38","0.44","0.29","0.31","12","YES","6","YES","YES","NO","NO","YES","NO","NO","NO","10","","10","10","10","10","10","10","0","YES","NO","YES","NO","","NO","NO","NA"
"Azerbaijan","Finland","Original","2005","2007","In Force","0.37","0.3","0.44","0.38","0.35","12","NO","6","YES","YES","NO","YES","YES","NO","NO","NO","5","25","10","10","10","5","10","5","0","YES","NO","YES","NO","YES","NO","NO","NA"
"Azerbaijan","Latvia","Original","2005","2007","In Force","0.38","0.32","0.45","0.38","0.38","9","YES","6","YES","YES","NO","NO","YES","NO","NO","NO","5","25","10","10","10","10","10","5","0","YES","NO","YES","NO","YES","NO","NO","NA"
"Azerbaijan","Czechia","Original","2005","2007","In Force","0.59","0.32","0.95","0.5","0.68","9","YES","6","NO","NO","YES","YES","YES","YES","NO","NO","8","","8","10","5","10","10","10","0","YES","NO","YES","NO","YES","NO","NO","NA"
"Azerbaijan","Switzerland","Original","2006","2008","In Force","0.33","0.3","0.44","0.25","0.29","12","YES","6","YES","YES","NO","NO","YES","NO","NO","NO","5","20","15","10","5","5","10","5","0","YES","NO","YES","NO","NO","NO","NO","NA"
"Azerbaijan","Luxembourg","Original","2006","2010","In Force","0.3","0.34","0.44","0.13","0.24","12","YES","6","YES","YES","NO","NO","YES","NO","NO","NO","5","30","10","10","10","10","10","10","0","NO","NO","YES","NO","NO","NO","YES","NA"
"Azerbaijan","United Arab Emirates","Original","2006","2008","In Force","0.51","0.34","0.83","0.38","0.56","9","YES","6","NO","NO","YES","YES","NO","NO","NO","NO","10","","10","7","7","10","10","10","0","YES","NO","YES","NO","YES","NO","NO","NA"
"Azerbaijan","Tajikistan","Original","2007","2009","In Force","","","","","","","","","","","","","","","","","","","","","","","","","","","","","","","","",""
"Azerbaijan","Qatar","Original","2007","2009","In Force","0.49","0.24","0.84","0.38","0.59","6","YES","6","NO","NO","YES","YES","NO","NO","NO","NO","7","","7","7","7","5","5","5","0","NO","NO","YES","YES","YES","NO","NO","NA"
"Azerbaijan","Estonia","Original","2007","2009","In Force","0.35","0.34","0.33","0.38","0.32","9","YES","6","YES","YES","NO","NO","NO","NO","NO","NO","5","25","10","10","10","10","10","10","0","YES","NO","YES","NO","YES","NO","NO","NA"
"Azerbaijan","Bulgaria","Original","2007","2009","In Force","0.42","0.31","0.69","0.25","0.41","12","YES","6","YES","YES","YES","YES","YES","NO","NO","NO","8","","8","7","7","10","10","10","0","YES","NO","YES","NO","NO","NO","NO","NA"
"Azerbaijan","Hungary","Original","2008","2009","In Force","0.33","0.3","0.44","0.25","0.29","12","YES","6","YES","YES","NO","YES","NO","NO","NO","NO","8","","8","8","8","8","8","8","0","YES","NO","YES","NO","NO","NO","NO","NA"
"Azerbaijan","Jordan","Original","2008","2017","In Force","0.64","0.33","0.97","0.63","0.76","6","YES","6","NO","NO","YES","YES","YES","YES","YES","NO","8","","8","8","8","10","10","10","0","YES","NO","YES","NO","YES","NO","NO","NA"
"Azerbaijan","South Korea","Original","2008","2009","In Force","0.34","0.34","0.44","0.25","0.29","12","YES","6","YES","YES","NO","YES","NO","NO","NO","NO","7","","7","10","10","10","10","10","0","YES","NO","YES","NO","NO","NO","YES","NA"
"Azerbaijan","Netherlands","Original","2008","2010","In Force","0.39","0.34","0.44","0.38","0.35","12","YES","6","YES","YES","NO","YES","NO","NO","NO","NO","5","25","10","10","10","10","10","10","0","YES","YES","YES","NO","NO","NO","YES","NA"
"Azerbaijan","Kuwait","Original","2009","2013","In Force","0.43","0.31","0.72","0.25","0.47","6","YES","6","YES","YES","YES","YES","YES","NO","YES","NO","5","15","10","7","7","10","10","10","0","NO","NO","YES","NO","NO","NO","NO","NA"
"Azerbaijan","Greece","Original","2009","2011","In Force","0.46","0.3","0.83","0.25","0.5","9","YES","6","NO","NO","YES","YES","NO","NO","NO","NO","8","","8","8","8","8","8","8","0","YES","NO","YES","NO","NO","NO","YES","NA"
"Azerbaijan","Iran","Original","2009","2010","In Force","0.4","0.38","0.56","0.25","0.35","12","YES","NO","NO","NO","NO","NO","YES","NO","NO","NO","10","","10","10","10","10","10","10","0","YES","NO","YES","NO","NO","NO","YES","NA"
"Azerbaijan","Serbia","Original","2010","2011","In Force","0.57","0.38","0.95","0.38","0.62","9","YES","6","NO","NO","YES","YES","YES","NO","NO","NO","10","","10","10","10","10","10","10","0","YES","NO","YES","NO","YES","NO","NO","NA"
"Azerbaijan","Slovenia","Original","2011","2013","In Force","0.38","0.33","0.56","0.25","0.35","12","YES","6","YES","YES","NO","YES","YES","NO","NO","NO","8","","8","8","8","10","10","10","0","YES","NO","YES","NO","NO","NO","NO","NA"
"Azerbaijan","Croatia","Original","2012","2014","In Force","0.39","0.34","0.44","0.38","0.35","12","YES","6","YES","YES","NO","YES","NO","NO","NO","NO","5","25","10","10","10","10","10","10","0","YES","NO","YES","NO","YES","NO","NO","NA"
"Azerbaijan","Bosnia and Herzegovina","Original","2012","2014","In Force","0.49","0.38","0.84","0.25","0.53","6","YES","6","NO","NO","YES","YES","NO","NO","NO","NO","10","","10","10","10","10","10","10","0","YES","NO","YES","NO","NO","NO","NO","NA"
"Azerbaijan","Montenegro","Original","2013","2014","In Force","0.52","0.38","0.94","0.25","0.53","12","YES","6","NO","NO","YES","YES","YES","NO","NO","NO","10","","10","10","10","10","10","10","0","YES","NO","YES","NO","NO","NO","NO","NA"
"Azerbaijan","North Macedonia","Original","2013","2014","In Force","0.33","0.3","0.44","0.25","0.29","12","YES","NO","YES","YES","NO","YES","YES","NO","NO","NO","8","","8","8","8","8","8","8","0","YES","NO","YES","NO","NO","NO","NO","NA"
"Azerbaijan","Spain","Original","2014","2022","In Force","0.25","0.32","0.31","0.13","0.18","12","YES","NO","YES","YES","NO","NO","YES","NO","NO","NO","5","25","10","8","8","10","10","10","0","YES","NO","NO","NO","NO","NO","NO","OTHER"
"Azerbaijan","Saudi Arabia","Original","2014","2016","In Force","0.59","0.3","0.84","0.63","0.71","6","YES","6","NO","NO","YES","NO","YES","YES","YES","NO","7","","7","7","7","10","10","10","0","NO","YES","YES","NO","YES","NO","NO","OTHER"
"Azerbaijan","San Marino","Original","2015","2017","In Force","0.5","0.3","0.94","0.25","0.53","12","YES","6","NO","NO","YES","YES","YES","NO","NO","NO","5","25","10","10","10","5","10","5","0","YES","NO","YES","NO","NO","YES","NO","PPT"
"Azerbaijan","Sweden","Original","2016","2017","In Force","0.3","0.35","0.44","0.13","0.24","12","YES","6","YES","YES","NO","NO","YES","NO","NO","NO","5","20","15","8","8","10","10","10","0","NO","NO","YES","NO","NO","NO","NO","OTHER"
"Azerbaijan","Malta","Original","2016","2017","In Force","0.37","0.3","0.56","0.25","0.35","12","YES","6","YES","YES","NO","YES","YES","NO","NO","NO","8","","8","8","8","8","8","8","0","YES","NO","YES","NO","NO","NO","NO","NA"
"Azerbaijan","Israel","Original","2016","2018","In Force","0.33","0.42","0.31","0.25","0.24","12","YES","6","YES","YES","NO","NO","NO","NO","NO","NO","15","","15","10","10","10","10","5","0","YES","NO","YES","NO","NO","NO","NO","PPT"
"Azerbaijan","Denmark","Original","2017","2018","In Force","0.3","0.35","0.31","0.25","0.24","12","NO","6","YES","YES","NO","YES","NO","NO","NO","NO","5","20","15","8","8","10","10","10","0","YES","NO","YES","NO","NO","NO","NO","NA"
"Azerbaijan","Turkmenistan","Original","2018","2020","In Force","","","","","","","","","","","","","","","","","","","","","","","","","","","","","","","","",""
"Azerbaijan","Kazakhstan","Amended by protocol","2017","2018","In Force","","","","","","","","","","","","","","","","","","","","","","","","","","","","","","","","",""
"Bahrain","Philippines","Original","2001","2004","In Force","0.63","0.43","0.72","0.75","0.71","6","YES","6","NO","NO","YES","NO","NO","YES","YES","YES","10","10","15","10","10","10","15","10","0","YES","NO","YES","NO","YES","NO","NO","NA"
"Bahrain","Sri Lanka","Original","2011","2015","In Force","0.73","0.48","0.97","0.75","0.88","6","YES","6","NO","NO","YES","YES","YES","YES","YES","YES","7.5","","10","10","10","10","10","10","10","NO","NO","YES","YES","YES","NO","NO","NA"
"Bahrain","Syria","Original","2000","2002","In Force","","","","","","","","","","","","","","","","","","","","","","","","","","","","","","","","",""
"Bahrain","Iran","Original","2002","2005","In Force","0.33","0.19","0.56","0.25","0.35","12","YES","NO","NO","NO","NO","NO","YES","NO","NO","NO","5","","5","5","5","5","5","5","0","YES","NO","YES","NO","NO","NO","NO","NA"
"Bahrain","Yemen","Original","2002","2005","In Force","","","","","","","","","","","","","","","","","","","","","","","","","","","","","","","","",""
"Bahrain","Lebanon","Original","2003","2006","In Force","0.41","0","0.72","0.5","0.59","6","NO","9","NO","NO","NO","YES","YES","NO","YES","NO","0","","0","0","0","0","0","0","0","YES","NO","YES","NO","YES","NO","NO","NA"
"Bahrain","Sudan","Original","2006","2010","In Force","","","","","","","","","","","","","","","","","","","","","","","","","","","","","","","","",""
"Bahrain","Uzbekistan","Original","2009","2012","In Force","0.51","0.3","0.84","0.38","0.59","6","YES","6","NO","NO","YES","YES","NO","YES","NO","NO","8","","8","8","8","8","8","8","0","YES","NO","YES","NO","NO","NO","NO","OTHER"
"Bahrain","Turkmenistan","Original","2011","2013","In Force","0.19","0.38","0.06","0.13","0.06","12","NO","NO","YES","YES","NO","NO","NO","NO","NO","NO","10","","10","10","10","10","10","10","0","YES","NO","NO","NO","NO","NO","NO","NA"
"Bahrain","Georgia","Original","2011","2013","In Force","0.07","0","0.09","0.13","0.12","6","NO","NO","YES","YES","NO","NO","NO","NO","NO","NO","0","","0","0","0","0","0","0","0","NO","NO","YES","NO","NO","NO","NO","NA"
"Bahrain","Tajikistan","Original","2014","2017","In Force","0.21","0.3","0.34","0","0.18","6","YES","6","YES","YES","NO","NO","NO","NO","NO","NO","8","","8","8","8","8","8","8","0","NO","NO","NO","NO","NO","NO","NO","NA"
"Bahrain","Bangladesh","Original","2015","2019","In Force","0.42","0.41","0.47","0.38","0.41","6","NO","NO","NO","NO","YES","NO","NO","NO","YES","YES","10","10","15","10","10","10","10","10","0","NO","NO","YES","NO","NO","NO","NO","NA"
"Bahrain","Morocco","Amended by protocol","2016","2022","In Force","","","","","","","","","","","","","","","","","","","","","","","","","","","","","","","","",""
"Bahrain","Pakistan","Amended by MLI","2020","2023","In Force","0.52","0.46","0.47","0.63","0.59","6","YES","NO","NO","NO","NO","NO","NO","NO","YES","YES","10","","10","10","10","10","10","0","10","NO","NO","YES","YES","YES","NO","NO","PPT"
"Bahrain","Jordan","Amended by MLI","2020","2023","In Force","","","","","","","","","","","","","","","","","","","","","","","","","","","","","","","","","PPT"
"Bahrain","China","Amended by MLI","2020","2023","In Force","0.4","0.38","0.31","0.5","0.35","12","YES","NO","YES","YES","NO","NO","YES","NO","YES","NO","10","","10","10","10","10","10","10","0","YES","YES","YES","NO","NO","NO","NO","PPT"
"Bahrain","Seychelles","Amended by MLI","2020","2023","In Force","0.17","0.06","0.31","0.13","0.18","12","YES","NO","YES","YES","NO","YES","NO","NO","NO","NO","0","","0","0","0","5","5","5","0","NO","NO","NO","NO","YES","NO","NO","PPT"
"Bahrain","Mexico","Amended by MLI","2020","2024","In Force","0.56","0.47","0.72","0.5","0.59","6","YES","6","NO","NO","NO","YES","NO","NO","YES","NO","NO LIMIT","","NO LIMIT","10","4.9","10","10","10","0","YES","NO","YES","NO","YES","NO","YES","PPT"
"Bahrain","Egypt","Amended by MLI","2020","2023","In Force","0.44","0.34","0.47","0.5","0.47","6","YES","6","YES","YES","NO","YES","NO","NO","YES","NO","5","25","10","10","10","10","10","10","0","NO","YES","YES","NO","YES","NO","NO","PPT"
"Bahrain","Thailand","Amended by MLI","2022","2023","In Force","0.65","0.47","0.84","0.63","0.71","6","YES","6","NO","NO","YES","NO","YES","NO","YES","YES","10","","10","15","10","15","15","15","0","NO","YES","YES","NO","YES","NO","NO","PPT"
"Bangladesh","Belarus","Original","2013","2015","In Force","0.48","0.36","0.72","0.38","0.53","6","YES","6","NO","NO","YES","NO","NO","NO","NO","YES","10","10","12","7.5","7.5","10","10","10","0","YES","NO","YES","NO","NO","NO","NO","NA"
"Bangladesh","Belgium","Original","1990","1997","In Force","0.45","0.5","0.47","0.38","0.41","6","NO","NO","NO","NO","YES","NO","NO","NO","NO","YES","15","","15","15","15","10","10","10","0","NO","NO","YES","NO","YES","NO","NO","NA"
"Bangladesh","Canada","Original","1982","1982","In Force","0.45","0.5","0.47","0.38","0.41","6","NO","NO","NO","NO","YES","NO","NO","NO","NO","NO","15","","15","15","15","10","10","10","0","YES","NO","YES","NO","YES","NO","NO","NA"
"Bangladesh","China","Original","1996","1998","In Force","0.36","0.38","0.47","0.25","0.35","6","YES","6","YES","YES","NO","NO","YES","NO","NO","YES","10","","10","10","10","10","10","10","0","NO","NO","YES","NO","NO","NO","NO","NA"
"Bangladesh","Denmark","Original","1996","1997","In Force","0.44","0.36","0.47","0.5","0.47","6","NO","NO","NO","NO","YES","NO","NO","NO","NO","YES","10","10","15","10","10","10","10","0","0","YES","NO","YES","NO","YES","NO","NO","NA"
"Bangladesh","France","Original","1987","1988","In Force","0.46","0.41","0.47","0.5","0.47","6","NO","NO","NO","NO","YES","NO","NO","NO","NO","YES","10","10","15","10","10","10","10","10","0","YES","NO","YES","NO","YES","NO","NO","NA"
"Bangladesh","Germany","Original","1990","1990","In Force","0.51","0.44","0.47","0.63","0.53","6","NO","NO","NO","NO","YES","NO","NO","NO","NO","YES","15","","15","10","10","10","10","10","0","YES","YES","YES","NO","YES","NO","NO","NA"
"Bangladesh","Indonesia","Original","2003","2007","In Force","0.5","0.41","0.72","0.38","0.53","6","YES","3","NO","NO","YES","NO","NO","NO","NO","YES","10","10","15","10","10","10","10","10","0","YES","NO","YES","NO","NO","NO","NO","NA"
"Bangladesh","Italy","Original","1990","1980","In Force","0.47","0.44","0.47","0.5","0.47","6","NO","NO","NO","NO","YES","NO","NO","NO","NO","YES","10","10","15","15","10","10","10","10","0","YES","NO","YES","NO","YES","NO","NO","NA"
"Bangladesh","Japan","Original","1991","1992","In Force","0.38","0.41","0.34","0.38","0.35","6","NO","NO","NO","NO","NO","NO","NO","NO","NO","YES","10","25","15","10","10","10","10","10","0","NO","NO","YES","NO","YES","NO","NO","NA"
"Bangladesh","South Korea","Original","1983","1983","In Force","0.46","0.41","0.47","0.5","0.47","6","NO","NO","NO","NO","YES","NO","NO","NO","NO","YES","10","10","15","10","10","10","10","10","0","YES","NO","YES","NO","YES","NO","NO","NA"
"Bangladesh","Malaysia","Original","1983","1981","In Force","0.55","0.56","0.59","0.5","0.53","6","YES","NO","NO","NO","YES","NO","NO","NO","NO","YES","15","","15","15","15","15","15","15","0","YES","NO","YES","NO","YES","NO","NO","NA"
"Bangladesh","Mauritius","Original","2009","2012","In Force","0.35","0.13","0.69","0.25","0.41","12","YES","12","NO","NO","YES","NO","NO","NO","NO","YES","10","","10","0","0","0","0","0","0","NO","NO","YES","NO","NO","NO","NO","NA"
"Bangladesh","Netherlands","Original","1993","1995","In Force","0.36","0.35","0.47","0.25","0.35","6","NO","NO","NO","NO","YES","NO","NO","NO","NO","YES","10","10","15","10","7.5","10","10","0","0","NO","NO","YES","NO","NO","NO","NO","NA"
"Bangladesh","Norway","Original","2004","2006","In Force","0.4","0.36","0.47","0.38","0.41","6","NO","NO","NO","NO","YES","NO","NO","NO","NO","YES","10","10","15","10","10","10","10","0","0","NO","NO","YES","NO","YES","NO","YES","NA"
"Bangladesh","Pakistan","Original","1981","1980","In Force","0.51","0.56","0.47","0.5","0.47","6","NO","NO","NO","NO","YES","NO","NO","NO","NO","YES","15","","15","15","15","15","15","15","0","YES","NO","YES","NO","YES","NO","NO","NA"
"Bangladesh","Philippines","Original","1997","2004","In Force","0.56","0.53","0.72","0.43","0.56","6","YES","6","NO","NO","YES","NO","NO","NO","NO","","10","25","15","15","15","15","15","15","0","YES","NO","YES","NO","YES","NO","NO","NA"
"Bangladesh","Poland","Original","1997","2000","In Force","0.46","0.41","0.47","0.5","0.47","6","NO","NO","NO","NO","YES","NO","NO","NO","NO","YES","10","10","15","10","10","10","10","10","0","YES","NO","YES","NO","YES","NO","NO","NA"
"Bangladesh","Romania","Original","1987","1989","In Force","0.46","0.41","0.47","0.5","0.47","6","NO","NO","NO","NO","YES","NO","NO","NO","NO","YES","10","10","15","10","10","10","10","10","0","YES","NO","YES","NO","YES","NO","NO","NA"
"Bangladesh","Saudi Arabia","Original","2011","2012","In Force","0.6","0.34","0.72","0.75","0.71","6","YES","6","NO","NO","YES","NO","NO","YES","YES","YES","10","","10","7.5","7.5","10","10","10","0","NO","YES","YES","NO","YES","NO","NO","NA"
"Bangladesh","Singapore","Original","1980","1979","In Force","0.43","0.44","0.47","0.38","0.41","6","NO","NO","NO","NO","YES","NO","NO","NO","NO","YES","15","","15","10","10","10","10","10","0","YES","NO","NO","NO","YES","NO","NO","NA"
"Bangladesh","Sri Lanka","Original","1986","1989","In Force","0.49","0.56","0.47","0.43","0.44","6","NO","NO","NO","NO","YES","NO","NO","NO","NO","","15","","15","15","15","15","15","15","0","YES","NO","YES","NO","YES","NO","NO","NA"
"Bangladesh","Sweden","Original","1982","1984","In Force","0.47","0.44","0.47","0.5","0.47","6","NO","NO","NO","NO","YES","NO","NO","NO","NO","YES","10","10","15","15","10","10","10","10","0","YES","NO","YES","NO","YES","NO","NO","NA"
"Bangladesh","Switzerland","Original","2007","2009","In Force","0.28","0.36","0.09","0.38","0.24","6","NO","NO","YES","YES","NO","NO","NO","NO","NO","YES","10","20","15","10","10","10","10","0","0","YES","NO","YES","NO","NO","NO","NO","NA"
"Bangladesh","Thailand","Original","1997","1998","In Force","0.45","0.5","0.47","0.38","0.41","6","NO","NO","NO","NO","YES","NO","NO","NO","NO","YES","10","10","15","15","10","15","15","15","0","NO","NO","YES","NO","YES","NO","NO","NA"
"Bangladesh","Turkey","Original","1999","2004","In Force","0.22","0.33","0.06","0.25","0.12","12","NO","NO","YES","YES","NO","NO","NO","NO","NO","YES","10","","10","10","10","10","10","0","0","NO","NO","YES","NO","NO","NO","NO","NA"
"Bangladesh","United Arab Emirates","Original","2011","2013","In Force","0.73","0.47","0.97","0.75","0.88","6","YES","6","NO","NO","YES","YES","YES","YES","YES","YES","5","3","10","10","10","10","10","10","10","YES","NO","YES","YES","NO","NO","NO","NA"
"Bangladesh","United Kingdom","Original","1979","1978","In Force","0.42","0.39","0.47","0.4","0.43","6","NO","NO","NO","NO","YES","NO","NO","NO","NO","","10","10","15","10","7.5","10","10","10","0","YES","NO","YES","","","NO","NO","NA"
"Bangladesh","United States","Original","2004","2006","In Force","0.41","0.33","0.47","0.43","0.44","6","NO","NO","NO","NO","YES","NO","NO","NO","NO","NO","10","10","15","10","5","10","10","0","0","YES","NO","YES","","YES","NO","NO","NA"
"Bangladesh","Vietnam","Original","2004","2006","In Force","0.82","0.75","0.84","0.88","0.88","6","YES","NO","NO","NO","YES","YES","YES","YES","YES","YES","15","","15","15","15","15","15","15","15","YES","YES","YES","NO","YES","NO","NO","NA"
"Bangladesh","Czechia","Original","2019","2021","In Force","0.75","0.53","0.97","0.75","0.88","6","YES","6","NO","NO","YES","YES","YES","YES","YES","YES","10","25","15","10","10","10","10","10","10","YES","NO","YES","NO","YES","NO","NO","PPT"
"Bangladesh","India","Amended by protocol","2013","2013","In Force","0.42","0.41","0.47","0.38","0.41","6","NO","NO","NO","NO","YES","NO","NO","NO","NO","YES","10","25","15","10","10","10","10","10","0","NO","NO","YES","NO","YES","NO","YES","NA"
"Barbados","Venezuela","Original","1998","2001","In Force","0.56","0.47","0.47","0.75","0.65","6","NO","NO","NO","NO","NO","YES","NO","YES","YES","NO","5","5","10","15","5","10","10","10","10","YES","YES","YES","NO","YES","NO","NO","NA"
"Barbados","Botswana","Original","2005","2006","In Force","0.61","0.48","0.84","0.5","0.71","6","YES","6","NO","NO","YES","YES","NO","NO","YES","NO","5","25","12","10","10","10","10","10","10","YES","NO","YES","NO","YES","NO","NO","NA"
"Barbados","China","Amended by MLI","2018","2023","In Force","0.4","0.34","0.47","0.38","0.41","6","YES","6","YES","YES","NO","NO","YES","NO","NO","NO","5","25","10","10","10","10","10","10","0","YES","YES","YES","NO","NO","NO","NO","PPT"
"Barbados","Mauritius","Amended by MLI","2018","2022","In Force","0.14","0.19","0.09","0.13","0.12","6","NO","NO","YES","YES","NO","NO","NO","NO","NO","NO","5","","5","5","5","5","5","5","0","NO","NO","YES","NO","NO","YES","NO","PPT"
"Barbados","Mexico","Amended by MLI","2018","2024","In Force","0.44","0.34","0.34","0.63","0.47","6","YES","NO","YES","YES","NO","YES","NO","NO","YES","NO","5","10","10","10","10","10","10","10","0","YES","YES","YES","NO","YES","NO","NO","PPT"
"Barbados","Seychelles","Amended by MLI","2018","2023","In Force","0.14","0.19","0.22","0","0.12","6","NO","6","YES","YES","NO","NO","NO","NO","NO","NO","5","","5","5","5","5","5","5","0","NO","NO","NO","NO","NO","NO","NO","PPT"
"Belarus","Mongolia","Original","2001","2008","In Force","0.44","0.5","0.56","0.25","0.41","12","YES","6","YES","YES","NO","YES","YES","YES","NO","NO","10","","10","10","10","10","10","10","10","NO","NO","YES","NO","NO","NO","NO","NA"
"Belarus","Sri Lanka","Original","2013","2015","In Force","0.61","0.36","0.84","0.63","0.71","6","YES","6","NO","YES","YES","YES","YES","NO","YES","YES","7.5","25","10","10","10","10","10","10","0","YES","NO","YES","NO","YES","NO","NO","NA"
"Belarus","Vietnam","Original","1997","1998","In Force","0.61","0.5","0.72","0.63","0.65","6","YES","6","YES","YES","YES","YES","YES","NO","YES","NO","15","","15","10","10","15","15","15","0","YES","YES","YES","NO","YES","NO","NO","NA"
"Belarus","Uzbekistan","Original","1994","1998","In Force","","","","","","","","","","","","","","","","","","","","","","","","","","","","","","","","",""
"Belarus","Moldova","Original","1994","1997","In Force","0.27","0.5","0.19","0.13","0.12","12","YES","NO","YES","YES","NO","NO","NO","NO","NO","NO","15","","15","10","10","15","15","15","0","NO","NO","YES","NO","NO","NO","NO","NA"
"Belarus","China","Original","1995","1997","In Force","0.26","0.38","0.28","0.13","0.18","18","YES","18","YES","YES","NO","NO","NO","NO","NO","NO","10","","10","10","10","10","10","10","0","NO","NO","YES","NO","NO","NO","NO","NA"
"Belarus","Iran","Original","1995","2002","In Force","0.32","0.28","0.31","0.38","0.29","12","YES","NO","YES","YES","NO","NO","YES","NO","NO","NO","10","25","15","5","5","5","5","5","0","YES","NO","YES","NO","YES","NO","YES","NA"
"Belarus","Kyrgyzstan","Original","1997","1999","In Force","0.27","0.5","0.19","0.13","0.12","12","YES","NO","YES","YES","NO","NO","NO","NO","NO","NO","15","","15","10","10","15","15","15","0","NO","NO","YES","NO","NO","NO","NO","NA"
"Belarus","Syria","Original","1998","2003","In Force","0.42","0.54","0.59","0.13","0.35","6","YES","NO","NO","NO","NO","NO","YES","NO","NO","NO","15","","15","10","10","18","18","18","0","NO","NO","YES","NO","NO","NO","NO","NA"
"Belarus","Egypt","Original","1998","2000","In Force","0.46","0.5","0.44","0.43","0.38","12","YES","NO","YES","YES","NO","YES","YES","NO","NO","NO","15","","15","10","10","15","15","15","0","","YES","YES","YES","NO","NO","NO","NA"
"Belarus","Tajikistan","Original","1999","2000","In Force","0.27","0.5","0.19","0.13","0.12","12","YES","NO","YES","YES","NO","NO","NO","NO","NO","NO","15","","15","10","10","15","15","15","0","NO","NO","YES","NO","NO","NO","NO","NA"
"Belarus","Lebanon","Original","2001","2003","In Force","0.27","0.22","0.45","0.13","0.26","9","YES","4","YES","YES","NO","YES","NO","NO","NO","NO","7.5","","7.5","5","5","5","5","5","0","NO","NO","YES","NO","NO","NO","NO","NA"
"Belarus","Turkmenistan","Original","2002","2005","In Force","0.53","0.5","0.72","0.38","0.53","6","YES","3","YES","YES","YES","YES","YES","NO","YES","NO","15","","15","10","10","15","15","15","0","YES","NO","YES","NO","NO","NO","NO","NA"
"Belarus","South Africa","Original","2002","2004","In Force","0.3","0.32","0.31","0.25","0.24","12","YES","4","YES","YES","NO","NO","NO","NO","NO","NO","5","25","15","10","5","10","10","5","0","YES","NO","YES","NO","NO","NO","NO","NA"
"Belarus","North Macedonia","Original","2005","2007","In Force","0.23","0.38","0.31","0","0.12","12","YES","3","YES","YES","NO","NO","NO","NO","NO","NO","5","25","15","10","10","10","10","10","0","NO","NO","NO","NO","NO","NO","NO","NA"
"Belarus","Thailand","Original","2005","2007","In Force","0.47","0.44","0.59","0.38","0.47","6","YES","3","YES","YES","YES","NO","YES","NO","NO","YES","10","","10","10","10","15","15","15","0","NO","YES","YES","NO","NO","NO","NO","NA"
"Belarus","North Korea","Original","2006","2008","In Force","","","","","","","","","","","","","","","","","","","","","","","","","","","","","","","","",""
"Belarus","Venezuela","Original","2007","2010","In Force","0.32","0.27","0.45","0.25","0.32","9","YES","6","YES","YES","NO","YES","NO","NO","NO","NO","5","25","15","5","5","10","5","5","0","YES","NO","YES","NO","NO","NO","NO","NA"
"Belarus","Indonesia","Original","2013","2019","In Force","0.36","0.38","0.47","0.25","0.35","6","YES","NO","YES","YES","YES","NO","YES","NO","YES","NO","10","","10","10","10","10","10","10","0","NO","NO","YES","NO","NO","NO","NO","NA"
"Belarus","Laos","Original","2013","2015","In Force","","","","","","","","","","","","","","","","","","","","","","","","","","","","","","","","",""
"Belarus","Georgia","Original","2015","2016","In Force","0.14","0.22","0.06","0.13","0.06","12","NO","NO","YES","YES","NO","NO","NO","NO","NO","NO","5","25","10","5","5","5","5","5","0","YES","NO","NO","NO","NO","NO","NO","NA"
"Belarus","Ecuador","Original","2016","2018","In Force","0.47","0.34","0.58","0.5","0.5","9","YES","6","YES","YES","NO","YES","YES","NO","NO","NO","5","25","10","10","10","10","10","10","0","YES","YES","YES","NO","YES","NO","NO","LOB-PPT"
"Belarus","India","Amended by protocol","2015","2015","In Force","0.67","0.66","0.72","0.63","0.71","6","YES","NO","YES","NO","YES","YES","YES","YES","NO","NO","10","25","15","10","10","15","15","15","15","YES","YES","YES","NO","YES","NO","YES","NA"
"Belarus","Pakistan","Amended by protocol","2016","2017","In Force","0.44","0.48","0.22","0.63","0.41","6","YES","NO","YES","YES","NO","NO","NO","NO","YES","YES","11","25","15","10","10","15","15","15","0","NO","NO","YES","YES","YES","NO","NO","NA"
"Belgium","DR Congo","Original","2007","2012","In Force","0.27","0.34","0.09","0.38","0.24","6","NO","NO","YES","YES","NO","NO","NO","NO","YES","NO","10","25","15","10","0","10","10","10","0","YES","NO","NO","NO","YES","NO","YES","NA"
"Belgium","Ghana","Original","2005","2009","In Force","0.31","0.46","0.22","0.25","0.29","6","YES","NO","YES","YES","NO","NO","NO","NO","YES","NO","5","10","15","10","10","10","10","0","10","NO","NO","YES","NO","NO","NO","YES","NA"
"Belgium","Mongolia","Original","1995","2001","In Force","0.23","0.23","0.22","0.25","0.24","6","NO","NO","YES","YES","NO","NO","YES","NO","NO","NO","5","10","15","10","0","5","5","0","0","NO","NO","YES","NO","YES","NO","YES","NA"
"Belgium","Nigeria","Original","1989","1995","In Force","0.49","0.48","0.36","0.63","0.47","3","YES","NO","YES","YES","YES","NO","NO","YES","YES","YES","12.5","10","15","12.5","12.5","12.5","12.5","12.5","0","NO","NO","YES","NO","YES","NO","NO","NA"
"Belgium","Rwanda","Original","2007","2011","In Force","0.4","0.47","0.47","0.25","0.41","6","YES","3","YES","YES","NO","YES","NO","NO","NO","NO","0","25","15","10","10","10","10","10","10","YES","NO","NO","NO","YES","NO","YES","NA"
"Belgium","Sri Lanka","Original","1983","1984","In Force","0.55","0.44","0.84","0.38","0.59","6","YES","6","NO","NO","YES","NO","YES","NO","YES","YES","15","","15","10","10","10","10","10","0","NO","NO","YES","NO","NO","NO","NO","NA"
"Belgium","Kosovo","Pre-independence","1980","1984","In Force","0.22","0.47","0.06","0.13","0.06","12","NO","NO","YES","YES","NO","NO","NO","NO","NO","NO","10","25","15","15","15","10","10","10","0","NO","NO","YES","NO","NO","NO","NO","NA"
"Belgium","Kyrgyzstan","Pre-independence","1987","1990","In Force","0.09","0.28","0","0","0","24","NO","NO","YES","YES","NO","NO","NO","NO","NO","NO","15","","15","15","0","0","0","0","0","NO","NO","NO","","NO","NO","NO","NA"
"Belgium","Moldova","Pre-independence","1987","1990","In Force","0.09","0.28","0","0","0","24","NO","NO","YES","YES","NO","NO","NO","NO","NO","NO","15","","15","15","0","0","0","0","0","NO","NO","NO","","NO","NO","NO","NA"
"Belgium","Tajikistan","Pre-independence","1987","1990","In Force","0.09","0.28","0","0","0","24","NO","NO","YES","YES","NO","NO","NO","NO","NO","NO","15","","15","15","0","0","0","0","0","NO","NO","NO","","NO","NO","NO","NA"
"Belgium","Turkmenistan","Pre-independence","1987","1990","In Force","0.09","0.28","0","0","0","24","NO","NO","YES","YES","NO","NO","NO","NO","NO","NO","15","","15","15","0","0","0","0","0","NO","NO","NO","NO","NO","NO","NO","NA"
"Belgium","Gabon","Original","1993","2005","In Force","0.38","0.54","0.47","0.13","0.29","6","NO","NO","NO","NO","YES","NO","NO","NO","NO","NO","18","","18","15","15","10","10","10","0","NO","NO","YES","NO","NO","NO","YES","NA"
"Belgium","Venezuela","Original","1993","1999","In Force","0.25","0.31","0.06","0.38","0.18","12","NO","NO","YES","YES","NO","NO","NO","NO","NO","NO","5","25","15","10","10","5","5","5","0","YES","NO","YES","NO","YES","NO","YES","OTHER"
"Belgium","Ecuador","Original","1996","2005","In Force","0.19","0.38","0.06","0.13","0.06","12","NO","NO","YES","YES","NO","NO","NO","NO","NO","NO","15","","15","10","0","10","10","10","0","NO","NO","YES","NO","NO","NO","NO","NA"
"Belgium","Indonesia","Original","1997","2001","In Force","0.58","0.41","0.84","0.5","0.65","6","YES","3","NO","NO","YES","NO","YES","YES","YES","NO","10","25","15","10","10","10","10","10","0","NO","NO","YES","NO","YES","NO","YES","NA"
"Belgium","Morocco","Original","2006","2010","In Force","0.61","0.48","0.72","0.63","0.71","6","YES","2.5","YES","YES","YES","YES","YES","NO","YES","NO","6.5","25","10","10","10","10","10","10","10","YES","NO","YES","YES","YES","NO","YES","NA"
"Belgium","North Macedonia","Original","2010","2018","In Force","0.19","0.38","0.06","0.13","0.06","12","NO","NO","YES","YES","NO","NO","NO","NO","NO","NO","5","10","15","10","10","10","10","10","0","NO","NO","NO","NO","YES","NO","NO","OTHER"
"Belgium","Philippines","Amended by protocol","1996","2000","In Force","0.73","0.47","0.97","0.75","0.82","6","YES","6","NO","NO","YES","YES","YES","YES","YES","YES","10","10","15","10","10","15","15","15","0","NO","YES","YES","NO","YES","NO","YES","NA"
"Belgium","Uzbekistan","Amended by protocol","1998","1997","In Force","0.21","0.31","0.06","0.25","0.12","12","NO","NO","YES","YES","NO","NO","NO","YES","NO","NO","5","10","15","10","10","5","5","5","0","NO","NO","YES","NO","NO","NO","YES","NA"
"Belgium","Brazil","Amended by protocol","2002","2008","In Force","0.25","0.53","0.09","0.13","0.18","6","NO","NO","YES","YES","NO","NO","NO","NO","NO","NO","10","10","15","10","10","10","10","10","10","NO","NO","YES","NO","NO","NO","NO","NA"
"Belgium","Bosnia and Herzegovina","Amended by MLI","2019","2021","In Force","0.26","0.47","0.19","0.13","0.12","12","NO","NO","YES","YES","NO","NO","YES","NO","NO","NO","10","25","15","15","15","10","10","10","0","NO","NO","YES","NO","NO","NO","NO","PPT"
"Belgium","China","Amended by MLI","2017","2023","In Force","0.41","0.31","0.44","0.5","0.41","12","YES","6","YES","YES","NO","NO","YES","NO","NO","NO","5","25","10","10","10","7","7","7","0","YES","YES","YES","NO","YES","NO","NO","PPT"
"Belgium","Egypt","Amended by MLI","2017","2021","In Force","0.72","0.56","0.97","0.63","0.76","6","YES","6","NO","NO","YES","YES","YES","NO","YES","NO","15","","15","15","15","15","15","15","0","NO","YES","YES","YES","YES","NO","NO","PPT"
"Belgium","Georgia","Amended by MLI","2017","2020","In Force","0.26","0.31","0.2","0.25","0.21","9","YES","NO","YES","YES","NO","NO","NO","NO","NO","NO","5","25","15","10","0","10","10","10","0","NO","NO","YES","NO","YES","NO","YES","PPT"
"Belgium","India","Amended by MLI","2017","2020","In Force","0.77","0.84","0.72","0.75","0.76","6","YES","NO","NO","NO","YES","NO","YES","YES","YES","NO","15","","15","15","10","20","20","20","20","YES","YES","YES","NO","YES","NO","YES","PPT"
"Belgium","Ivory Coast","Amended by MLI","2018","2024","In Force","0.49","0.51","0.84","0.13","0.47","6","YES","NO","NO","NO","YES","YES","YES","NO","NO","NO","15","","15","16","16","10","10","10","0","NO","NO","YES","NO","NO","NO","YES","PPT"
"Belgium","Mauritius","Amended by MLI","2017","2021","In Force","0.33","0.16","0.47","0.38","0.41","6","YES","NO","YES","YES","YES","NO","YES","NO","YES","NO","5","10","10","10","0","0","0","0","0","NO","NO","YES","NO","YES","YES","NO","PPT"
"Belgium","Mexico","Amended by MLI","2017","2024","In Force","0.5","0.28","0.59","0.63","0.59","6","YES","6","YES","YES","NO","YES","YES","YES","YES","NO","0","10","10","10","5","10","10","10","0","YES","YES","NO","NO","YES","NO","YES","PPT"
"Belgium","Pakistan","Amended by MLI","2017","2022","In Force","0.59","0.54","0.59","0.63","0.59","6","YES","3","YES","YES","YES","NO","YES","YES","YES","NO","10","20","NO LIMIT","15","15","20","0","20","0","NO","YES","YES","YES","NO","NO","NO","PPT"
"Belgium","Senegal","Amended by MLI","2017","2023","In Force","0.54","0.51","0.97","0.13","0.53","6","YES","6","NO","NO","YES","YES","YES","NO","NO","NO","16","","16","15","15","10","10","10","0","NO","NO","YES","NO","NO","NO","YES","PPT"
"Belgium","Seychelles","Amended by MLI","2017","2023","In Force","0.27","0.25","0.44","0.13","0.24","12","YES","6","YES","YES","NO","YES","NO","NO","NO","NO","5","10","15","10","0","5","5","5","0","NO","NO","NO","NO","YES","NO","YES","PPT"
"Belgium","South Africa","Amended by MLI","2017","2023","In Force","0.19","0.25","0.19","0.13","0.12","12","YES","NO","YES","YES","NO","NO","NO","NO","NO","NO","5","25","15","10","10","0","0","0","0","NO","NO","YES","NO","NO","NO","YES","PPT"
"Belgium","Tunisia","Amended by MLI","2018","2024","In Force","0.49","0.49","0.59","0.38","0.53","6","YES","NO","YES","YES","YES","YES","YES","NO","YES","NO","5","10","15","10","5","11","11","11","11","NO","YES","YES","NO","NO","NO","NO","PPT"
"Belgium","Ukraine","Amended by MLI","2018","2020","In Force","0.31","0.24","0.31","0.38","0.29","12","NO","NO","YES","YES","YES","NO","YES","NO","YES","NO","5","20","15","10","2","0","10","0","0","YES","NO","YES","NO","NO","NO","NO","PPT"
"Belgium","Vietnam","Amended by MLI","2022","2024","In Force","0.7","0.63","0.84","0.63","0.76","6","YES","6","NO","NO","YES","NO","YES","YES","YES","NO","5","50","15","10","10","15","15","15","15","YES","YES","YES","NO","NO","NO","YES","PPT"
"Belgium","Thailand","Amended by MLI","2022","2023","In Force","0.42","0.55","0.47","0.25","0.35","6","NO","NO","YES","YES","YES","YES","YES","NO","NO","YES","15","25","NO LIMIT","25","10","15","5","15","0","NO","NO","NO","NO","YES","NO","YES","PPT"
"Benin","Norway","Original","1979","1979","In Force","0.23","0.48","0.09","0.13","0.12","6","NO","NO","YES","YES","NO","NO","NO","NO","NO","NO","18","","18","25","25","0","0","0","0","NO","NO","YES","NO","NO","NO","NO","NA"
"Benin","France","Original","1975","1977","In Force","0.43","0.5","0.63","0.17","0.4","0","NO","NO","NO","NO","YES","YES","NO","NO","NO","NO","NO LIMIT","","NO LIMIT","NO LIMIT","NO LIMIT","0","0","0","0","","","YES","NO","NO","NO","YES","NA"
"Benin","Morocco","Original","2019","2023","In Force","","","","","","","","","","","","","","","","","","","","","","","","","","","","","","","","",""
"Burkina Faso","Benin","Multilateral","2008","2010","In Force","0.49","0.5","0.59","0.38","0.47","6","NO","NO","NO","NO","YES","YES","NO","YES","YES","NO","10","","10","15","15","15","15","15","0","YES","NO","NO","NO","NO","NO","YES","NA"
"Bermuda","Seychelles","Original","2012","2013","In Force","0.33","0.28","0.34","0.38","0.41","6","YES","3","YES","YES","NO","NO","NO","NO","YES","NO","0","","NO LIMIT","5","0","5","5","5","5","YES","NO","NO","NO","YES","NO","NO",""
"Bhutan","India","Original","2013","2015","In Force","0.66","0.5","0.98","0.5","0.76","4","YES","4","NO","NO","YES","YES","YES","NO","YES","NO","10","","10","10","10","10","10","10","10","YES","YES","NO","NO","YES","NO","YES","PPT"
"Bolivia","Sweden","Original","1994","1996","In Force","0.27","0.47","0.22","0.13","0.18","6","YES","NO","YES","YES","NO","NO","NO","NO","NO","NO","0","25","15","15","15","15","15","15","0","NO","NO","YES","NO","NO","NO","NO","OTHER"
"Bolivia","United Kingdom","Original","1994","1996","In Force","0.3","0.56","0.09","0.25","0.18","6","NO","NO","YES","YES","NO","NO","NO","NO","NO","NO","15","","15","15","15","15","15","15","0","YES","NO","YES","NO","NO","NO","NO","NA"
"Bolivia","France","Original","1994","1997","In Force","0.31","0.56","0.11","0.25","0.19","6","NO","NO","YES","","NO","NO","NO","NO","NO","NO","15","","15","15","15","15","15","15","0","YES","NO","YES","NO","NO","NO","NO","NA"
"Bolivia","Spain","Original","1997","1999","In Force","0.22","0.47","0.06","0.13","0.06","12","NO","NO","YES","YES","NO","NO","NO","NO","NO","NO","10","25","15","15","15","15","0","15","0","NO","NO","YES","NO","NO","NO","NO","NA"
"Bolivia","Germany","Amended by protocol","1993","1991","In Force","0.3","0.56","0.09","0.25","0.18","6","NO","NO","YES","YES","NO","NO","NO","NO","NO","NO","15","","15","15","15","15","15","15","0","NO","YES","YES","NO","NO","NO","NO","NA"
"Bosnia and Herzegovina","Sri Lanka","Pre-independence","1985","1987","In Force","0.45","0.41","0.58","0.38","0.44","9","NO","9","NO","NO","YES","NO","NO","NO","NO","YES","12.5","","12.5","10","10","10","10","10","0","NO","YES","YES","NO","NO","NO","NO","NA"
"Bosnia and Herzegovina","Sweden","Pre-independence","1980","1982","In Force","0.1","0.13","0.06","0.13","0.06","12","NO","NO","YES","YES","NO","NO","NO","NO","NO","NO","5","25","15","0","0","0","0","0","0","NO","NO","YES","NO","NO","NO","NO","NA"
"Bosnia and Herzegovina","Italy","Pre-independence","1982","1986","In Force","0.19","0.38","0.06","0.13","0.06","12","NO","NO","YES","YES","NO","NO","NO","NO","NO","NO","10","","10","10","10","10","10","10","0","NO","NO","YES","NO","NO","NO","NO","NA"
"Bosnia and Herzegovina","Germany","Pre-independence","1987","1989","In Force","0.12","0.17","0.06","0.13","0.06","12","NO","NO","YES","YES","NO","NO","NO","NO","NO","NO","","","","0","0","10","10","10","0","NO","NO","YES","NO","NO","NO","NO","NA"
"Bosnia and Herzegovina","Moldova","Original","2003","2005","In Force","0.43","0.34","0.7","0.25","0.44","9","YES","3","NO","NO","NO","YES","NO","NO","YES","NO","5","25","10","10","10","10","10","10","0","YES","NO","NO","NO","NO","NO","NO","NA"
"Bosnia and Herzegovina","Montenegro","Pre-independence","2004","2006","In Force","0.26","0.34","0.19","0.25","0.18","12","YES","NO","YES","YES","NO","NO","NO","NO","NO","NO","5","25","10","10","10","10","10","10","0","YES","NO","YES","NO","NO","NO","NO","NA"
"Bosnia and Herzegovina","Turkey","Original","2005","2009","In Force","0.23","0.38","0.19","0.13","0.12","12","YES","NO","YES","YES","NO","NO","NO","NO","NO","NO","5","25","15","10","10","10","10","10","0","NO","NO","YES","NO","NO","NO","NO","NA"
"Bosnia and Herzegovina","Czechia","Original","2007","2011","In Force","0.17","0.19","0.31","0","0.12","12","YES","6","YES","YES","NO","NO","NO","NO","NO","NO","5","","5","0","0","10","10","10","0","NO","NO","NO","NO","NO","NO","NO","NA"
"Bosnia and Herzegovina","Spain","Original","2008","2011","In Force","0.15","0.27","0.06","0.13","0.06","12","NO","NO","YES","YES","NO","NO","NO","NO","NO","NO","5","20","10","7","7","7","7","7","0","YES","NO","NO","NO","NO","NO","NO","OTHER"
"Bosnia and Herzegovina","North Macedonia","Original","2013","2015","In Force","0.23","0.38","0.19","0.13","0.12","12","YES","NO","YES","YES","NO","NO","NO","NO","NO","NO","5","25","15","10","10","10","10","10","0","NO","NO","YES","NO","NO","NO","NO","NA"
"Bosnia and Herzegovina","Romania","Original","2016","2019","In Force","0.19","0.24","0.19","0.13","0.12","12","YES","NO","YES","YES","NO","NO","NO","NO","NO","NO","5","25","10","7","7","5","5","5","0","YES","NO","NO","NO","NO","NO","YES","NA"
"Bosnia and Herzegovina","Norway","Amended by protocol","2008","2009","In Force","0.21","0.31","0.19","0.13","0.12","12","YES","NO","YES","YES","NO","NO","NO","NO","NO","NO","15","","15","0","0","10","10","10","0","NO","NO","YES","NO","NO","NO","NO","NA"
"Bosnia and Herzegovina","China","Amended by MLI","2019","2023","In Force","0.38","0.38","0.34","0.43","0.38","6","NO","6","YES","YES","NO","NO","YES","NO","NO","NO","10","","10","10","10","10","10","10","0","","YES","YES","NO","YES","NO","NO","PPT"
"Bosnia and Herzegovina","Croatia","Amended by MLI","2019","2022","In Force","0.26","0.34","0.19","0.25","0.18","12","NO","NO","YES","YES","NO","NO","YES","NO","NO","NO","5","25","10","10","10","10","10","10","0","YES","NO","YES","NO","NO","NO","NO","PPT"
"Bosnia and Herzegovina","Cyprus","Amended by MLI","2019","2021","In Force","0.19","0.38","0.06","0.13","0.06","12","NO","NO","YES","YES","NO","NO","NO","NO","NO","NO","10","","10","10","10","10","10","10","0","NO","NO","YES","NO","NO","NO","NO","PPT"
"Bosnia and Herzegovina","Finland","Amended by MLI","2019","2021","In Force","0.19","0.25","0.06","0.25","0.12","12","NO","NO","YES","YES","NO","NO","NO","NO","NO","NO","5","25","15","0","0","10","10","10","0","YES","NO","YES","NO","NO","NO","NO","PPT"
"Bosnia and Herzegovina","France","Amended by MLI","2019","2021","In Force","0.19","0.13","0.19","0.25","0.18","12","NO","NO","YES","YES","NO","NO","YES","NO","NO","NO","5","25","15","0","0","0","0","0","0","YES","NO","YES","NO","NO","NO","NO","PPT"
"Bosnia and Herzegovina","Greece","Amended by MLI","2019","2022","In Force","0.23","0.38","0.19","0.13","0.12","12","YES","NO","YES","YES","NO","NO","NO","NO","NO","NO","5","25","15","10","10","10","10","10","0","NO","NO","YES","NO","NO","NO","NO","PPT"
"Bosnia and Herzegovina","Ireland","Amended by MLI","2019","2021","In Force","0.1","0","0.19","0.13","0.12","12","YES","NO","YES","YES","NO","NO","NO","NO","NO","NO","0","","0","0","0","0","0","0","0","YES","NO","NO","NO","NO","NO","NO","PPT"
"Bosnia and Herzegovina","Jordan","Amended by MLI","2019","2021","In Force","0.71","0.53","0.72","0.88","0.82","6","YES","6","YES","YES","YES","YES","YES","YES","YES","NO","5","25","10","10","10","10","10","10","15","YES","YES","YES","YES","YES","NO","NO","PPT"
"Bosnia and Herzegovina","Malaysia","Amended by MLI","2019","2022","In Force","0.4","0.44","0.44","0.33","0.4","12","YES","NO","YES","YES","YES","NO","YES","NO","NO","NO","5","20","10","10","10","8","8","8","10","","","YES","NO","YES","NO","NO","PPT"
"Bosnia and Herzegovina","Netherlands","Amended by MLI","2019","2021","In Force","0.14","0.25","0.03","0.13","0.06","18","NO","NO","YES","YES","NO","NO","NO","NO","NO","NO","5","25","15","0","0","10","10","10","0","NO","NO","YES","NO","NO","NO","NO","PPT"
"Bosnia and Herzegovina","Hungary","Amended by MLI","2019","2022","In Force","0.13","0.25","0","0.13","0.06","24","NO","NO","YES","YES","NO","NO","NO","NO","NO","NO","10","","10","0","0","10","10","10","0","NO","NO","YES","NO","NO","NO","NO","PPT"
"Bosnia and Herzegovina","Pakistan","Amended by MLI","2019","2022","In Force","0.55","0.56","0.34","0.75","0.53","6","YES","NO","YES","YES","NO","NO","YES","YES","NO","NO","10","","10","20","20","15","15","15","0","YES","YES","YES","YES","YES","NO","NO","PPT"
"Bosnia and Herzegovina","Poland","Amended by MLI","2019","2021","In Force","0.27","0.38","0.19","0.25","0.18","12","YES","NO","YES","YES","NO","NO","NO","NO","NO","NO","5","25","15","10","10","10","10","10","0","YES","NO","NO","NO","YES","NO","NO","PPT"
"Bosnia and Herzegovina","Qatar","Amended by MLI","2019","2021","In Force","0.3","0.18","0.34","0.38","0.35","6","YES","NO","YES","YES","NO","YES","NO","NO","NO","NO","0","","0","7","7","7","7","7","0","NO","NO","YES","YES","YES","NO","NO","PPT"
"Bosnia and Herzegovina","Serbia","Amended by MLI","2019","2021","In Force","0.3","0.34","0.31","0.25","0.24","12","YES","NO","YES","YES","NO","NO","YES","NO","NO","NO","5","25","10","10","10","10","10","10","0","YES","NO","YES","NO","NO","NO","NO","PPT"
"Bosnia and Herzegovina","Slovakia","Amended by MLI","2019","2021","In Force","0.23","0.25","0.19","0.25","0.18","12","NO","NO","YES","YES","NO","NO","YES","NO","NO","NO","5","25","15","0","0","10","10","10","0","YES","NO","YES","NO","NO","NO","NO","PPT"
"Bosnia and Herzegovina","Slovenia","Amended by MLI","2019","2021","In Force","0.23","0.24","0.31","0.13","0.18","12","YES","NO","YES","YES","NO","NO","YES","NO","NO","NO","5","25","10","7","7","5","5","5","0","YES","NO","NO","NO","NO","NO","NO","PPT"
"Bosnia and Herzegovina","United Arab Emirates","Amended by MLI","2019","2021","In Force","0.16","0.16","0.19","0.13","0.12","12","YES","NO","YES","YES","NO","NO","NO","NO","NO","NO","5","10","10","0","0","5","5","5","0","NO","NO","YES","NO","NO","NO","NO","PPT"
"Bosnia and Herzegovina","United Kingdom","Amended by MLI","2019","2021","In Force","0.19","0.38","0.06","0.13","0.06","12","NO","NO","YES","YES","NO","NO","NO","NO","NO","NO","5","25","15","10","10","10","10","10","0","NO","NO","YES","NO","NO","NO","NO","PPT"
"Botswana","Zambia","Original","2013","2015","In Force","0.6","0.45","0.84","0.5","0.71","6","YES","6","NO","NO","YES","YES","NO","NO","YES","NO","5","25","7","10","10","10","10","10","10","YES","NO","YES","NO","YES","NO","YES","NA"
"Botswana","Zimbabwe","Original","2004","2008","In Force","0.6","0.47","0.97","0.38","0.71","6","YES","6","NO","NO","YES","YES","YES","NO","YES","NO","5","25","10","10","10","10","10","10","10","NO","NO","YES","NO","YES","NO","YES","NA"
"Botswana","Czechia","Original","2019","2021","In Force","0.55","0.3","0.97","0.38","0.71","6","YES","6","NO","NO","YES","YES","YES","NO","YES","NO","5","","5","7.5","0","7.5","7.5","7.5","7.5","YES","YES","NO","NO","NO","NO","NO","OTHER"
"Botswana","Russia","Original","2003","2010","In Force","0.6","0.47","0.84","0.5","0.71","6","YES","6","NO","NO","YES","NO","YES","NO","YES","NO","5","25","10","10","10","10","10","10","10","YES","NO","YES","NO","YES","NO","YES","NA"
"Botswana","Seychelles","Original","2004","2006","In Force","0.59","0.44","0.84","0.5","0.71","6","YES","6","NO","NO","YES","YES","NO","NO","YES","NO","5","25","10","7.5","7.5","10","10","10","10","YES","NO","YES","NO","YES","NO","NO","NA"
"Botswana","United Kingdom","Original","2005","2007","In Force","0.51","0.45","0.59","0.5","0.59","6","YES","6","NO","NO","NO","NO","NO","NO","YES","NO","5","25","12","10","10","10","10","10","7.5","YES","NO","YES","NO","YES","NO","NO","OTHER"
"Botswana","India","Original","2006","2008","In Force","0.69","0.48","0.97","0.63","0.82","6","YES","6","NO","NO","YES","YES","YES","NO","YES","NO","7.5","25","10","10","10","10","10","10","10","YES","YES","YES","NO","YES","NO","YES","NA"
"Botswana","Lesotho","Original","2010","2020","In Force","0.63","0.53","0.84","0.5","0.71","6","YES","6","NO","NO","YES","YES","NO","NO","YES","NO","10","25","15","10","10","10","10","10","10","YES","NO","YES","NO","YES","NO","YES","NA"
"Botswana","China","Original","2012","2018","In Force","0.28","0.28","0.31","0.25","0.29","12","YES","6","YES","YES","NO","NO","NO","NO","NO","NO","5","","5","7.5","7.5","5","5","5","5","YES","NO","YES","NO","NO","NO","YES","NA"
"Botswana","Ireland","Original","2014","2016","In Force","0.31","0.33","0.22","0.38","0.35","6","NO","6","YES","YES","NO","NO","NO","NO","YES","NO","5","","5","7.5","7.5","7.5","7.5","5","7.5","YES","NO","YES","NO","NO","NO","YES","NA"
"Botswana","Malta","Original","2017","2018","In Force","0.4","0.35","0.47","0.38","0.47","6","YES","6","YES","YES","NO","YES","NO","NO","YES","NO","5","25","6","8.5","8.5","7.5","7.5","5","7.5","YES","NO","YES","NO","NO","YES","YES","NA"
"Botswana","Luxembourg","Original","2018","2021","In Force","0.32","0.38","0.47","0.13","0.35","6","YES","6","YES","YES","NO","YES","NO","NO","YES","NO","5","25","10","7.5","7.5","7.5","7.5","7.5","7.5","NO","NO","NO","NO","NO","NO","YES","PPT"
"Botswana","United Arab Emirates","Original","2018","2018","In Force","0.53","0.33","0.7","0.57","0.66","9","YES","6","YES","YES","YES","YES","YES","NO","YES","","5","10","7.5","7.5","7.5","7.5","7.5","7.5","5","YES","NO","YES","NO","YES","NO","NO","NA"
"Botswana","France","Amended by protocol","2017","2018","In Force","0.43","0.45","0.34","0.5","0.47","6","YES","6","YES","YES","NO","NO","NO","NO","YES","NO","5","25","12","10","10","10","10","10","7.5","YES","NO","YES","NO","YES","NO","NO","NA"
"Botswana","Sweden","Amended by protocol","2013","2016","In Force","0.59","0.56","0.72","0.5","0.59","6","YES","NO","NO","NO","YES","NO","YES","NO","YES","NO","15","","15","15","15","15","15","15","0","YES","NO","YES","NO","YES","NO","NO","OTHER"
"Botswana","South Africa","Amended by protocol","2013","2016","In Force","0.54","0.53","0.84","0.25","0.59","6","YES","6","NO","NO","YES","YES","NO","NO","YES","NO","10","25","15","10","10","10","10","10","10","NO","NO","NO","NO","YES","NO","YES","NA"
"Botswana","Mauritius","Amended by protocol","2015","2020","In Force","0.54","0.54","0.84","0.25","0.59","6","YES","6","NO","NO","YES","NO","YES","NO","YES","NO","5","25","10","12","12","12.5","12.5","0","15","NO","NO","YES","NO","NO","NO","NO","NA"
"Brazil","Philippines","Original","1983","1992","In Force","0.63","0.78","0.47","0.63","0.59","6","NO","NO","NO","NO","NO","YES","NO","NO","YES","YES","15","","25","15","15","15","15","15","15","NO","YES","YES","NO","YES","NO","NO","NA"
"Brazil","France","Original","1971","1973","In Force","0.4","0.54","0.22","0.43","0.31","6","NO","NO","YES","YES","NO","YES","NO","NO","NO","NO","15","","15","15","15","15","10","15","0","YES","YES","YES","NO","","NO","NO","NA"
"Brazil","Spain","Original","1974","1976","In Force","0.48","0.73","0.22","0.5","0.41","6","NO","NO","YES","YES","NO","YES","NO","NO","NO","NO","15","","15","15","15","15","10","15","15","YES","YES","YES","NO","YES","NO","NO","NA"
"Brazil","Sweden","Original","1975","1976","In Force","0.43","0.56","0.22","0.5","0.35","6","NO","NO","YES","YES","NO","YES","NO","NO","NO","NO","15","","15","15","15","15","15","15","0","YES","YES","YES","NO","YES","NO","NO","NA"
"Brazil","Italy","Original","1978","1982","In Force","0.49","0.75","0.22","0.5","0.41","6","NO","NO","YES","YES","NO","YES","NO","NO","NO","NO","15","","15","15","15","15","15","15","15","YES","YES","YES","NO","YES","NO","NO","NA"
"Brazil","Luxembourg","Original","1978","1981","In Force","0.44","0.78","0.22","0.33","0.33","6","NO","NO","YES","YES","NO","YES","NO","NO","NO","NO","15","10","25","15","15","15","15","15","15","","","YES","NO","YES","NO","NO","NA"
"Brazil","Ecuador","Original","1983","1988","In Force","0.48","0.75","0.19","0.5","0.35","12","NO","NO","YES","YES","NO","YES","NO","NO","NO","NO","15","","15","15","15","15","15","15","15","YES","YES","YES","NO","YES","NO","NO","NA"
"Brazil","Canada","Original","1984","1986","In Force","0.5","0.78","0.22","0.5","0.41","6","NO","NO","YES","YES","NO","YES","NO","NO","NO","NO","15","10","NO LIMIT","15","15","15","15","15","15","YES","YES","YES","NO","YES","NO","NO","NA"
"Brazil","Hungary","Original","1986","1991","In Force","0.45","0.75","0.09","0.5","0.35","6","NO","NO","YES","YES","NO","NO","NO","NO","NO","NO","15","","15","15","15","15","15","15","15","YES","YES","YES","NO","YES","NO","NO","NA"
"Brazil","Czechia","Pre-independence","1986","1991","In Force","0.45","0.75","0.09","0.5","0.35","6","NO","NO","YES","YES","NO","NO","NO","NO","NO","NO","15","","15","15","15","15","15","15","15","YES","YES","YES","NO","YES","NO","NO","NA"
"Brazil","Slovakia","Pre-independence","1986","1991","In Force","0.45","0.75","0.09","0.5","0.35","6","NO","NO","YES","YES","NO","NO","NO","NO","NO","NO","15","","15","15","15","15","15","15","15","YES","YES","YES","NO","YES","NO","NO","NA"
"Brazil","Netherlands","Original","1990","1992","In Force","0.49","0.75","0.22","0.5","0.41","6","NO","NO","YES","YES","NO","YES","NO","NO","NO","NO","15","","15","15","15","15","15","15","15","YES","YES","YES","NO","YES","NO","NO","NA"
"Brazil","China","Original","1991","1994","In Force","0.57","0.75","0.47","0.5","0.53","6","YES","6","YES","YES","NO","NO","YES","NO","NO","NO","15","","15","15","15","15","15","15","15","YES","YES","YES","NO","YES","NO","NO","NA"
"Brazil","Finland","Original","1996","1998","In Force","0.36","0.48","0.09","0.5","0.29","6","NO","NO","YES","YES","NO","NO","NO","NO","NO","NO","10","","10","15","15","15","10","15","0","YES","YES","YES","NO","YES","NO","NO","NA"
"Brazil","Portugal","Original","2000","2000","In Force","0.43","0.72","0.08","0.5","0.32","9","NO","NO","YES","YES","NO","NO","NO","NO","NO","NO","10","25","15","15","15","15","15","15","15","YES","YES","YES","NO","YES","NO","NO","NA"
"Brazil","Chile","Original","2001","2004","In Force","0.48","0.72","0.22","0.5","0.41","6","YES","NO","YES","YES","NO","NO","NO","NO","NO","NO","10","25","15","15","15","15","15","15","15","YES","YES","YES","NO","YES","NO","NO","NA"
"Brazil","Ukraine","Original","2002","2007","In Force","0.49","0.72","0.19","0.57","0.38","12","NO","NO","YES","YES","YES","NO","NO","NO","YES","NO","10","25","15","15","15","15","15","15","15","","YES","YES","NO","YES","NO","NO","NA"
"Brazil","Israel","Original","2002","2006","In Force","0.39","0.59","0.08","0.5","0.32","9","NO","NO","YES","YES","NO","NO","NO","NO","NO","NO","10","25","15","15","15","10","10","10","10","YES","YES","YES","NO","YES","NO","NO","LOB"
"Brazil","Mexico","Original","2003","2007","In Force","0.56","0.72","0.34","0.63","0.53","6","YES","NO","YES","YES","NO","YES","NO","NO","YES","NO","10","20","15","15","15","15","15","15","15","YES","YES","YES","NO","YES","NO","NO","OTHER"
"Brazil","Russia","Original","2004","2018","In Force","0.43","0.72","0.33","0.25","0.32","9","NO","NO","NO","NO","NO","NO","NO","NO","NO","NO","10","20","15","15","15","15","15","15","15","NO","NO","YES","NO","YES","NO","NO","LOB"
"Brazil","Venezuela","Original","2005","2011","In Force","0.52","0.72","0.22","0.63","0.47","6","NO","NO","YES","YES","NO","NO","YES","NO","YES","NO","10","20","15","15","15","15","15","15","15","YES","YES","YES","NO","YES","NO","NO","LOB"
"Brazil","Peru","Original","2006","2010","In Force","0.52","0.72","0.34","0.5","0.47","6","YES","NO","YES","YES","NO","YES","NO","NO","NO","NO","10","20","15","15","15","15","15","15","15","YES","YES","YES","NO","YES","NO","NO","LOB"
"Brazil","Trinidad and Tobago","Original","2008","2012","In Force","0.48","0.72","0.22","0.5","0.41","6","NO","NO","YES","YES","YES","NO","NO","NO","NO","NO","10","25","15","15","15","15","15","15","15","YES","YES","YES","NO","YES","NO","NO","OTHER"
"Brazil","Turkey","Original","2010","2013","In Force","0.43","0.59","0.06","0.63","0.35","12","NO","NO","YES","YES","NO","NO","NO","NO","NO","NO","10","25","15","15","15","10","10","10","10","YES","YES","YES","YES","YES","NO","NO","OTHER"
"Brazil","Switzerland","Original","2018","2022","In Force","0.38","0.56","0.08","0.5","0.32","9","NO","NO","YES","YES","NO","NO","NO","NO","NO","NO","10","10","15","15","10","10","10","10","10","YES","YES","YES","NO","YES","NO","NO","LOB-PPT"
"Brazil","Singapore","Original","2018","2022","In Force","0.51","0.56","0.47","0.5","0.53","6","YES","6","YES","YES","NO","YES","NO","NO","NO","NO","10","25","15","15","10","10","10","10","10","YES","YES","YES","NO","YES","NO","NO","LOB-PPT"
"Brazil","United Arab Emirates","Original","2018","2022","In Force","0.65","0.72","0.72","0.5","0.65","6","YES","NO","NO","NO","NO","YES","YES","NO","NO","NO","15","","15","15","10","15","15","15","15","YES","YES","YES","NO","YES","YES","YES","OTHER"
"Brazil","Japan","Amended by protocol","1976","1978","In Force","0.31","0.47","0.22","0.25","0.24","6","NO","NO","YES","YES","YES","NO","NO","NO","NO","NO","12.5","25","12.5","12.5","12.5","12.5","12.5","12.5","0","NO","NO","YES","NO","YES","NO","NO","NA"
"Brazil","Denmark","Amended by protocol","2011","2020","In Force","0.51","0.81","0.22","0.5","0.41","6","NO","NO","YES","YES","NO","YES","NO","NO","NO","NO","25","","25","15","15","15","15","15","15","YES","YES","YES","NO","YES","NO","NO","NA"
"Brazil","India","Amended by protocol","2013","2017","In Force","0.49","0.75","0.47","0.25","0.41","6","NO","NO","NO","NO","NO","NO","YES","NO","NO","NO","15","","15","15","15","15","15","15","15","NO","NO","YES","NO","YES","NO","NO","NA"
"Brazil","Norway","Amended by protocol","2014","2018","In Force","0.45","0.75","0.09","0.5","0.35","6","NO","NO","YES","YES","NO","NO","NO","NO","NO","NO","15","","15","15","15","15","15","15","15","YES","YES","YES","NO","YES","NO","NO","NA"
"Brazil","South Korea","Amended by protocol","2015","2018","In Force","0.45","0.75","0.09","0.5","0.35","6","NO","NO","YES","YES","NO","NO","NO","NO","NO","NO","15","","15","15","15","15","15","15","15","YES","YES","YES","NO","YES","NO","NO","NA"
"Brazil","South Africa","Amended by protocol","2015","2018","In Force","0.4","0.59","0.09","0.5","0.35","6","NO","NO","YES","YES","NO","NO","NO","NO","NO","NO","10","25","15","15","15","10","10","10","10","YES","YES","YES","NO","YES","NO","NO","LOB"
"Brunei","Laos","Original","2006","2011","In Force","0.48","0.47","0.72","0.25","0.53","6","YES","3","YES","YES","YES","YES","YES","YES","NO","NO","5","10","10","10","10","10","10","10","10","NO","NO","YES","NO","NO","NO","NO","NA"
"Brunei","Pakistan","Original","2009","2010","In Force","0.8","0.69","0.97","0.75","0.88","6","YES","3","NO","NO","YES","YES","YES","YES","YES","NO","10","","10","15","15","15","15","15","15","YES","NO","YES","YES","YES","NO","NO","NA"
"Brunei","Vietnam","Original","2007","2010","In Force","0.66","0.38","0.97","0.63","0.76","6","YES","6","NO","NO","YES","YES","YES","YES","NO","NO","10","","10","10","10","10","10","10","0","YES","YES","YES","NO","YES","NO","NO","NA"
"Brunei","Indonesia","Original","2000","2003","In Force","0.68","0.56","0.97","0.5","0.71","6","YES","3","NO","NO","YES","YES","YES","YES","NO","YES","15","","15","15","15","15","15","15","0","NO","NO","YES","NO","YES","NO","NO","NA"
"Brunei","China","Original","2004","2007","In Force","0.34","0.31","0.59","0.13","0.35","6","YES","6","YES","YES","NO","YES","YES","NO","NO","NO","5","","5","10","10","10","10","10","0","NO","NO","YES","NO","NO","NO","NO","NA"
"Brunei","Cambodia","Original","2017","2019","In Force","0.76","0.55","0.97","0.75","0.88","6","YES","6","NO","NO","YES","YES","YES","YES","YES","YES","10","","10","10","10","10","10","10","14","YES","NO","YES","NO","YES","NO","NO","NA"
"Bulgaria","Mongolia","Original","2000","2004","In Force","0.27","0.38","0.31","0.13","0.18","12","NO","NO","YES","YES","NO","YES","YES","NO","NO","NO","10","","10","10","10","10","10","10","0","NO","NO","YES","NO","NO","NO","NO","NA"
"Bulgaria","Zimbabwe","Original","1988","1991","In Force","0.43","0.56","0.47","0.25","0.41","6","YES","NO","NO","NO","NO","NO","NO","NO","NO","NO","10","25","20","10","10","10","10","10","10","YES","NO","YES","NO","NO","NO","NO","NA"
"Bulgaria","Indonesia","Original","1991","1993","In Force","0.55","0.44","0.72","0.5","0.59","6","YES","4","YES","YES","YES","YES","YES","YES","YES","NO","15","","15","10","10","10","10","10","0","NO","NO","YES","NO","YES","NO","NO","NA"
"Bulgaria","Morocco","Original","1996","1999","In Force","0.28","0.48","0.09","0.25","0.24","6","NO","NO","YES","YES","NO","NO","NO","NO","NO","NO","7","25","10","10","10","10","10","10","10","YES","NO","YES","NO","NO","NO","NO","NA"
"Bulgaria","Moldova","Original","1998","2000","In Force","0.35","0.38","0.31","0.38","0.29","12","NO","NO","NO","NO","NO","NO","NO","NO","YES","NO","5","25","15","10","10","10","10","10","0","YES","NO","YES","NO","NO","NO","NO","NA"
"Bulgaria","North Macedonia","Original","1999","2000","In Force","0.31","0.38","0.19","0.38","0.24","12","YES","NO","YES","YES","NO","NO","NO","NO","NO","NO","5","25","15","10","10","10","10","10","0","NO","YES","YES","NO","YES","NO","NO","NA"
"Bulgaria","Lebanon","Original","1999","2002","In Force","0.34","0.21","0.56","0.25","0.35","12","YES","9","YES","YES","NO","YES","YES","NO","NO","NO","5","","5","7","7","5","5","5","0","NO","NO","YES","NO","YES","NO","NO","NA"
"Bulgaria","North Korea","Original","1999","2001","In Force","0.27","0.5","0.19","0.13","0.18","12","NO","NO","YES","YES","NO","NO","YES","NO","NO","NO","10","","10","10","10","10","10","10","10","NO","NO","YES","NO","NO","NO","NO","NA"
"Bulgaria","Syria","Original","2001","2002","In Force","0.31","0.48","0.34","0.13","0.24","6","YES","NO","YES","YES","NO","NO","YES","NO","NO","NO","10","","10","10","10","18","18","18","0","NO","NO","YES","NO","NO","NO","NO","NA"
"Bulgaria","Uzbekistan","Original","2003","2005","In Force","0.44","0.38","0.56","0.38","0.41","12","YES","6","YES","YES","YES","YES","NO","NO","YES","NO","10","","10","10","10","10","10","10","0","YES","NO","YES","NO","NO","NO","NO","OTHER"
"Bulgaria","Iran","Original","2004","2007","In Force","0.34","0.22","0.56","0.25","0.35","12","YES","NO","NO","NO","NO","NO","YES","NO","NO","NO","7.5","","7.5","5","5","5","5","5","0","YES","NO","YES","NO","NO","NO","NO","NA"
"Bulgaria","Pakistan","Original","2019","2020","In Force","0.59","0.56","0.59","0.63","0.65","6","YES","6","YES","YES","NO","YES","YES","NO","YES","YES","12.5","","12.5","10","10","12.5","12.5","12.5","10","NO","YES","YES","YES","NO","NO","YES","PPT"
"Bulgaria","China","Amended by MLI","2017","2023","In Force","0.38","0.36","0.34","0.43","0.38","6","YES","6","YES","YES","NO","NO","NO","NO","NO","NO","10","","10","10","10","10","10","7","0","YES","YES","YES","NO","","NO","NO","PPT"
"Bulgaria","Egypt","Amended by MLI","2017","2023","In Force","0.72","0.44","0.97","0.75","0.82","6","YES","6","NO","NO","YES","YES","YES","NO","YES","NO","10","","10","12.5","12.5","12.5","12.5","12.5","0","YES","YES","YES","YES","YES","NO","NO","PPT"
"Bulgaria","Georgia","Amended by MLI","2017","2023","In Force","0.36","0.5","0.33","0.25","0.32","9","NO","NO","YES","YES","NO","YES","YES","NO","NO","NO","10","","10","10","10","10","10","10","10","NO","NO","YES","NO","YES","NO","NO","PPT"
"Bulgaria","India","Amended by MLI","2017","2023","In Force","0.82","0.85","0.72","0.88","0.82","6","YES","NO","NO","NO","YES","NO","YES","YES","YES","YES","15","","15","15","15","20","15","20","20","YES","YES","YES","NO","YES","NO","NO","PPT"
"Bulgaria","Jordan","Amended by MLI","2019","2023","In Force","0.57","0.38","0.58","0.75","0.62","9","YES","6","YES","YES","NO","YES","YES","NO","YES","NO","10","","10","10","10","10","10","10","0","YES","YES","YES","YES","YES","NO","NO","PPT"
"Bulgaria","South Africa","Amended by MLI","2017","2023","In Force","0.29","0.27","0.34","0.25","0.29","6","YES","6","YES","YES","NO","NO","NO","NO","NO","NO","5","25","15","5","5","10","5","5","0","YES","NO","YES","NO","NO","NO","NO","PPT"
"Bulgaria","Ukraine","Amended by MLI","2018","2023","In Force","0.44","0.38","0.56","0.38","0.41","12","NO","NO","NO","NO","YES","NO","YES","NO","YES","NO","5","25","15","10","10","10","10","10","0","YES","NO","YES","NO","NO","NO","NO","PPT"
"Bulgaria","Vietnam","Amended by MLI","2022","2024","In Force","0.72","0.69","0.84","0.63","0.76","6","YES","NO","NO","NO","YES","YES","YES","NO","YES","NO","15","","15","10","10","15","15","15","15","YES","YES","YES","NO","YES","NO","NO","PPT"
"Bulgaria","Thailand","Amended by MLI","2022","2023","In Force","0.57","0.61","0.59","0.5","0.59","6","YES","6","YES","YES","NO","YES","YES","NO","NO","YES","10","","10","15","10","15","5","15","15","NO","YES","YES","NO","YES","NO","NO","PPT"
"Burkina Faso","France","Amended by MLI","2017","2022","In Force","0.51","0.5","0.75","0.29","0.5","0","NO","NO","NO","NO","YES","YES","YES","NO","NO","NO","NO LIMIT","","NO LIMIT","NO LIMIT","NO LIMIT","0","0","0","0","YES","","YES","NO","NO","NO","YES","PPT"
"Burkina Faso","Tunisia","Amended by MLI","2018","2024","In Force","0.35","0.23","0.45","0.38","0.38","9","NO","NO","YES","YES","YES","YES","YES","NO","YES","NO","8","","8","5","5","5","5","5","0","YES","NO","YES","NO","NO","NO","NO","PPT"
"Cape Verde","Macau","Original","2010","2012","In Force","0.41","0.38","0.47","0.38","0.41","6","YES","6","YES","YES","NO","NO","YES","NO","NO","NO","10","","10","10","10","10","10","10","0","NO","NO","YES","YES","YES","NO","NO","NA"
"Cape Verde","Portugal","Original","1999","2001","In Force","0.28","0.38","0.34","0.13","0.24","6","YES","6","YES","YES","NO","NO","NO","NO","NO","NO","10","","10","10","10","10","10","10","0","NO","NO","YES","NO","NO","NO","NO","NA"
"Cape Verde","Mauritius","Original","2017","2019","In Force","0.24","0.25","0.34","0.13","0.24","6","YES","6","YES","YES","NO","NO","NO","NO","NO","NO","5","25","0","10","10","7.5","7.5","7.5","0","NO","NO","NO","NO","YES","NO","YES","NA"
"Cape Verde","Spain","Original","2017","2021","In Force","0.2","0.16","0.19","0.25","0.18","12","NO","6","YES","YES","NO","NO","NO","NO","NO","NO","0","25","10","5","0","5","5","5","0","YES","YES","NO","NO","NO","NO","NO","OTHER"
"Cambodia","Hong Kong","Original","2019","2020","In Force","0.66","0.5","0.97","0.5","0.76","6","YES","6","NO","NO","YES","YES","YES","NO","NO","YES","10","","10","10","10","10","10","10","10","YES","NO","YES","NO","YES","NO","NO",""
"Cambodia","Singapore","Original","2016","2018","In Force","0.57","0.5","0.72","0.5","0.65","6","YES","6","YES","YES","YES","YES","YES","NO","NO","YES","10","","10","10","10","10","10","10","10","YES","NO","YES","NO","YES","NO","NO","NA"
"Cambodia","China","Original","2016","2019","In Force","0.48","0.5","0.33","0.63","0.5","9","YES","NO","YES","YES","YES","NO","NO","NO","NO","YES","10","","10","10","10","10","10","10","10","YES","NO","YES","YES","YES","NO","NO","NA"
"Cambodia","Thailand","Original","2017","2018","In Force","0.58","0.53","0.72","0.5","0.65","6","YES","6","YES","YES","YES","YES","YES","NO","NO","YES","10","","10","15","10","10","10","10","10","NO","YES","YES","NO","YES","NO","NO","NA"
"Cambodia","Indonesia","Original","2017","2021","In Force","0.78","0.5","0.97","0.88","0.94","6","YES","6","NO","NO","YES","YES","YES","YES","YES","YES","10","","10","10","10","10","10","10","10","YES","NO","YES","YES","YES","NO","NO","NA"
"Cambodia","Vietnam","Original","2018","2020","In Force","0.78","0.5","0.97","0.88","0.94","6","YES","6","NO","NO","YES","YES","YES","YES","YES","YES","10","","10","10","10","10","10","10","10","YES","NO","YES","YES","YES","NO","NO","NA"
"Cambodia","South Korea","Original","2019","2022","In Force","0.44","0.5","0.58","0.25","0.44","9","YES","NO","YES","YES","YES","YES","YES","NO","NO","YES","10","","10","10","10","10","10","10","10","YES","NO","NO","NO","NO","NO","NO","PPT"
"Cambodia","Malaysia","Original","2019","2021","In Force","","","","","","","","","","","","","","","","","","","","","","","","","","","","","","","","",""
"Cameroon","Morocco","Original","2012","2020","In Force","0.7","0.38","0.97","0.75","0.82","6","YES","3","NO","NO","YES","YES","YES","YES","YES","NO","10","","10","10","10","10","10","10","0","YES","NO","YES","YES","YES","NO","YES","NA"
"Cameroon","United Arab Emirates","Amended by MLI","2018","2023","In Force","0.68","0.46","0.95","0.63","0.79","9","YES","6","NO","NO","YES","YES","YES","YES","YES","NO","10","","10","7","7","10","10","10","10","NO","NO","YES","YES","YES","NO","NO","PPT"
"Cameroon","France","Amended by MLI","2017","2023","In Force","0.51","0.5","0.75","0.29","0.5","0","NO","NO","NO","NO","YES","YES","YES","NO","NO","NO","15","","15","15","15","15","0","15","0","YES","","YES","NO","NO","NO","YES","PPT"
"Cameroon","Canada","Amended by MLI","2017","2023","In Force","0.61","0.75","0.5","0.57","0.5","0","NO","6","YES","YES","YES","NO","YES","NO","NO","NO","20","","20","20","20","20","20","20","0","YES","","YES","YES","YES","NO","NO","PPT"
"Cameroon","Tunisia","Amended by MLI","2018","2024","In Force","0.65","0.71","0.86","0.38","0.65","3","YES","NO","NO","NO","YES","YES","YES","NO","NO","NO","12","","12","15","15","15","15","15","15","YES","NO","YES","NO","YES","NO","NO","PPT"
"Cameroon","South Africa","Amended by MLI","2017","2023","In Force","0.75","0.53","0.97","0.75","0.88","6","YES","6","NO","NO","YES","YES","YES","YES","YES","NO","10","25","15","10","10","10","10","10","10","YES","NO","YES","YES","YES","NO","NO","PPT"
"Canada","Kenya","Original","1983","1987","In Force","0.67","0.78","0.59","0.63","0.65","6","YES","NO","YES","YES","YES","YES","YES","NO","YES","YES","15","10","25","15","15","15","15","15","15","YES","NO","YES","NO","YES","NO","NO","NA"
"Canada","Mongolia","Original","2002","2003","In Force","0.38","0.42","0.34","0.38","0.41","6","YES","6","YES","YES","NO","NO","NO","NO","NO","NO","5","10","15","10","10","10","5","10","5","YES","NO","YES","NO","YES","NO","NO","OTHER"
"Canada","Nigeria","Original","1992","2000","In Force","0.52","0.48","0.23","0.83","0.47","3","YES","NO","YES","YES","NO","NO","NO","YES","YES","YES","12.5","10","15","12.5","12.5","12.5","12.5","12.5","0","","","YES","NO","YES","NO","NO","OTHER"
"Canada","Philippines","Original","1976","1977","In Force","0.58","0.66","0.47","0.63","0.53","6","YES","NO","YES","YES","YES","YES","NO","YES","NO","YES","15","10","25","15","15","25","25","25","0","YES","NO","YES","NO","YES","NO","NO","NA"
"Canada","Sri Lanka","Original","1982","1986","In Force","0.35","0.46","0.09","0.5","0.29","6","NO","NO","YES","YES","NO","NO","NO","NO","NO","YES","15","","15","15","15","10","0","10","0","NO","YES","YES","NO","YES","NO","NO","NA"
"Canada","Tanzania","Original","1995","1998","In Force","0.8","0.94","0.59","0.88","0.76","6","YES","6","YES","YES","NO","YES","YES","YES","NO","YES","20","15","25","15","15","20","20","20","20","YES","YES","YES","YES","YES","NO","NO","OTHER"
"Canada","Zambia","Original","1984","1989","In Force","0.64","0.56","0.73","0.63","0.65","3","YES","3","YES","YES","YES","YES","YES","YES","YES","NO","15","","15","15","15","15","15","15","0","YES","NO","YES","NO","YES","NO","NO","NA"
"Canada","Zimbabwe","Original","1992","1995","In Force","0.66","0.63","0.72","0.63","0.71","6","YES","6","NO","NO","YES","NO","NO","YES","NO","NO","10","25","20","15","15","10","10","10","10","YES","YES","YES","NO","YES","NO","NO","OTHER"
"Canada","Morocco","Original","1975","1978","In Force","0.33","0.48","0.13","0.38","0.24","0","NO","NO","YES","YES","NO","NO","NO","NO","NO","NO","15","","15","15","15","10","5","10","0","YES","NO","YES","NO","YES","NO","NO","NA"
"Canada","Dominican Republic","Original","1976","1977","In Force","0.39","0.6","0.06","0.5","0.24","12","NO","NO","YES","YES","NO","NO","NO","NO","NO","YES","18","","18","18","18","18","0","18","0","YES","NO","YES","NO","YES","NO","NO","NA"
"Canada","Turkmenistan","Pre-independence","1985","1987","In Force","0.17","0.46","0.06","0","0","12","NO","NO","YES","YES","NO","NO","NO","NO","NO","NO","15","","15","15","15","10","0","10","0","NO","NO","NO","NO","NO","NO","NO","NA"
"Canada","Guyana","Original","1985","1987","In Force","0.39","0.69","0.22","0.25","0.31","6","NO","NO","YES","YES","YES","NO","NO","NO","NO","NO","15","","15","25","25","10","10","10","10","","","YES","","","NO","NO","OTHER"
"Canada","Trinidad and Tobago","Original","1995","1996","In Force","0.38","0.46","0.36","0.33","0.4","3","NO","NO","YES","YES","YES","NO","YES","NO","NO","NO","5","10","15","10","10","10","0","10","10","","","YES","NO","YES","NO","NO","OTHER"
"Canada","Kyrgyzstan","Original","1998","2001","In Force","0.3","0.46","0.06","0.38","0.18","12","NO","NO","YES","YES","NO","NO","NO","NO","NO","NO","15","","15","15","15","10","0","10","0","YES","NO","YES","NO","YES","NO","NO","NA"
"Canada","Uzbekistan","Original","1999","2001","In Force","0.31","0.35","0.06","0.5","0.24","12","NO","NO","YES","YES","NO","NO","NO","NO","YES","NO","5","10","15","10","10","10","5","10","0","YES","NO","YES","NO","YES","NO","NO","NA"
"Canada","Ecuador","Original","2001","2002","In Force","0.4","0.48","0.34","0.38","0.35","6","YES","6","YES","YES","NO","NO","NO","NO","NO","NO","5","25","15","15","15","15","15","10","0","YES","NO","YES","NO","YES","NO","NO","OTHER"
"Canada","Venezuela","Original","2001","2005","In Force","0.33","0.39","0.09","0.5","0.29","6","NO","NO","YES","YES","NO","NO","NO","NO","YES","NO","10","25","15","10","10","10","5","10","0","YES","NO","YES","NO","YES","NO","NO","NA"
"Canada","Peru","Original","2001","2004","In Force","0.46","0.53","0.47","0.38","0.41","6","NO","6","YES","YES","NO","YES","YES","NO","NO","NO","10","10","15","15","15","15","15","15","0","YES","NO","YES","NO","YES","NO","NO","OTHER"
"Canada","Moldova","Original","2002","2003","In Force","0.4","0.38","0.31","0.5","0.35","12","YES","NO","YES","YES","NO","YES","NO","NO","YES","NO","5","25","15","10","10","10","10","10","0","YES","NO","YES","NO","YES","NO","NO","OTHER"
"Canada","Gabon","Original","2002","2009","In Force","0.39","0.44","0.34","0.38","0.35","6","NO","NO","NO","NO","NO","NO","NO","NO","NO","NO","15","","15","10","10","10","10","10","0","YES","NO","YES","NO","YES","NO","NO","NA"
"Canada","Colombia","Original","2008","2012","In Force","0.45","0.5","0.47","0.38","0.47","6","YES","6","YES","YES","NO","YES","NO","NO","NO","NO","5","10","15","10","10","10","10","10","10","YES","YES","NO","NO","YES","NO","NO","OTHER"
"Canada","Madagascar","Original","2016","2021","In Force","0.32","0.35","0.22","0.38","0.29","6","NO","NO","YES","YES","NO","YES","NO","NO","NO","NO","5","25","15","10","10","10","5","10","0","YES","NO","YES","NO","YES","NO","NO","OTHER"
"Canada","Indonesia","Amended by protocol","1998","1999","In Force","0.63","0.41","0.98","0.5","0.71","4","YES","4","NO","NO","YES","YES","YES","YES","NO","NO","10","25","15","10","10","10","10","10","0","YES","NO","YES","NO","YES","NO","NO","OTHER"
"Canada","Papua New Guinea","Amended by MLI","2019","2024","In Force","0.62","0.5","0.86","0.5","0.65","3","YES","3","NO","NO","YES","NO","YES","YES","NO","NO","25","","25","10","10","10","10","10","0","YES","NO","YES","NO","YES","YES","NO","PPT"
"Canada","China","Amended by MLI","2017","2023","In Force","0.54","0.41","0.47","0.75","0.59","6","YES","6","YES","YES","NO","NO","YES","NO","YES","NO","10","10","15","10","10","10","10","10","0","YES","YES","YES","YES","YES","NO","NO","PPT"
"Canada","Egypt","Amended by MLI","2017","2021","In Force","0.47","0.56","0.47","0.38","0.41","6","NO","NO","NO","NO","NO","NO","YES","NO","NO","NO","15","","15","15","15","15","15","15","0","YES","NO","YES","NO","YES","NO","NO","PPT"
"Canada","India","Amended by MLI","2017","2020","In Force","0.79","0.76","0.85","0.75","0.82","4","YES","3","NO","NO","YES","NO","YES","YES","YES","NO","15","10","25","15","15","15","15","10","15","YES","YES","YES","NO","YES","NO","NO","PPT"
"Canada","Ivory Coast","Amended by MLI","2018","2024","In Force","0.57","0.5","0.84","0.38","0.59","6","YES","NO","NO","NO","YES","YES","YES","NO","NO","NO","15","","15","15","15","10","10","10","0","YES","NO","YES","NO","YES","NO","NO","PPT"
"Canada","Jordan","Amended by MLI","2019","2021","In Force","0.49","0.41","0.22","0.83","0.47","6","NO","NO","YES","YES","NO","NO","YES","YES","YES","NO","10","10","15","10","10","10","10","10","0","","","YES","YES","YES","NO","NO","PPT"
"Canada","Mexico","Amended by MLI","2017","2024","In Force","0.48","0.33","0.47","0.63","0.53","6","YES","6","YES","YES","NO","YES","NO","NO","YES","NO","5","10","15","10","10","10","0","10","0","YES","YES","NO","YES","YES","NO","NO","PPT"
"Canada","Pakistan","Amended by MLI","2017","2022","In Force","0.66","0.64","0.61","0.75","0.65","3","YES","3","YES","YES","YES","NO","YES","YES","YES","NO","15","25","NO LIMIT","25","25","20","0","20","0","YES","YES","YES","NO","YES","NO","NO","PPT"
"Canada","Senegal","Amended by MLI","2017","2023","In Force","0.48","0.59","0.61","0.25","0.41","3","NO","NO","NO","NO","YES","YES","NO","NO","NO","NO","16","","16","16","16","15","15","15","0","YES","NO","YES","NO","NO","NO","NO","PPT"
"Canada","South Africa","Amended by MLI","2017","2023","In Force","0.35","0.36","0.31","0.38","0.29","12","YES","12","YES","YES","NO","NO","NO","NO","NO","NO","5","10","15","10","10","10","6","10","0","YES","NO","YES","NO","YES","NO","NO","PPT"
"Canada","Tunisia","Amended by MLI","2018","2024","In Force","0.51","0.52","0.38","0.63","0.47","0","NO","NO","YES","YES","YES","YES","NO","YES","YES","NO","15","","15","15","15","15","0","20","0","YES","NO","YES","NO","YES","NO","NO","PPT"
"Canada","Ukraine","Amended by MLI","2018","2020","In Force","0.31","0.38","0.19","0.38","0.24","12","NO","NO","YES","YES","YES","NO","NO","NO","YES","NO","5","20","15","10","10","10","10","10","0","YES","NO","YES","NO","NO","NO","NO","PPT"
"Canada","Vietnam","Amended by MLI","2022","2024","In Force","0.7","0.5","0.97","0.63","0.82","6","YES","6","NO","NO","YES","YES","YES","NO","YES","NO","10","25","15","10","10","10","10","10","7.5","YES","YES","YES","NO","YES","NO","NO","PPT"
"Canada","Thailand","Amended by MLI","2022","2023","In Force","0.63","0.55","0.84","0.5","0.65","6","YES","6","NO","NO","YES","NO","YES","NO","NO","YES","15","25","NO LIMIT","25","10","15","5","15","0","YES","NO","YES","NO","YES","NO","NO","PPT"
"Central African Republic","France","Original","1969","1966","In Force","0.43","0.5","0.63","0.17","0.4","0","NO","NO","NO","NO","YES","YES","NO","NO","NO","NO","NO LIMIT","","NO LIMIT","NO LIMIT","NO LIMIT","0","0","0","0","","","YES","NO","NO","NO","YES","NA"
"Chad","Turkey","Original","2017","2022","In Force","0.28","0.41","0.19","0.25","0.18","12","NO","6","YES","YES","NO","NO","NO","NO","NO","NO","10","10","15","10","10","10","10","10","0","NO","NO","YES","YES","NO","NO","YES","NA"
"Chile","India","Original","2020","2023","In Force","0.66","0.5","0.97","0.5","0.76","6","YES","6","NO","NO","YES","YES","YES","NO","NO","NO","10","","10","10","10","10","10","10","10","YES","YES","YES","NO","YES","NO","YES","LOB-PPT"
"Chile","Ecuador","Original","1999","2004","In Force","0.48","0.48","0.59","0.38","0.47","6","YES","6","YES","NO","NO","YES","NO","NO","NO","NO","5","25","15","15","15","15","15","10","0","NO","YES","YES","NO","YES","NO","NO","NA"
"Chile","Paraguay","Original","2005","2009","In Force","0.44","0.47","0.47","0.38","0.41","6","YES","6","YES","YES","NO","YES","NO","NO","NO","NO","10","","10","15","10","15","15","15","0","NO","YES","YES","NO","YES","NO","NO","NA"
"Chile","Colombia","Original","2007","2010","In Force","0.46","0.42","0.47","0.5","0.53","6","YES","6","YES","YES","NO","YES","NO","NO","NO","NO","0","25","7","15","5","10","10","10","10","YES","YES","YES","NO","YES","NO","NO","OTHER"
"Chile","Peru","Amended by protocol","2002","2004","In Force","0.46","0.53","0.47","0.38","0.41","6","YES","6","YES","YES","NO","YES","NO","NO","NO","NO","10","25","15","15","15","15","15","15","0","NO","YES","YES","NO","YES","NO","NO","NA"
"Chile","China","Amended by protocol","2018","2017","In Force","0.47","0.3","0.59","0.5","0.53","6","YES","6","YES","YES","NO","YES","YES","NO","NO","NO","10","","10","10","4","10","10","2","0","YES","YES","YES","NO","YES","NO","NO","LOB-PPT"
"Chile","Mexico","Amended by MLI","2017","2024","In Force","0.56","0.47","0.59","0.63","0.59","6","YES","6","YES","YES","NO","YES","YES","NO","YES","NO","5","20","10","15","15","15","15","15","0","YES","YES","YES","NO","YES","NO","NO","LOB-PPT"
"Chile","South Africa","Amended by MLI","2017","2023","In Force","0.36","0.35","0.47","0.25","0.35","6","YES","6","YES","YES","NO","YES","NO","NO","NO","NO","5","25","15","15","5","10","10","5","0","NO","YES","NO","NO","YES","NO","NO","PPT"
"Chile","Thailand","Amended by MLI","2022","2023","In Force","0.51","0.43","0.59","0.5","0.53","6","YES","6","YES","YES","NO","YES","YES","NO","NO","YES","10","","10","15","10","15","10","10","0","NO","YES","YES","NO","YES","NO","NO","PPT"
"China","Rwanda","Original","2021","2023","In Force","0.5","0.4","0.59","0.5","0.59","6","YES","6","NO","NO","NO","NO","NO","NO","YES","NO","7.5","","7.5","8","8","10","10","0","10","YES","YES","NO","NO","YES","NO","NO","PPT"
"China","Ethiopia","Original","2009","2013","In Force","0.23","0.21","0.22","0.25","0.24","6","NO","NO","YES","YES","NO","NO","YES","NO","NO","NO","5","","5","7","7","5","5","5","0","YES","NO","YES","NO","NO","NO","NO","NA"
"China","Laos","Original","1999","2000","In Force","0.29","0.19","0.31","0.38","0.29","12","YES","NO","YES","YES","NO","NO","YES","NO","NO","NO","5","","5","5","5","5","5","5","0","YES","YES","YES","NO","NO","NO","NO","NA"
"China","Mongolia","Original","1991","1993","In Force","0.36","0.31","0.41","0.38","0.35","18","YES","18","YES","YES","NO","NO","YES","NO","NO","NO","5","","5","10","10","10","10","10","0","YES","YES","YES","NO","NO","NO","NO","NA"
"China","Nepal","Original","2001","2011","In Force","0.55","0.44","0.59","0.63","0.59","6","YES","6","YES","YES","NO","YES","YES","NO","YES","NO","10","","10","10","10","15","15","15","0","YES","YES","YES","NO","YES","NO","NO","NA"
"China","Nigeria","Original","2002","2010","In Force","0.4","0.28","0.59","0.33","0.47","6","YES","NO","NO","NO","NO","NO","YES","NO","YES","NO","7.5","","7.5","7.5","7.5","7.5","7.5","7.5","0","","","YES","NO","NO","NO","NO","NA"
"China","Philippines","Original","1999","2002","In Force","0.38","0.43","0.34","0.38","0.35","6","YES","6","YES","YES","NO","NO","NO","NO","NO","YES","10","10","15","10","10","10","15","10","0","YES","NO","YES","NO","NO","NO","NO","NA"
"China","Sri Lanka","Original","2003","2006","In Force","0.57","0.38","0.59","0.75","0.65","6","YES","6","YES","YES","NO","YES","YES","NO","YES","YES","10","","10","10","10","10","10","10","0","YES","YES","YES","NO","YES","NO","NO","NA"
"China","Sudan","Original","1997","2000","In Force","0.36","0.31","0.41","0.38","0.35","18","YES","12","YES","YES","NO","NO","YES","NO","NO","NO","5","","5","10","10","10","10","10","0","YES","YES","YES","NO","NO","NO","NO","NA"
"China","Zambia","Original","2010","2012","In Force","0.23","0.23","0.33","0.13","0.21","9","YES","6","YES","YES","NO","NO","NO","NO","NO","NO","5","","5","10","10","5","5","0","0","YES","NO","NO","NO","NO","NO","NO","NA"
"China","Italy","Original","1986","1991","In Force","0.44","0.36","0.47","0.5","0.47","6","YES","6","YES","YES","NO","NO","YES","NO","NO","NO","10","","10","10","10","10","10","7","0","YES","YES","YES","NO","YES","NO","NO","NA"
"China","Kuwait","Original","1989","1989","In Force","0.36","0.25","0.47","0.38","0.41","6","YES","6","YES","YES","NO","NO","YES","NO","YES","NO","5","","5","5","5","10","10","10","0","NO","NO","YES","YES","NO","NO","NO","NA"
"China","Turkey","Original","1995","1998","In Force","0.31","0.38","0.31","0.25","0.24","12","YES","12","YES","YES","NO","NO","NO","NO","NO","NO","10","","10","10","10","10","10","10","0","YES","NO","YES","NO","NO","NO","NO","NA"
"China","Jamaica","Original","1996","1998","In Force","0.49","0.28","0.44","0.75","0.53","12","YES","12","YES","YES","NO","NO","YES","NO","YES","NO","5","","5","7.5","7.5","10","10","10","0","YES","YES","YES","YES","YES","NO","NO","NA"
"China","Montenegro","Pre-independence","1997","1998","In Force","0.25","0.31","0.19","0.25","0.18","12","YES","NO","YES","YES","NO","NO","NO","NO","NO","NO","5","","5","10","10","10","10","10","0","YES","NO","YES","NO","NO","NO","NO","NA"
"China","North Macedonia","Original","1997","1998","In Force","0.33","0.31","0.31","0.38","0.29","12","YES","NO","YES","YES","NO","NO","YES","NO","NO","NO","5","","5","10","10","10","10","10","0","YES","YES","YES","NO","NO","NO","NO","NA"
"China","Moldova","Original","2000","2002","In Force","0.39","0.34","0.31","0.5","0.35","12","YES","NO","YES","YES","NO","NO","YES","NO","YES","NO","5","25","10","10","10","10","10","10","0","YES","YES","YES","NO","NO","NO","NO","NA"
"China","Cuba","Original","2001","2004","In Force","0.27","0.25","0.44","0.13","0.24","12","YES","12","YES","YES","NO","NO","YES","NO","NO","NO","5","25","10","7.5","7.5","5","5","5","0","NO","NO","YES","NO","NO","NO","NO","NA"
"China","Venezuela","Original","2001","2005","In Force","0.34","0.31","0.33","0.38","0.32","9","YES","NO","YES","YES","NO","NO","YES","NO","YES","NO","5","10","10","10","5","10","10","10","0","NO","NO","YES","NO","YES","NO","NO","NA"
"China","Iran","Original","2002","2004","In Force","0.4","0.38","0.56","0.25","0.35","12","YES","NO","NO","NO","NO","NO","YES","NO","NO","NO","10","","10","10","10","10","10","10","0","YES","NO","YES","NO","NO","NO","NO","NA"
"China","Kyrgyzstan","Original","2002","2004","In Force","0.44","0.38","0.44","0.5","0.41","12","YES","12","YES","YES","NO","NO","YES","NO","YES","NO","10","","10","10","10","10","10","10","0","YES","YES","YES","NO","NO","NO","NO","NA"
"China","Morocco","Original","2002","2007","In Force","0.53","0.38","0.72","0.5","0.59","6","YES","6","YES","YES","YES","YES","YES","NO","YES","NO","10","","10","10","10","10","10","10","0","YES","NO","YES","YES","NO","NO","NO","NA"
"China","Trinidad and Tobago","Original","2003","2005","In Force","0.35","0.34","0.47","0.25","0.35","6","YES","6","YES","YES","NO","NO","YES","NO","NO","NO","5","25","10","10","10","10","10","10","0","NO","NO","YES","NO","YES","NO","NO","NA"
"China","Tajikistan","Original","2008","2010","In Force","0.29","0.29","0.31","0.25","0.24","12","YES","6","YES","YES","NO","NO","NO","NO","NO","NO","5","25","10","8","8","8","8","8","0","YES","NO","YES","NO","NO","NO","NO","NA"
"China","Turkmenistan","Original","2009","2011","In Force","0.34","0.34","0.44","0.25","0.29","12","YES","6","YES","YES","NO","NO","YES","NO","NO","NO","5","25","10","10","10","10","10","10","0","YES","NO","YES","NO","NO","NO","NO","NA"
"China","Syria","Original","2010","2012","In Force","0.27","0.34","0.33","0.13","0.21","9","YES","NO","YES","YES","NO","NO","YES","NO","NO","NO","5","25","10","10","10","10","10","10","0","NO","NO","YES","NO","NO","NO","NO","NA"
"China","Ecuador","Original","2013","2015","In Force","0.27","0.25","0.31","0.25","0.24","12","YES","6","YES","YES","NO","NO","NO","NO","NO","NO","5","","5","10","0","10","10","10","0","YES","NO","YES","NO","NO","NO","NO","LOB"
"China","Switzerland","Original","2013","2015","In Force","0.38","0.33","0.44","0.38","0.35","12","YES","6","YES","YES","NO","NO","YES","NO","NO","NO","5","25","10","10","10","9","9","9","0","YES","YES","YES","NO","NO","NO","NO","NA"
"China","Germany","Original","2014","2017","In Force","0.38","0.33","0.44","0.38","0.35","12","YES","6","YES","YES","NO","NO","YES","NO","NO","NO","5","25","10","10","10","10","10","6","0","YES","YES","YES","NO","NO","NO","YES","PPT"
"China","Russia","Original","2014","2017","In Force","0.25","0.23","0.28","0.25","0.24","18","YES","6","YES","YES","NO","NO","NO","NO","NO","NO","5","25","10","5","5","6","6","6","0","YES","NO","YES","NO","NO","NO","NO","LOB"
"China","Zimbabwe","Original","2015","2017","In Force","0.31","0.25","0.44","0.25","0.29","12","YES","6","YES","YES","NO","NO","YES","NO","NO","NO","2.5","25","7.5","7.5","7.5","7.5","7.5","7.5","0","YES","YES","NO","NO","NO","NO","NO","NA"
"China","Romania","Original","2016","2018","In Force","0.22","0.09","0.31","0.25","0.24","12","NO","6","YES","YES","NO","NO","YES","NO","NO","NO","3","","3","3","0","3","3","3","0","YES","NO","YES","NO","NO","NO","NO","NA"
"China","Republic of the Congo","Original","2018","2023","In Force","0.21","0.28","0.09","0.25","0.18","6","NO","NO","YES","YES","NO","NO","NO","NO","NO","NO","5","25","10","10","10","5","5","5","0","YES","NO","YES","NO","NO","NO","NO","PPT"
"China","Spain","Original","2018","2021","In Force","0.34","0.34","0.31","0.38","0.29","12","NO","6","YES","YES","NO","NO","YES","NO","NO","NO","5","25","10","10","10","10","10","10","0","YES","YES","YES","NO","NO","NO","NO","PPT"
"China","New Zealand","Original","2019","2020","In Force","0.4","0.38","0.31","0.5","0.35","12","NO","6","YES","YES","NO","NO","YES","NO","NO","NO","5","25","15","10","10","10","10","10","0","YES","YES","YES","NO","YES","NO","NO","PPT"
"China","Hong Kong","Amended by protocol","2019","2020","In Force","0.41","0.27","0.47","0.5","0.47","6","YES","6","YES","YES","NO","NO","YES","NO","YES","NO","5","25","10","7","7","7","7","7","0","YES","YES","NO","NO","YES","NO","NO","PPT"
"China","Macau","Amended by protocol","2019","2020","In Force","0.42","0.29","0.47","0.5","0.47","6","YES","6","YES","YES","NO","NO","YES","NO","YES","NO","5","25","10","10","7","7","7","7","0","YES","YES","YES","NO","NO","NO","NO","PPT"
"China","United States","Amended by protocol","1986","1987","In Force","0.52","0.36","0.47","0.71","0.56","6","YES","6","YES","YES","NO","NO","YES","NO","YES","","10","","10","10","10","10","10","7","0","YES","YES","YES","NO","YES","NO","NO","LOB"
"China","Uzbekistan","Amended by protocol","2011","2011","In Force","0.4","0.38","0.31","0.5","0.35","12","YES","NO","YES","YES","NO","NO","YES","NO","YES","NO","10","","10","10","10","10","10","10","0","YES","YES","YES","NO","NO","NO","NO","NA"
"China","Estonia","Amended by protocol","2014","2014","In Force","0.3","0.34","0.31","0.25","0.24","12","YES","NO","YES","YES","NO","NO","YES","NO","NO","NO","5","25","10","10","10","10","10","10","0","YES","NO","YES","NO","NO","NO","NO","NA"
"China","Indonesia","Amended by protocol","2015","2017","In Force","0.61","0.38","0.97","0.5","0.71","6","YES","6","NO","NO","YES","YES","YES","NO","NO","YES","10","","10","10","10","10","10","10","0","YES","NO","YES","NO","YES","NO","NO","NA"
"China","Sweden","Amended by protocol","2017","2016","In Force","0.52","0.33","0.47","0.75","0.59","6","YES","6","YES","YES","NO","NO","YES","NO","YES","NO","5","25","10","10","10","10","10","6","0","YES","YES","YES","YES","YES","NO","NO","NA"
"China","India","Amended by protocol","2018","2020","In Force","0.66","0.5","0.84","0.63","0.76","6","YES","6","NO","NO","YES","NO","YES","YES","NO","NO","10","","10","10","10","10","10","10","10","YES","YES","YES","NO","YES","NO","NO","PPT"
"China","South Africa","Amended by MLI","2017","2023","In Force","0.37","0.3","0.31","0.5","0.35","12","YES","12","YES","YES","NO","NO","NO","NO","NO","NO","5","","5","10","10","10","10","7","0","YES","YES","YES","NO","YES","NO","NO","PPT"
"China","Japan","Amended by MLI","2017","2023","In Force","0.43","0.38","0.34","0.57","0.44","6","YES","6","YES","YES","NO","NO","NO","NO","YES","NO","10","","10","10","10","10","10","10","0","","YES","YES","NO","YES","NO","NO","PPT"
"China","France","Amended by MLI","2017","2023","In Force","0.38","0.33","0.44","0.38","0.35","12","YES","6","YES","YES","NO","NO","YES","NO","NO","NO","5","25","10","10","10","10","10","6","0","YES","YES","YES","NO","NO","NO","YES","PPT"
"China","United Kingdom","Amended by MLI","2017","2023","In Force","0.38","0.33","0.44","0.38","0.35","12","YES","6","YES","YES","NO","NO","YES","NO","NO","NO","5","25","10","10","10","10","10","6","0","YES","YES","YES","NO","NO","NO","NO","PPT"
"China","Malaysia","Amended by MLI","2018","2023","In Force","0.54","0.4","0.47","0.75","0.59","6","YES","6","YES","YES","NO","NO","YES","NO","YES","YES","10","","10","10","10","10","15","10","0","YES","YES","YES","NO","YES","NO","NO","PPT"
"China","Norway","Amended by MLI","2017","2023","In Force","0.51","0.44","0.34","0.75","0.53","6","YES","6","YES","YES","NO","NO","NO","NO","YES","NO","15","","15","10","10","10","10","10","0","YES","YES","YES","YES","YES","NO","NO","PPT"
"China","Denmark","Amended by MLI","2017","2023","In Force","0.38","0.33","0.44","0.38","0.35","12","YES","6","YES","YES","NO","NO","YES","NO","NO","NO","5","25","10","10","10","10","10","7","0","YES","YES","YES","NO","NO","NO","NO","PPT"
"China","Singapore","Amended by MLI","2017","2023","In Force","0.43","0.31","0.47","0.5","0.47","6","YES","6","YES","YES","NO","NO","YES","NO","NO","NO","5","25","10","10","7","10","10","6","0","YES","YES","YES","NO","YES","NO","NO","PPT"
"China","Finland","Amended by MLI","2017","2023","In Force","0.48","0.33","0.59","0.5","0.53","6","YES","6","YES","YES","NO","YES","YES","NO","NO","NO","5","25","10","10","10","10","10","7","0","YES","YES","YES","NO","YES","NO","NO","PPT"
"China","Netherlands","Amended by MLI","2017","2023","In Force","0.42","0.33","0.44","0.5","0.41","12","YES","6","YES","YES","NO","NO","YES","NO","NO","NO","5","25","10","10","10","10","10","6","0","YES","YES","YES","NO","YES","NO","YES","PPT"
"China","Slovakia","Amended by MLI","2017","2023","In Force","0.49","0.38","0.47","0.63","0.53","6","YES","6","YES","YES","NO","NO","YES","NO","YES","NO","10","","10","10","10","10","10","10","0","YES","YES","YES","NO","YES","NO","NO","PPT"
"China","Poland","Amended by MLI","2017","2023","In Force","0.47","0.36","0.47","0.57","0.5","6","YES","6","YES","YES","NO","NO","YES","NO","YES","NO","10","","10","10","10","10","10","7","0","","YES","YES","NO","YES","NO","NO","PPT"
"China","Pakistan","Amended by MLI","2017","2023","In Force","0.76","0.56","0.84","0.88","0.88","6","YES","NO","NO","NO","YES","YES","YES","YES","YES","NO","10","","10","10","10","12.5","12.5","12.5","12.5","YES","YES","YES","YES","YES","NO","NO","PPT"
"China","Cyprus","Amended by MLI","2017","2023","In Force","0.44","0.38","0.31","0.63","0.41","12","YES","12","YES","YES","NO","NO","NO","NO","YES","NO","10","","10","10","10","10","10","10","0","YES","YES","YES","NO","YES","NO","NO","PPT"
"China","Hungary","Amended by MLI","2017","2023","In Force","0.48","0.38","0.44","0.63","0.47","12","YES","12","YES","YES","NO","NO","YES","NO","YES","NO","10","","10","10","10","10","10","10","0","YES","YES","YES","NO","YES","NO","NO","PPT"
"China","Malta","Amended by MLI","2017","2023","In Force","0.38","0.33","0.44","0.38","0.35","12","YES","6","YES","YES","NO","NO","YES","NO","NO","NO","5","25","10","10","10","10","10","7","0","YES","YES","YES","NO","NO","NO","YES","PPT"
"China","United Arab Emirates","Amended by MLI","2018","2023","In Force","0.32","0.3","0.38","0.29","0.31","24","YES","12","YES","YES","NO","NO","YES","NO","NO","NO","7","","7","7","7","10","10","10","0","YES","","YES","NO","NO","NO","NO","PPT"
"China","Luxembourg","Amended by MLI","2017","2023","In Force","0.39","0.33","0.47","0.38","0.41","6","YES","6","YES","YES","NO","NO","YES","NO","NO","NO","5","25","10","10","10","10","10","6","0","YES","YES","YES","NO","NO","NO","NO","PPT"
"China","South Korea","Amended by MLI","2017","2023","In Force","0.35","0.34","0.47","0.25","0.35","6","YES","6","YES","YES","NO","NO","YES","NO","NO","NO","5","25","10","10","10","10","10","10","0","YES","NO","YES","NO","NO","NO","NO","PPT"
"China","Papua New Guinea","Amended by MLI","2019","2024","In Force","0.43","0.44","0.47","0.38","0.41","6","YES","6","YES","YES","YES","NO","NO","NO","NO","NO","15","","15","10","10","10","10","10","0","YES","YES","YES","NO","NO","NO","NO","PPT"
"China","Mauritius","Amended by MLI","2017","2023","In Force","0.38","0.31","0.44","0.38","0.35","12","YES","12","YES","YES","NO","NO","YES","NO","NO","NO","5","","5","10","10","10","10","10","0","YES","YES","YES","NO","NO","NO","NO","PPT"
"China","Croatia","Amended by MLI","2017","2023","In Force","0.38","0.31","0.44","0.38","0.35","12","YES","12","YES","YES","NO","NO","YES","NO","NO","NO","5","","5","10","10","10","10","10","0","YES","YES","YES","NO","NO","NO","NO","PPT"
"China","Slovenia","Amended by MLI","2017","2023","In Force","0.25","0.31","0.31","0.13","0.18","12","YES","12","YES","YES","NO","NO","NO","NO","NO","NO","5","","5","10","10","10","10","10","0","NO","NO","YES","NO","NO","NO","NO","PPT"
"China","Israel","Amended by MLI","2017","2023","In Force","0.34","0.34","0.44","0.25","0.29","12","YES","12","YES","YES","NO","NO","YES","NO","NO","NO","10","","10","10","7","10","10","7","0","YES","NO","YES","NO","NO","NO","NO","PPT"
"China","Ukraine","Amended by MLI","2018","2023","In Force","0.42","0.34","0.41","0.5","0.41","18","YES","18","YES","YES","YES","NO","NO","NO","YES","NO","5","25","10","10","10","10","10","10","0","YES","YES","YES","NO","NO","NO","NO","PPT"
"China","Iceland","Amended by MLI","2017","2023","In Force","0.38","0.33","0.44","0.38","0.35","12","YES","6","YES","YES","NO","NO","YES","NO","NO","NO","5","25","10","10","10","10","10","7","0","YES","YES","YES","NO","NO","NO","NO","PPT"
"China","Lithuania","Amended by MLI","2017","2023","In Force","0.3","0.34","0.31","0.25","0.24","12","YES","NO","YES","YES","NO","NO","YES","NO","NO","NO","5","25","10","10","10","10","10","10","0","YES","NO","YES","NO","NO","NO","NO","PPT"
"China","Latvia","Amended by MLI","2017","2023","In Force","0.29","0.31","0.31","0.25","0.24","12","YES","NO","YES","YES","NO","NO","YES","NO","NO","NO","5","25","10","10","10","7","7","7","0","YES","NO","YES","NO","NO","NO","NO","PPT"
"China","Serbia","Amended by MLI","2017","2023","In Force","0.25","0.31","0.19","0.25","0.18","12","YES","NO","YES","YES","NO","NO","NO","NO","NO","NO","5","","5","10","10","10","10","10","0","YES","NO","YES","NO","NO","NO","NO","PPT"
"China","Egypt","Amended by MLI","2017","2023","In Force","0.42","0.33","0.56","0.38","0.41","12","YES","12","YES","YES","NO","YES","YES","NO","NO","NO","8","","8","10","10","8","8","8","0","YES","YES","YES","NO","NO","NO","NO","PPT"
"China","Portugal","Amended by MLI","2017","2023","In Force","0.36","0.38","0.34","0.38","0.35","6","YES","6","YES","YES","NO","NO","NO","NO","NO","NO","10","","10","10","10","10","10","10","0","YES","NO","YES","YES","NO","NO","NO","PPT"
"China","Seychelles","Amended by MLI","2017","2023","In Force","0.38","0.31","0.44","0.38","0.35","12","YES","12","YES","YES","NO","NO","YES","NO","NO","NO","5","","5","10","10","10","10","10","0","YES","YES","YES","NO","NO","NO","NO","PPT"
"China","Ireland","Amended by MLI","2017","2023","In Force","0.27","0.33","0.22","0.25","0.24","6","NO","NO","YES","YES","NO","NO","YES","NO","NO","NO","5","25","10","10","10","10","10","6","0","YES","NO","YES","NO","NO","NO","NO","PPT"
"China","Qatar","Amended by MLI","2018","2023","In Force","0.36","0.38","0.2","0.5","0.32","9","YES","NO","YES","YES","NO","NO","NO","NO","NO","NO","10","","10","10","10","10","10","10","0","YES","YES","YES","YES","NO","NO","NO","PPT"
"China","Kazakhstan","Amended by MLI","2018","2023","In Force","0.44","0.38","0.44","0.5","0.41","12","YES","12","YES","YES","NO","NO","YES","NO","YES","NO","10","","10","10","10","10","10","10","0","YES","NO","YES","YES","NO","NO","NO","PPT"
"China","Oman","Amended by MLI","2019","2023","In Force","0.42","0.31","0.45","0.5","0.44","9","YES","9","YES","YES","NO","NO","YES","NO","YES","NO","5","","5","10","10","10","10","10","0","YES","YES","YES","NO","NO","NO","NO","PPT"
"China","Tunisia","Amended by MLI","2018","2024","In Force","0.38","0.41","0.47","0.25","0.41","6","YES","NO","YES","YES","NO","YES","YES","NO","YES","NO","8","","8","10","10","10","10","10","5","NO","NO","YES","NO","NO","NO","NO","PPT"
"China","Vietnam","Amended by MLI","2022","2024","In Force","0.53","0.38","0.59","0.63","0.59","6","YES","6","YES","YES","NO","YES","YES","NO","YES","NO","10","","10","10","10","10","10","10","0","YES","YES","YES","NO","YES","NO","NO","PPT"
"China","Greece","Amended by MLI","2017","2023","In Force","0.3","0.34","0.31","0.25","0.24","12","YES","NO","YES","YES","NO","NO","YES","NO","NO","NO","5","25","10","10","10","10","10","10","0","YES","NO","YES","NO","NO","NO","NO","PPT"
"China","Georgia","Amended by MLI","2017","2023","In Force","0.16","0.25","0.09","0.14","0.13","6","NO","NO","YES","YES","NO","NO","NO","NO","","NO","0","50","10","10","10","5","5","5","0","NO","NO","YES","NO","NO","NO","NO","PPT"
"China","Mexico","Amended by MLI","2017","2024","In Force","0.43","0.31","0.34","0.63","0.47","6","YES","NO","YES","YES","NO","YES","NO","NO","YES","NO","5","","5","10","10","10","10","10","0","YES","YES","YES","YES","NO","NO","NO","PPT"
"China","Saudi Arabia","Amended by MLI","2018","2023","In Force","0.43","0.31","0.47","0.5","0.47","6","YES","6","YES","YES","NO","NO","YES","NO","YES","NO","5","","5","10","10","10","10","10","0","YES","YES","YES","NO","NO","NO","NO","PPT"
"China","Czechia","Amended by MLI","2017","2023","In Force","0.25","0.31","0.31","0.13","0.18","12","YES","9","YES","YES","NO","NO","NO","NO","NO","NO","5","25","10","7.5","7.5","10","10","10","0","NO","YES","NO","NO","NO","NO","NO","PPT"
"China","Thailand","Amended by MLI","2022","2023","In Force","0.74","0.53","0.97","0.71","0.81","6","YES","6","NO","NO","YES","YES","YES","NO","NO","YES","15","25","20","10","10","15","15","15","0","","YES","YES","YES","YES","NO","NO","PPT"
"Colombia","Spain","Original","2005","2008","In Force","0.23","0.34","0.22","0.13","0.24","6","YES","NO","YES","YES","NO","NO","NO","NO","NO","NO","0","20","5","10","0","10","10","10","10","YES","NO","NO","NO","NO","NO","YES","NA"
"Colombia","Mexico","Original","2009","2013","In Force","0.44","0.34","0.47","0.5","0.53","6","YES","6","YES","YES","NO","YES","NO","NO","YES","NO","0","","0","10","5","10","10","10","10","YES","YES","NO","NO","YES","NO","YES","LOB"
"Colombia","South Korea","Original","2010","2015","In Force","0.4","0.47","0.47","0.25","0.41","6","YES","NO","YES","YES","NO","YES","YES","NO","NO","NO","5","20","10","10","10","10","10","10","10","YES","YES","NO","NO","NO","NO","YES","PARTIAL"
"Colombia","Portugal","Original","2010","2016","In Force","0.53","0.5","0.59","0.5","0.59","6","YES","6","YES","YES","NO","YES","YES","NO","NO","NO","10","","10","10","10","10","10","10","10","YES","YES","YES","NO","YES","NO","YES","PPT"
"Colombia","India","Original","2011","2014","In Force","0.64","0.44","0.97","0.5","0.76","6","YES","6","NO","NO","YES","YES","YES","NO","NO","NO","5","","5","10","10","10","10","10","10","YES","YES","YES","NO","YES","NO","YES","PPT"
"Colombia","Czechia","Original","2012","2016","In Force","0.55","0.44","0.97","0.25","0.65","6","YES","6","NO","NO","YES","YES","YES","NO","NO","NO","5","25","15","10","0","10","10","10","10","NO","YES","NO","NO","YES","NO","NO","PPT"
"Colombia","France","Original","2015","2023","In Force","0.3","0.31","0.34","0.25","0.29","6","YES","6","YES","YES","NO","NO","NO","NO","NO","NO","5","20","15","10","0","10","10","10","0","YES","YES","NO","NO","NO","NO","YES","PPT"
"Colombia","United Kingdom","Original","2016","2020","In Force","0.28","0.31","0.09","0.43","0.25","6","NO","NO","YES","YES","NO","NO","NO","NO","","NO","5","20","15","10","0","10","10","10","0","YES","YES","NO","NO","YES","NO","YES","PPT"
"Colombia","Italy","Original","2018","2022","In Force","0.45","0.31","0.47","0.57","0.5","6","YES","6","YES","YES","NO","NO","YES","NO","","NO","5","20","15","10","0","10","10","10","0","YES","YES","YES","NO","YES","NO","YES","PPT"
"Colombia","Japan","Original","2018","2023","In Force","0.38","0.25","0.47","0.43","0.44","6","YES","6","YES","YES","NO","NO","YES","NO","","NO","5","20","10","10","0","10","10","2","0","YES","YES","NO","NO","YES","NO","YES","PARTIAL"
"Colombia","Switzerland","Amended by protocol","2019","2019","In Force","0.21","0.41","0.09","0.13","0.18","6","NO","NO","YES","YES","NO","NO","NO","NO","NO","NO","0","20","15","10","0","10","10","10","10","YES","NO","NO","NO","NO","NO","NO","OTHER"
"Comoros","United Arab Emirates","Original","2015","2019","In Force","","","","","","","","","","","","","","","","","","","","","","","","","","","","","","","","",""
"DR Congo","South Africa","Original","2005","2013","In Force","0.41","0.38","0.34","0.5","0.41","6","YES","6","YES","YES","NO","NO","NO","NO","YES","NO","5","25","15","10","10","10","10","10","0","YES","NO","YES","NO","YES","NO","YES","NA"
"Republic of the Congo","France","Original","1987","1989","In Force","0.31","0.34","0.22","0.38","0.29","6","NO","NO","YES","YES","NO","NO","YES","NO","NO","NO","15","10","20","0","0","15","15","0","0","YES","YES","YES","NO","NO","NO","YES","NA"
"Republic of the Congo","Italy","Original","2003","2015","In Force","0.29","0.27","0.22","0.38","0.29","6","YES","NO","YES","YES","NO","NO","NO","NO","NO","NO","8","10","15","0","0","10","10","10","0","YES","YES","YES","NO","NO","NO","YES","NA"
"Republic of the Congo","Mauritius","Original","2010","2015","In Force","0.18","0.09","0.31","0.13","0.18","12","YES","12","YES","YES","NO","NO","NO","NO","YES","NO","0","25","5","5","5","0","0","0","0","NO","NO","NO","NO","NO","YES","YES","NA"
"Costa Rica","Mexico","Amended by MLI","2017","2024","In Force","0.61","0.36","0.84","0.63","0.71","6","YES","NO","NO","NO","YES","YES","YES","NO","YES","NO","5","20","12","10","10","10","10","10","0","YES","YES","YES","NO","YES","NO","NO","PPT"
"Croatia","Sri Lanka","Pre-independence","1985","1987","In Force","0.45","0.41","0.58","0.38","0.44","9","NO","9","NO","NO","YES","NO","NO","NO","NO","YES","12.5","","12.5","10","10","10","10","10","0","NO","YES","YES","NO","NO","NO","NO","NA"
"Croatia","North Macedonia","Original","1994","1997","In Force","0.35","0.38","0.31","0.38","0.29","12","YES","12","YES","YES","NO","NO","NO","NO","NO","NO","5","25","15","10","10","10","10","10","0","YES","YES","YES","NO","NO","NO","NO","NA"
"Croatia","Indonesia","Original","2002","2013","In Force","0.41","0.38","0.59","0.25","0.41","6","YES","3","NO","NO","NO","NO","NO","NO","NO","NO","10","","10","10","10","10","10","10","0","YES","NO","YES","NO","NO","NO","NO","NA"
"Croatia","Iran","Original","2003","2009","In Force","0.34","0.22","0.56","0.25","0.35","12","YES","NO","NO","NO","NO","NO","YES","NO","NO","NO","5","25","10","5","5","5","5","5","0","YES","NO","YES","NO","NO","NO","NO","NA"
"Croatia","Moldova","Original","2005","2007","In Force","0.28","0.28","0.44","0.13","0.24","12","YES","3","YES","YES","NO","YES","NO","NO","NO","NO","5","25","10","5","5","10","10","10","0","YES","NO","NO","NO","NO","NO","NO","NA"
"Croatia","Morocco","Original","2008","2013","In Force","0.57","0.36","0.96","0.38","0.64","7","YES","3","NO","NO","YES","YES","YES","NO","YES","NO","8","25","10","10","10","10","10","10","0","YES","NO","YES","NO","NO","NO","NO","NA"
"Croatia","Syria","Original","2008","2010","In Force","0.27","0.37","0.33","0.13","0.21","9","NO","NO","NO","NO","NO","NO","NO","NO","NO","NO","5","10","10","10","10","12","12","12","0","NO","NO","YES","NO","NO","NO","NO","NA"
"Croatia","Turkmenistan","Original","2014","2016","In Force","0.19","0.38","0.06","0.13","0.06","12","NO","NO","YES","YES","NO","NO","NO","NO","NO","NO","10","","10","10","10","10","10","10","0","YES","NO","NO","NO","NO","NO","NO","NA"
"Croatia","Kosovo","Original","2017","2018","In Force","0.14","0.22","0.06","0.13","0.06","12","NO","NO","YES","YES","NO","NO","NO","NO","NO","NO","5","25","10","5","5","5","5","5","0","YES","NO","NO","NO","NO","NO","NO","NA"
"Croatia","Georgia","Amended by MLI","2017","2022","In Force","0.13","0.19","0.08","0.13","0.09","9","NO","NO","YES","YES","NO","NO","NO","NO","NO","NO","5","","5","5","5","5","5","5","0","YES","NO","NO","NO","NO","NO","NO","PPT"
"Croatia","India","Amended by MLI","2017","2022","In Force","0.48","0.5","0.56","0.38","0.47","12","YES","NO","YES","YES","YES","YES","YES","NO","NO","NO","5","10","15","10","10","10","10","10","10","YES","YES","YES","NO","NO","NO","YES","PPT"
"Croatia","Jordan","Amended by MLI","2019","2022","In Force","0.43","0.34","0.58","0.38","0.44","9","YES","6","YES","YES","NO","YES","YES","NO","NO","NO","5","25","10","10","10","10","10","10","0","YES","YES","YES","NO","NO","NO","NO","PPT"
"Croatia","Mauritius","Amended by MLI","2017","2022","In Force","0.1","0","0.19","0.13","0.12","12","YES","NO","YES","YES","NO","NO","NO","NO","NO","NO","0","","0","0","0","0","0","0","0","NO","NO","YES","NO","NO","NO","NO","PPT"
"Croatia","South Africa","Amended by MLI","2017","2023","In Force","0.24","0.16","0.31","0.25","0.24","12","YES","6","YES","YES","NO","NO","NO","NO","NO","NO","5","25","10","0","0","5","5","5","0","YES","NO","YES","NO","NO","NO","NO","PPT"
"Croatia","Ukraine","Amended by MLI","2018","2022","In Force","0.3","0.34","0.31","0.25","0.24","12","YES","NO","YES","YES","NO","NO","YES","NO","NO","NO","5","25","10","10","10","10","10","10","0","YES","NO","YES","NO","NO","NO","NO","PPT"
"Croatia","Vietnam","Amended by MLI","2022","2024","In Force","0.7","0.5","0.97","0.63","0.82","6","YES","6","NO","NO","YES","YES","YES","NO","YES","NO","10","","10","10","10","10","10","10","10","YES","YES","YES","NO","YES","NO","NO","PPT"
"Cuba","Vietnam","Original","2002","2004","In Force","0.7","0.38","0.97","0.75","0.82","6","YES","6","NO","NO","YES","YES","YES","YES","YES","NO","5","70","15","10","10","10","10","10","0","YES","YES","YES","NO","YES","NO","NO","NA"
"Cuba","Venezuela","Original","2003","2006","In Force","0.44","0.34","0.22","0.75","0.47","6","NO","NO","YES","YES","NO","NO","YES","YES","YES","NO","10","25","15","10","10","5","5","5","0","YES","YES","YES","NO","YES","NO","NO","NA"
"Curaçao","Netherlands","Original","2013","2016","In Force","0.1","0.09","0.22","0","0.12","6","NO","6","YES","YES","NO","NO","NO","NO","NO","NO","0","10","15","0","0","0","0","0","0","NO","NO","NO","NO","NO","YES","YES","NA"
"Cyprus","Jordan","Original","2021","2023","In Force","0.34","0.3","0.45","0.25","0.38","9","YES","6","YES","YES","NO","YES","NO","NO","NO","NO","5","10","10","5","5","7","7","0","7","YES","NO","YES","NO","NO","NO","NO","PPT"
"Cyprus","Kyrgyzstan","Pre-independence","1982","1983","In Force","0.15","0","0.44","0","0.21","12","YES","NO","NO","NO","NO","NO","NO","NO","NO","NO","0","","0","0","0","0","0","0","0","","","NO","","NO","NO","NO","NA"
"Cyprus","Tajikistan","Pre-independence","1982","1983","In Force","0.15","0","0.44","0","0.21","12","YES","NO","NO","NO","NO","NO","NO","NO","NO","NO","0","","0","0","0","0","0","0","0","","","NO","","NO","NO","NO","NA"
"Cyprus","Turkmenistan","Pre-independence","1982","1983","In Force","0.1","0","0.31","0","0.13","12","NO","NO","NO","NO","NO","NO","NO","NO","NO","NO","0","","0","0","0","0","0","0","0","NO","NO","NO","","NO","NO","NO","NA"
"Cyprus","Uzbekistan","Pre-independence","1982","1983","In Force","0.15","0","0.44","0","0.21","12","YES","NO","NO","NO","NO","NO","NO","NO","NO","NO","0","","0","0","0","0","0","0","0","","","NO","","NO","NO","NO","NA"
"Cyprus","North Macedonia","Pre-independence","1985","1987","In Force","0.19","0.38","0.06","0.13","0.06","12","NO","NO","YES","YES","NO","NO","NO","NO","NO","NO","10","","10","10","10","10","10","10","0","NO","NO","YES","NO","NO","NO","NO","NA"
"Cyprus","Syria","Original","1992","1996","In Force","0.19","0.39","0.06","0.13","0.06","12","NO","NO","YES","YES","NO","NO","NO","NO","NO","NO","0","25","15","10","10","15","10","15","0","NO","NO","YES","NO","NO","NO","NO","NA"
"Cyprus","Lebanon","Original","2003","2006","In Force","0.19","0.13","0.45","0","0.21","9","YES","9","YES","YES","NO","YES","NO","NO","NO","NO","5","","5","5","5","0","0","0","0","NO","NO","NO","NO","NO","NO","NO","NA"
"Cyprus","Moldova","Original","2008","2009","In Force","0.27","0.22","0.33","0.25","0.26","9","YES","3","YES","YES","NO","NO","NO","NO","NO","NO","5","25","10","5","5","5","5","5","0","YES","NO","NO","NO","YES","NO","NO","NA"
"Cyprus","Iran","Original","2015","2018","In Force","0.35","0.23","0.56","0.25","0.35","12","YES","NO","NO","NO","NO","NO","YES","NO","NO","NO","5","25","10","5","5","6","6","6","0","YES","NO","YES","NO","NO","NO","NO","NA"
"Cyprus","Ethiopia","Original","2015","2018","In Force","0.26","0.19","0.34","0.25","0.29","6","NO","NO","YES","YES","NO","YES","YES","NO","NO","NO","5","","5","5","5","5","5","5","0","NO","NO","YES","NO","YES","NO","NO","NA"
"Cyprus","Egypt","Original","2019","2021","In Force","0.52","0.34","0.72","0.5","0.59","6","YES","6","YES","YES","YES","YES","YES","NO","YES","NO","5","20","10","10","10","10","10","10","0","YES","YES","YES","NO","NO","NO","NO","PPT"
"Cyprus","Georgia","Amended by MLI","2017","2021","In Force","0.07","0","0.2","0","0.09","9","YES","NO","YES","YES","NO","NO","NO","NO","NO","NO","0","","0","0","0","0","0","0","0","NO","NO","NO","NO","NO","NO","NO","PPT"
"Cyprus","India","Amended by MLI","2017","2021","In Force","0.66","0.5","0.97","0.5","0.76","6","YES","3","NO","NO","YES","YES","YES","NO","YES","NO","10","","10","10","10","10","10","10","10","YES","YES","YES","NO","NO","NO","YES","PPT"
"Cyprus","Mauritius","Amended by MLI","2017","2021","In Force","0.19","0","0.31","0.25","0.24","12","YES","9","YES","YES","NO","NO","NO","NO","YES","NO","0","","0","0","0","0","0","0","0","NO","NO","YES","NO","NO","NO","NO","PPT"
"Cyprus","Seychelles","Amended by MLI","2017","2023","In Force","0.17","0.06","0.31","0.13","0.18","12","YES","NO","YES","YES","NO","YES","NO","NO","NO","NO","0","","0","0","0","5","5","5","0","YES","NO","NO","NO","NO","NO","NO","PPT"
"Cyprus","South Africa","Amended by MLI","2017","2023","In Force","0.14","0.09","0.19","0.13","0.12","12","YES","NO","YES","YES","NO","NO","NO","NO","NO","NO","5","10","10","0","0","0","0","0","0","NO","NO","YES","NO","NO","NO","NO","PPT"
"Cyprus","Ukraine","Amended by MLI","2018","2021","In Force","0.23","0.26","0.31","0.13","0.18","12","YES","NO","YES","YES","NO","NO","YES","NO","NO","NO","5","20","10","5","5","10","5","10","0","YES","NO","NO","NO","NO","NO","NO","PPT"
"Cyprus","Thailand","Amended by MLI","2022","2023","In Force","0.57","0.41","0.56","0.75","0.59","12","YES","6","YES","YES","YES","NO","YES","NO","YES","YES","10","","10","15","10","15","5","10","0","YES","NO","YES","YES","YES","NO","NO","PPT"
"Czechia","Senegal","Original","2020","2023","In Force","0.64","0.34","0.95","0.63","0.74","9","YES","6","NO","NO","YES","YES","YES","NO","YES","NO","5","25","10","10","10","10","10","10","0","YES","YES","YES","NO","YES","NO","YES","PPT"
"Czechia","Ethiopia","Original","2007","2008","In Force","0.49","0.38","0.59","0.5","0.53","6","YES","6","YES","YES","NO","YES","YES","YES","NO","NO","10","","10","10","10","10","10","10","0","NO","YES","YES","NO","YES","NO","NO","OTHER"
"Czechia","Mongolia","Original","1997","1999","In Force","0.48","0.38","0.94","0.13","0.47","12","YES","6","NO","NO","YES","YES","YES","NO","NO","NO","10","","10","10","10","10","10","10","0","NO","NO","YES","NO","NO","NO","NO","NA"
"Czechia","Nigeria","Pre-independence","1989","1991","In Force","0.45","0.55","0.23","0.57","0.38","3","YES","NO","YES","YES","NO","NO","NO","YES","YES","","12.5","10","15","15","15","15","15","15","0","NO","NO","YES","NO","YES","NO","NO","NA"
"Czechia","Philippines","Original","2000","2004","In Force","0.42","0.41","0.34","0.5","0.41","6","YES","6","YES","YES","NO","NO","NO","NO","NO","YES","10","10","15","10","10","10","10","10","0","YES","NO","YES","NO","YES","NO","NO","OTHER"
"Czechia","Sri Lanka","Pre-independence","1978","1979","In Force","0.27","0.33","0.22","0.25","0.23","6","NO","NO","YES","NO","NO","NO","NO","NO","NO","YES","15","","15","10","0","10","0","10","0","","","NO","","","NO","NO","NA"
"Czechia","Vietnam","Original","1997","1999","In Force","0.57","0.38","0.97","0.38","0.65","6","YES","6","NO","NO","YES","YES","YES","NO","YES","NO","10","","10","10","10","10","10","10","0","YES","NO","YES","NO","NO","NO","NO","NA"
"Czechia","Tunisia","Pre-independence","1990","1991","In Force","0.29","0.64","0.09","0.13","0.18","6","NO","NO","YES","YES","NO","NO","NO","NO","NO","NO","10","25","15","12","12","15","5","15","15","NO","NO","YES","NO","NO","NO","NO","NA"
"Czechia","Thailand","Original","1994","1996","In Force","0.58","0.4","0.84","0.5","0.65","6","YES","6","NO","NO","YES","NO","YES","NO","YES","YES","10","","10","10","10","15","5","15","0","NO","NO","YES","NO","YES","NO","NO","NA"
"Czechia","Indonesia","Original","1994","1997","In Force","0.6","0.47","0.84","0.5","0.65","6","YES","3","NO","NO","NO","YES","YES","YES","YES","NO","10","20","15","12.5","12.5","12.5","12.5","12.5","0","NO","NO","YES","NO","YES","NO","NO","NA"
"Czechia","Venezuela","Original","1996","1998","In Force","0.75","0.52","0.97","0.75","0.88","6","YES","6","NO","NO","YES","YES","YES","YES","YES","NO","5","15","10","10","10","12","12","12","12","YES","YES","YES","NO","YES","NO","NO","NA"
"Czechia","Lebanon","Original","1997","2001","In Force","0.2","0.17","0.31","0.13","0.18","12","YES","12","YES","YES","NO","NO","NO","NO","NO","NO","5","","5","0","0","10","10","5","0","NO","NO","YES","NO","NO","NO","NO","NA"
"Czechia","Morocco","Original","2001","2007","In Force","0.45","0.38","0.59","0.38","0.47","6","YES","6","YES","YES","NO","YES","YES","NO","YES","NO","10","","10","10","10","10","10","10","0","YES","NO","YES","NO","NO","NO","NO","NA"
"Czechia","North Macedonia","Original","2001","2003","In Force","0.19","0.25","0.31","0","0.12","12","YES","6","YES","YES","NO","NO","NO","NO","NO","NO","5","25","15","0","0","10","10","10","0","NO","NO","NO","NO","NO","NO","NO","NA"
"Czechia","North Korea","Original","2005","2006","In Force","0.31","0.38","0.31","0.25","0.24","12","YES","6","YES","YES","NO","NO","NO","NO","NO","NO","10","","10","10","10","10","10","10","0","YES","NO","YES","NO","NO","NO","NO","NA"
"Czechia","Jordan","Original","2006","2008","In Force","0.57","0.38","0.84","0.5","0.65","6","YES","6","NO","NO","YES","NO","YES","YES","YES","NO","10","","10","10","10","10","10","10","0","NO","NO","YES","NO","YES","NO","NO","PPT"
"Czechia","Tajikistan","Original","2006","2008","In Force","0.18","0.23","0.31","0","0.12","12","YES","6","YES","YES","NO","NO","NO","NO","NO","NO","5","","5","7","0","10","10","10","0","NO","NO","NO","NO","NO","NO","NO","NA"
"Czechia","Syria","Original","2008","2010","In Force","0.41","0.4","0.72","0.13","0.41","6","YES","6","NO","NO","NO","NO","YES","NO","NO","NO","10","","10","10","10","12","12","12","0","NO","NO","YES","NO","NO","NO","NO","PPT"
"Czechia","Iran","Original","2015","2017","In Force","0.34","0.19","0.69","0.13","0.35","12","YES","6","NO","NO","NO","NO","YES","NO","NO","NO","5","","5","5","0","8","8","8","0","NO","YES","NO","NO","NO","NO","NO","NA"
"Czechia","Turkmenistan","Original","2016","2019","In Force","0.56","0.38","0.94","0.38","0.59","12","YES","6","NO","NO","YES","YES","YES","NO","YES","NO","10","","10","10","10","10","10","10","0","NO","YES","YES","NO","NO","NO","NO","OTHER"
"Czechia","Ghana","Original","2017","2021","In Force","0.43","0.34","0.7","0.25","0.5","9","YES","6","NO","NO","YES","NO","NO","NO","YES","NO","6","","6","10","0","8","8","8","8","NO","YES","NO","NO","NO","NO","NO","OTHER"
"Czechia","Kyrgyzstan","Original","2019","2021","In Force","0.2","0.28","0.31","0","0.12","12","YES","6","YES","YES","NO","NO","NO","NO","NO","NO","5","15","10","5","5","10","10","10","0","NO","NO","NO","NO","NO","NO","NO","PPT"
"Czechia","Moldova","Amended by protocol","2004","2006","In Force","0.29","0.31","0.31","0.25","0.24","12","YES","3","YES","YES","NO","NO","NO","NO","NO","NO","5","25","15","5","5","10","10","10","0","NO","NO","YES","NO","YES","NO","NO","NA"
"Czechia","Uzbekistan","Amended by protocol","2011","2013","In Force","0.56","0.25","0.81","0.63","0.65","12","YES","6","NO","NO","YES","YES","NO","YES","YES","NO","5","25","10","5","0","10","10","10","0","YES","YES","YES","NO","NO","NO","NO","OTHER"
"Czechia","Ukraine","Amended by protocol","2013","2016","In Force","0.42","0.31","0.56","0.38","0.41","12","YES","6","NO","NO","NO","NO","NO","NO","YES","NO","5","25","15","5","5","10","10","10","0","YES","NO","YES","NO","NO","NO","NO","NA"
"Czechia","Egypt","Amended by MLI","2017","2021","In Force","0.61","0.5","0.84","0.5","0.65","6","YES","6","NO","NO","NO","YES","YES","NO","NO","NO","5","25","15","15","15","15","15","15","0","YES","YES","YES","YES","NO","NO","NO","PPT"
"Czechia","Georgia","Amended by MLI","2017","2021","In Force","0.2","0.26","0.34","0","0.18","6","YES","6","YES","YES","NO","NO","NO","NO","NO","NO","5","25","10","8","8","10","0","5","0","NO","NO","NO","NO","NO","NO","NO","PPT"
"Czechia","India","Amended by MLI","2017","2021","In Force","0.57","0.5","0.84","0.38","0.65","6","YES","NO","NO","NO","YES","YES","YES","NO","NO","NO","10","","10","10","10","10","10","10","10","YES","YES","YES","NO","NO","NO","YES","PPT"
"Czechia","Mexico","Amended by MLI","2017","2024","In Force","0.53","0.38","0.72","0.5","0.59","6","YES","6","NO","NO","NO","YES","NO","NO","YES","NO","10","","10","10","10","10","10","10","0","YES","YES","NO","NO","YES","NO","NO","PPT"
"Czechia","Pakistan","Amended by MLI","2017","2022","In Force","0.7","0.5","0.97","0.63","0.82","6","YES","6","NO","NO","YES","YES","YES","YES","YES","NO","5","25","15","10","10","10","10","10","10","NO","YES","YES","NO","YES","NO","NO","PPT"
"Czechia","South Africa","Amended by MLI","2017","2023","In Force","0.27","0.25","0.31","0.25","0.24","12","YES","6","YES","YES","NO","NO","NO","NO","NO","NO","5","25","15","0","0","10","10","10","0","YES","NO","YES","NO","NO","NO","NO","PPT"
"Germany","Ivory Coast","Original","1979","1982","In Force","0.45","0.5","0.72","0.13","0.41","6","NO","NO","NO","NO","YES","YES","YES","NO","NO","NO","15","","15","15","15","10","10","10","0","NO","NO","YES","NO","NO","NO","NO","NA"
"Italy","Ivory Coast","Original","1982","1988","In Force","0.41","0.5","0.59","0.13","0.35","6","YES","NO","YES","YES","YES","YES","YES","NO","NO","NO","15","","15","15","15","10","10","10","0","NO","NO","YES","NO","NO","NO","NO","NA"
"Ivory Coast","Morocco","Original","2006","2017","In Force","0.74","0.5","0.97","0.75","0.88","6","YES","2","NO","NO","YES","YES","YES","YES","YES","NO","10","","10","10","10","10","10","10","10","YES","NO","YES","YES","YES","NO","YES","NA"
"Ivory Coast","Norway","Original","1978","1975","In Force","0.42","0.51","0.63","0.13","0.35","0","NO","NO","NO","NO","YES","YES","NO","NO","NO","NO","15","","15","16","16","10","10","10","0","NO","NO","YES","NO","NO","NO","NO","NA"
"Ivory Coast","Switzerland","Original","1987","1991","In Force","0.41","0.5","0.59","0.13","0.35","6","YES","NO","YES","YES","YES","YES","YES","NO","NO","NO","15","","15","15","15","10","10","10","0","NO","NO","YES","NO","NO","NO","NO","NA"
"Ivory Coast","Tunisia","Amended by MLI","2018","2024","In Force","0.53","0.38","0.59","0.63","0.59","6","YES","NO","YES","YES","YES","YES","YES","NO","YES","NO","10","","10","10","10","10","10","10","0","YES","YES","YES","NO","YES","NO","NO","PPT"
"France","Ivory Coast","Amended by MLI","2018","2024","In Force","0.5","0.5","0.75","0.25","0.47","0","NO","NO","NO","NO","YES","YES","YES","NO","NO","NO","15","","15","15","15","10","10","10","0","YES","NO","YES","NO","NO","NO","YES","PPT"
"Ivory Coast","United Kingdom","Amended by MLI","2018","2024","In Force","0.53","0.63","0.84","0.13","0.53","6","YES","NO","NO","NO","YES","YES","YES","NO","NO","NO","15","","15","15","15","10","10","10","10","NO","NO","YES","NO","NO","NO","NO","PPT"
"Ivory Coast","Portugal","Amended by MLI","2018","2024","In Force","0.45","0.38","0.59","0.38","0.53","6","YES","NO","YES","YES","YES","YES","YES","NO","YES","NO","10","","10","10","10","5","5","5","5","YES","NO","YES","NO","NO","NO","YES","PPT"
"Denmark","Ghana","Original","2014","2016","In Force","0.28","0.39","0.2","0.25","0.26","9","YES","NO","YES","YES","NO","NO","NO","NO","NO","NO","5","10","15","8","8","8","8","0","8","YES","NO","YES","NO","NO","NO","YES","NA"
"Denmark","Kenya","Original","1972","1972","In Force","0.7","1","0.84","0.25","0.59","6","YES","NO","NO","NO","YES","YES","YES","NO","NO","YES","20","25","30","20","20","20","20","20","20","NO","NO","YES","NO","NO","NO","NO","NA"
"Denmark","Philippines","Original","1995","1997","In Force","0.56","0.47","0.59","0.63","0.59","6","YES","6","YES","YES","YES","NO","YES","YES","NO","YES","10","25","15","10","10","15","15","15","0","YES","NO","YES","NO","YES","NO","YES","NA"
"Denmark","Sri Lanka","Original","1981","1980","In Force","0.51","0.44","0.59","0.5","0.53","6","NO","6","YES","NO","NO","YES","YES","YES","YES","YES","15","","15","10","10","10","10","10","0","NO","NO","NO","NO","YES","NO","NO","NA"
"Denmark","Tanzania","Original","1976","1977","In Force","0.4","0.84","0.09","0.25","0.24","6","NO","NO","YES","YES","NO","NO","NO","NO","NO","YES","15","","15","12.5","12.5","20","20","20","20","NO","NO","YES","NO","NO","NO","NO","NA"
"Denmark","Uganda","Original","2000","2002","In Force","0.44","0.49","0.47","0.38","0.47","6","YES","NO","NO","NO","NO","NO","NO","NO","YES","NO","10","25","15","10","10","10","10","0","10","NO","NO","YES","NO","YES","NO","YES","NA"
"Denmark","Zambia","Original","1973","1972","In Force","0.28","0.5","0.22","0.13","0.18","6","YES","NO","YES","YES","NO","NO","NO","NO","NO","NO","15","","15","10","10","15","15","15","0","NO","NO","YES","NO","NO","NO","NO","NA"
"Denmark","Morocco","Original","1984","1992","In Force","0.22","0.44","0.09","0.13","0.12","6","NO","NO","YES","YES","NO","NO","NO","NO","NO","NO","10","25","25","10","10","10","10","10","0","NO","NO","YES","NO","NO","NO","YES","NA"
"Denmark","Indonesia","Original","1985","1987","In Force","0.61","0.5","0.97","0.38","0.65","6","YES","3","NO","NO","YES","YES","YES","YES","NO","NO","10","25","20","10","10","15","15","15","0","NO","NO","YES","NO","YES","NO","NO","NA"
"Denmark","Venezuela","Original","1998","2002","In Force","0.41","0.38","0.22","0.63","0.47","6","NO","NO","YES","YES","NO","YES","NO","YES","YES","NO","5","25","15","5","5","10","10","10","5","YES","NO","YES","NO","YES","NO","YES","NA"
"Denmark","North Macedonia","Original","2000","2001","In Force","0.15","0.25","0.06","0.13","0.06","12","NO","NO","YES","YES","NO","NO","NO","NO","NO","NO","5","25","15","0","0","10","10","10","0","NO","NO","YES","NO","NO","NO","NO","NA"
"Denmark","Georgia","Original","2007","2009","In Force","0.09","0.06","0.09","0.13","0.12","6","NO","NO","YES","YES","NO","NO","NO","NO","NO","NO","0","50","10","0","0","0","0","0","0","NO","NO","YES","NO","NO","NO","NO","NA"
"Denmark","Ukraine","Amended by protocol","2021","2023","In Force","0.33","0.31","0.31","0.38","0.29","12","NO","NO","YES","YES","YES","NO","YES","NO","YES","NO","5","25","15","10","10","5","5","5","0","YES","NO","YES","NO","NO","NO","YES","PPT"
"Denmark","Vietnam","Amended by MLI","2022","2024","In Force","0.66","0.39","0.84","0.75","0.76","6","YES","6","NO","NO","YES","NO","YES","YES","YES","NO","10","25","15","10","10","5","15","5","0","YES","YES","YES","NO","YES","NO","NO","PPT"
"Denmark","Egypt","Amended by MLI","2017","2021","In Force","0.49","0.63","0.22","0.63","0.41","6","NO","NO","YES","YES","NO","NO","YES","NO","NO","NO","15","","15","15","15","20","20","20","0","YES","YES","YES","YES","YES","NO","NO","PPT"
"Denmark","India","Amended by MLI","2017","2020","In Force","0.82","0.88","0.72","0.88","0.82","6","YES","NO","NO","NO","YES","NO","YES","YES","YES","NO","15","25","25","15","10","20","20","20","20","YES","YES","YES","YES","YES","NO","YES","PPT"
"Denmark","Mexico","Amended by MLI","2017","2024","In Force","0.48","0.34","0.47","0.63","0.53","6","YES","NO","YES","YES","NO","YES","YES","NO","YES","NO","0","25","15","15","5","10","10","10","0","YES","YES","YES","NO","YES","NO","NO","PPT"
"Denmark","Pakistan","Amended by MLI","2017","2022","In Force","0.84","0.68","0.84","1","0.94","6","YES","NO","NO","NO","YES","YES","YES","YES","YES","YES","15","","15","15","15","12","12","12","12","YES","YES","YES","YES","YES","NO","NO","PPT"
"Denmark","South Africa","Amended by MLI","2017","2023","In Force","0.19","0.13","0.19","0.25","0.18","12","YES","NO","YES","YES","NO","NO","NO","NO","NO","NO","5","25","15","0","0","0","0","0","0","YES","NO","YES","NO","NO","NO","YES","PPT"
"Denmark","Tunisia","Amended by MLI","2018","2024","In Force","0.58","0.53","0.84","0.38","0.59","6","YES","NO","NO","NO","YES","YES","YES","NO","YES","NO","15","","15","12","12","15","15","15","0","YES","NO","YES","NO","NO","NO","NO","PPT"
"Denmark","Thailand","Amended by MLI","2022","2023","In Force","0.51","0.43","0.59","0.5","0.53","6","YES","6","YES","YES","YES","NO","YES","NO","NO","YES","10","","10","15","10","15","5","15","0","NO","NO","YES","YES","YES","NO","NO","PPT"
"Dominican Republic","Spain","Original","2011","2014","In Force","0.34","0.31","0.34","0.38","0.35","6","YES","NO","YES","YES","NO","NO","YES","NO","NO","YES","0","75","10","10","10","10","10","10","0","YES","NO","YES","NO","NO","NO","NO","PARTIAL"
"Ecuador","Germany","Original","1982","1987","In Force","0.28","0.53","0.06","0.25","0.12","12","NO","NO","YES","YES","NO","NO","NO","NO","NO","NO","15","","15","15","10","15","15","15","0","NO","YES","YES","NO","NO","NO","NO","NA"
"Ecuador","Italy","Original","1984","1990","In Force","0.19","0.38","0.06","0.13","0.06","12","NO","NO","YES","YES","NO","NO","NO","NO","NO","NO","15","","15","10","10","5","5","5","0","NO","NO","YES","NO","NO","NO","NO","NA"
"Ecuador","France","Original","1989","1993","In Force","0.28","0.53","0.06","0.25","0.12","12","NO","NO","YES","YES","NO","NO","NO","NO","NO","NO","15","","15","15","10","15","15","15","0","YES","NO","YES","NO","NO","NO","NO","NA"
"Ecuador","Spain","Original","1991","1994","In Force","0.2","0.42","0.06","0.13","0.06","12","NO","NO","YES","YES","NO","NO","NO","NO","NO","NO","15","","15","10","10","10","5","10","0","NO","NO","YES","NO","NO","NO","NO","NA"
"Ecuador","Romania","Original","1992","1997","In Force","0.29","0.44","0.31","0.13","0.18","12","YES","12","YES","YES","NO","NO","NO","NO","NO","NO","15","","15","10","10","10","10","10","0","NO","NO","YES","NO","NO","NO","NO","NA"
"Ecuador","Mexico","Original","1992","2001","In Force","0.52","0.34","0.47","0.75","0.59","6","YES","NO","YES","YES","NO","YES","YES","YES","YES","NO","5","","5","15","10","10","10","10","0","YES","YES","YES","NO","YES","NO","NO","NA"
"Ecuador","Uruguay","Original","2011","2012","In Force","0.62","0.51","0.84","0.5","0.65","6","YES","6","NO","NO","YES","YES","NO","YES","NO","NO","10","25","15","15","15","15","15","10","0","NO","YES","YES","NO","YES","NO","YES","LOB"
"Ecuador","South Korea","Original","2012","2014","In Force","0.31","0.36","0.33","0.25","0.26","9","YES","NO","YES","YES","NO","YES","NO","NO","NO","NO","5","10","10","12","12","12","12","5","0","YES","NO","YES","NO","NO","NO","YES","LOB"
"Ecuador","Singapore","Original","2013","2016","In Force","0.36","0.25","0.45","0.38","0.38","9","YES","6","YES","YES","NO","YES","NO","NO","NO","NO","5","","5","10","0","10","10","10","0","YES","NO","YES","NO","YES","NO","NO","PPT"
"Ecuador","Qatar","Original","2014","2017","In Force","0.48","0.34","0.84","0.25","0.53","6","YES","6","NO","NO","NO","YES","YES","NO","NO","NO","5","10","10","10","10","10","10","10","0","YES","NO","YES","NO","NO","NO","NO","PPT"
"Ecuador","United Arab Emirates","Original","2016","2022","In Force","0.38","0.42","0.34","0.38","0.35","6","YES","NO","YES","YES","NO","YES","NO","YES","NO","NO","10","","10","10","10","15","15","10","0","NO","NO","YES","NO","YES","NO","NO","LOB"
"Ecuador","Russia","Original","2016","2019","In Force","0.55","0.39","0.82","0.43","0.58","10","YES","1","NO","NO","NO","YES","YES","NO","NO","NO","5","25","10","10","10","15","15","10","0","","YES","YES","NO","YES","NO","YES","LOB"
"Ecuador","Japan","Original","2019","2019","In Force","0.41","0.25","0.72","0.25","0.47","6","YES","6","NO","NO","NO","NO","YES","NO","NO","NO","5","","5","10","0","10","10","10","0","YES","NO","YES","NO","NO","NO","YES","PPT"
"Ecuador","Switzerland","Amended by protocol","2017","2019","In Force","0.2","0.38","0.09","0.13","0.12","6","NO","NO","YES","YES","NO","NO","NO","NO","NO","NO","15","","15","10","0","10","10","10","0","NO","NO","YES","NO","NO","NO","NO","NA"
"Egypt","Ethiopia","Original","2011","2013","In Force","0.35","0.34","0.45","0.25","0.32","9","NO","12","YES","YES","NO","YES","YES","NO","YES","NO","5","25","10","10","10","10","10","10","0","NO","NO","YES","NO","NO","NO","NO","PPT"
"Egypt","Norway","Original","1964","1965","In Force","0.3","0.38","0.09","0.43","0.25","6","NO","NO","YES","YES","NO","NO","NO","NO","NO","NO","","","","","","15","15","15","0","","YES","YES","NO","YES","NO","NO","NA"
"Egypt","Iraq","Original","1968","1968","In Force","0.25","0.5","0.1","0.14","0.13","4","NO","NO","YES","YES","NO","NO","NO","NO","NO","NO","NO LIMIT","","NO LIMIT","","","","","","0","NO","NO","YES","NO","","NO","NO","NA"
"Egypt","Italy","Original","1979","1983","In Force","0.43","0.94","0.09","0.25","0.24","6","NO","NO","YES","YES","NO","NO","NO","NO","NO","NO","20","","20","25","25","15","15","15","NO LIMIT","NO","YES","YES","NO","NO","NO","NO","NA"
"Egypt","Romania","Original","1979","1982","In Force","0.36","0.5","0.09","0.5","0.29","6","NO","NO","YES","YES","NO","NO","NO","NO","NO","NO","10","","10","15","15","15","15","15","0","YES","YES","YES","NO","YES","NO","NO","NA"
"Egypt","United States","Original","1980","1982","In Force","0.3","0.63","0.09","0.17","0.13","6","NO","NO","YES","YES","NO","NO","NO","NO","NO","NO","NO LIMIT","","NO LIMIT","15","15","15","15","15","0","NO","NO","YES","","","NO","YES","NA"
"Egypt","Switzerland","Original","1987","1989","In Force","0.33","0.38","0.34","0.29","0.31","6","NO","NO","YES","YES","NO","YES","YES","NO","NO","NO","5","25","15","15","0","12.5","12.5","12.5","0","YES","NO","YES","NO","","NO","NO","NA"
"Egypt","Germany","Original","1987","1992","In Force","0.44","0.56","0.34","0.43","0.38","6","YES","NO","YES","YES","NO","YES","NO","NO","NO","NO","15","","15","15","15","15","15","15","0","","YES","YES","NO","YES","NO","NO","NA"
"Egypt","Morocco","Original","1989","1993","In Force","0.41","0.39","0.34","0.5","0.41","6","NO","NO","NO","NO","NO","NO","NO","NO","NO","NO","10","25","12.5","10","10","10","10","10","0","YES","YES","YES","NO","YES","NO","NO","NA"
"Egypt","Libya","Original","1990","1992","In Force","","","","","","","","","","","","","","","","","","","","","","","","","","","","","","","","",""
"Egypt","Syria","Original","1991","1992","In Force","0.61","0.63","0.59","0.63","0.59","6","NO","NO","NO","NO","NO","YES","YES","NO","NO","NO","15","","15","15","15","20","20","20","0","YES","YES","YES","YES","YES","NO","NO","NA"
"Egypt","Turkey","Original","1993","1997","In Force","0.44","0.38","0.58","0.38","0.44","9","YES","6","NO","NO","NO","NO","NO","NO","NO","NO","5","25","15","10","10","10","10","10","0","YES","NO","YES","YES","NO","NO","NO","NA"
"Egypt","Sweden","Original","1994","1997","In Force","0.53","0.49","0.59","0.5","0.53","6","NO","NO","NO","NO","NO","YES","YES","NO","NO","NO","5","25","15","15","15","14","14","14","0","YES","NO","YES","YES","YES","NO","NO","NA"
"Egypt","Lebanon","Original","1996","1999","In Force","","","","","","","","","","","","","","","","","","","","","","","","","","","","","","","","",""
"Egypt","Russia","Original","1997","2001","In Force","0.7","0.5","0.97","0.63","0.76","6","YES","6","NO","NO","YES","YES","YES","NO","NO","NO","10","","10","15","15","15","15","15","0","YES","YES","YES","YES","YES","NO","NO","NA"
"Egypt","Yemen","Original","1997","2001","In Force","","","","","","","","","","","","","","","","","","","","","","","","","","","","","","","","",""
"Egypt","Palestine","Original","1998","2000","In Force","","","","","","","","","","","","","","","","","","","","","","","","","","","","","","","","",""
"Egypt","Indonesia","Original","1998","2003","In Force","0.76","0.56","0.84","0.88","0.82","6","YES","3","NO","NO","NO","YES","YES","YES","YES","NO","15","","15","15","15","15","15","15","0","YES","YES","YES","YES","YES","NO","YES","NA"
"Egypt","Sudan","Original","2002","2004","In Force","","","","","","","","","","","","","","","","","","","","","","","","","","","","","","","","",""
"Egypt","Spain","Original","2005","2007","In Force","0.45","0.41","0.58","0.38","0.44","9","YES","6","YES","YES","YES","NO","YES","NO","NO","NO","9","25","12","10","10","12","12","12","0","YES","YES","YES","NO","NO","NO","NO","NA"
"Egypt","Montenegro","Pre-independence","2005","2007","In Force","0.53","0.5","0.83","0.25","0.5","9","YES","6","NO","NO","YES","YES","NO","NO","NO","NO","5","25","15","15","15","15","15","15","0","YES","NO","YES","NO","NO","NO","NO","NA"
"Egypt","Georgia","Original","2010","2013","In Force","0.57","0.38","0.97","0.38","0.65","6","YES","6","NO","NO","YES","YES","YES","NO","YES","NO","10","","10","10","10","10","10","10","0","NO","NO","YES","YES","NO","NO","NO","NA"
"Egypt","Kuwait","Original","2014","2017","In Force","0.54","0.38","0.98","0.25","0.59","3","YES","6","NO","NO","YES","YES","YES","NO","YES","NO","10","","10","10","10","10","10","10","0","NO","NO","YES","NO","NO","NO","NO","NA"
"Egypt","Uzbekistan","Original","2018","2020","In Force","0.61","0.37","0.82","0.63","0.69","6","YES","6","","NO","NO","YES","YES","YES","YES","NO","5","25","10","10","10","12","12","12","0","YES","YES","YES","NO","NO","NO","NO","PPT"
"Egypt","United Arab Emirates","Original","2019","2022","In Force","","","","","","","","","","","","","","","","","","","","","","","","","","","","","","","","",""
"United Arab Emirates","Egypt","Multilateral","1973","1975","In Force","0.43","0.75","0.22","0.33","0.27","6","NO","NO","YES","NO","NO","NO","NO","NO","NO","NO","NO LIMIT","","NO LIMIT","NO LIMIT","NO LIMIT","NO LIMIT","NO LIMIT","NO LIMIT","0","","YES","YES","NO","","","NO","NA"
"Egypt","Finland","Amended by MLI","2017","2021","In Force","0.45","0.75","0.09","0.5","0.29","6","NO","NO","YES","YES","NO","NO","NO","NO","NO","NO","NO LIMIT","","NO LIMIT","NO LIMIT","NO LIMIT","25","25","25","0","YES","YES","YES","NO","YES","NO","NO","PPT"
"Egypt","France","Amended by MLI","2017","2021","In Force","0.32","0.38","0.22","0.38","0.29","6","NO","NO","YES","YES","NO","NO","YES","NO","NO","NO","0","10","0","15","15","15","15","15","0","YES","NO","YES","NO","YES","NO","NO","PPT"
"Egypt","Greece","Amended by MLI","2017","2022","In Force","0.65","0.5","0.95","0.5","0.68","9","YES","9","NO","NO","YES","YES","YES","NO","NO","NO","10","","10","15","15","15","15","15","0","YES","YES","YES","NO","YES","NO","NO","PPT"
"Egypt","Hungary","Amended by MLI","2017","2022","In Force","0.72","0.56","0.97","0.63","0.76","6","YES","6","NO","NO","YES","YES","YES","NO","YES","NO","15","","15","15","15","15","15","15","0","YES","NO","YES","YES","YES","NO","NO","PPT"
"Egypt","India","Amended by MLI","2017","2021","In Force","0.62","0.75","0.61","0.5","0.53","3","NO","NO","NO","NO","YES","NO","YES","NO","NO","NO","NO LIMIT","","NO LIMIT","NO LIMIT","NO LIMIT","NO LIMIT","NO LIMIT","NO LIMIT","0","YES","YES","YES","NO","YES","NO","NO","PPT"
"Egypt","Ireland","Amended by MLI","2017","2021","In Force","0.4","0.34","0.47","0.38","0.41","6","YES","6","YES","YES","NO","YES","NO","NO","NO","NO","5","25","10","10","10","10","10","10","0","YES","NO","YES","NO","YES","NO","NO","PPT"
"Egypt","Japan","Amended by MLI","2017","2021","In Force","0.4","0.69","0.22","0.29","0.25","6","NO","NO","YES","YES","NO","NO","YES","NO","NO","NO","20","","20","NO LIMIT","NO LIMIT","15","15","15","0","YES","NO","YES","NO","","NO","NO","PPT"
"Egypt","Jordan","Amended by MLI","2019","2021","In Force","0.6","0.63","0.69","0.5","0.53","12","YES","6","YES","NO","NO","YES","YES","NO","NO","NO","15","","15","15","15","20","20","20","0","YES","YES","YES","NO","YES","NO","NO","PPT"
"Egypt","South Korea","Amended by MLI","2017","2021","In Force","0.29","0.53","0.08","0.25","0.15","9","NO","NO","YES","YES","NO","NO","NO","NO","NO","NO","10","25","15","15","15","15","15","15","0","NO","NO","YES","NO","YES","NO","NO","PPT"
"Egypt","Malaysia","Amended by MLI","2018","2022","In Force","0.49","0.38","0.72","0.38","0.53","6","YES","NO","NO","NO","NO","YES","YES","NO","NO","NO","0","","0","15","15","15","15","15","0","YES","YES","YES","NO","NO","NO","NO","PPT"
"Egypt","Malta","Amended by MLI","2017","2021","In Force","0.54","0.4","0.97","0.25","0.59","6","YES","6","NO","NO","YES","YES","YES","NO","NO","NO","10","","10","10","10","12","12","12","0","YES","NO","YES","NO","NO","NO","NO","PPT"
"Egypt","Mauritius","Amended by MLI","2017","2021","In Force","0.65","0.37","0.97","0.63","0.76","6","YES","6","NO","NO","YES","YES","YES","YES","YES","NO","5","25","10","10","10","12","12","12","0","YES","NO","YES","NO","YES","NO","NO","PPT"
"Egypt","Netherlands","Amended by MLI","2017","2021","In Force","0.29","0.39","0.34","0.13","0.24","6","YES","NO","YES","YES","NO","NO","YES","NO","NO","NO","0","25","15","12","12","12","12","12","0","NO","NO","YES","NO","NO","YES","YES","PPT"
"Egypt","Pakistan","Amended by MLI","2017","2022","In Force","0.88","0.78","0.86","1","0.94","3","YES","NO","NO","NO","YES","YES","YES","YES","YES","","15","","30","15","15","15","15","15","15","YES","YES","YES","YES","YES","NO","NO","PPT"
"Egypt","Poland","Amended by MLI","2017","2021","In Force","0.56","0.45","0.72","0.5","0.59","6","YES","6","NO","NO","NO","NO","YES","NO","NO","NO","12","","12","12","12","12","12","12","0","YES","YES","YES","NO","YES","NO","NO","PPT"
"Egypt","Serbia","Amended by MLI","2017","2021","In Force","0.57","0.5","0.95","0.25","0.56","9","YES","6","NO","NO","YES","YES","YES","NO","NO","NO","5","25","15","15","15","15","15","15","0","YES","NO","YES","NO","NO","NO","NO","PPT"
"Egypt","Singapore","Amended by MLI","2017","2021","In Force","0.47","0.56","0.59","0.25","0.41","6","YES","6","YES","YES","NO","YES","YES","NO","NO","NO","15","","15","15","15","15","15","15","0","NO","NO","YES","NO","YES","NO","NO","PPT"
"Egypt","South Africa","Amended by MLI","2017","2023","In Force","0.66","0.53","0.97","0.5","0.71","6","YES","6","NO","NO","YES","YES","YES","NO","NO","NO","15","","15","12","12","15","15","15","0","YES","YES","YES","NO","YES","NO","NO","PPT"
"Egypt","Tunisia","Amended by MLI","2018","2024","In Force","0.39","0.44","0.34","0.38","0.35","6","NO","NO","YES","YES","NO","YES","YES","NO","NO","NO","10","","10","10","10","15","15","15","0","YES","NO","YES","NO","YES","NO","NO","PPT"
"Egypt","Ukraine","Amended by MLI","2018","2021","In Force","0.67","0.45","0.84","0.71","0.75","6","YES","6","NO","NO","NO","YES","YES","NO","YES","NO","12","","12","12","12","12","12","12","0","YES","","YES","YES","YES","NO","NO","PPT"
"Egypt","United Kingdom","Amended by MLI","2017","2021","In Force","0.28","0.5","0.09","0.25","0.18","6","NO","NO","YES","YES","NO","NO","NO","NO","NO","NO","","","","15","15","15","15","15","0","YES","NO","YES","NO","NO","NO","NO","PPT"
"Egypt","Saudi Arabia","Amended by MLI","2018","2021","In Force","0.6","0.34","0.97","0.5","0.71","6","YES","6","NO","NO","YES","YES","YES","NO","YES","NO","5","20","10","10","10","10","10","10","0","YES","NO","YES","NO","YES","NO","NO","PPT"
"El Salvador","Spain","Original","2008","2010","In Force","0.39","0.33","0.34","0.5","0.41","6","YES","NO","YES","YES","NO","NO","YES","NO","NO","NO","0","50","12","10","10","10","10","10","0","YES","YES","YES","NO","YES","NO","NO","NA"
"Estonia","Mauritius","Original","2021","2022","In Force","0.12","0.04","0.19","0.13","0.12","12","NO","6","YES","YES","NO","NO","NO","NO","NO","NO","0","","7","0","0","0","0","0","0","YES","NO","NO","NO","NO","YES","YES","PPT"
"Estonia","Ukraine","Original","1996","1997","In Force","0.28","0.38","0.09","0.38","0.24","6","NO","NO","YES","YES","NO","NO","NO","NO","YES","NO","5","25","15","10","10","10","10","10","0","YES","NO","YES","NO","NO","NO","NO","PPT"
"Estonia","Moldova","Original","1998","1999","In Force","0.25","0.38","0.09","0.29","0.19","6","NO","NO","YES","YES","NO","NO","NO","NO","YES","","10","","10","10","10","10","10","10","0","NO","NO","YES","NO","NO","NO","NO","NA"
"Estonia","North Macedonia","Original","2008","2010","In Force","0.16","0.16","0.19","0.13","0.12","12","NO","NO","YES","YES","NO","NO","YES","NO","NO","NO","0","25","5","5","5","5","5","5","0","YES","NO","NO","NO","NO","NO","NO","NA"
"Estonia","India","Original","2011","2013","In Force","0.61","0.5","0.83","0.5","0.68","9","YES","6","NO","NO","YES","NO","YES","NO","YES","NO","10","","10","10","10","10","10","10","10","YES","YES","YES","NO","NO","NO","YES","PPT"
"Estonia","Turkmenistan","Original","2011","2014","In Force","0.27","0.38","0.31","0.13","0.18","12","NO","6","YES","YES","NO","NO","YES","NO","NO","NO","10","","10","10","10","10","10","10","0","YES","NO","NO","NO","NO","NO","NO","NA"
"Estonia","Thailand","Original","2012","2014","In Force","0.49","0.37","0.72","0.38","0.53","6","YES","NO","NO","NO","YES","NO","YES","NO","NO","YES","10","","10","10","10","10","10","8","0","YES","NO","YES","NO","NO","NO","NO","NA"
"Estonia","Uzbekistan","Original","2012","2014","In Force","0.24","0.28","0.2","0.25","0.21","9","NO","6","YES","YES","NO","NO","NO","NO","NO","NO","5","25","10","5","5","10","10","10","0","YES","NO","YES","NO","NO","NO","NO","PPT"
"Estonia","Mexico","Original","2012","2014","In Force","0.4","0.22","0.34","0.63","0.47","6","YES","6","YES","YES","NO","NO","NO","YES","NO","NO","0","","0","10","4.9","10","10","10","0","YES","YES","YES","NO","YES","NO","YES","NA"
"Estonia","Vietnam","Original","2015","2017","In Force","0.64","0.44","0.84","0.63","0.76","6","YES","6","NO","NO","YES","NO","YES","YES","YES","NO","5","70","10","10","10","10","10","10","7.5","YES","NO","YES","NO","YES","NO","YES","NA"
"Estonia","Kyrgyzstan","Original","2017","2019","In Force","0.24","0.28","0.31","0.13","0.18","12","NO","6","YES","YES","NO","NO","YES","NO","NO","NO","5","20","10","10","10","5","5","5","0","YES","NO","NO","NO","NO","YES","NO","NA"
"Estonia","Georgia","Amended by protocol","2010","2012","In Force","0.11","0","0.08","0.25","0.15","9","NO","NO","YES","YES","NO","NO","NO","NO","NO","NO","0","25","0","0","0","0","0","0","0","YES","NO","YES","NO","NO","NO","NO","NA"
"Eswatini","Lesotho","Original","2019","2020","In Force","0.66","0.52","0.84","0.63","0.76","6","YES","3","NO","NO","NO","YES","YES","NO","YES","NO","10","25","12.5","10","10","10","10","10","10","YES","NO","YES","YES","YES","NO","YES","PPT"
"Mauritius","Eswatini","Original","1994","1995","In Force","0.32","0.25","0.47","0.25","0.35","6","YES","6","YES","YES","YES","NO","NO","NO","YES","NO","7.5","","7.5","5","5","7.5","7.5","7.5","0","NO","NO","YES","NO","NO","NO","NO","NA"
"Seychelles","Eswatini","Original","2012","2015","In Force","0.6","0.45","0.84","0.5","0.71","6","YES","3","NO","NO","YES","YES","NO","NO","YES","NO","7.5","25","10","7.5","7.5","10","10","10","10","YES","NO","YES","NO","YES","NO","YES","NA"
"South Africa","Eswatini","Original","2004","2005","In Force","0.53","0.49","0.72","0.38","0.59","6","YES","3","NO","NO","YES","NO","NO","NO","NO","NO","10","25","15","10","10","10","10","0","10","YES","NO","YES","NO","YES","NO","YES","NA"
"Eswatini","Taiwan","Original","1998","2000","In Force","0.34","0.46","0.31","0.25","0.29","12","YES","6","YES","YES","NO","NO","NO","NO","NO","NO","10","","10","10","10","10","10","0","10","NO","NO","YES","NO","YES","NO","NO","NA"
"Eswatini","United Kingdom","Original","1968","1968","In Force","0.17","0.25","0.06","0.2","0.07","12","NO","NO","YES","YES","NO","NO","NO","NO","NO","NO","15","","15","","","0","0","0","0","","","YES","","NO","NO","NO","NA"
"Ethiopia","France","Original","2006","2008","In Force","0.33","0.28","0.34","0.38","0.35","6","NO","NO","YES","YES","NO","YES","YES","NO","NO","NO","10","","10","5","5","7.5","7.5","7.5","0","YES","NO","YES","NO","YES","NO","NO","NA"
"Ethiopia","India","Original","2011","2013","In Force","0.6","0.47","0.84","0.5","0.71","6","YES","6","NO","NO","YES","NO","YES","NO","YES","NO","7.5","","7.5","10","10","10","10","10","10","YES","YES","YES","NO","NO","NO","YES","PPT"
"Ethiopia","Israel","Original","2004","2008","In Force","0.24","0.26","0.08","0.38","0.21","9","NO","NO","YES","YES","NO","NO","NO","NO","NO","NO","5","10","15","10","5","5","5","0","0","YES","YES","YES","NO","NO","NO","NO","NA"
"Ethiopia","Italy","Original","1997","1997","In Force","0.41","0.5","0.47","0.25","0.35","6","YES","NO","YES","YES","YES","YES","NO","NO","NO","NO","10","","10","10","10","20","20","20","0","NO","NO","YES","NO","YES","NO","NO","NA"
"Ethiopia","Kuwait","Original","1996","2000","In Force","0.38","0.29","0.61","0.25","0.41","3","YES","3","YES","YES","YES","NO","YES","NO","YES","NO","5","","5","5","5","30","30","0","0","NO","NO","YES","NO","NO","NO","NO","NA"
"Ethiopia","Portugal","Original","2013","2017","In Force","0.35","0.34","0.34","0.38","0.41","6","NO","NO","YES","YES","NO","YES","YES","NO","NO","NO","5","25","10","10","10","5","5","5","5","YES","NO","YES","NO","YES","NO","NO","PPT"
"Ethiopia","Seychelles","Original","2012","2014","In Force","0.33","0.28","0.47","0.25","0.41","6","YES","NO","YES","YES","NO","YES","YES","NO","NO","NO","5","","5","5","5","5","5","5","7.5","NO","NO","YES","NO","YES","NO","NO","NA"
"Ethiopia","South Africa","Original","2004","2007","In Force","0.54","0.39","0.84","0.38","0.59","6","YES","6","NO","NO","YES","YES","NO","YES","NO","NO","10","","10","8","8","20","20","0","0","YES","NO","YES","NO","NO","NO","NO","NA"
"Ethiopia","Tunisia","Original","2003","2008","In Force","0.36","0.25","0.7","0.13","0.38","9","YES","NO","NO","YES","YES","YES","YES","NO","NO","NO","5","","5","10","10","5","5","5","0","NO","NO","YES","NO","NO","NO","NO","NA"
"Ethiopia","Turkey","Original","2005","2008","In Force","0.26","0.33","0.19","0.25","0.18","12","NO","NO","YES","YES","NO","NO","YES","YES","NO","NO","10","","10","10","10","10","10","0","0","NO","NO","YES","NO","NO","NO","NO","NA"
"Ethiopia","United Kingdom","Original","2011","2013","In Force","0.38","0.28","0.47","0.38","0.41","6","NO","6","YES","YES","NO","YES","YES","NO","NO","NO","10","","10","5","5","7.5","7.5","7.5","0","YES","NO","YES","NO","YES","NO","NO","NA"
"Ethiopia","Saudi Arabia","Original","2013","2017","In Force","0.55","0.31","0.72","0.63","0.71","6","YES","NO","NO","NO","YES","NO","YES","YES","YES","NO","5","","5","5","5","7.5","7.5","7.5","7.5","NO","YES","YES","NO","YES","NO","NO","NA"
"Ethiopia","Ireland","Original","2014","2017","In Force","0.25","0.17","0.22","0.38","0.29","6","NO","NO","YES","YES","NO","NO","YES","NO","NO","NO","5","","5","5","5","5","5","0","0","YES","NO","YES","NO","YES","NO","NO","NA"
"Ethiopia","Romania","Original","2003","2009","In Force","0.41","0.5","0.34","0.38","0.35","6","NO","NO","YES","YES","NO","YES","YES","YES","NO","NO","10","","10","15","15","15","15","15","0","NO","NO","YES","NO","YES","NO","NO","NA"
"Ethiopia","United Arab Emirates","Original","2015","2018","In Force","0.32","0.15","0.58","0.25","0.38","9","YES","6","YES","YES","YES","YES","NO","NO","NO","NO","5","","5","5","5","0","5","0","0","YES","NO","YES","NO","NO","NO","NO","NA"
"Ethiopia","Poland","Original","2015","2018","In Force","0.4","0.5","0.33","0.38","0.38","9","NO","NO","YES","YES","NO","YES","YES","NO","NO","NO","10","","10","10","10","10","10","10","10","YES","NO","YES","NO","YES","NO","NO","PPT"
"Ethiopia","South Korea","Original","2016","2018","In Force","0.27","0.24","0.19","0.38","0.24","12","NO","NO","YES","YES","NO","NO","YES","NO","NO","NO","5","25","8","7.5","7.5","5","5","5","0","YES","NO","YES","NO","YES","NO","YES","PARTIAL"
"Ethiopia","Singapore","Original","2016","2018","In Force","0.34","0.19","0.47","0.38","0.41","6","YES","NO","YES","YES","NO","YES","YES","NO","NO","NO","5","","5","5","5","5","5","5","0","YES","NO","YES","NO","YES","NO","NO","NA"
"Ethiopia","Slovakia","Original","2016","2019","In Force","0.4","0.22","0.59","0.38","0.47","6","YES","6","YES","YES","NO","YES","YES","YES","NO","NO","5","10","10","5","5","5","5","5","0","NO","NO","YES","NO","YES","NO","NO","OTHER"
"Ethiopia","Morocco","Original","2016","2019","In Force","0.48","0.34","0.47","0.63","0.53","6","YES","NO","YES","YES","NO","YES","YES","YES","YES","NO","5","25","10","10","10","10","10","10","0","YES","NO","YES","NO","YES","NO","YES","NA"
"Ethiopia","Netherlands","Amended by protocol","2014","2017","In Force","0.26","0.2","0.22","0.38","0.29","6","NO","NO","YES","YES","NO","NO","YES","NO","NO","NO","5","10","10","5","5","5","5","0","0","YES","NO","YES","NO","YES","YES","YES","LOB"
"Faroe Islands","India","Original","1989","1990","In Force","0.82","0.88","0.72","0.88","0.82","6","YES","NO","NO","NO","YES","NO","YES","YES","YES","NO","15","25","25","15","10","20","20","20","20","YES","YES","YES","YES","YES","NO","YES","NA"
"Fiji","Papua New Guinea","Original","1998","1999","In Force","0.65","0.71","0.85","0.38","0.65","4","YES","4","NO","NO","YES","NO","YES","YES","NO","NO","17","","17","10","10","15","15","15","15","NO","NO","YES","NO","YES","NO","NO","NA"
"Fiji","India","Original","2014","2015","In Force","0.64","0.44","0.97","0.5","0.76","6","YES","6","NO","NO","YES","YES","YES","NO","NO","NO","5","","5","10","10","10","10","10","10","YES","YES","YES","NO","YES","NO","YES","PPT"
"Finland","Philippines","Original","1978","1982","In Force","0.7","0.64","0.72","0.75","0.71","6","YES","6","YES","YES","YES","YES","YES","YES","YES","YES","15","10","NO LIMIT","15","15","25","15","25","0","YES","NO","YES","NO","YES","NO","NO","NA"
"Finland","Tanzania","Original","1976","1979","In Force","0.43","0.94","0.09","0.25","0.24","6","NO","NO","YES","YES","NO","NO","NO","NO","NO","YES","20","","20","15","15","20","20","20","20","NO","NO","YES","NO","NO","NO","NO","NA"
"Finland","Zambia","Original","1978","1986","In Force","0.47","0.44","0.59","0.38","0.47","6","YES","3","YES","YES","YES","YES","NO","NO","NO","NO","5","25","15","15","15","15","0","15","0","YES","NO","YES","NO","YES","NO","NO","NA"
"Finland","Kosovo","Pre-independence","1986","1988","In Force","0.15","0.25","0.06","0.13","0.06","12","NO","NO","YES","YES","NO","NO","NO","NO","NO","NO","5","25","15","0","0","10","10","10","0","NO","NO","YES","NO","NO","NO","NO","NA"
"Finland","Indonesia","Original","1987","1990","In Force","0.64","0.45","0.97","0.5","0.71","6","YES","3","NO","NO","YES","YES","YES","YES","NO","NO","10","25","15","10","10","15","10","15","0","YES","NO","YES","NO","YES","NO","NO","NA"
"Finland","North Macedonia","Original","2001","2003","In Force","0.18","0.22","0.06","0.25","0.12","12","NO","NO","YES","YES","NO","NO","NO","NO","NO","NO","0","10","15","10","10","0","0","0","0","YES","NO","YES","NO","NO","NO","NO","NA"
"Finland","Kyrgyzstan","Original","2003","2005","In Force","0.33","0.31","0.31","0.38","0.29","12","YES","12","YES","YES","NO","NO","NO","NO","YES","NO","5","25","15","10","10","5","5","5","0","YES","NO","YES","NO","NO","NO","NO","NA"
"Finland","Morocco","Original","2006","2013","In Force","0.57","0.48","0.59","0.63","0.65","6","YES","2","YES","YES","NO","YES","YES","YES","YES","NO","7","25","10","10","10","10","10","10","10","YES","NO","YES","NO","YES","NO","YES","NA"
"Finland","Moldova","Original","2008","2009","In Force","0.27","0.24","0.44","0.13","0.24","12","YES","6","YES","YES","NO","YES","NO","NO","NO","NO","5","25","15","5","5","3","7","3","0","YES","NO","NO","NO","NO","NO","NO","NA"
"Finland","Tajikistan","Original","2012","2014","In Force","0.15","0.25","0.06","0.13","0.06","12","NO","NO","YES","YES","NO","NO","NO","NO","NO","NO","5","25","15","10","0","5","5","5","0","YES","NO","NO","NO","NO","NO","NO","PPT"
"Finland","Turkmenistan","Original","2015","2018","In Force","0.19","0.38","0.06","0.13","0.06","12","NO","NO","YES","YES","NO","NO","NO","NO","NO","NO","5","25","15","10","10","10","10","10","0","YES","NO","NO","NO","NO","NO","NO","NA"
"Finland","Sri Lanka","Original","2016","2019","In Force","0.65","0.36","0.97","0.63","0.76","6","YES","6","NO","NO","YES","YES","YES","NO","YES","YES","7.5","25","10","10","10","10","10","10","0","YES","NO","YES","NO","YES","NO","NO","PPT"
"Finland","Uzbekistan","Amended by protocol","2016","2016","In Force","0.31","0.23","0.2","0.5","0.32","9","NO","9","YES","YES","NO","NO","NO","YES","YES","NO","5","10","15","5","5","0","10","0","0","YES","NO","YES","NO","NO","NO","YES","NA"
"Finland","Vietnam","Amended by MLI","2022","2024","In Force","0.71","0.41","0.97","0.75","0.82","6","YES","6","NO","NO","YES","YES","YES","YES","YES","NO","10","25","15","10","10","10","10","10","0","YES","YES","YES","NO","YES","NO","NO","PPT"
"Finland","Thailand","Amended by MLI","2022","2023","In Force","0.73","0.59","0.97","0.63","0.76","6","YES","6","NO","NO","YES","YES","YES","NO","NO","YES","15","25","NO LIMIT","25","10","15","15","15","0","YES","YES","YES","NO","YES","NO","NO","PPT"
"Finland","South Africa","Amended by MLI","2017","2023","In Force","0.19","0.13","0.19","0.25","0.18","12","YES","NO","YES","YES","NO","NO","NO","NO","NO","NO","5","10","15","0","0","0","0","0","0","YES","NO","YES","NO","NO","NO","NO","PPT"
"Finland","Georgia","Amended by MLI","2017","2020","In Force","0.14","0.06","0.09","0.25","0.18","6","NO","NO","YES","YES","NO","NO","NO","NO","NO","NO","0","50","10","0","0","0","0","0","0","YES","NO","YES","NO","NO","NO","NO","PPT"
"Finland","India","Amended by MLI","2017","2020","In Force","0.7","0.5","0.97","0.63","0.82","6","YES","6","NO","NO","YES","YES","YES","NO","YES","NO","10","","10","10","10","10","10","10","10","YES","YES","YES","NO","YES","NO","YES","PPT"
"Finland","Mexico","Amended by MLI","2017","2024","In Force","0.43","0.31","0.34","0.63","0.47","6","YES","NO","YES","YES","NO","YES","NO","NO","YES","NO","0","","0","15","15","10","10","10","0","YES","YES","YES","NO","YES","NO","NO","PPT"
"Finland","Pakistan","Amended by MLI","2017","2022","In Force","0.53","0.61","0.47","0.5","0.53","6","YES","6","YES","YES","NO","NO","YES","NO","NO","YES","12","25","20","15","10","10","10","10","10","YES","NO","YES","NO","YES","NO","NO","PPT"
"Finland","Ukraine","Amended by MLI","2018","2020","In Force","0.41","0.29","0.56","0.38","0.41","12","YES","NO","NO","NO","YES","NO","NO","NO","YES","NO","5","20","15","10","10","0","10","0","0","YES","NO","YES","NO","NO","NO","NO","PPT"
"France","Ghana","Original","1993","1998","In Force","0.37","0.53","0.22","0.38","0.35","6","YES","NO","YES","YES","NO","NO","NO","NO","YES","NO","7.5","10","15","12.5","12.5","12.5","12.5","0","10","YES","NO","YES","NO","NO","NO","NO","NA"
"France","Guinea","Original","1999","2005","In Force","0.21","0.29","0.09","0.25","0.18","6","NO","NO","YES","YES","NO","NO","NO","NO","NO","NO","15","","15","10","0","10","0","0","0","YES","NO","YES","NO","NO","NO","YES","NA"
"France","Kenya","Original","2007","2011","In Force","0.46","0.4","0.22","0.75","0.47","6","NO","NO","YES","YES","NO","YES","NO","YES","NO","YES","10","","10","12","12","10","10","10","0","YES","NO","YES","YES","YES","NO","NO","NA"
"France","Madagascar","Original","1983","1983","In Force","0.55","0.64","0.75","0.25","0.53","0","NO","NO","NO","NO","YES","YES","YES","NO","NO","NO","15","25","25","15","15","15","10","0","10","YES","NO","YES","NO","NO","NO","YES","NA"
"France","Mongolia","Original","1996","1999","In Force","0.17","0.21","0.06","0.25","0.12","12","NO","NO","YES","YES","NO","NO","NO","NO","NO","NO","5","10","15","10","0","5","0","0","0","YES","NO","YES","NO","NO","NO","NO","NA"
"France","Nigeria","Original","1990","1992","In Force","0.56","0.48","0.36","0.83","0.53","3","YES","NO","YES","YES","YES","NO","NO","YES","YES","YES","12.5","10","15","12.5","12.5","12.5","12.5","12.5","0","","","YES","NO","YES","NO","NO","NA"
"France","Sri Lanka","Original","1981","1982","In Force","0.48","0.35","0.59","0.5","0.53","6","YES","NO","YES","NO","YES","YES","NO","NO","NO","YES","15","","15","10","10","10","0","0","0","","","YES","NO","YES","NO","NO","NA"
"France","Zimbabwe","Original","1993","1996","In Force","0.29","0.53","0.09","0.25","0.24","6","NO","NO","YES","YES","NO","NO","NO","NO","NO","NO","10","25","15","10","10","10","10","10","10","YES","NO","YES","NO","NO","NO","NO","NA"
"France","Lebanon","Original","1962","1963","In Force","0.39","0.33","0.47","0.38","0.41","6","NO","NO","YES","YES","YES","YES","YES","NO","NO","YES","0","","0","","","NO LIMIT","NO LIMIT","NO LIMIT","0","NO","NO","YES","NO","YES","NO","NO","NA"
"France","Malawi","Pre-independence","1963","1962","In Force","0.21","0","0.29","0.33","0.27","","NO","NO","NO","NO","NO","NO","NO","NO","","NO","0","","0","0","0","0","0","0","0","","","YES","","","NO","NO","NA"
"France","Zambia","Pre-independence","1963","1962","In Force","0.21","0","0.29","0.33","0.27","","NO","NO","NO","NO","NO","NO","NO","NO","","NO","0","","0","0","0","0","0","0","0","","","YES","","","NO","NO","NA"
"France","Togo","Original","1971","1971","In Force","0.43","0.5","0.63","0.17","0.4","0","NO","NO","NO","NO","YES","YES","NO","NO","NO","NO","NO LIMIT","","NO LIMIT","NO LIMIT","NO LIMIT","0","0","0","0","","","YES","NO","NO","NO","YES","NA"
"France","Mali","Original","1972","1975","In Force","0.43","0.5","0.63","0.17","0.4","0","NO","NO","NO","NO","YES","YES","NO","NO","NO","NO","NO LIMIT","","NO LIMIT","NO LIMIT","NO LIMIT","0","0","0","0","","","YES","NO","NO","NO","YES","NA"
"France","Iran","Original","1973","1976","In Force","0.29","0.53","0.09","0.25","0.18","6","NO","NO","YES","YES","NO","NO","NO","NO","NO","NO","15","25","20","15","15","10","10","10","0","YES","NO","YES","NO","NO","NO","NO","NA"
"France","Kosovo","Pre-independence","1974","1975","In Force","0.15","0.13","0.06","0.25","0.12","12","NO","NO","YES","YES","NO","NO","NO","NO","NO","NO","5","25","15","0","0","0","0","0","0","YES","NO","YES","NO","NO","NO","NO","NA"
"France","Indonesia","Original","1979","1981","In Force","0.55","0.44","0.97","0.25","0.59","6","YES","6","NO","NO","YES","YES","YES","NO","NO","NO","10","25","15","15","10","10","10","10","0","YES","NO","YES","NO","NO","NO","NO","NA"
"France","Moldova","Pre-independence","1985","1988","In Force","0.17","0.25","0.13","0.14","0.13","24","NO","NO","YES","NO","NO","NO","NO","NO","NO","NO","15","","15","10","0","0","0","0","0","YES","NO","NO","","NO","NO","NO","NA"
"France","Turkmenistan","Pre-independence","1985","1988","In Force","0.15","0.31","0.13","0","0.07","24","NO","NO","YES","NO","NO","NO","NO","NO","NO","NO","15","","15","10","10","0","0","0","0","","","NO","NO","NO","NO","NO","NA"
"France","Trinidad and Tobago","Original","1987","1990","In Force","0.33","0.49","0.34","0.17","0.33","6","NO","NO","YES","YES","YES","NO","YES","NO","NO","NO","10","10","15","10","10","10","0","10","10","","","YES","NO","NO","NO","NO","NA"
"France","Venezuela","Original","1992","1994","In Force","0.17","0.16","0.06","0.29","0.13","12","NO","NO","YES","YES","NO","NO","NO","NO","NO","NO","0","10","5","5","5","5","5","5","0","YES","NO","YES","","NO","NO","NO","NA"
"France","Gabon","Original","1995","2009","In Force","0.27","0.33","0.09","0.38","0.24","6","NO","NO","YES","YES","NO","NO","NO","NO","NO","NO","15","","15","10","0","10","0","10","0","YES","YES","YES","NO","NO","NO","YES","NA"
"France","Uzbekistan","Original","1996","2004","In Force","0.19","0.13","0.06","0.38","0.18","12","NO","NO","YES","YES","NO","NO","NO","NO","YES","NO","5","10","10","5","0","0","0","0","0","YES","NO","YES","NO","NO","NO","YES","NA"
"France","Namibia","Original","1996","2000","In Force","0.22","0.31","0.09","0.25","0.18","6","NO","NO","YES","YES","NO","NO","NO","NO","NO","NO","5","10","15","10","0","10","10","10","0","YES","NO","YES","NO","NO","NO","NO","NA"
"France","North Macedonia","Original","1999","2005","In Force","0.14","0.09","0.06","0.25","0.12","12","NO","NO","YES","YES","NO","NO","NO","NO","NO","NO","0","10","15","0","0","0","0","0","0","YES","NO","YES","NO","NO","NO","NO","NA"
"France","Libya","Original","2005","2009","In Force","0.22","0.18","0.11","0.38","0.24","3","NO","NO","YES","YES","NO","NO","NO","NO","NO","NO","5","10","10","0","0","10","0","10","0","YES","YES","YES","NO","NO","NO","NO","NA"
"France","Mauritania","Amended by protocol","1994","1994","In Force","0.43","0.5","0.63","0.17","0.4","0","NO","NO","NO","NO","YES","YES","NO","NO","NO","NO","NO LIMIT","","NO LIMIT","NO LIMIT","NO LIMIT","0","0","0","0","","","YES","NO","NO","NO","YES","NA"
"France","Morocco","Amended by protocol","1989","1990","In Force","0.3","0.48","0.29","0.14","0.2","","NO","NO","YES","YES","YES","YES","NO","NO","","NO","15","","15","15","15","10","5","10","0","NO","NO","YES","NO","NO","NO","YES","NA"
"France","Syria","Amended by protocol","2004","2010","In Force","0.23","0.34","0.09","0.25","0.18","6","NO","NO","YES","YES","NO","NO","NO","NO","NO","NO","0","10","15","10","0","15","15","15","0","YES","NO","YES","NO","NO","NO","NO","NA"
"France","Philippines","Amended by protocol","2011","2012","In Force","0.71","0.66","0.72","0.75","0.71","6","YES","6","YES","YES","YES","YES","YES","YES","YES","YES","15","10","25","15","15","25","25","25","0","YES","NO","YES","NO","YES","NO","NO","NA"
"France","Niger","Amended by protocol","1973","1974","In Force","0.43","0.5","0.63","0.17","0.4","0","NO","NO","NO","NO","YES","YES","NO","NO","NO","NO","NO LIMIT","","NO LIMIT","NO LIMIT","NO LIMIT","0","0","0","0","","","YES","NO","NO","NO","YES","NA"
"France","Vietnam","Amended by MLI","2022","2024","In Force","0.28","0.38","0.22","0.25","0.24","6","NO","NO","YES","YES","NO","NO","YES","NO","NO","NO","10","25","15","","","10","10","10","0","YES","NO","YES","NO","NO","NO","NO","PPT"
"France","Thailand","Amended by MLI","2022","2023","In Force","0.47","0.55","0.36","0.5","0.41","3","NO","NO","YES","YES","YES","NO","YES","NO","NO","YES","15","25","NO LIMIT","NO LIMIT","10","15","5","15","0","YES","NO","YES","NO","YES","NO","NO","PPT"
"France","South Africa","Amended by MLI","2017","2023","In Force","0.15","0.13","0.06","0.25","0.12","12","NO","NO","YES","YES","NO","NO","NO","NO","NO","NO","5","10","15","0","0","0","0","0","0","YES","NO","YES","NO","NO","NO","NO","PPT"
"France","Georgia","Amended by MLI","2017","2020","In Force","0.15","0.09","0.09","0.25","0.18","6","NO","NO","YES","YES","NO","NO","NO","NO","NO","NO","5","10","10","0","0","0","0","0","0","YES","NO","YES","NO","NO","NO","NO","PPT"
"France","India","Amended by MLI","2017","2020","In Force","0.6","0.59","0.59","0.63","0.65","6","NO","NO","NO","NO","YES","NO","YES","NO","YES","NO","15","","15","15","10","10","10","10","10","YES","YES","YES","NO","YES","NO","NO","PPT"
"France","Jordan","Amended by MLI","2019","2021","In Force","0.29","0.36","0.22","0.29","0.25","6","NO","NO","YES","YES","NO","NO","YES","NO","NO","","5","10","15","15","0","15","5","15","0","NO","NO","YES","NO","YES","NO","NO","PPT"
"France","Mauritius","Amended by MLI","2017","2021","In Force","0.41","0.5","0.34","0.38","0.35","6","YES","NO","YES","YES","NO","NO","YES","NO","NO","NO","5","10","15","NO LIMIT","NO LIMIT","15","0","15","0","YES","YES","YES","NO","NO","YES","NO","PPT"
"France","Mexico","Amended by MLI","2017","2024","In Force","0.45","0.31","0.47","0.57","0.5","6","YES","NO","YES","YES","NO","YES","YES","YES","YES","NO","0","","0","15","15","15","0","15","0","YES","NO","YES","NO","","NO","NO","PPT"
"France","Pakistan","Amended by MLI","2017","2022","In Force","0.63","0.53","0.59","0.75","0.71","6","NO","NO","NO","NO","YES","NO","YES","NO","YES","NO","10","10","15","10","10","10","10","10","10","YES","YES","YES","YES","YES","NO","NO","PPT"
"France","Senegal","Amended by MLI","2017","2023","In Force","0.5","0.5","0.75","0.25","0.47","0","NO","NO","NO","NO","YES","YES","YES","NO","NO","NO","15","","15","15","15","15","0","15","0","YES","NO","YES","NO","NO","NO","YES","PPT"
"France","Tunisia","Amended by MLI","2018","2024","In Force","0.44","0.57","0.47","0.29","0.38","6","YES","NO","YES","YES","NO","YES","YES","NO","NO","NO","NO LIMIT","","NO LIMIT","12","12","15","5","20","0","YES","","YES","NO","NO","NO","NO","PPT"
"France","Ukraine","Amended by MLI","2018","2020","In Force","0.27","0.24","0.19","0.38","0.24","12","NO","NO","YES","YES","NO","NO","YES","NO","YES","NO","5","20","15","10","2","0","10","0","0","YES","NO","YES","NO","NO","NO","YES","PPT"
"Gabon","Morocco","Original","1999","2009","In Force","0.39","0.44","0.34","0.38","0.35","6","NO","NO","YES","YES","NO","YES","YES","NO","YES","NO","15","","15","10","10","10","10","10","0","YES","NO","YES","NO","NO","NO","NO","NA"
"Gabon","South Korea","Original","2010","2016","In Force","0.27","0.38","0.31","0.13","0.18","12","YES","NO","YES","YES","NO","NO","YES","NO","NO","NO","5","25","15","10","10","10","10","10","0","YES","NO","NO","NO","NO","NO","YES","NA"
"Gabon","Saudi Arabia","Original","2015","2022","In Force","","","","","","","","","","","","","","","","","","","","","","","","","","","","","","","","",""
"Gambia","Norway","Original","1994","1998","In Force","0.56","0.57","0.72","0.38","0.59","6","YES","NO","NO","NO","NO","YES","YES","NO","YES","NO","5","25","15","15","15","12.5","12.5","0","12.5","NO","YES","YES","NO","NO","NO","NO","NA"
"Gambia","Sweden","Original","1993","1995","In Force","0.42","0.42","0.59","0.25","0.41","6","YES","NO","NO","NO","NO","NO","YES","NO","YES","NO","5","15","15","15","15","12.5","12.5","0","0","NO","NO","YES","NO","NO","NO","NO","NA"
"Gambia","Taiwan","Original","1998","1999","In Force","0.23","0.38","0.19","0.13","0.12","12","YES","NO","YES","YES","NO","NO","NO","NO","NO","NO","10","","10","10","10","10","10","10","0","NO","NO","YES","NO","NO","NO","NO","NA"
"Gambia","United Kingdom","Original","1980","1980","In Force","0.35","0.53","0.34","0.17","0.33","6","NO","NO","NO","NO","NO","NO","NO","NO","YES","NO","0","","0","15","15","12.5","12.5","12.5","15","NO","NO","NO","","","NO","NO","NA"
"Gambia","Turkey","Original","2014","2019","In Force","0.17","0.33","0.06","0.13","0.06","12","NO","NO","YES","YES","NO","NO","NO","NO","NO","NO","5","10","15","10","10","10","10","0","0","NO","NO","YES","NO","NO","NO","YES","NA"
"Gambia","Switzerland","Pre-independence","1963","1961","In Force","0.16","0","0.31","0.17","0.2","12","NO","NO","NO","NO","NO","NO","NO","NO","NO","NO","0","","0","0","0","","","","0","NO","NO","YES","","","NO","NO","NA"
"Georgia","Hong Kong","Original","2020","2022","In Force","0.13","0.17","0.09","0.13","0.12","6","NO","NO","YES","YES","NO","NO","NO","NO","NO","NO","5","","5","5","5","5","5","0","0","YES","NO","NO","NO","NO","NO","NO","PPT"
"Georgia","Japan","Original","2021","2022","In Force","0.24","0.13","0.47","0.13","0.29","6","NO","NO","NO","NO","NO","NO","YES","NO","NO","NO","5","","5","5","5","0","0","0","0","YES","NO","NO","NO","NO","NO","YES","LOB-PPT"
"Georgia","United States","Pre-independence","1973","1976","In Force","0.1","0.17","0.14","0","0.08","","NO","NO","YES","NO","NO","NO","NO","NO","NO","NO","","","","0","NO LIMIT","0","0","0","0","","","NO","","","NO","NO","NA"
"Georgia","Malaysia","Pre-independence","1987","1989","In Force","0.38","0.33","0.69","0.13","0.35","12","YES","NO","NO","NO","YES","NO","YES","NO","NO","NO","0","","0","15","15","10","15","10","0","NO","NO","NO","NO","YES","NO","NO","NA"
"Georgia","Uzbekistan","Original","1996","1998","In Force","","","","","","","","","","","","","","","","","","","","","","","","","","","","","","","","",""
"Georgia","Iran","Original","1996","2002","In Force","0.36","0.28","0.56","0.25","0.35","12","YES","NO","NO","NO","NO","NO","YES","NO","NO","NO","5","25","10","10","10","5","5","5","0","YES","NO","YES","NO","NO","NO","YES","NA"
"Georgia","Ukraine","Original","1997","2000","In Force","0.34","0.34","0.31","0.38","0.29","12","NO","NO","NO","NO","NO","NO","NO","NO","YES","NO","5","25","10","10","10","10","10","10","0","YES","NO","YES","NO","NO","NO","NO","NA"
"Georgia","Kazakhstan","Original","1997","2001","In Force","","","","","","","","","","","","","","","","","","","","","","","","","","","","","","","","",""
"Georgia","Turkmenistan","Original","1997","2001","In Force","0.61","0.38","0.97","0.5","0.71","6","YES","6","NO","NO","YES","YES","YES","NO","NO","NO","10","","10","10","10","10","10","10","0","YES","YES","YES","NO","YES","NO","YES","NA"
"Georgia","Romania","Original","1997","2000","In Force","0.37","0.29","0.45","0.38","0.38","9","YES","9","YES","YES","NO","YES","NO","NO","NO","NO","8","","8","10","10","5","5","5","0","YES","NO","YES","NO","YES","NO","NO","NA"
"Georgia","Poland","Original","1999","2007","In Force","","","","","","","","","","","","","","","","","","","","","","","","","","","","","","","","",""
"Georgia","Italy","Original","2000","2005","In Force","0.1","0.09","0.09","0.13","0.12","6","NO","NO","YES","YES","NO","NO","NO","NO","NO","NO","5","25","10","0","0","0","0","0","0","NO","NO","YES","NO","NO","NO","NO","NA"
"Georgia","Turkey","Original","2007","2011","In Force","0.19","0.38","0.06","0.13","0.06","12","NO","NO","YES","YES","NO","NO","NO","NO","NO","NO","10","","10","10","10","10","10","10","0","NO","NO","YES","NO","NO","NO","NO","NA"
"Georgia","Kuwait","Original","2009","2014","In Force","0.29","0.16","0.47","0.25","0.35","6","YES","NO","YES","YES","YES","NO","YES","NO","YES","NO","0","","5","0","0","10","10","10","0","NO","NO","YES","NO","NO","NO","NO","NA"
"Georgia","Malta","Original","2009","2010","In Force","0.11","0","0.09","0.25","0.18","6","NO","NO","YES","YES","NO","NO","NO","NO","NO","NO","0","","0","0","0","0","0","0","0","YES","NO","YES","NO","NO","NO","NO","NA"
"Georgia","Spain","Original","2010","2012","In Force","0.18","0.06","0.09","0.38","0.24","6","NO","NO","YES","YES","NO","NO","NO","NO","NO","NO","0","10","10","0","0","0","0","0","0","YES","YES","YES","NO","NO","NO","NO","PARTIAL"
"Georgia","Switzerland","Original","2010","2012","In Force","0.09","0.06","0.09","0.13","0.12","6","NO","NO","YES","YES","NO","NO","NO","NO","NO","NO","0","10","10","0","0","0","0","0","0","NO","NO","YES","NO","NO","NO","NO","NA"
"Georgia","United Arab Emirates","Original","2010","2012","In Force","0.2","0","0.34","0.25","0.29","6","YES","6","YES","YES","NO","NO","NO","NO","NO","NO","0","","0","0","0","0","0","0","0","NO","NO","YES","NO","YES","NO","NO","NA"
"Georgia","Qatar","Original","2010","2012","In Force","0.24","0","0.59","0.13","0.35","6","YES","6","YES","YES","NO","YES","YES","NO","NO","NO","0","","0","0","0","0","0","0","0","NO","NO","YES","NO","NO","NO","NO","NA"
"Georgia","Sweden","Original","2013","2015","In Force","0.13","0.06","0.19","0.13","0.12","12","YES","NO","YES","YES","NO","NO","NO","NO","NO","NO","0","10","10","0","0","0","0","0","0","YES","NO","NO","NO","NO","NO","NO","OTHER"
"Georgia","Moldova","Original","2017","2019","In Force","0.18","0.19","0.22","0.13","0.18","6","NO","3","YES","YES","NO","NO","NO","NO","NO","NO","5","","5","5","5","5","5","5","0","YES","NO","NO","NO","NO","NO","YES","NA"
"Georgia","Saudi Arabia","Original","2018","2020","In Force","0.43","0.31","0.47","0.5","0.53","6","YES","6","YES","YES","YES","NO","NO","YES","YES","NO","5","","5","5","5","8","8","5","8","NO","YES","YES","NO","NO","NO","NO","PPT"
"Georgia","Germany","Amended by protocol","2014","2015","In Force","0.14","0.06","0.09","0.25","0.18","6","NO","NO","YES","YES","NO","NO","NO","NO","NO","NO","0","50","10","0","0","0","0","0","0","YES","NO","YES","NO","NO","NO","YES","NA"
"Georgia","Luxembourg","Amended by MLI","2017","2020","In Force","0.09","0.06","0.09","0.13","0.12","6","NO","NO","YES","YES","NO","NO","NO","NO","NO","NO","0","50","10","0","0","0","0","0","0","NO","NO","YES","NO","NO","NO","NO","PPT"
"Georgia","Greece","Amended by MLI","2017","2022","In Force","0.2","0.26","0.08","0.25","0.15","9","NO","NO","YES","YES","NO","NO","NO","NO","NO","NO","8","","8","8","8","5","5","5","0","NO","NO","YES","NO","YES","NO","NO","PPT"
"Georgia","Hungary","Amended by MLI","2017","2022","In Force","0.11","0.03","0.06","0.25","0.12","12","NO","NO","YES","YES","NO","NO","NO","NO","NO","NO","0","25","5","0","0","0","0","0","0","YES","NO","YES","NO","NO","NO","NO","PPT"
"Georgia","Iceland","Amended by MLI","2017","2020","In Force","0.1","0.22","0.09","0","0.06","6","NO","NO","YES","YES","NO","NO","NO","NO","NO","NO","5","25","10","5","5","5","5","5","0","NO","NO","NO","NO","NO","NO","YES","PPT"
"Georgia","Ireland","Amended by MLI","2017","2020","In Force","0.14","0.06","0.09","0.25","0.18","6","NO","NO","YES","YES","NO","NO","NO","NO","NO","NO","0","50","10","0","0","0","0","0","0","YES","YES","NO","NO","NO","NO","NO","PPT"
"Georgia","Norway","Amended by MLI","2017","2020","In Force","0.1","0.09","0.22","0","0.12","6","NO","6","YES","YES","NO","NO","NO","NO","NO","NO","5","10","10","0","0","0","0","0","0","NO","NO","NO","NO","NO","NO","YES","PPT"
"Georgia","Netherlands","Amended by MLI","2017","2020","In Force","0.1","0.09","0.09","0.13","0.12","6","NO","NO","YES","YES","NO","NO","NO","NO","NO","NO","0","50","15","0","0","0","0","0","0","NO","NO","YES","NO","NO","YES","YES","PPT"
"Georgia","Portugal","Amended by MLI","2017","2021","In Force","0.2","0.28","0.08","0.25","0.15","9","NO","NO","YES","YES","NO","NO","NO","NO","NO","NO","5","25","10","10","10","5","5","5","0","YES","NO","YES","NO","NO","NO","YES","PPT"
"Georgia","Liechtenstein","Amended by MLI","2017","2021","In Force","0.07","0","0.08","0.13","0.09","9","NO","NO","YES","YES","NO","NO","NO","NO","NO","NO","0","","0","0","0","0","0","0","0","YES","NO","NO","NO","NO","YES","NO","PPT"
"Georgia","India","Amended by MLI","2017","2020","In Force","0.66","0.5","0.98","0.5","0.76","3","YES","3","NO","NO","YES","YES","YES","NO","YES","NO","10","","10","10","10","10","10","10","10","YES","YES","YES","NO","NO","NO","YES","PPT"
"Georgia","South Korea","Amended by MLI","2017","2021","In Force","0.18","0.34","0.08","0.13","0.09","9","NO","NO","YES","YES","NO","NO","NO","NO","NO","NO","5","10","10","10","10","10","10","10","0","YES","NO","NO","NO","NO","NO","YES","PPT"
"Georgia","Latvia","Amended by MLI","2017","2021","In Force","0.16","0.16","0.08","0.25","0.15","9","NO","NO","YES","YES","NO","NO","NO","NO","NO","NO","0","50","10","5","0","5","5","5","0","YES","NO","YES","NO","NO","NO","NO","PPT"
"Georgia","Lithuania","Amended by MLI","2017","2020","In Force","0.23","0.38","0.08","0.25","0.15","9","NO","NO","YES","YES","NO","NO","NO","NO","NO","NO","5","25","15","10","10","10","10","10","0","YES","NO","YES","NO","NO","NO","NO","PPT"
"Georgia","San Marino","Amended by MLI","2017","2021","In Force","0.03","0","0.09","0","0.06","6","NO","NO","YES","YES","NO","NO","NO","NO","NO","NO","0","","0","0","0","0","0","0","0","NO","NO","NO","NO","NO","NO","NO","PPT"
"Georgia","Serbia","Amended by MLI","2017","2020","In Force","0.22","0.34","0.08","0.25","0.15","9","NO","NO","YES","YES","NO","NO","NO","NO","NO","NO","5","25","10","10","10","10","10","10","0","YES","NO","YES","NO","NO","NO","NO","PPT"
"Georgia","Singapore","Amended by MLI","2017","2020","In Force","0.15","0","0.2","0.25","0.21","9","NO","6","YES","YES","NO","NO","NO","NO","NO","NO","0","","0","0","0","0","0","0","0","NO","NO","YES","NO","YES","NO","NO","PPT"
"Georgia","Slovenia","Amended by MLI","2017","2020","In Force","0.18","0.19","0.22","0.13","0.18","6","NO","NO","YES","YES","NO","NO","YES","NO","NO","NO","5","","5","5","5","5","5","5","0","YES","NO","NO","NO","NO","NO","NO","PPT"
"Georgia","Slovakia","Amended by MLI","2017","2020","In Force","0.2","0.13","0.09","0.38","0.24","6","NO","NO","YES","YES","NO","NO","NO","NO","NO","NO","0","","0","5","5","5","5","5","0","YES","NO","YES","NO","YES","NO","NO","PPT"
"Georgia","Israel","Amended by MLI","2017","2020","In Force","0.1","0.09","0.08","0.13","0.09","9","NO","NO","YES","YES","NO","NO","NO","NO","NO","NO","0","10","5","5","5","0","0","0","0","YES","NO","NO","NO","NO","NO","NO","PPT"
"Georgia","United Kingdom","Amended by MLI","2017","2020","In Force","0.06","0","0.06","0.13","0.06","12","NO","NO","YES","YES","NO","NO","NO","NO","NO","NO","0","50","0","0","0","0","0","0","0","YES","NO","NO","NO","NO","NO","NO","PPT"
"Germany","Ghana","Original","2004","2008","In Force","0.27","0.35","0.08","0.38","0.26","9","NO","NO","YES","YES","NO","NO","NO","NO","YES","NO","5","10","15","10","0","8","8","0","8","YES","NO","YES","NO","NO","NO","NO","PARTIAL"
"Germany","Kenya","Original","1977","1980","In Force","0.53","0.75","0.47","0.38","0.47","6","YES","NO","YES","YES","YES","YES","NO","YES","NO","NO","15","","15","15","15","15","15","15","15","NO","YES","YES","NO","NO","NO","NO","NA"
"Germany","Liberia","Original","1970","1970","In Force","0.38","0.51","0.34","0.29","0.31","6","NO","6","YES","YES","YES","NO","NO","NO","NO","NO","10","25","15","20","10","10","20","10","0","NO","YES","YES","NO","","NO","NO","NA"
"Germany","Mongolia","Original","1994","1997","In Force","0.19","0.34","0.09","0.13","0.12","6","NO","NO","YES","YES","NO","NO","NO","NO","NO","NO","5","10","10","10","10","10","10","10","0","NO","NO","YES","NO","NO","NO","NO","NA"
"Germany","Pakistan","Original","1994","1995","In Force","0.69","0.59","0.72","0.75","0.76","6","NO","NO","NO","NO","YES","YES","YES","YES","YES","NO","10","20","15","20","10","10","10","10","10","YES","YES","YES","NO","YES","NO","NO","NA"
"Germany","Philippines","Original","2013","2016","In Force","0.39","0.33","0.34","0.5","0.41","6","YES","6","YES","YES","NO","NO","NO","NO","YES","YES","5","70","15","10","10","10","10","0","0","YES","NO","YES","NO","NO","NO","NO","NA"
"Germany","Sri Lanka","Original","1979","1983","In Force","0.3","0.38","0.09","0.43","0.25","6","NO","NO","YES","YES","NO","NO","NO","NO","NO","YES","15","","15","10","0","10","10","10","0","NO","YES","YES","NO","","NO","NO","NA"
"Germany","Vietnam","Original","1995","1997","In Force","0.27","0.47","0.09","0.25","0.24","6","NO","NO","YES","YES","NO","NO","NO","NO","NO","NO","5","70","15","10","10","10","10","10","7.5","YES","NO","YES","NO","NO","NO","NO","NA"
"Germany","Zambia","Original","1973","1971","In Force","0.23","0.38","0.2","0.13","0.15","9","YES","NO","YES","YES","NO","NO","NO","NO","NO","NO","5","25","15","10","10","10","10","10","0","NO","NO","YES","NO","NO","NO","NO","NA"
"Germany","Zimbabwe","Original","1988","1987","In Force","0.28","0.5","0.09","0.25","0.24","6","NO","NO","YES","YES","NO","NO","NO","NO","NO","NO","10","25","20","10","10","7.5","7.5","7.5","7.5","NO","YES","YES","NO","NO","NO","NO","NA"
"Germany","Thailand","Original","1967","1967","In Force","0.35","0.55","0.36","0.14","0.25","3","NO","NO","YES","YES","YES","NO","YES","NO","NO","YES","15","25","NO LIMIT","25","10","15","5","15","0","NO","NO","NO","NO","","NO","NO","NA"
"Germany","Iran","Original","1968","1970","In Force","0.25","0.53","0.09","0.13","0.12","6","NO","NO","YES","YES","NO","NO","NO","NO","NO","NO","15","25","20","15","15","10","10","10","0","NO","NO","YES","NO","NO","NO","NO","NA"
"Germany","Morocco","Original","1972","1974","In Force","0.2","0.38","0.09","0.13","0.12","6","NO","NO","YES","YES","NO","NO","NO","NO","NO","NO","5","25","15","10","10","10","10","10","0","NO","NO","YES","NO","NO","NO","NO","NA"
"Germany","South Africa","Original","1973","1965","In Force","0.16","0.27","0.06","0.14","0.06","12","NO","NO","YES","YES","NO","NO","NO","NO","NO","NO","7.5","25","15","10","10","0","0","0","0","NO","NO","YES","","NO","NO","NO","NA"
"Germany","Trinidad and Tobago","Original","1973","1972","In Force","0.31","0.43","0.22","0.29","0.25","6","NO","NO","YES","YES","YES","NO","NO","YES","NO","NO","10","25","20","15","10","10","0","10","0","NO","NO","YES","NO","","NO","NO","NA"
"Germany","Moldova","Pre-independence","1981","1980","In Force","0.15","0.25","0.06","0.13","0.06","12","NO","NO","YES","YES","NO","NO","NO","NO","NO","NO","15","","15","5","5","0","0","0","0","NO","YES","NO","NO","NO","NO","NO","NA"
"Germany","Kosovo","Pre-independence","1987","1989","In Force","0.12","0.17","0.06","0.13","0.06","12","NO","NO","YES","YES","NO","NO","NO","NO","NO","NO","","","","0","0","10","10","10","0","NO","NO","YES","NO","NO","NO","NO","NA"
"Germany","Indonesia","Original","1990","1992","In Force","0.46","0.54","0.72","0.13","0.47","6","NO","NO","NO","NO","YES","YES","YES","NO","NO","NO","10","25","15","10","10","15","15","10","7.5","NO","NO","YES","NO","NO","NO","NO","NA"
"Germany","Namibia","Original","1993","1993","In Force","0.21","0.28","0.09","0.25","0.18","6","NO","NO","YES","YES","NO","NO","NO","NO","YES","NO","10","10","15","0","0","10","10","10","0","NO","NO","YES","NO","NO","NO","NO","NA"
"Germany","Venezuela","Original","1995","1997","In Force","0.15","0.25","0.06","0.13","0.06","12","NO","NO","YES","YES","NO","NO","NO","NO","NO","NO","5","15","15","5","5","5","5","5","0","NO","NO","YES","NO","NO","NO","NO","NA"
"Germany","India","Original","1995","1997","In Force","0.41","0.5","0.34","0.38","0.41","6","YES","NO","YES","YES","YES","NO","NO","NO","YES","NO","10","","10","10","10","10","10","10","10","NO","YES","YES","NO","NO","NO","NO","NA"
"Germany","Ukraine","Original","1995","1997","In Force","0.2","0.16","0.19","0.25","0.18","12","NO","NO","YES","YES","YES","NO","NO","NO","NO","NO","5","20","10","5","2","0","5","0","0","YES","NO","YES","NO","NO","NO","NO","NA"
"Germany","Tajikistan","Original","2003","2005","In Force","0.13","0.19","0.06","0.13","0.06","12","NO","NO","YES","YES","NO","NO","NO","NO","NO","NO","5","10","15","0","0","5","5","5","0","YES","NO","NO","NO","NO","NO","NO","NA"
"Germany","Kyrgyzstan","Original","2005","2007","In Force","0.25","0.31","0.19","0.25","0.18","12","YES","NO","YES","YES","NO","NO","NO","NO","NO","NO","5","25","15","5","5","10","10","10","0","YES","NO","YES","NO","NO","NO","NO","NA"
"Germany","Mexico","Original","2008","2010","In Force","0.35","0.34","0.22","0.5","0.35","6","NO","NO","YES","YES","NO","YES","NO","NO","NO","NO","5","10","15","10","5","10","10","10","0","YES","YES","YES","NO","YES","NO","YES","NA"
"Germany","Syria","Original","2010","2011","In Force","0.21","0.31","0.08","0.25","0.15","9","NO","NO","YES","YES","NO","NO","NO","NO","NO","NO","5","10","10","10","0","12","12","12","0","YES","NO","YES","NO","NO","NO","NO","NA"
"Germany","Turkmenistan","Original","2016","2018","In Force","0.44","0.38","0.56","0.38","0.41","12","YES","NO","NO","NO","NO","YES","NO","NO","YES","NO","5","25","15","10","10","10","10","10","0","YES","NO","YES","NO","NO","NO","YES","NA"
"Germany","Tunisia","Original","2018","2020","In Force","0.31","0.45","0.22","0.25","0.29","6","NO","NO","YES","YES","NO","YES","NO","NO","NO","NO","5","10","15","10","2.5","10","10","10","10","YES","NO","YES","NO","NO","NO","YES","NA"
"Germany","Mauritius","Amended by protocol","2021","2023","In Force","0.19","0.25","0.19","0.13","0.12","12","YES","NO","YES","YES","NO","NO","NO","NO","NO","NO","5","10","15","0","0","10","10","10","0","NO","YES","NO","NO","NO","YES","YES","NA"
"Germany","Uzbekistan","Amended by protocol","2014","2016","In Force","0.27","0.23","0.19","0.38","0.24","12","NO","NO","YES","YES","NO","YES","NO","NO","YES","NO","5","25","15","5","5","3","5","3","0","YES","NO","YES","NO","NO","NO","YES","NA"
"Germany","North Macedonia","Amended by protocol","2016","2017","In Force","0.19","0.25","0.06","0.25","0.12","12","NO","NO","YES","YES","NO","NO","NO","NO","NO","NO","5","10","15","5","5","5","5","5","0","YES","NO","YES","NO","NO","NO","NO","NA"
"Ghana","Italy","Original","2004","2007","In Force","0.32","0.5","0.22","0.25","0.29","6","YES","NO","YES","YES","NO","NO","NO","NO","NO","NO","5","10","15","10","10","10","10","10","10","YES","NO","YES","NO","NO","NO","NO","NA"
"Ghana","South Africa","Original","2004","2008","In Force","0.34","0.43","0.22","0.38","0.35","6","YES","NO","YES","YES","NO","NO","NO","NO","NO","NO","5","10","15","10","5","10","10","0","10","YES","NO","YES","NO","YES","NO","YES","NA"
"Ghana","United Kingdom","Original","1993","1995","In Force","0.37","0.53","0.22","0.38","0.35","6","YES","NO","YES","YES","NO","NO","NO","NO","YES","NO","7.5","10","15","12.5","12.5","12.5","12.5","0","10","YES","NO","YES","NO","NO","NO","NO","NA"
"Ghana","Morocco","Original","2017","2023","In Force","0.69","0.47","0.97","0.63","0.82","6","YES","6","NO","NO","YES","YES","YES","YES","YES","NO","5","10","10","10","10","10","10","10","10","YES","NO","YES","YES","NO","NO","YES","NA"
"Ghana","Mauritius","Original","2017","2020","In Force","0.58","0.4","0.84","0.5","0.71","6","YES","6","NO","NO","YES","NO","YES","YES","YES","NO","7","","7","7","7","8","8","8","10","NO","NO","YES","YES","NO","NO","YES","NA"
"Ghana","Singapore","Original","2017","2020","In Force","0.37","0.39","0.47","0.25","0.41","6","YES","6","YES","YES","NO","NO","YES","NO","NO","NO","7","","7","7","7","7","7","7","10","NO","NO","YES","NO","YES","NO","NO","NA"
"Ghana","Switzerland","Amended by protocol","2014","2019","In Force","0.23","0.35","0.08","0.25","0.21","9","NO","NO","YES","YES","NO","NO","NO","NO","NO","NO","5","10","15","10","0","8","8","0","8","YES","NO","YES","NO","NO","NO","NO","NA"
"Ghana","Netherlands","Amended by protocol","2017","2018","In Force","0.3","0.31","0.2","0.38","0.32","9","YES","NO","YES","YES","NO","NO","NO","NO","YES","NO","5","10","10","8","0","8","8","0","8","YES","NO","YES","NO","NO","YES","YES","PPT"
"Greece","Uzbekistan","Original","1997","2000","In Force","0.42","0.33","0.56","0.38","0.41","12","NO","12","NO","NO","NO","YES","NO","NO","YES","NO","8","","8","10","10","8","8","8","0","NO","YES","YES","NO","NO","NO","NO","NA"
"Greece","Moldova","Original","2004","2006","In Force","0.27","0.35","0.2","0.25","0.21","9","YES","NO","YES","YES","NO","NO","NO","NO","YES","NO","5","25","15","10","10","8","8","8","0","NO","NO","YES","NO","NO","NO","NO","NA"
"Greece","Morocco","Original","2007","2011","In Force","0.65","0.34","0.97","0.63","0.76","6","YES","6","NO","NO","YES","YES","YES","YES","YES","NO","5","25","10","10","10","10","10","10","0","YES","NO","YES","YES","NO","NO","YES","NA"
"Greece","Tunisia","Amended by protocol","2007","2011","In Force","0.35","0.46","0.34","0.25","0.29","6","YES","NO","YES","YES","NO","YES","NO","NO","YES","NO","10","","10","15","15","12","12","12","0","NO","NO","YES","NO","NO","NO","NO","NA"
"Greece","India","Amended by MLI","2017","2022","In Force","0.67","0.75","0.5","0.75","0.54","0","NO","NO","NO","NO","YES","NO","NO","NO","","YES","NO LIMIT","","NO LIMIT","NO LIMIT","NO LIMIT","NO LIMIT","NO LIMIT","NO LIMIT","0","","YES","YES","","","NO","NO","PPT"
"Greece","Mexico","Amended by MLI","2017","2024","In Force","0.41","0.38","0.34","0.5","0.41","6","YES","NO","YES","YES","NO","YES","NO","NO","YES","NO","10","","10","10","10","10","10","10","0","NO","YES","YES","NO","YES","NO","NO","PPT"
"Greece","South Africa","Amended by MLI","2017","2023","In Force","0.3","0.3","0.34","0.25","0.29","6","YES","4","YES","YES","NO","NO","NO","NO","NO","NO","5","25","15","8","8","7","5","7","0","NO","NO","YES","NO","YES","NO","NO","PPT"
"Greece","Ukraine","Amended by MLI","2018","2022","In Force","0.34","0.34","0.19","0.5","0.29","12","NO","NO","YES","YES","YES","NO","NO","NO","YES","NO","5","25","10","10","10","10","10","10","0","YES","NO","YES","NO","YES","NO","YES","PPT"
"Grenada","South Africa","Pre-independence","1960","1951","In Force","0.28","0","0.5","0.33","0.4","","","NO","NO","NO","YES","NO","NO","NO","","NO","","","","","","","","","0","","","YES","","","NO","NO","NA"
"Guernsey","Mauritius","Amended by MLI","2017","2021","In Force","0.1","0","0.31","0","0.12","12","YES","9","YES","YES","NO","NO","NO","NO","NO","NO","0","","0","0","0","0","0","0","0","NO","NO","NO","NO","NO","NO","NO","PPT"
"Guernsey","Seychelles","Amended by MLI","2017","2023","In Force","0.16","0.04","0.31","0.13","0.18","12","YES","6","YES","YES","NO","NO","NO","NO","YES","NO","0","","0","0","0","5","5","0","0","NO","NO","NO","NO","NO","NO","NO","PPT"
"Guinea","Morocco","Original","2014","2017","In Force","0.69","0.34","0.97","0.75","0.82","6","YES","6","NO","NO","YES","YES","YES","YES","YES","NO","5","30","10","10","10","10","10","10","0","YES","NO","YES","YES","YES","NO","YES","NA"
"Guinea","United Arab Emirates","Original","2011","2015","In Force","0.32","0","0.72","0.25","0.47","6","YES","6","YES","YES","YES","YES","YES","NO","YES","NO","0","","0","0","0","0","0","0","0","NO","NO","YES","NO","NO","NO","NO","NA"
"Guinea-Bissau","Portugal","Original","2008","2013","In Force","0.23","0.33","0.09","0.25","0.18","6","NO","NO","YES","YES","NO","NO","NO","NO","NO","NO","10","","10","10","10","10","10","0","0","YES","NO","YES","NO","NO","NO","NO","NA"
"Guyana","United Kingdom","Original","1992","1992","In Force","0.31","0.59","0.06","0.29","0.19","12","NO","NO","YES","YES","NO","NO","NO","NO","NO","NO","10","10","15","15","15","10","10","10","10","","YES","YES","NO","NO","NO","NO","NA"
"Hong Kong","India","Original","2018","2019","In Force","0.64","0.44","0.84","0.63","0.76","6","YES","6","NO","NO","YES","NO","YES","NO","NO","YES","5","","5","10","10","10","10","10","10","YES","YES","YES","NO","YES","NO","NO","OTHER"
"Hong Kong","Thailand","Original","2005","2006","In Force","0.59","0.43","0.84","0.5","0.65","6","YES","6","NO","NO","YES","NO","YES","NO","NO","YES","10","","10","15","10","15","5","15","0","YES","NO","YES","NO","YES","NO","NO","NA"
"Hong Kong","Indonesia","Original","2010","2013","In Force","0.63","0.28","0.84","0.75","0.76","6","YES","6","NO","NO","YES","NO","YES","YES","YES","YES","5","25","10","10","10","5","5","5","0","YES","NO","YES","NO","YES","NO","NO","NA"
"Hong Kong","Mexico","Original","2012","2014","In Force","0.56","0.22","0.84","0.63","0.71","6","YES","6","NO","NO","YES","NO","YES","NO","YES","NO","0","","0","10","4.9","10","10","10","0","YES","YES","YES","NO","YES","NO","NO","NA"
"Hong Kong","South Africa","Original","2014","2016","In Force","0.42","0.28","0.72","0.25","0.47","6","YES","6","NO","NO","YES","NO","NO","NO","NO","NO","5","10","10","10","10","5","5","5","0","YES","NO","NO","NO","YES","NO","NO","NA"
"Hong Kong","Pakistan","Original","2017","2018","In Force","0.71","0.53","0.84","0.75","0.82","6","YES","6","NO","NO","YES","NO","YES","YES","YES","YES","10","","10","10","10","10","10","10","12.5","YES","NO","YES","NO","YES","YES","NO","PPT"
"Hong Kong","Vietnam","Amended by protocol","2014","2016","In Force","0.66","0.38","0.84","0.75","0.76","6","YES","6","NO","NO","YES","NO","YES","YES","YES","NO","10","","10","10","10","10","10","10","0","YES","YES","YES","NO","YES","NO","NO","NA"
"Hungary","Kyrgyzstan","Original","2020","2022","In Force","0.21","0.2","0.31","0.13","0.18","12","YES","6","YES","YES","NO","NO","NO","NO","NO","NO","5","15","10","5","5","5","5","0","0","YES","NO","NO","NO","NO","NO","NO","PPT"
"Hungary","Mongolia","Original","1994","1999","In Force","0.29","0.31","0.19","0.38","0.24","12","NO","NO","YES","YES","NO","NO","YES","YES","NO","NO","5","25","15","10","10","5","5","5","0","NO","NO","YES","NO","YES","NO","NO","NA"
"Hungary","Philippines","Original","1997","1998","In Force","0.59","0.59","0.59","0.57","0.56","6","YES","6","YES","YES","NO","YES","YES","NO","YES","","15","25","20","15","15","15","15","15","0","YES","NO","YES","NO","YES","NO","NO","NA"
"Hungary","Indonesia","Original","1989","1994","In Force","0.72","0.56","0.98","0.63","0.76","3","YES","4","NO","NO","YES","YES","YES","YES","YES","YES","15","","15","15","15","15","15","15","0","NO","NO","YES","NO","YES","NO","NO","NA"
"Hungary","Morocco","Original","1991","2000","In Force","0.21","0.4","0.09","0.13","0.12","6","NO","NO","YES","YES","NO","NO","NO","NO","NO","NO","12","","12","10","10","10","10","10","0","NO","NO","YES","NO","NO","NO","NO","NA"
"Hungary","Moldova","Original","1995","1997","In Force","0.19","0.25","0.06","0.25","0.12","12","NO","NO","YES","YES","NO","NO","NO","NO","YES","NO","5","25","15","10","10","0","0","0","0","NO","NO","YES","NO","NO","NO","NO","NA"
"Hungary","North Macedonia","Original","2001","2003","In Force","0.1","0.13","0.06","0.13","0.06","12","NO","NO","YES","YES","NO","NO","NO","NO","NO","NO","5","25","15","0","0","0","0","0","0","NO","NO","YES","NO","NO","NO","NO","NA"
"Hungary","Kosovo","Original","2013","2015","In Force","0.07","0.03","0.06","0.13","0.06","12","NO","NO","YES","YES","NO","NO","NO","NO","NO","NO","0","25","5","0","0","0","0","0","0","YES","NO","NO","NO","NO","NO","NO","PPT"
"Hungary","Iran","Original","2015","2017","In Force","0.28","0.09","0.59","0.14","0.38","6","YES","NO","NO","NO","NO","NO","YES","NO","","NO","0","","0","5","0","5","5","5","0","YES","NO","NO","NO","NO","NO","NO","PPT"
"Hungary","Turkmenistan","Original","2016","2017","In Force","0.19","0.38","0.06","0.13","0.06","12","NO","NO","YES","YES","NO","NO","NO","NO","NO","NO","5","25","15","10","10","10","10","10","0","YES","NO","NO","NO","NO","NO","NO","PPT"
"Hungary","Iraq","Original","2016","2022","In Force","0.17","0.16","0.2","0.14","0.16","9","NO","6","YES","YES","NO","NO","NO","NO","","NO","5","","5","5","0","5","5","5","0","YES","NO","NO","NO","NO","NO","NO","PPT"
"Hungary","Uzbekistan","Amended by protocol","2014","2016","In Force","0.4","0.38","0.56","0.25","0.35","12","YES","6","YES","YES","YES","YES","NO","NO","NO","NO","10","","10","10","10","10","10","10","0","YES","NO","YES","NO","NO","NO","NO","NA"
"Hungary","Vietnam","Amended by MLI","2022","2024","In Force","0.61","0.38","0.72","0.75","0.71","6","YES","6","YES","YES","YES","YES","YES","YES","YES","NO","10","","10","10","10","10","10","10","0","YES","YES","YES","NO","YES","NO","NO","PPT"
"Hungary","Thailand","Amended by MLI","2022","2023","In Force","0.69","0.59","0.72","0.75","0.71","6","YES","6","YES","YES","YES","YES","YES","YES","YES","YES","15","25","NO LIMIT","25","10","15","15","15","0","NO","NO","YES","YES","YES","NO","NO","PPT"
"Hungary","India","Amended by MLI","2017","2022","In Force","0.44","0.5","0.45","0.38","0.44","9","YES","NO","YES","YES","YES","NO","YES","NO","NO","NO","10","","10","10","10","10","10","10","10","YES","YES","YES","NO","NO","NO","NO","PPT"
"Hungary","Mexico","Amended by MLI","2017","2024","In Force","0.45","0.38","0.47","0.5","0.47","6","YES","6","YES","YES","NO","YES","NO","NO","NO","NO","5","10","15","10","10","10","10","10","0","YES","YES","YES","NO","YES","NO","NO","PPT"
"Hungary","Pakistan","Amended by MLI","2017","2022","In Force","0.75","0.78","0.47","1","0.76","6","YES","NO","YES","YES","YES","YES","NO","YES","YES","YES","15","25","20","15","15","15","15","15","15","YES","YES","YES","YES","YES","NO","NO","PPT"
"Hungary","South Africa","Amended by MLI","2017","2023","In Force","0.1","0.13","0.19","0","0.06","12","YES","NO","YES","YES","NO","NO","NO","NO","NO","NO","5","25","15","0","0","0","0","0","0","NO","NO","NO","NO","NO","NO","NO","PPT"
"Hungary","Tunisia","Amended by MLI","2018","2024","In Force","0.31","0.59","0.09","0.25","0.24","6","NO","NO","YES","YES","NO","NO","NO","NO","YES","NO","10","25","12","12","12","12","12","12","12","NO","NO","YES","NO","NO","NO","NO","PPT"
"Hungary","Ukraine","Amended by MLI","2018","2022","In Force","0.25","0.31","0.06","0.38","0.18","12","NO","NO","YES","YES","NO","NO","NO","NO","YES","NO","5","25","15","10","10","5","5","5","0","YES","NO","YES","NO","NO","NO","NO","PPT"
"Iceland","Vietnam","Amended by MLI","2022","2024","In Force","0.71","0.41","0.97","0.75","0.82","6","YES","6","NO","NO","YES","YES","YES","YES","YES","NO","10","25","15","10","10","10","10","10","0","YES","YES","YES","NO","YES","NO","NO","PPT"
"Iceland","India","Amended by MLI","2017","2020","In Force","0.65","0.5","0.95","0.5","0.74","9","YES","3","NO","NO","YES","YES","YES","NO","YES","NO","10","","10","10","10","10","10","10","10","YES","YES","YES","NO","NO","NO","YES","PPT"
"Iceland","Mexico","Amended by MLI","2017","2024","In Force","0.45","0.38","0.47","0.5","0.47","6","YES","6","YES","YES","NO","YES","NO","NO","YES","NO","5","10","15","10","10","10","10","10","0","YES","YES","NO","NO","YES","NO","NO","PPT"
"Iceland","Ukraine","Amended by MLI","2018","2020","In Force","0.45","0.38","0.59","0.38","0.47","6","YES","6","YES","YES","YES","NO","YES","NO","YES","NO","5","25","15","10","10","10","10","10","0","YES","NO","YES","NO","NO","NO","NO","PPT"
"India","Mongolia","Original","1994","1994","In Force","0.57","0.75","0.33","0.63","0.5","9","YES","NO","YES","YES","NO","NO","YES","YES","NO","NO","15","","15","15","15","15","15","15","15","YES","YES","YES","NO","YES","NO","NO","NA"
"India","Mozambique","Original","2010","2012","In Force","0.59","0.34","0.94","0.5","0.65","12","YES","9","NO","NO","YES","YES","YES","NO","YES","NO","7.5","","7.5","10","10","10","10","10","0","YES","YES","YES","NO","NO","NO","YES","PPT"
"India","Myanmar","Original","2008","2010","In Force","0.59","0.31","0.83","0.63","0.68","9","YES","NO","NO","NO","YES","YES","YES","NO","YES","NO","5","","5","10","10","10","10","10","0","YES","YES","YES","NO","YES","NO","NO","PPT"
"India","Nepal","Original","2011","2013","In Force","0.63","0.41","0.97","0.5","0.71","6","YES","3","NO","NO","YES","YES","YES","NO","YES","NO","5","10","10","10","10","15","15","15","0","YES","YES","YES","NO","NO","NO","YES","PPT"
"India","Philippines","Original","1990","1995","In Force","0.61","0.63","0.59","0.63","0.59","6","YES","NO","YES","YES","YES","YES","YES","YES","YES","YES","15","10","20","15","10","NO LIMIT","NO LIMIT","NO LIMIT","0","YES","NO","YES","NO","NO","NO","NO","NA"
"India","Sri Lanka","Original","2013","2014","In Force","0.73","0.47","0.97","0.75","0.88","6","YES","3","NO","NO","YES","YES","YES","NO","YES","YES","7.5","","7.5","10","10","10","10","10","10","YES","YES","YES","NO","YES","NO","YES","LOB-PPT"
"India","Sudan","Original","2003","2005","In Force","0.45","0.5","0.59","0.25","0.47","6","YES","NO","YES","YES","YES","YES","YES","NO","NO","NO","10","","10","10","10","10","10","10","10","NO","YES","YES","NO","NO","NO","YES","NA"
"India","Tanzania","Original","2011","2012","In Force","0.64","0.34","0.95","0.63","0.74","9","YES","6","NO","NO","YES","YES","YES","NO","YES","YES","5","25","10","10","10","10","10","10","0","YES","YES","YES","NO","NO","NO","YES","LOB-PPT"
"India","Uganda","Original","2004","2005","In Force","0.53","0.5","0.72","0.38","0.59","6","YES","NO","YES","NO","YES","YES","YES","NO","NO","NO","10","","10","10","10","10","10","10","10","YES","YES","YES","NO","NO","NO","YES","NA"
"India","Zambia","Original","1981","1978","In Force","0.59","0.5","0.83","0.43","0.66","9","YES","NO","NO","NO","YES","YES","YES","YES","NO","","5","25","15","10","10","10","10","10","10","NO","NO","YES","NO","YES","NO","NO","NA"
"India","Libya","Original","1981","1983","In Force","0.43","0.75","0.36","0.17","0.27","3","NO","NO","NO","NO","NO","NO","NO","NO","NO","NO","NO LIMIT","","NO LIMIT","NO LIMIT","NO LIMIT","NO LIMIT","NO LIMIT","NO LIMIT","0","","","YES","NO","NO","NO","NO","NA"
"India","Moldova","Pre-independence","1988","1990","In Force","0.65","0.85","0.59","0.5","0.59","6","YES","NO","NO","NO","YES","NO","NO","NO","NO","YES","15","","15","15","15","20","15","20","20","NO","YES","YES","NO","YES","NO","NO","NA"
"India","United States","Original","1989","1991","In Force","0.76","0.69","0.85","0.75","0.82","4","YES","3","NO","NO","YES","NO","YES","YES","YES","NO","15","10","25","15","10","","","10","15","YES","YES","YES","NO","YES","NO","NO","LOB"
"India","Italy","Original","1993","1996","In Force","0.75","0.91","0.72","0.63","0.71","6","YES","NO","NO","NO","YES","NO","YES","YES","NO","NO","15","10","25","15","15","20","20","20","20","YES","YES","YES","NO","YES","NO","NO","NA"
"India","Turkey","Original","1995","1994","In Force","0.65","0.72","0.59","0.63","0.65","6","YES","NO","NO","NO","YES","NO","NO","YES","NO","NO","15","","15","15","10","15","15","15","15","YES","YES","YES","NO","YES","NO","NO","NA"
"India","Namibia","Original","1997","2000","In Force","0.66","0.5","0.84","0.63","0.76","6","YES","6","NO","NO","YES","NO","YES","NO","YES","NO","10","","10","10","10","10","10","10","10","YES","YES","YES","NO","YES","NO","NO","NA"
"India","Turkmenistan","Original","1997","1998","In Force","0.61","0.5","0.84","0.5","0.71","6","YES","NO","NO","NO","YES","YES","YES","NO","NO","NO","10","","10","10","10","10","10","10","10","YES","YES","YES","NO","YES","NO","YES","NA"
"India","Russia","Original","1997","1999","In Force","0.52","0.5","0.69","0.38","0.53","12","YES","NO","NO","NO","YES","NO","YES","NO","NO","YES","10","","10","10","10","10","10","10","10","NO","YES","YES","NO","NO","NO","NO","NA"
"India","Oman","Original","1997","1998","In Force","0.45","0.64","0.22","0.5","0.41","6","YES","NO","YES","YES","NO","NO","NO","NO","NO","NO","10","10","12.5","10","10","15","15","15","15","YES","YES","YES","NO","YES","NO","NO","NA"
"India","Trinidad and Tobago","Original","1999","2000","In Force","0.53","0.5","0.58","0.5","0.56","9","YES","NO","YES","YES","YES","YES","YES","NO","NO","NO","10","","10","10","10","10","10","10","10","YES","YES","YES","NO","YES","NO","YES","NA"
"India","Montenegro","Original","2006","2009","In Force","0.6","0.5","0.81","0.5","0.65","12","YES","NO","NO","NO","YES","YES","YES","NO","YES","NO","5","25","15","10","10","10","10","10","10","YES","YES","YES","NO","NO","NO","NO","NA"
"India","Syria","Original","2008","2009","In Force","0.52","0.34","0.95","0.25","0.56","9","YES","6","NO","NO","YES","YES","YES","NO","NO","NO","5","10","10","10","10","10","10","10","0","NO","YES","YES","NO","NO","NO","NO","PPT"
"India","Taiwan","Original","2011","2012","In Force","0.54","0.53","0.58","0.5","0.56","9","YES","6","YES","YES","NO","YES","YES","NO","YES","NO","12.5","","12.5","10","10","10","10","10","10","YES","YES","YES","NO","NO","NO","YES","PPT"
"India","Indonesia","Original","2012","2017","In Force","0.74","0.5","0.97","0.75","0.88","6","YES","3","NO","NO","YES","YES","YES","NO","YES","YES","10","","10","10","10","10","10","10","10","YES","YES","YES","NO","YES","NO","YES","PPT"
"India","Romania","Original","2013","2014","In Force","0.53","0.5","0.84","0.25","0.59","6","YES","6","NO","NO","YES","NO","YES","NO","NO","NO","10","","10","10","10","10","10","10","10","NO","YES","YES","NO","NO","NO","YES","LOB"
"India","North Macedonia","Original","2013","2015","In Force","0.65","0.5","0.95","0.5","0.74","9","YES","3","NO","NO","YES","YES","YES","NO","YES","NO","10","","10","10","10","10","10","10","10","YES","YES","YES","NO","NO","NO","YES","PPT"
"India","Kenya","Original","2016","2017","In Force","0.74","0.5","0.97","0.75","0.88","6","YES","3","NO","NO","YES","YES","YES","NO","YES","YES","10","","10","10","10","10","10","10","10","YES","YES","YES","NO","YES","NO","YES","PPT"
"India","Iran","Original","2018","2021","In Force","0.69","0.5","0.95","0.63","0.79","9","YES","3","NO","NO","YES","YES","YES","NO","YES","NO","10","","10","10","10","10","10","10","10","YES","YES","YES","NO","YES","NO","NO","PPT"
"India","Switzerland","Amended by protocol","2010","2012","In Force","0.53","0.5","0.72","0.38","0.59","6","YES","3","YES","YES","YES","YES","YES","NO","NO","NO","10","","10","10","10","10","10","10","10","YES","YES","YES","NO","NO","NO","NO","PARTIAL"
"India","Uzbekistan","Amended by protocol","2012","2013","In Force","0.44","0.5","0.31","0.5","0.41","12","YES","NO","YES","YES","NO","NO","YES","NO","NO","NO","10","","10","10","10","10","10","10","10","YES","YES","YES","NO","YES","NO","YES","PPT"
"India","Spain","Amended by protocol","2012","2015","In Force","0.77","0.83","0.72","0.75","0.76","6","YES","NO","NO","NO","YES","NO","YES","YES","YES","NO","15","","15","15","15","20","20","10","20","YES","YES","YES","NO","YES","NO","YES","PPT"
"India","Sweden","Amended by protocol","2013","2013","In Force","0.45","0.5","0.59","0.25","0.47","6","YES","NO","YES","YES","YES","YES","YES","NO","NO","NO","10","","10","10","10","10","10","10","10","YES","NO","YES","NO","NO","NO","YES","NA"
"India","Morocco","Amended by protocol","2013","2019","In Force","0.44","0.5","0.46","0.38","0.45","8","YES","NO","YES","YES","NO","YES","YES","NO","NO","NO","10","","10","10","10","10","10","10","10","YES","YES","YES","NO","NO","NO","YES","NA"
"India","Mauritius","Amended by protocol","2016","2017","In Force","0.54","0.53","0.83","0.25","0.56","9","YES","3","NO","NO","YES","NO","YES","NO","NO","NO","5","10","15","7.5","7.5","15","15","15","10","NO","YES","YES","NO","NO","NO","YES","OTHER"
"India","Tajikistan","Amended by protocol","2016","2018","In Force","0.3","0.34","0.31","0.25","0.24","12","YES","NO","YES","YES","NO","NO","YES","NO","NO","NO","5","25","10","10","10","10","10","10","0","NO","YES","YES","NO","NO","NO","YES","LOB-PPT"
"India","Kuwait","Amended by protocol","2017","2018","In Force","0.53","0.5","0.72","0.38","0.59","6","YES","6","YES","YES","YES","YES","YES","NO","YES","NO","10","","10","10","10","10","10","10","10","YES","NO","YES","NO","NO","NO","NO","PPT"
"India","Kyrgyzstan","Amended by protocol","2019","2020","In Force","0.45","0.63","0.59","0.13","0.41","6","YES","NO","YES","YES","YES","YES","YES","NO","NO","NO","10","","10","10","10","15","15","15","15","NO","NO","YES","NO","NO","NO","YES","NA"
"India","Vietnam","Amended by MLI","2022","2024","In Force","0.57","0.5","0.72","0.5","0.65","6","YES","NO","NO","NO","YES","NO","YES","NO","NO","NO","10","","10","10","10","10","10","10","10","YES","YES","YES","NO","YES","NO","YES","PPT"
"India","Thailand","Amended by MLI","2022","2023","In Force","0.66","0.38","0.97","0.63","0.76","6","YES","6","NO","NO","YES","YES","YES","NO","NO","YES","10","","10","10","10","10","10","10","0","YES","YES","YES","NO","YES","NO","NO","PPT"
"India","Ireland","Amended by MLI","2017","2020","In Force","0.53","0.5","0.59","0.5","0.59","6","YES","NO","YES","YES","YES","YES","YES","NO","NO","YES","10","","10","10","10","10","10","10","10","YES","YES","YES","NO","NO","NO","NO","PPT"
"India","Israel","Amended by MLI","2017","2020","In Force","0.41","0.5","0.34","0.38","0.41","6","YES","NO","YES","YES","NO","NO","YES","NO","NO","NO","10","","10","10","10","10","10","10","10","YES","YES","YES","NO","NO","NO","NO","PPT"
"India","Japan","Amended by MLI","2017","2020","In Force","0.66","0.63","0.72","0.63","0.71","6","YES","NO","NO","NO","YES","NO","YES","NO","NO","YES","10","","10","10","10","10","10","10","20","YES","YES","YES","NO","YES","NO","YES","PPT"
"India","Jordan","Amended by MLI","2019","2021","In Force","0.53","0.75","0.47","0.38","0.47","6","YES","NO","YES","YES","NO","YES","YES","NO","NO","YES","10","","10","10","10","20","20","20","20","YES","NO","YES","NO","NO","NO","YES","PPT"
"India","Kazakhstan","Amended by MLI","2018","2021","In Force","0.57","0.5","0.59","0.63","0.65","6","YES","3","YES","YES","NO","YES","YES","NO","YES","NO","10","","10","10","10","10","10","10","10","YES","YES","YES","NO","YES","NO","YES","LOB-PPT"
"India","South Korea","Amended by MLI","2017","2021","In Force","0.55","0.56","0.72","0.38","0.59","6","YES","6","YES","YES","YES","YES","YES","NO","NO","NO","15","","15","10","10","10","10","10","10","YES","YES","YES","NO","NO","NO","YES","PPT"
"India","Latvia","Amended by MLI","2017","2021","In Force","0.53","0.5","0.58","0.5","0.56","9","YES","6","YES","YES","YES","NO","YES","NO","YES","NO","10","","10","10","10","10","10","10","10","YES","YES","YES","NO","NO","NO","YES","PPT"
"India","Lithuania","Amended by MLI","2017","2020","In Force","0.57","0.5","0.83","0.38","0.62","9","YES","6","NO","NO","YES","NO","YES","NO","NO","NO","5","10","15","10","10","10","10","10","10","NO","YES","YES","NO","YES","NO","YES","PPT"
"India","Luxembourg","Amended by MLI","2017","2020","In Force","0.69","0.5","0.95","0.63","0.79","9","YES","6","NO","NO","YES","YES","YES","NO","YES","NO","10","","10","10","10","10","10","10","10","YES","YES","YES","NO","YES","NO","YES","PPT"
"India","Malaysia","Amended by MLI","2018","2022","In Force","0.67","0.44","0.95","0.63","0.79","9","YES","3","NO","NO","YES","YES","YES","NO","YES","NO","5","","5","10","10","10","10","10","10","YES","YES","YES","NO","YES","NO","NO","PPT"
"India","Malta","Amended by MLI","2017","2020","In Force","0.66","0.5","0.97","0.5","0.76","6","YES","3","NO","NO","YES","YES","YES","NO","YES","NO","10","","10","10","10","10","10","10","10","YES","YES","YES","NO","NO","NO","NO","PPT"
"India","Mexico","Amended by MLI","2017","2024","In Force","0.74","0.5","0.97","0.75","0.88","6","YES","3","NO","NO","YES","YES","YES","YES","YES","NO","10","","10","10","10","10","10","10","10","YES","YES","YES","NO","YES","NO","YES","LOB-PPT"
"India","Netherlands","Amended by MLI","2017","2020","In Force","0.62","0.84","0.59","0.43","0.56","6","NO","NO","NO","NO","YES","NO","YES","NO","YES","NO","15","","15","15","10","20","20","20","20","YES","NO","YES","NO","","NO","NO","PPT"
"India","New Zealand","Amended by MLI","2017","2020","In Force","0.68","0.69","0.72","0.63","0.71","6","YES","NO","NO","NO","YES","NO","YES","YES","NO","NO","15","","15","10","10","10","10","10","30","YES","YES","YES","NO","YES","NO","YES","PPT"
"India","Norway","Amended by MLI","2017","2020","In Force","0.66","0.5","0.98","0.5","0.76","3","YES","6","NO","NO","YES","YES","YES","NO","YES","NO","10","","10","10","10","10","10","10","10","NO","YES","YES","NO","YES","NO","YES","PPT"
"India","Poland","Amended by MLI","2017","2020","In Force","0.82","0.63","0.84","1","0.94","6","YES","6","NO","NO","YES","NO","YES","YES","YES","YES","10","","10","10","10","15","15","15","15","YES","YES","YES","YES","YES","NO","YES","PPT"
"India","Portugal","Amended by MLI","2017","2021","In Force","0.45","0.53","0.33","0.5","0.44","9","YES","NO","YES","YES","YES","NO","NO","YES","NO","NO","10","25","15","10","10","10","10","10","10","YES","YES","YES","NO","NO","NO","YES","PPT"
"India","Qatar","Amended by MLI","2018","2021","In Force","0.52","0.47","0.59","0.5","0.59","6","YES","NO","YES","YES","YES","YES","YES","NO","NO","NO","5","10","10","10","10","10","10","10","10","YES","YES","YES","NO","YES","NO","YES","PPT"
"India","Saudi Arabia","Amended by MLI","2018","2021","In Force","0.59","0.31","0.97","0.5","0.71","6","YES","6","NO","NO","YES","YES","YES","NO","YES","NO","5","","5","10","10","10","10","10","0","YES","YES","YES","NO","NO","NO","NO","PPT"
"India","Serbia","Amended by MLI","2017","2020","In Force","0.6","0.5","0.81","0.5","0.65","12","YES","NO","NO","NO","YES","YES","YES","NO","YES","NO","5","25","15","10","10","10","10","10","10","YES","YES","YES","NO","NO","NO","NO","PPT"
"India","Singapore","Amended by MLI","2017","2020","In Force","0.59","0.56","0.84","0.38","0.65","6","YES","3","NO","NO","YES","NO","YES","NO","NO","NO","10","25","15","15","10","10","10","10","10","NO","YES","YES","NO","YES","NO","NO","PPT"
"India","Slovakia","Amended by MLI","2017","2020","In Force","0.83","0.91","0.72","0.88","0.82","6","YES","NO","NO","NO","YES","NO","YES","YES","YES","NO","15","25","25","15","15","30","30","30","30","YES","YES","YES","YES","YES","NO","NO","LOB-PPT"
"India","Slovenia","Amended by MLI","2017","2020","In Force","0.44","0.5","0.44","0.38","0.41","12","NO","NO","YES","YES","YES","YES","YES","NO","NO","NO","5","10","15","10","10","10","10","10","10","YES","YES","YES","NO","NO","NO","YES","PPT"
"India","South Africa","Amended by MLI","2017","2023","In Force","0.41","0.5","0.22","0.5","0.41","6","YES","NO","YES","YES","NO","NO","NO","NO","NO","NO","10","","10","10","10","10","10","10","10","YES","YES","YES","NO","YES","NO","YES","PPT"
"India","Ukraine","Amended by MLI","2018","2020","In Force","0.58","0.53","0.72","0.5","0.65","6","YES","NO","NO","NO","YES","NO","YES","NO","NO","NO","10","25","15","10","10","10","10","10","10","YES","YES","YES","NO","YES","NO","YES","PPT"
"India","United Arab Emirates","Amended by MLI","2018","2020","In Force","0.31","0.36","0.45","0.13","0.26","9","YES","9","YES","YES","NO","NO","YES","NO","NO","NO","5","10","15","12.5","5","10","10","10","0","NO","NO","YES","NO","NO","NO","NO","PPT"
"India","United Kingdom","Amended by MLI","2017","2020","In Force","0.63","0.66","0.84","0.38","0.65","6","YES","3","NO","NO","YES","NO","YES","NO","NO","NO","10","","10","15","10","15","15","15","15","YES","YES","YES","NO","NO","NO","YES","PPT"
"India","Uruguay","Amended by MLI","2017","2021","In Force","0.64","0.44","0.97","0.5","0.76","6","YES","3","NO","NO","YES","YES","YES","NO","NO","NO","5","","5","10","10","10","10","10","10","YES","YES","YES","NO","YES","NO","YES","LOB-PPT"
"Indonesia","United Arab Emirates","Original","2019","2022","In Force","0.6","0.34","0.84","0.63","0.76","6","YES","6","NO","NO","YES","NO","YES","YES","NO","NO","10","","10","7","7","5","5","5","5","YES","NO","YES","YES","YES","NO","NO","PPT"
"Indonesia","Singapore","Original","2020","2021","In Force","0.62","0.4","0.97","0.5","0.71","6","YES","3","NO","NO","YES","YES","YES","NO","NO","YES","10","25","15","10","10","10","10","8","0","YES","NO","YES","NO","YES","NO","NO","PPT"
"Indonesia","Pakistan","Original","1990","1991","In Force","0.78","0.72","0.86","0.75","0.82","3","YES","NO","NO","NO","YES","YES","YES","YES","YES","NO","10","25","15","15","15","15","15","15","15","YES","NO","YES","YES","YES","NO","NO","NA"
"Indonesia","Papua New Guinea","Original","2010","2015","In Force","0.64","0.56","0.85","0.5","0.71","4","YES","4","NO","NO","YES","NO","YES","YES","YES","NO","15","","15","10","10","10","10","10","10","NO","NO","YES","NO","YES","NO","NO","NA"
"Indonesia","Philippines","Original","1981","1983","In Force","0.77","0.59","0.97","0.75","0.82","6","YES","6","NO","NO","YES","YES","YES","YES","YES","YES","15","25","20","15","15","15","15","15","0","YES","NO","YES","NO","YES","NO","YES","NA"
"Indonesia","Sri Lanka","Original","1993","1995","In Force","0.75","0.56","0.98","0.71","0.81","3","YES","3","NO","NO","YES","YES","YES","YES","YES","YES","15","","15","15","15","15","15","15","0","NO","NO","YES","YES","","NO","NO","NA"
"Indonesia","Sudan","Original","1998","null","In Force","0.59","0.44","0.97","0.38","0.65","6","YES","3","NO","NO","YES","YES","YES","YES","YES","NO","10","","10","15","15","10","10","10","0","NO","NO","YES","NO","NO","NO","NO","NA"
"Indonesia","Vietnam","Original","1997","2000","In Force","0.76","0.56","0.97","0.75","0.82","6","YES","3","NO","NO","YES","YES","YES","YES","YES","NO","15","","15","15","15","15","15","15","0","YES","YES","YES","NO","YES","NO","YES","NA"
"Indonesia","Japan","Original","1982","1983","In Force","0.5","0.41","0.97","0.13","0.53","6","YES","6","NO","NO","YES","YES","YES","NO","NO","NO","10","25","15","10","10","10","10","10","0","NO","NO","YES","NO","NO","NO","NO","NA"
"Indonesia","New Zealand","Original","1987","1989","In Force","0.57","0.5","0.84","0.38","0.59","6","YES","3","NO","NO","YES","NO","YES","YES","NO","NO","15","","15","10","10","15","15","15","0","NO","NO","YES","NO","YES","NO","NO","NA"
"Indonesia","Norway","Original","1988","1991","In Force","0.68","0.46","0.97","0.63","0.76","6","YES","3","NO","NO","YES","YES","YES","YES","YES","NO","15","","15","10","10","10","15","10","0","NO","YES","YES","NO","YES","NO","NO","NA"
"Indonesia","South Korea","Original","1988","1990","In Force","0.6","0.47","0.97","0.38","0.65","6","YES","3","NO","NO","YES","YES","YES","YES","YES","NO","10","25","15","10","10","15","15","15","0","NO","NO","YES","NO","NO","NO","NO","NA"
"Indonesia","Sweden","Original","1989","1990","In Force","0.68","0.45","0.97","0.63","0.76","6","YES","3","NO","NO","YES","YES","YES","YES","YES","NO","10","25","15","10","10","15","15","10","0","NO","NO","YES","YES","YES","NO","NO","NA"
"Indonesia","Italy","Original","1990","1996","In Force","0.6","0.45","0.97","0.38","0.65","6","YES","3","NO","NO","YES","YES","YES","YES","NO","NO","10","25","15","10","10","15","15","10","0","NO","NO","YES","NO","YES","NO","NO","NA"
"Indonesia","Tunisia","Original","1992","1994","In Force","0.68","0.68","0.86","0.5","0.71","3","YES","3","NO","NO","YES","YES","NO","YES","YES","NO","12","","12","12","12","15","15","15","15","NO","NO","YES","NO","YES","NO","NO","NA"
"Indonesia","Poland","Original","1992","1994","In Force","0.65","0.47","0.97","0.5","0.71","6","YES","4","NO","NO","YES","YES","YES","YES","YES","NO","10","20","15","10","10","15","15","15","0","NO","NO","YES","NO","YES","NO","NO","NA"
"Indonesia","Luxembourg","Original","1993","1995","In Force","0.64","0.56","0.85","0.5","0.71","5","YES","NO","NO","NO","YES","YES","YES","YES","YES","NO","10","25","15","10","10","12.5","12.5","12.5","10","NO","NO","YES","NO","YES","NO","NO","NA"
"Indonesia","United Kingdom","Original","1993","1995","In Force","0.52","0.45","0.97","0.14","0.56","6","YES","3","NO","NO","YES","YES","YES","NO","NO","NO","10","15","15","10","10","15","15","10","0","NO","NO","YES","NO","","NO","NO","NA"
"Indonesia","Taiwan","Original","1995","1996","In Force","0.45","0.38","0.72","0.25","0.47","6","YES","4","NO","NO","YES","NO","NO","YES","NO","NO","10","","10","10","10","10","10","10","0","NO","NO","YES","NO","NO","NO","NO","NA"
"Indonesia","Spain","Original","1995","2000","In Force","0.58","0.41","0.84","0.5","0.65","6","YES","3","NO","YES","YES","YES","YES","YES","YES","NO","10","25","15","10","10","10","10","10","0","NO","NO","YES","NO","YES","NO","NO","NA"
"Indonesia","Ukraine","Original","1996","1999","In Force","0.58","0.41","0.84","0.5","0.65","6","YES","4","NO","NO","YES","NO","YES","YES","YES","NO","10","20","15","10","10","10","10","10","0","YES","NO","YES","NO","NO","NO","NO","NA"
"Indonesia","Romania","Original","1996","2000","In Force","0.7","0.49","0.97","0.63","0.76","6","YES","4","NO","NO","YES","YES","YES","YES","YES","YES","12.5","25","15","12.5","12.5","12.5","15","12.5","0","NO","NO","YES","NO","YES","NO","NO","NA"
"Indonesia","Uzbekistan","Original","1996","1999","In Force","0.57","0.38","0.84","0.5","0.65","6","YES","3","NO","NO","NO","YES","YES","YES","YES","NO","10","","10","10","10","10","10","10","0","NO","NO","YES","NO","YES","NO","NO","NA"
"Indonesia","Jordan","Original","1996","1999","In Force","0.69","0.38","0.97","0.71","0.81","6","YES","1","NO","NO","YES","YES","YES","YES","YES","NO","10","","10","10","10","10","10","10","0","","YES","YES","NO","YES","NO","YES","NA"
"Indonesia","Turkey","Original","1997","2001","In Force","0.5","0.41","0.72","0.38","0.53","6","YES","6","NO","NO","YES","NO","NO","NO","YES","NO","10","25","15","10","10","10","10","10","0","NO","NO","YES","NO","YES","NO","NO","NA"
"Indonesia","Venezuela","Original","1997","2001","In Force","0.75","0.66","0.84","0.75","0.82","6","YES","NO","NO","NO","YES","YES","YES","YES","YES","NO","10","10","15","10","10","20","20","20","10","YES","YES","YES","NO","YES","NO","YES","NA"
"Indonesia","Kuwait","Original","1997","1998","In Force","0.6","0.44","0.98","0.38","0.65","3","YES","3","NO","NO","YES","YES","YES","YES","YES","NO","10","","10","5","5","20","20","20","0","NO","NO","YES","NO","NO","NO","","NA"
"Indonesia","Syria","Original","1997","1999","In Force","0.52","0.48","0.84","0.25","0.53","6","YES","6","NO","NO","YES","NO","YES","YES","NO","NO","10","","10","10","10","20","15","20","0","NO","NO","YES","NO","NO","NO","NO","NA"
"Indonesia","South Africa","Original","1997","1999","In Force","0.46","0.41","0.59","0.38","0.47","6","YES","4","NO","NO","NO","NO","NO","YES","NO","NO","10","10","15","10","10","10","10","10","0","NO","NO","YES","NO","YES","NO","NO","NA"
"Indonesia","Russia","Original","1999","2003","In Force","0.68","0.56","0.86","0.63","0.71","3","YES","0","NO","NO","YES","YES","NO","YES","YES","YES","15","","15","15","15","15","15","15","0","NO","NO","YES","NO","YES","NO","NO","NA"
"Indonesia","Seychelles","Original","1999","2001","In Force","0.49","0.38","0.84","0.25","0.53","6","YES","3","NO","NO","YES","NO","YES","NO","YES","NO","10","","10","10","10","10","10","10","0","NO","NO","YES","NO","NO","NO","NO","NA"
"Indonesia","Slovakia","Original","2000","2002","In Force","0.47","0.44","0.72","0.25","0.47","6","YES","3","NO","NO","YES","NO","NO","YES","NO","NO","10","","10","10","10","15","15","15","0","NO","NO","YES","NO","NO","NO","NO","NA"
"Indonesia","Thailand","Original","2001","2004","In Force","0.74","0.63","0.97","0.63","0.76","6","YES","6","NO","NO","YES","YES","YES","YES","YES","YES","20","","20","15","15","15","15","15","0","YES","NO","YES","NO","NO","NO","NO","NA"
"Indonesia","North Korea","Original","2002","2005","In Force","0.54","0.38","0.81","0.43","0.56","12","YES","6","NO","NO","NO","YES","YES","NO","YES","NO","10","","10","10","10","10","10","10","0","YES","NO","YES","NO","","NO","NO","NA"
"Indonesia","Portugal","Original","2003","2008","In Force","0.32","0.38","0.34","0.25","0.29","6","YES","6","YES","YES","NO","NO","NO","NO","YES","NO","10","","10","10","10","10","10","10","0","NO","NO","YES","NO","NO","NO","NO","NA"
"Indonesia","Suriname","Original","2003","2014","In Force","0.64","0.56","0.97","0.38","0.65","6","YES","3","NO","NO","YES","YES","YES","YES","YES","NO","15","","15","15","15","15","15","15","0","NO","NO","YES","NO","NO","NO","YES","NA"
"Indonesia","Tajikistan","Original","2003","2020","In Force","0.61","0.38","0.97","0.5","0.71","6","YES","3","NO","NO","YES","YES","YES","YES","YES","NO","10","","10","10","10","10","10","10","0","NO","NO","YES","NO","YES","NO","NO","NA"
"Indonesia","Iran","Original","2004","2011","In Force","0.53","0.36","0.72","0.5","0.59","6","YES","6","NO","NO","NO","NO","YES","YES","NO","NO","7","","7","10","10","12","12","12","0","YES","NO","YES","NO","YES","NO","NO","NA"
"Indonesia","Qatar","Original","2006","2008","In Force","0.64","0.31","0.97","0.63","0.76","6","YES","6","NO","NO","YES","YES","YES","YES","NO","YES","10","","10","10","10","5","5","5","0","NO","NO","YES","YES","YES","NO","NO","NA"
"Indonesia","Morocco","Original","2008","2013","In Force","0.64","0.38","0.97","0.57","0.75","6","YES","2","NO","NO","YES","YES","YES","YES","YES","NO","10","","10","10","10","10","10","10","0","YES","NO","YES","NO","","NO","NO","NA"
"Indonesia","Serbia","Original","2011","2019","In Force","0.61","0.5","0.97","0.38","0.65","6","YES","6","NO","NO","YES","YES","YES","NO","YES","NO","15","","15","10","10","15","15","15","0","YES","NO","YES","NO","NO","NO","NO","NA"
"Indonesia","Laos","Original","2011","2017","In Force","0.67","0.41","0.97","0.63","0.76","6","YES","6","NO","NO","YES","YES","YES","YES","YES","NO","10","10","15","10","10","10","10","10","0","YES","NO","YES","NO","YES","NO","YES","NA"
"Indonesia","United States","Amended by protocol","1996","1997","In Force","0.61","0.41","0.85","0.57","0.69","4","YES","4","NO","NO","YES","YES","NO","YES","YES","NO","10","25","15","10","10","10","10","10","0","NO","NO","YES","","YES","NO","YES","NA"
"Indonesia","Malaysia","Amended by protocol","2006","2010","In Force","0.57","0.38","0.84","0.5","0.65","6","YES","3","NO","NO","YES","NO","YES","NO","NO","YES","10","","10","10","10","10","10","10","0","YES","NO","YES","NO","YES","NO","NO","NA"
"Indonesia","Switzerland","Amended by protocol","2007","2009","In Force","0.53","0.47","0.84","0.29","0.63","6","YES","NO","NO","NO","YES","YES","YES","NO","NO","YES","10","25","15","10","10","10","10","10","5","NO","NO","YES","NO","","NO","NO","NA"
"Indonesia","Mexico","Amended by protocol","2013","2019","In Force","0.7","0.38","0.97","0.75","0.82","6","YES","3","NO","NO","YES","YES","YES","YES","YES","NO","10","","10","10","10","10","10","10","0","YES","YES","YES","NO","YES","YES","NO","NA"
"Indonesia","Netherlands","Amended by protocol","2015","2017","In Force","0.6","0.34","0.97","0.5","0.71","6","YES","3","NO","NO","YES","YES","YES","YES","YES","NO","5","25","15","10","5","10","10","10","0","NO","YES","YES","NO","NO","NO","YES","NA"
"Indonesia","Mongolia","Amended by MLI","2022","null","In Force","0.61","0.38","0.97","0.5","0.71","6","YES","3","NO","NO","YES","YES","YES","YES","NO","NO","10","","10","10","10","10","10","10","0","YES","NO","YES","NO","YES","NO","NO","PPT"
"Iran","Kenya","Original","2012","2018","In Force","0.5","0.31","0.81","0.38","0.53","12","YES","6","NO","NO","YES","NO","YES","NO","NO","NO","5","","5","10","10","10","10","10","0","YES","NO","YES","YES","NO","NO","NO","NA"
"Iran","Pakistan","Original","1999","2005","In Force","0.33","0.31","0.31","0.38","0.29","12","YES","NO","YES","YES","NO","NO","YES","NO","NO","NO","5","","5","10","10","10","10","10","0","YES","NO","YES","NO","YES","NO","NO","NA"
"Iran","Sri Lanka","Original","2000","2002","In Force","0.54","0.35","0.69","0.57","0.56","12","YES","NO","NO","NO","YES","NO","YES","YES","NO","YES","10","","10","10","10","8","8","8","0","YES","NO","YES","NO","","NO","NO","NA"
"Iran","Sudan","Original","2004","2010","In Force","0.35","0.24","0.56","0.25","0.35","12","YES","NO","NO","NO","NO","NO","YES","NO","NO","NO","5","20","10","7","7","5","5","5","0","YES","NO","YES","NO","NO","NO","NO","NA"
"Iran","Malaysia","Original","1992","2006","In Force","0.43","0.44","0.72","0.13","0.47","6","YES","NO","NO","NO","YES","NO","YES","NO","NO","NO","0","","0","15","15","10","10","10","10","NO","NO","NO","NO","YES","NO","NO","NA"
"Iran","Turkmenistan","Original","1995","2000","In Force","0.5","0.31","0.81","0.38","0.53","12","YES","12","NO","NO","NO","YES","YES","NO","NO","NO","10","","10","10","10","5","5","5","0","YES","NO","YES","NO","YES","NO","YES","NA"
"Iran","Kazakhstan","Original","1996","2000","In Force","0.52","0.38","0.69","0.5","0.53","12","YES","12","NO","NO","NO","NO","YES","YES","NO","NO","5","20","15","10","10","10","10","10","0","YES","NO","YES","NO","YES","NO","YES","NA"
"Iran","Ukraine","Original","1996","2002","In Force","0.4","0.38","0.56","0.25","0.35","12","YES","NO","NO","NO","NO","NO","YES","NO","NO","NO","10","","10","10","10","10","10","10","0","NO","NO","YES","NO","YES","NO","NO","NA"
"Iran","Syria","Original","1996","2002","In Force","0.41","0.43","0.56","0.25","0.35","12","YES","NO","NO","NO","NO","NO","YES","NO","NO","NO","7","","7","10","10","17","17","17","0","NO","NO","YES","NO","YES","NO","NO","NA"
"Iran","South Africa","Original","1997","1999","In Force","0.46","0.31","0.69","0.38","0.47","12","YES","6","NO","NO","NO","NO","YES","NO","NO","NO","10","","10","5","5","10","10","10","0","YES","NO","YES","NO","YES","NO","NO","NA"
"Iran","Russia","Original","1998","2003","In Force","0.19","0.25","0.19","0.13","0.12","12","YES","NO","YES","YES","NO","NO","NO","NO","NO","NO","5","25","10","7.5","7.5","5","5","5","0","NO","NO","YES","NO","NO","NO","YES","NA"
"Iran","Lebanon","Original","1998","2001","In Force","0.24","0.19","0.28","0.25","0.24","18","YES","NO","YES","YES","NO","NO","YES","NO","NO","NO","5","","5","5","5","5","5","5","0","NO","NO","YES","NO","YES","NO","NO","NA"
"Iran","Tajikistan","Original","1998","2013","In Force","0.41","0.35","0.5","0.38","0.41","24","YES","NO","NO","NO","NO","NO","YES","NO","NO","NO","10","","10","10","10","8","8","8","0","YES","NO","YES","NO","YES","NO","YES","NA"
"Iran","North Macedonia","Original","2000","2014","In Force","0.31","0.38","0.31","0.25","0.24","12","YES","NO","NO","YES","NO","NO","NO","NO","NO","NO","10","","10","10","10","10","10","10","0","YES","NO","YES","NO","NO","NO","NO","NA"
"Iran","Qatar","Original","2000","2011","In Force","0.32","0.27","0.44","0.25","0.29","12","YES","NO","NO","NO","NO","NO","NO","NO","NO","NO","5","20","7.5","10","10","5","5","5","0","NO","NO","YES","YES","NO","NO","NO","NA"
"Iran","Tunisia","Original","2001","2006","In Force","0.52","0.35","0.84","0.38","0.59","6","YES","NO","NO","NO","YES","YES","YES","NO","YES","NO","10","","10","10","10","8","8","8","0","YES","NO","YES","NO","NO","NO","NO","NA"
"Iran","Romania","Original","2001","2008","In Force","0.39","0.35","0.56","0.25","0.35","12","YES","NO","NO","NO","NO","NO","YES","NO","NO","NO","10","","10","8","8","10","10","10","0","YES","NO","YES","NO","NO","NO","NO","NA"
"Iran","Uzbekistan","Original","2002","2005","In Force","0.37","0.29","0.56","0.25","0.35","12","YES","NO","NO","NO","NO","NO","YES","NO","NO","NO","8","","8","10","10","5","5","5","0","YES","NO","YES","NO","NO","NO","NO","NA"
"Iran","Turkey","Original","2002","2006","In Force","0.35","0.47","0.47","0.13","0.29","6","NO","NO","NO","NO","NO","NO","YES","NO","NO","NO","15","25","20","10","10","10","10","10","0","NO","NO","YES","NO","NO","NO","NO","NA"
"Iran","Switzerland","Original","2002","2004","In Force","0.27","0.25","0.31","0.25","0.24","12","YES","NO","YES","YES","NO","NO","YES","NO","NO","NO","5","15","15","10","0","5","5","5","0","YES","NO","YES","NO","NO","NO","NO","NA"
"Iran","Jordan","Original","2003","2009","In Force","0.48","0.27","0.69","0.5","0.53","12","YES","6","NO","NO","NO","NO","YES","YES","NO","NO","5","25","7.5","5","5","10","10","10","0","YES","NO","YES","NO","YES","NO","NO","NA"
"Iran","Spain","Original","2003","2007","In Force","0.21","0.2","0.19","0.25","0.18","12","YES","NO","YES","YES","NO","NO","NO","NO","NO","NO","5","20","10","7.5","0","5","5","5","0","YES","NO","YES","NO","NO","NO","NO","NA"
"Iran","Oman","Original","2004","2010","In Force","0.4","0.38","0.69","0.13","0.35","12","YES","NO","NO","NO","YES","NO","YES","NO","NO","NO","10","","10","10","10","10","10","10","0","NO","NO","YES","NO","NO","NO","NO","NA"
"Iran","Montenegro","Pre-independence","2004","2012","In Force","0.4","0.38","0.56","0.25","0.35","12","YES","NO","NO","NO","YES","NO","NO","NO","NO","NO","10","","10","10","10","10","10","10","0","YES","NO","YES","NO","NO","NO","NO","NA"
"Iran","Serbia","Pre-independence","2004","2012","In Force","0.4","0.38","0.56","0.25","0.35","12","YES","NO","NO","NO","YES","NO","NO","NO","NO","NO","10","","10","10","10","10","10","10","0","YES","NO","YES","NO","NO","NO","NO","NA"
"Iran","Venezuela","Original","2005","2008","In Force","0.33","0.19","0.56","0.25","0.35","12","YES","NO","NO","NO","NO","NO","YES","NO","NO","NO","5","15","10","5","0","5","5","5","0","YES","NO","YES","NO","NO","NO","NO","NA"
"Iran","South Korea","Original","2006","2010","In Force","0.4","0.38","0.56","0.25","0.35","12","YES","NO","NO","NO","NO","NO","YES","NO","NO","NO","10","","10","10","10","10","10","10","0","YES","NO","YES","NO","NO","NO","NO","NA"
"Iran","Kuwait","Original","2008","2011","In Force","0.34","0.19","0.58","0.25","0.38","9","YES","NO","NO","NO","NO","NO","YES","NO","YES","NO","5","","5","5","5","5","5","5","0","NO","NO","YES","NO","NO","NO","NO","NA"
"Iran","Slovenia","Original","2011","2015","In Force","0.35","0.21","0.58","0.25","0.38","9","YES","NO","NO","NO","NO","NO","YES","NO","NO","NO","7","","7","5","5","5","5","5","0","YES","NO","YES","NO","NO","NO","NO","NA"
"Iran","Vietnam","Original","2014","2016","In Force","0.61","0.48","0.72","0.63","0.71","6","YES","6","NO","NO","NO","NO","YES","YES","NO","NO","10","","10","10","10","10","10","10","8","YES","YES","YES","NO","YES","NO","NO","NA"
"Iran","Slovakia","Original","2016","2019","In Force","0.31","0.22","0.59","0.13","0.35","6","YES","6","NO","NO","NO","NO","NO","NO","NO","NO","5","","5","5","5","7.5","7.5","7.5","0","YES","NO","NO","NO","NO","NO","NO","OTHER"
"Iran","Kyrgyzstan","Amended by protocol","2003","2006","In Force","","","","","","","","","","","","","","","","","","","","","","","","","","","","","","","","",""
"Iran","Poland","Amended by protocol","2004","2007","In Force","0.35","0.34","0.33","0.38","0.32","9","YES","NO","YES","YES","NO","NO","YES","NO","NO","NO","7","","7","10","10","10","10","10","0","YES","NO","YES","NO","YES","NO","NO","NA"
"Ireland","Kosovo","Original","2021","2023","In Force","0.19","0.13","0.19","0.25","0.18","12","YES","NO","YES","YES","NO","NO","NO","NO","NO","NO","5","10","10","5","0","0","0","0","0","YES","NO","YES","NO","NO","YES","YES","PPT"
"Ireland","North Macedonia","Original","2008","2010","In Force","0.09","0.09","0.06","0.13","0.06","12","NO","NO","YES","YES","NO","NO","NO","NO","NO","NO","5","10","10","0","0","0","0","0","0","YES","NO","NO","NO","NO","NO","NO","NA"
"Ireland","Moldova","Original","2009","2011","In Force","0.22","0.19","0.34","0.13","0.24","6","YES","6","YES","YES","NO","NO","NO","NO","NO","NO","5","25","10","5","0","5","5","5","0","YES","NO","NO","NO","NO","NO","NO","NA"
"Ireland","Morocco","Original","2010","2012","In Force","0.56","0.48","0.59","0.63","0.65","6","YES","6","YES","YES","NO","YES","YES","NO","YES","NO","6","25","10","10","10","10","10","10","10","YES","NO","YES","YES","YES","NO","NO","NA"
"Ireland","Uzbekistan","Original","2012","2014","In Force","0.14","0.22","0.08","0.13","0.09","9","NO","NO","YES","YES","NO","NO","NO","NO","NO","NO","5","10","10","5","5","5","5","5","0","YES","NO","NO","NO","NO","NO","NO","NA"
"Ireland","Zambia","Original","2015","2016","In Force","0.31","0.34","0.47","0.13","0.29","6","YES","6","YES","YES","NO","NO","YES","NO","NO","NO","7.5","","7.5","10","10","10","10","10","0","YES","NO","NO","NO","NO","NO","YES","NA"
"Ireland","Vietnam","Amended by MLI","2022","2024","In Force","0.68","0.44","0.97","0.63","0.82","6","YES","6","NO","NO","YES","YES","YES","YES","YES","NO","5","70","10","10","10","15","15","0","7.5","YES","NO","YES","NO","YES","NO","NO","PPT"
"Ireland","Thailand","Amended by MLI","2022","2023","In Force","0.46","0.41","0.47","0.5","0.47","6","YES","6","YES","YES","NO","NO","YES","NO","NO","YES","10","","10","15","10","15","5","10","0","YES","NO","YES","NO","YES","NO","NO","PPT"
"Ireland","Mexico","Amended by MLI","2017","2024","In Force","0.47","0.31","0.47","0.63","0.53","6","YES","NO","YES","YES","NO","YES","YES","NO","YES","NO","5","10","10","10","5","10","10","10","0","YES","YES","YES","NO","YES","NO","NO","PPT"
"Ireland","Pakistan","Amended by MLI","2017","2022","In Force","0.48","0.47","0.47","0.5","0.53","6","YES","NO","YES","YES","NO","YES","YES","NO","YES","NO","5","25","10","10","10","10","10","10","10","YES","NO","YES","NO","YES","NO","NO","PPT"
"Ireland","South Africa","Amended by MLI","2017","2023","In Force","0.18","0.09","0.19","0.25","0.18","12","YES","NO","YES","YES","NO","NO","NO","NO","NO","NO","5","10","10","0","0","0","0","0","0","YES","NO","YES","NO","NO","NO","NO","PPT"
"Ireland","Ukraine","Amended by MLI","2018","2020","In Force","0.29","0.3","0.19","0.38","0.24","12","NO","NO","YES","YES","YES","NO","NO","NO","NO","NO","5","25","15","10","5","5","10","5","0","YES","YES","YES","NO","NO","NO","NO","PPT"
"Isle of Man","Seychelles","Amended by MLI","2017","2023","In Force","0.1","0.13","0.06","0.13","0.12","12","NO","NO","YES","YES","NO","NO","NO","NO","YES","NO","0","","0","0","0","5","5","5","5","NO","NO","NO","NO","NO","NO","NO","PPT"
"Israel","Philippines","Original","1992","1997","In Force","0.56","0.47","0.59","0.63","0.59","6","YES","6","YES","YES","NO","YES","YES","NO","YES","YES","10","10","15","10","10","15","15","15","0","YES","NO","YES","NO","YES","NO","NO","LOB"
"Israel","Uzbekistan","Original","1998","2000","In Force","0.39","0.35","0.33","0.5","0.38","9","NO","9","YES","YES","NO","YES","NO","NO","YES","NO","10","","10","10","10","10","5","10","0","YES","YES","YES","NO","NO","NO","NO","OTHER"
"Israel","Moldova","Original","2006","2008","In Force","0.22","0.22","0.31","0.13","0.18","12","YES","6","YES","YES","NO","NO","NO","NO","NO","NO","5","25","10","5","5","5","5","5","0","YES","NO","NO","NO","NO","NO","NO","NA"
"Israel","North Macedonia","Original","2015","2019","In Force","0.17","0.31","0.06","0.13","0.06","12","NO","NO","YES","YES","NO","NO","NO","NO","NO","NO","5","25","15","10","10","5","5","5","0","YES","NO","NO","NO","NO","NO","NO","LOB-PPT"
"Israel","Vietnam","Amended by MLI","2022","2024","In Force","0.49","0.49","0.59","0.38","0.53","6","YES","6","YES","YES","YES","NO","YES","NO","NO","NO","10","","10","10","10","15","15","5","7.5","YES","NO","YES","NO","YES","NO","NO","PPT"
"Israel","Thailand","Amended by MLI","2022","2023","In Force","0.55","0.43","0.72","0.5","0.59","6","YES","6","YES","YES","YES","YES","YES","NO","NO","YES","10","","10","15","10","15","5","15","0","YES","NO","YES","NO","YES","NO","NO","PPT"
"Israel","Mexico","Amended by MLI","2017","2024","In Force","0.52","0.34","0.59","0.63","0.59","6","YES","12","YES","YES","NO","YES","YES","NO","YES","NO","5","10","10","10","10","10","10","10","0","YES","YES","YES","NO","YES","NO","NO","PPT"
"Israel","South Africa","Amended by MLI","2017","2023","In Force","0.32","0.5","0.22","0.25","0.24","6","YES","NO","YES","YES","NO","NO","NO","NO","NO","NO","25","","25","25","25","0","0","0","0","YES","NO","YES","NO","NO","NO","NO","PPT"
"Israel","Ukraine","Amended by MLI","2018","2020","In Force","0.39","0.34","0.44","0.38","0.35","12","NO","NO","NO","NO","NO","NO","YES","NO","NO","NO","5","25","15","10","5","10","10","10","0","YES","YES","YES","NO","NO","NO","NO","PPT"
"Italy","Mongolia","Original","2003","2022","In Force","0.18","0.31","0.09","0.13","0.12","6","NO","NO","YES","YES","NO","NO","NO","NO","NO","NO","5","10","15","10","10","5","5","5","0","NO","NO","YES","NO","NO","NO","NO","PPT"
"Italy","Mozambique","Original","1998","2005","In Force","0.22","0.44","0.09","0.13","0.12","6","NO","NO","YES","YES","NO","NO","NO","NO","NO","NO","15","","15","10","10","10","10","10","0","NO","NO","YES","NO","NO","NO","NO","NA"
"Italy","Pakistan","Original","1984","1992","In Force","0.85","0.72","0.84","1","0.88","6","YES","3","NO","NO","YES","NO","YES","YES","YES","YES","15","25","25","30","30","30","30","30","0","YES","YES","YES","YES","YES","NO","NO","NA"
"Italy","Philippines","Original","1980","1990","In Force","0.49","0.63","0.59","0.25","0.41","6","YES","NO","NO","NO","NO","NO","YES","NO","NO","YES","15","","15","15","15","25","25","25","0","YES","NO","NO","NO","NO","NO","NO","NA"
"Italy","Senegal","Original","1998","2002","In Force","0.3","0.56","0.22","0.13","0.18","6","NO","NO","YES","YES","NO","NO","YES","NO","NO","NO","15","","15","15","15","15","15","15","0","NO","NO","YES","NO","NO","NO","NO","NA"
"Italy","Sri Lanka","Original","1984","1978","In Force","0.32","0.48","0.22","0.25","0.24","6","NO","6","YES","YES","NO","NO","NO","NO","NO","YES","15","","15","10","10","15","10","15","0","NO","NO","YES","NO","NO","NO","NO","NA"
"Italy","Uganda","Original","2000","1998","In Force","0.36","0.63","0.22","0.25","0.29","6","NO","6","YES","YES","NO","NO","NO","NO","YES","NO","15","","15","15","15","10","10","10","10","NO","NO","YES","NO","NO","NO","NO","NA"
"Italy","Vietnam","Original","1996","1996","In Force","0.49","0.5","0.72","0.25","0.53","6","YES","6","NO","NO","YES","NO","NO","NO","NO","NO","10","25","15","10","10","10","10","10","7.5","NO","YES","YES","NO","NO","NO","NO","NA"
"Italy","Trinidad and Tobago","Original","1971","1970","In Force","0.24","0.42","0.09","0.2","0.21","6","NO","NO","YES","YES","NO","NO","NO","NO","NO","NO","10","25","20","10","10","5","0","5","5","","","YES","NO","","NO","NO","NA"
"Italy","Thailand","Original","1977","1978","In Force","0.38","0.65","0.22","0.29","0.25","6","NO","NO","YES","YES","YES","NO","NO","NO","NO","YES","20","25","NO LIMIT","NO LIMIT","NO LIMIT","15","5","15","0","NO","NO","YES","NO","","NO","NO","NA"
"Italy","Tunisia","Original","1979","1981","In Force","0.23","0.48","0.09","0.13","0.12","6","NO","NO","YES","YES","NO","NO","NO","NO","NO","NO","15","","15","12","12","12","5","16","0","NO","NO","YES","NO","NO","NO","NO","NA"
"Italy","Tajikistan","Pre-independence","1985","1990","In Force","0.15","0.19","0.25","0","0.15","36","NO","NO","NO","NO","NO","NO","NO","NO","NO","NO","15","","15","0","0","0","0","0","0","","","NO","","","NO","NO","NA"
"Italy","Turkmenistan","Pre-independence","1985","1990","In Force","0.15","0.19","0.25","0","0.15","36","NO","NO","NO","NO","NO","NO","NO","NO","NO","NO","15","","15","0","0","0","0","0","0","","","NO","","","NO","NO","NA"
"Italy","Venezuela","Original","1990","1994","In Force","0.28","0.36","0.06","0.43","0.19","12","NO","NO","YES","YES","NO","NO","NO","NO","NO","","10","","10","10","10","10","7","10","0","YES","NO","YES","NO","YES","NO","NO","NA"
"Italy","South Africa","Original","1995","2000","In Force","0.21","0.33","0.19","0.13","0.12","12","YES","NO","YES","YES","NO","NO","NO","NO","NO","NO","5","25","15","10","10","6","6","6","0","NO","NO","YES","NO","NO","NO","NO","NA"
"Italy","North Macedonia","Original","1996","2001","In Force","0.15","0.25","0.06","0.13","0.06","12","NO","NO","YES","YES","NO","NO","NO","NO","NO","NO","5","25","15","10","10","0","0","0","0","NO","NO","YES","NO","NO","NO","NO","NA"
"Italy","Ukraine","Original","1997","1995","In Force","0.26","0.34","0.06","0.38","0.18","12","NO","NO","YES","YES","NO","NO","NO","NO","YES","NO","5","20","15","10","10","7","7","7","0","YES","NO","YES","NO","NO","NO","NO","NA"
"Italy","Uzbekistan","Original","2000","2005","In Force","0.23","0.25","0.06","0.38","0.18","12","NO","NO","YES","YES","NO","NO","NO","YES","YES","NO","10","","10","5","5","5","5","5","0","NO","NO","YES","NO","NO","NO","NO","NA"
"Italy","Lebanon","Original","2000","2012","In Force","0.15","0.13","0.19","0.13","0.12","12","NO","12","YES","YES","NO","NO","NO","NO","NO","NO","5","10","15","0","0","0","0","0","0","NO","NO","YES","NO","NO","NO","NO","PPT"
"Italy","Syria","Original","2000","2008","In Force","0.28","0.38","0.34","0.13","0.24","6","NO","NO","NO","NO","NO","NO","NO","NO","NO","NO","5","25","10","10","0","18","18","18","0","NO","NO","YES","NO","NO","NO","NO","NA"
"Italy","Moldova","Original","2002","2012","In Force","0.15","0.25","0.06","0.13","0.06","12","NO","NO","YES","YES","NO","NO","NO","NO","NO","NO","5","25","15","5","5","5","5","5","0","NO","NO","YES","NO","NO","NO","NO","NA"
"Italy","Jordan","Original","2004","2011","In Force","0.28","0.38","0.33","0.13","0.21","9","YES","6","YES","YES","NO","NO","NO","NO","NO","NO","10","","10","10","10","10","10","10","0","NO","NO","YES","NO","NO","NO","NO","NA"
"Italy","Morocco","Amended by protocol","1979","1974","In Force","0.2","0.39","0.09","0.13","0.12","6","NO","NO","YES","YES","NO","NO","NO","NO","NO","NO","10","25","15","10","10","10","5","10","0","NO","NO","YES","NO","NO","NO","NO","NA"
"Italy","Zambia","Amended by protocol","1980","1974","In Force","0.23","0.38","0.2","0.13","0.15","9","YES","NO","YES","YES","NO","NO","NO","NO","NO","NO","5","25","15","10","10","10","10","10","0","NO","NO","YES","NO","NO","NO","NO","NA"
"Italy","Tanzania","Amended by protocol","1979","1974","In Force","0.39","0.72","0.19","0.25","0.24","12","YES","NO","YES","YES","NO","NO","NO","NO","NO","YES","10","","10","12.5","12.5","15","15","15","20","NO","NO","YES","NO","NO","NO","NO","NA"
"Italy","Mauritius","Amended by protocol","2010","2012","In Force","0.39","0.56","0.34","0.25","0.29","6","NO","NO","YES","YES","YES","NO","YES","NO","YES","NO","5","25","15","NO LIMIT","NO LIMIT","15","15","15","0","NO","NO","YES","NO","NO","NO","NO","NA"
"Italy","Mexico","Amended by protocol","2011","2015","In Force","0.44","0.5","0.46","0.38","0.39","8","YES","NO","YES","YES","NO","YES","YES","NO","NO","NO","15","","15","15","15","15","0","15","0","YES","NO","YES","NO","YES","NO","NO","NA"
"Jamaica","Mexico","Original","2016","2019","In Force","0.65","0.47","0.84","0.63","0.76","6","YES","6","NO","NO","YES","YES","NO","NO","YES","NO","5","25","10","10","10","10","10","10","10","YES","YES","YES","NO","YES","NO","NO","LOB"
"Japan","Morocco","Original","2020","2023","In Force","0.39","0.32","0.47","0.38","0.41","6","YES","6","YES","YES","NO","NO","YES","NO","NO","NO","5","10","10","10","10","10","10","5","0","YES","YES","YES","NO","NO","NO","YES","PPT"
"Japan","Zambia","Original","1970","1971","In Force","0.15","0.25","0.06","0.13","0.06","12","NO","NO","YES","YES","NO","NO","NO","NO","NO","NO","0","","0","10","10","10","10","10","0","NO","NO","YES","NO","NO","NO","NO","NA"
"Japan","Sri Lanka","Original","1967","1968","In Force","0.42","0.08","0.59","0.6","0.57","6","NO","NO","NO","NO","YES","YES","NO","NO","","YES","6","","6","0","0","","0","","0","NO","YES","YES","","","NO","NO","NA"
"Japan","Kyrgyzstan","Pre-independence","1986","1987","In Force","0.19","0.4","0.06","0.13","0.06","12","NO","NO","YES","YES","NO","NO","NO","NO","NO","NO","15","","15","10","10","10","0","10","0","NO","YES","NO","NO","NO","NO","NO","NA"
"Japan","Moldova","Pre-independence","1986","1987","In Force","0.19","0.4","0.06","0.13","0.06","12","NO","NO","YES","YES","NO","NO","NO","NO","NO","NO","15","","15","10","10","10","0","10","0","NO","YES","NO","NO","NO","NO","NO","NA"
"Japan","Tajikistan","Pre-independence","1986","1987","In Force","0.19","0.4","0.06","0.13","0.06","12","NO","NO","YES","YES","NO","NO","NO","NO","NO","NO","15","","15","10","10","10","0","10","0","NO","YES","NO","NO","NO","NO","NO","NA"
"Japan","Turkmenistan","Pre-independence","1986","1987","In Force","0.15","0.4","0.06","0","0","12","NO","NO","YES","YES","NO","NO","NO","NO","NO","NO","15","","15","10","10","10","0","10","0","NO","NO","NO","NO","NO","NO","NO","NA"
"Japan","Peru","Original","2019","2022","In Force","0.47","0.44","0.47","0.5","0.47","6","YES","6","YES","YES","NO","NO","YES","NO","NO","NO","10","","10","10","10","15","15","15","0","YES","YES","YES","NO","YES","NO","YES","OTHER"
"Japan","Uzbekistan","Original","2019","2021","In Force","0.31","0.22","0.56","0.14","0.31","12","YES","NO","NO","NO","NO","NO","YES","NO","","NO","5","25","10","5","5","5","5","5","0","YES","NO","NO","NO","NO","NO","YES","LOB-PPT"
"Japan","Philippines","Amended by protocol","2006","2009","In Force","0.54","0.41","0.59","0.63","0.59","6","YES","6","YES","YES","YES","YES","NO","YES","YES","YES","10","10","15","10","10","10","10","10","0","YES","NO","YES","NO","NO","NO","NO","NA"
"Japan","Vietnam","Amended by MLI","2022","2024","In Force","0.57","0.38","0.97","0.38","0.65","6","YES","6","NO","NO","YES","YES","YES","NO","NO","NO","10","","10","10","10","10","10","10","0","YES","YES","YES","NO","NO","NO","YES","PPT"
"Japan","Thailand","Amended by MLI","2022","2023","In Force","0.61","0.59","0.86","0.38","0.59","3","YES","6","NO","NO","YES","NO","YES","NO","NO","YES","15","25","20","25","10","15","15","15","0","NO","YES","NO","NO","YES","NO","NO","PPT"
"Japan","Mexico","Amended by MLI","2017","2024","In Force","0.5","0.41","0.47","0.63","0.53","6","YES","NO","YES","YES","NO","YES","YES","NO","YES","NO","5","25","15","15","10","10","10","10","0","YES","YES","YES","NO","YES","NO","YES","PPT"
"Japan","Pakistan","Amended by MLI","2017","2022","In Force","0.6","0.47","0.72","0.63","0.71","6","YES","NO","NO","NO","YES","NO","YES","NO","YES","NO","5","50","10","10","10","10","10","10","10","YES","YES","YES","NO","YES","NO","NO","PPT"
"Japan","South Africa","Amended by MLI","2017","2023","In Force","0.35","0.38","0.19","0.5","0.29","12","YES","NO","YES","YES","NO","NO","NO","NO","NO","NO","5","25","15","10","10","10","10","10","0","YES","YES","YES","NO","YES","NO","YES","PPT"
"Japan","Ukraine","Amended by MLI","2018","2020","In Force","0.28","0.4","0.19","0.25","0.18","12","NO","NO","YES","YES","NO","NO","YES","NO","NO","NO","15","","15","10","10","10","0","10","0","YES","YES","NO","NO","NO","NO","NO","PPT"
"Jersey","Rwanda","Original","2015","2017","In Force","0.53","0.48","0.47","0.63","0.59","6","YES","6","YES","YES","NO","YES","NO","YES","YES","NO","10","","10","10","10","10","10","0","12","NO","NO","YES","YES","YES","YES","NO",""
"Jersey","Mauritius","Original","2017","2019","In Force","0.1","0","0.31","0","0.12","12","YES","9","YES","YES","NO","NO","NO","NO","NO","NO","0","","0","0","0","0","0","0","0","NO","NO","NO","NO","NO","NO","NO",""
"Jersey","Seychelles","Amended by MLI","2017","2023","In Force","0.16","0","0.34","0.13","0.24","6","YES","6","YES","YES","NO","NO","NO","NO","NO","NO","0","","0","0","0","0","0","0","0","YES","NO","NO","NO","NO","NO","NO","PPT"
"Jordan","Singapore","Original","2021","2022","In Force","0.3","0.21","0.33","0.38","0.32","9","YES","6","YES","YES","NO","NO","NO","NO","NO","NO","5","10","8","5","5","5","5","5","0","YES","NO","YES","NO","YES","NO","NO","PPT"
"Jordan","Romania","Original","1983","1985","In Force","0.29","0.53","0.09","0.25","0.17","7","NO","NO","YES","YES","NO","NO","NO","NO","NO","NO","15","","15","12.5","12.5","15","15","15","0","NO","NO","YES","NO","YES","NO","YES","NA"
"Jordan","Turkey","Original","1985","1987","In Force","0.22","0.43","0.09","0.13","0.12","6","NO","NO","YES","YES","NO","NO","NO","NO","NO","NO","10","25","15","10","10","12","12","12","0","NO","NO","YES","NO","NO","NO","YES","NA"
"Jordan","Yemen","Original","1998","2002","In Force","0.48","0.5","0.44","0.5","0.47","12","NO","6","YES","NO","NO","YES","NO","NO","NO","NO","10","","10","10","10","10","10","10","10","YES","YES","YES","NO","YES","NO","NO","NA"
"Jordan","Kuwait","Original","2001","2001","In Force","0.42","0.41","0.59","0.25","0.41","6","YES","6","YES","YES","YES","NO","YES","NO","YES","NO","5","5","10","5","5","30","30","30","0","NO","NO","YES","NO","NO","NO","NO","NA"
"Jordan","Syria","Original","2001","2002","In Force","0.4","0.48","0.47","0.25","0.35","6","YES","6","YES","YES","NO","YES","NO","NO","NO","NO","10","","10","10","10","18","18","18","0","YES","NO","YES","NO","NO","NO","NO","NA"
"Jordan","Lebanon","Original","2002","2004","In Force","0.32","0.38","0.47","0.13","0.29","6","YES","6","YES","YES","NO","YES","NO","NO","NO","NO","10","","10","10","10","10","10","10","0","NO","NO","YES","NO","NO","NO","NO","NA"
"Jordan","Morocco","Original","2005","2010","In Force","0.78","0.5","0.97","0.88","0.94","6","YES","2","NO","NO","YES","YES","YES","YES","YES","NO","10","","10","10","10","10","10","10","10","YES","YES","YES","YES","YES","NO","YES","NA"
"Jordan","Uzbekistan","Original","2010","2012","In Force","","","","","","","","","","","","","","","","","","","","","","","","","","","","","","","","",""
"Jordan","Palestine","Original","2011","2014","In Force","","","","","","","","","","","","","","","","","","","","","","","","","","","","","","","","",""
"Jordan","Tajikistan","Original","2017","2020","In Force","0.74","0.38","0.97","0.88","0.88","6","YES","6","NO","NO","YES","YES","YES","YES","YES","NO","10","25","10","10","10","10","10","10","0","YES","YES","YES","YES","YES","NO","NO","NA"
"Jordan","Tunisia","Amended by MLI","2019","2024","In Force","0.53","0.75","0.34","0.5","0.4","6","NO","NO","YES","YES","NO","YES","YES","NO","YES","NO","NO LIMIT","","NO LIMIT","NO LIMIT","NO LIMIT","NO LIMIT","NO LIMIT","NO LIMIT","0","","YES","YES","NO","","NO","NO","PPT"
"Jordan","South Korea","Amended by MLI","2019","2021","In Force","0.4","0.38","0.31","0.5","0.35","12","YES","6","YES","YES","NO","NO","NO","NO","NO","NO","10","","10","10","10","10","10","10","0","YES","NO","YES","YES","YES","NO","NO","PPT"
"Jordan","Malaysia","Amended by MLI","2019","2022","In Force","0.55","0.69","0.72","0.25","0.53","6","YES","NO","NO","NO","YES","NO","YES","NO","NO","NO","10","","10","15","15","15","15","15","15","NO","YES","YES","NO","NO","NO","NO","PPT"
"Jordan","Malta","Amended by MLI","2019","2021","In Force","0.36","0.38","0.47","0.25","0.35","6","YES","1","YES","YES","NO","NO","YES","NO","NO","NO","10","","10","10","10","10","10","10","0","YES","NO","YES","NO","NO","NO","NO","PPT"
"Jordan","Netherlands","Amended by MLI","2019","2021","In Force","0.43","0.31","0.72","0.25","0.47","6","YES","9","NO","NO","NO","NO","YES","NO","YES","NO","5","10","15","5","5","10","10","10","0","NO","NO","YES","NO","NO","YES","YES","PPT"
"Jordan","Pakistan","Amended by MLI","2019","2022","In Force","0.68","0.46","0.72","0.88","0.82","6","YES","3","NO","NO","NO","NO","YES","YES","YES","YES","10","","10","10","10","10","10","0","10","NO","YES","YES","YES","YES","NO","NO","PPT"
"Jordan","Poland","Amended by MLI","2019","2021","In Force","0.2","0.38","0.09","0.13","0.12","6","NO","NO","YES","YES","NO","NO","NO","NO","NO","NO","10","","10","10","10","10","10","10","0","NO","NO","YES","NO","NO","NO","NO","PPT"
"Jordan","Qatar","Amended by MLI","2019","2021","In Force","","","","","","","","","","","","","","","","","","","","","","","","","","","","","","","","","PPT"
"Jordan","Saudi Arabia","Amended by MLI","2019","2021","In Force","","","1","","1","","","","","","","","YES","","","","","","","","","","","","","","","","","","","","PPT"
"Jordan","Ukraine","Amended by MLI","2019","2021","In Force","0.74","0.41","0.95","0.88","0.85","9","YES","6","NO","NO","YES","YES","YES","YES","YES","NO","10","25","15","10","10","10","10","10","0","YES","YES","YES","YES","YES","NO","NO","PPT"
"Jordan","United Arab Emirates","Amended by MLI","2019","2021","In Force","0.53","0.26","0.84","0.5","0.65","6","YES","6","NO","NO","YES","NO","YES","YES","YES","NO","7","","7","7","0","10","10","10","0","NO","NO","YES","NO","YES","NO","NO","PPT"
"Jordan","United Kingdom","Amended by MLI","2019","2021","In Force","0.49","0.38","0.59","0.5","0.53","6","YES","NO","NO","NO","NO","NO","YES","NO","YES","NO","10","","10","10","10","10","10","10","0","YES","NO","YES","NO","YES","NO","NO","PPT"
"Kazakhstan","Mongolia","Original","1998","1999","In Force","0.56","0.38","0.81","0.5","0.59","12","YES","6","NO","NO","NO","YES","YES","YES","YES","NO","10","","10","10","10","10","10","10","0","NO","NO","YES","NO","YES","NO","NO","NA"
"Kazakhstan","Turkmenistan","Original","1997","2001","In Force","","","","","","","","","","","","","","","","","","","","","","","","","","","","","","","","",""
"Kazakhstan","Kyrgyzstan","Original","1997","1999","In Force","","","","","","","","","","","","","","","","","","","","","","","","","","","","","","","","",""
"Kazakhstan","Moldova","Original","1999","2003","In Force","0.46","0.41","0.47","0.5","0.47","6","YES","6","YES","YES","YES","NO","NO","YES","YES","NO","10","25","15","10","10","10","10","10","0","YES","NO","YES","NO","NO","NO","NO","NA"
"Kazakhstan","Tajikistan","Original","1999","2001","In Force","","","","","","","","","","","","","","","","","","","","","","","","","","","","","","","","",""
"Kazakhstan","North Macedonia","Original","2012","2016","In Force","0.41","0.38","0.59","0.25","0.41","6","YES","6","YES","YES","NO","YES","YES","YES","NO","NO","5","25","15","10","10","10","10","10","0","YES","NO","NO","NO","NO","NO","NO","NA"
"Kazakhstan","Uzbekistan","Amended by protocol","2017","2019","In Force","","","","","","","","","","","","","","","","","","","","","","","","","","","","","","","","",""
"Kazakhstan","Vietnam","Amended by MLI","2022","2024","In Force","0.68","0.56","0.72","0.75","0.76","6","YES","6","YES","YES","YES","YES","YES","YES","YES","NO","5","70","15","10","10","10","10","10","15","YES","YES","YES","NO","YES","NO","NO","PPT"
"Kazakhstan","Pakistan","Amended by MLI","2018","2022","In Force","0.54","0.52","0.47","0.63","0.53","6","YES","6","YES","YES","NO","NO","YES","YES","YES","NO","12.5","10","15","12.5","12.5","15","15","15","0","YES","NO","YES","NO","YES","NO","NO","LOB-PPT"
"Kazakhstan","Ukraine","Amended by MLI","2018","2021","In Force","","","1","1","1","","","","","","","","YES","","","","","","","","","","","","","YES","","","","","","","PPT"
"Kenya","Norway","Original","1972","1972","In Force","0.73","0.97","0.84","0.38","0.65","6","YES","NO","NO","NO","YES","YES","YES","YES","NO","YES","15","25","25","20","20","20","20","20","20","NO","NO","YES","NO","NO","NO","NO","NA"
"Kenya","Qatar","Original","2014","2016","In Force","0.44","0.34","0.84","0.13","0.47","6","YES","6","NO","NO","NO","YES","YES","NO","NO","NO","5","10","10","10","10","10","10","10","0","NO","NO","YES","NO","NO","NO","NO","PPT"
"Kenya","South Africa","Original","2010","2016","In Force","0.68","0.33","0.97","0.75","0.82","6","YES","6","NO","NO","YES","YES","YES","YES","YES","YES","10","","10","10","10","10","10","0","0","YES","NO","YES","NO","YES","NO","YES","NA"
"Kenya","Sweden","Original","1973","1973","In Force","0.76","0.82","0.84","0.6","0.79","6","YES","NO","NO","NO","YES","YES","YES","YES","NO","YES","15","25","25","15","15","20","20","0","20","","","YES","NO","","NO","NO","NA"
"Kenya","United Arab Emirates","Original","2011","2018","In Force","0.51","0.31","0.59","0.63","0.59","6","YES","4","YES","YES","YES","YES","NO","YES","YES","YES","5","","5","10","10","10","10","10","0","NO","NO","YES","NO","YES","NO","NO","NA"
"Kenya","United Kingdom","Original","1973","1976","In Force","0.48","0.72","0.59","0.13","0.41","6","YES","NO","YES","YES","YES","YES","YES","NO","NO","NO","15","","15","15","15","15","15","15","12.5","NO","NO","YES","NO","NO","NO","NO","NA"
"Kenya","Zambia","Original","1968","1964","In Force","0.28","0.5","0.34","0","0.23","6","YES","NO","YES","YES","YES","NO","NO","NO","NO","NO","0","","0","NO LIMIT","NO LIMIT","NO LIMIT","NO LIMIT","NO LIMIT","0","","","NO","","","NO","NO","NA"
"Kenya","South Korea","Original","2014","2018","In Force","0.28","0.39","0.19","0.25","0.18","12","NO","NO","YES","YES","NO","YES","NO","NO","NO","NO","8","25","10","12","12","10","10","10","0","YES","NO","YES","NO","NO","NO","NO","PARTIAL"
"Kenya","Seychelles","Amended by protocol","2015","2015","In Force","0.54","0.44","0.68","0.5","0.63","6","YES","6","YES","","YES","YES","NO","YES","YES","NO","5","","5","10","10","10","10","10","10","YES","NO","NO","NO","YES","NO","NO","NA"
"Kiribati","Taiwan","Original","2014","2015","In Force","0.31","0.33","0.34","0.25","0.29","6","YES","6","YES","YES","NO","NO","NO","NO","NO","NO","10","","10","10","10","10","10","0","0","YES","NO","YES","NO","NO","NO","NO","PPT"
"Kiribati","United Kingdom","Pre-independence","1950","1949","In Force","","","","","","","","","","","","","","","","","","","","","","","","","","","","","","","","",""
"North Korea","Russia","Original","1997","2001","In Force","0.19","0.13","0.31","0.13","0.18","12","YES","6","YES","YES","NO","NO","NO","NO","NO","NO","10","","10","0","0","0","0","0","0","NO","NO","YES","NO","NO","NO","NO","NA"
"North Korea","Romania","Original","1998","2001","In Force","0.27","0.38","0.06","0.38","0.18","12","NO","NO","YES","YES","NO","NO","NO","NO","NO","NO","10","","10","10","10","10","10","10","0","YES","NO","YES","NO","YES","NO","NO","NA"
"North Korea","Syria","Original","2000","2002","In Force","0.4","0.48","0.59","0.13","0.35","6","YES","NO","NO","NO","NO","NO","YES","NO","NO","NO","10","","10","10","10","18","18","18","0","NO","NO","YES","NO","NO","NO","NO","NA"
"North Korea","South Korea","Original","2000","2004","In Force","0.4","0.38","0.46","0.38","0.4","6","YES","NO","","","NO","NO","YES","NO","NO","YES","10","","10","10","10","10","10","10","0","YES","NO","YES","NO","NO","NO","NO","NA"
"North Korea","Montenegro","Pre-independence","2000","2002","In Force","0.18","0.38","0.03","0.13","0.06","18","NO","NO","YES","YES","NO","NO","NO","NO","NO","NO","10","","10","10","10","10","10","10","0","NO","NO","YES","NO","NO","NO","NO","NA"
"North Korea","Serbia","Pre-independence","2000","2002","In Force","0.18","0.38","0.03","0.13","0.06","18","NO","NO","YES","YES","NO","NO","NO","NO","NO","NO","10","","10","10","10","10","10","10","0","NO","NO","YES","NO","NO","NO","NO","NA"
"North Korea","Vietnam","Original","2002","2008","In Force","","","","","","","","","","","","","","","","","","","","","","","","","","","","","","","","",""
"North Korea","Mongolia","Original","2002","2006","In Force","0.65","0.44","0.94","0.57","0.75","12","YES","6","NO","NO","YES","YES","YES","YES","NO","NO","10","","10","10","10","10","10","10","5","YES","NO","YES","","YES","NO","NO","NA"
"South Korea","Laos","Original","2004","2007","In Force","0.15","0.26","0.06","0.13","0.06","12","NO","NO","YES","YES","NO","NO","NO","NO","NO","NO","5","10","10","10","10","5","5","0","0","NO","NO","YES","NO","NO","NO","NO","NA"
"South Korea","Mongolia","Original","1992","1992","In Force","0.23","0.25","0.19","0.25","0.18","12","NO","NO","YES","YES","NO","NO","YES","NO","NO","NO","5","","5","5","5","10","10","10","0","YES","NO","YES","NO","NO","NO","NO","NA"
"South Korea","Myanmar","Original","2002","2004","In Force","0.46","0.42","0.47","0.5","0.47","6","YES","6","YES","YES","NO","YES","NO","NO","NO","YES","10","","10","10","10","15","10","15","0","YES","YES","YES","NO","NO","NO","NO","NA"
"South Korea","Nepal","Original","2001","2003","In Force","0.36","0.38","0.34","0.38","0.35","6","YES","NO","YES","YES","NO","YES","NO","NO","YES","NO","5","25","15","10","10","15","15","0","0","YES","NO","YES","NO","NO","NO","NO","NA"
"South Korea","Philippines","Original","1984","1987","In Force","0.55","0.56","0.72","0.38","0.53","6","YES","6","YES","YES","YES","YES","YES","NO","NO","YES","10","25","25","15","15","15","15","15","0","YES","NO","YES","NO","NO","NO","NO","NA"
"South Korea","Sri Lanka","Original","1984","1980","In Force","0.33","0.41","0.34","0.25","0.29","6","NO","6","YES","YES","NO","NO","YES","NO","NO","YES","10","25","15","10","10","10","10","10","0","NO","NO","YES","NO","NO","NO","NO","NA"
"South Korea","Morocco","Original","1999","2001","In Force","0.3","0.32","0.33","0.25","0.27","8","NO","NO","YES","YES","NO","YES","YES","NO","NO","NO","5","25","10","10","10","10","5","10","0","YES","NO","YES","NO","NO","NO","NO","NA"
"South Korea","Venezuela","Original","2006","2008","In Force","0.54","0.29","0.7","0.63","0.62","9","YES","6","NO","NO","NO","YES","NO","NO","YES","NO","5","10","10","10","5","10","10","5","0","YES","YES","YES","NO","YES","NO","NO","NA"
"South Korea","Peru","Original","2012","2015","In Force","0.53","0.63","0.47","0.5","0.53","6","YES","6","YES","YES","NO","YES","NO","NO","NO","NO","10","","10","15","15","15","15","15","10","YES","YES","YES","NO","YES","NO","NO","PARTIAL"
"South Korea","Kyrgyzstan","Original","2012","2014","In Force","0.25","0.32","0.19","0.25","0.18","12","NO","12","YES","YES","NO","NO","NO","NO","NO","NO","5","25","10","10","10","10","10","5","0","YES","NO","YES","NO","NO","NO","NO","PPT"
"South Korea","Tajikistan","Amended by protocol","2021","2023","In Force","0.21","0.32","0.19","0.13","0.12","12","NO","6","YES","YES","NO","NO","NO","NO","NO","NO","5","25","10","8","8","10","10","10","0","NO","NO","YES","NO","NO","NO","NO","PPT"
"South Korea","Turkmenistan","Amended by protocol","2019","2020","In Force","","","","","","","","","","","","","","","","","","","","","","","","","","","","","","","","",""
"South Korea","Uzbekistan","Amended by protocol","2019","2021","In Force","0.23","0.24","0.19","0.25","0.18","12","NO","NO","YES","YES","NO","YES","NO","NO","YES","NO","5","25","15","5","5","5","5","2","0","NO","NO","YES","NO","NO","NO","YES","PPT"
"South Korea","Papua New Guinea","Amended by MLI","2019","2024","In Force","0.26","0.44","0.22","0.13","0.18","6","YES","NO","YES","YES","NO","NO","NO","NO","NO","NO","15","","15","10","10","10","10","10","0","NO","NO","YES","NO","NO","NO","NO","PPT"
"South Korea","Vietnam","Amended by MLI","2022","2024","In Force","0.38","0.43","0.34","0.38","0.41","6","NO","NO","NO","NO","NO","NO","NO","NO","NO","NO","10","","10","10","10","5","10","5","7.5","YES","YES","YES","NO","NO","NO","NO","PPT"
"South Korea","Thailand","Amended by MLI","2022","2023","In Force","0.54","0.41","0.59","0.63","0.59","6","YES","6","YES","YES","YES","NO","YES","NO","NO","YES","10","","10","15","10","10","5","15","0","YES","YES","YES","NO","YES","NO","NO","PPT"
"South Korea","Mexico","Amended by MLI","2017","2024","In Force","0.44","0.34","0.34","0.63","0.47","6","YES","NO","YES","YES","NO","YES","NO","NO","YES","NO","0","10","15","15","5","10","10","10","0","YES","YES","YES","NO","YES","NO","NO","PPT"
"South Korea","Pakistan","Amended by MLI","2017","2022","In Force","0.63","0.42","0.72","0.75","0.71","6","NO","NO","NO","NO","YES","YES","YES","NO","YES","YES","10","20","12.5","12.5","12.5","10","10","10","0","YES","YES","YES","NO","YES","NO","NO","PPT"
"South Korea","South Africa","Amended by MLI","2017","2023","In Force","0.19","0.38","0.06","0.13","0.06","12","NO","NO","YES","YES","NO","NO","NO","NO","NO","NO","5","25","15","10","10","10","10","10","0","NO","NO","YES","NO","NO","NO","NO","PPT"
"South Korea","Tunisia","Amended by MLI","2018","2024","In Force","0.33","0.53","0.34","0.13","0.24","6","YES","NO","YES","YES","NO","YES","NO","NO","NO","NO","15","","15","12","12","15","15","15","0","NO","NO","YES","NO","NO","NO","NO","PPT"
"South Korea","Ukraine","Amended by MLI","2018","2021","In Force","0.23","0.25","0.19","0.25","0.18","12","NO","NO","YES","YES","YES","NO","NO","NO","NO","NO","5","20","15","5","5","5","5","5","0","NO","YES","YES","NO","NO","NO","NO","PPT"
"Kosovo","Latvia","Original","2020","2022","In Force","0.17","0.06","0.2","0.25","0.21","9","YES","NO","YES","YES","NO","NO","NO","NO","NO","NO","0","10","10","0","0","0","0","0","0","YES","NO","YES","NO","NO","NO","YES","PPT"
"Kosovo","Netherlands","Original","2020","2022","In Force","0.22","0.22","0.44","0","0.18","12","YES","9","YES","YES","NO","NO","YES","NO","NO","NO","0","10","15","10","10","0","0","0","0","NO","NO","NO","NO","NO","YES","YES","PPT"
"Kosovo","Lithuania","Original","2021","2022","In Force","0.3","0.22","0.44","0.25","0.29","12","YES","6","YES","YES","NO","NO","YES","NO","NO","NO","0","10","15","10","10","0","0","0","0","YES","NO","YES","NO","NO","NO","YES","PPT"
"Kosovo","North Macedonia","Original","2011","2013","In Force","0.16","0.28","0.06","0.13","0.06","12","NO","NO","YES","YES","NO","NO","NO","NO","NO","NO","0","25","5","10","10","10","10","10","0","YES","NO","NO","NO","NO","NO","YES","NA"
"Kosovo","Turkey","Original","2012","2016","In Force","0.19","0.38","0.06","0.13","0.06","12","NO","NO","YES","YES","NO","NO","NO","NO","NO","NO","5","25","15","10","10","10","10","10","0","NO","NO","YES","NO","NO","NO","NO","NA"
"Kosovo","Slovenia","Original","2013","2015","In Force","0.18","0.22","0.19","0.13","0.12","12","NO","NO","YES","YES","NO","NO","YES","NO","NO","NO","5","10","10","5","5","5","5","5","0","YES","NO","NO","NO","NO","NO","NO","NA"
"Kosovo","United Kingdom","Original","2015","2016","In Force","0.06","0","0.06","0.13","0.06","12","NO","NO","YES","YES","NO","NO","NO","NO","NO","NO","0","","0","0","0","0","0","0","0","YES","NO","NO","NO","NO","YES","YES","NA"
"Kosovo","United Arab Emirates","Original","2016","2017","In Force","0.36","0.38","0.47","0.25","0.35","6","YES","6","YES","YES","NO","NO","YES","NO","NO","NO","5","","5","5","5","NO LIMIT","NO LIMIT","NO LIMIT","0","YES","NO","YES","NO","NO","NO","NO","PARTIAL"
"Kosovo","Switzerland","Original","2017","2019","In Force","0.11","0.16","0.06","0.13","0.06","12","NO","NO","YES","YES","NO","NO","NO","NO","NO","NO","5","25","15","5","0","0","0","0","0","YES","NO","NO","NO","NO","YES","NO","PPT"
"Kosovo","Luxembourg","Original","2017","2020","In Force","0.14","0.09","0.31","0","0.12","12","YES","6","YES","YES","NO","NO","NO","NO","NO","NO","0","10","10","5","0","0","0","0","0","NO","NO","NO","NO","NO","YES","NO","PPT"
"Kosovo","Malta","Original","2019","2020","In Force","0.23","0.09","0.34","0.25","0.29","6","YES","6","YES","YES","NO","NO","NO","NO","NO","NO","0","10","10","5","0","0","0","0","0","YES","NO","NO","YES","NO","YES","NO","PPT"
"Kosovo","Saudi Arabia","Original","2019","2021","In Force","0.44","0.23","0.72","0.38","0.53","6","YES","6","NO","NO","YES","NO","NO","NO","YES","NO","5","","5","5","5","10","10","5","0","NO","YES","YES","NO","NO","NO","NO","NA"
"Kuwait","Pakistan","Original","1998","1999","In Force","0.41","0.38","0.59","0.25","0.41","6","YES","9","YES","YES","YES","NO","YES","NO","YES","NO","10","","10","10","10","10","10","10","0","NO","NO","YES","NO","NO","NO","NO","NA"
"Kuwait","Philippines","Original","2009","2014","In Force","0.42","0.53","0.61","0.13","0.35","3","YES","3","YES","YES","YES","NO","YES","NO","NO","YES","10","10","15","10","10","20","20","20","0","NO","NO","NO","NO","NO","NO","NO","NA"
"Kuwait","Sri Lanka","Original","2002","1981","In Force","0.59","0.42","0.73","0.63","0.65","3","YES","3","YES","YES","YES","YES","YES","YES","YES","YES","10","","10","10","10","20","20","0","0","NO","NO","YES","NO","YES","NO","NO","NA"
"Kuwait","Vietnam","Original","2009","2012","In Force","0.82","0.88","0.84","0.75","0.82","6","YES","6","NO","NO","YES","NO","YES","YES","YES","NO","15","","15","15","15","20","20","20","20","YES","YES","YES","NO","YES","NO","NO","NA"
"Kuwait","Zimbabwe","Original","2006","2006","In Force","0.35","0.18","0.61","0.25","0.41","3","YES","3","YES","YES","YES","NO","YES","NO","YES","NO","5","10","10","0","0","10","10","0","0","NO","NO","YES","NO","NO","NO","NO","NA"
"Kuwait","Mauritius","Original","1997","1997","In Force","0.28","0.13","0.58","0.13","0.32","9","YES","9","YES","YES","YES","NO","YES","NO","NO","NO","0","","0","0","0","10","10","10","0","NO","NO","YES","NO","NO","NO","NO","NA"
"Kuwait","Syria","Original","1997","2002","In Force","","","","","","","","","","","","","","","","","","","","","","","","","","","","","","","","",""
"Kuwait","Tunisia","Original","2000","2003","In Force","0.37","0.27","0.59","0.25","0.41","6","YES","NO","YES","YES","YES","YES","YES","NO","YES","NO","10","","10","10","2.5","5","5","5","0","NO","NO","YES","NO","NO","NO","NO","NA"
"Kuwait","Lebanon","Original","2001","2003","In Force","0.28","0","0.59","0.25","0.41","6","YES","6","YES","YES","YES","NO","YES","NO","YES","NO","0","","0","0","0","0","0","0","0","NO","NO","YES","NO","NO","NO","NO","NA"
"Kuwait","Sudan","Original","2001","2001","In Force","","","","1","1","","","","","","","","","","","","","","","","","","","","","YES","","","","","","",""
"Kuwait","Yemen","Original","2001","2002","In Force","","","","1","1","","","","","","","","","","","","","","","","","","","","","YES","","","","","","",""
"Kuwait","Morocco","Original","2002","2007","In Force","0.44","0.34","0.72","0.25","0.47","6","YES","NO","NO","NO","YES","NO","YES","NO","YES","NO","5","10","10","10","10","10","10","10","0","NO","NO","YES","NO","NO","NO","NO","NA"
"Kuwait","Ukraine","Original","2003","2003","In Force","0.34","0.19","0.59","0.25","0.41","6","YES","6","YES","YES","YES","NO","YES","NO","YES","NO","5","","5","0","0","10","10","10","0","NO","NO","YES","NO","NO","NO","NO","NA"
"Kuwait","Thailand","Original","2003","2007","In Force","0.55","0.53","0.73","0.38","0.53","3","YES","3","YES","YES","YES","YES","YES","NO","YES","YES","10","","10","15","10","20","20","20","0","NO","NO","YES","NO","NO","NO","NO","NA"
"Kuwait","Uzbekistan","Original","2004","2006","In Force","0.52","0.44","0.86","0.25","0.53","3","YES","3","NO","NO","YES","NO","YES","NO","YES","NO","5","25","10","8","8","20","20","20","0","NO","NO","YES","NO","NO","NO","NO","NA"
"Kuwait","South Africa","Original","2004","2006","In Force","0.24","0.13","0.34","0.25","0.29","6","YES","6","YES","YES","NO","NO","NO","NO","YES","NO","0","","0","0","0","10","10","10","0","NO","NO","YES","NO","NO","NO","NO","NA"
"Kuwait","Venezuela","Original","2004","2007","In Force","0.42","0.41","0.59","0.25","0.41","6","YES","3","YES","YES","YES","NO","YES","NO","YES","NO","5","10","10","5","5","20","20","20","0","NO","NO","YES","NO","NO","NO","NO","NA"
"Kuwait","Mexico","Original","2009","2014","In Force","0.4","0.22","0.59","0.38","0.47","6","YES","6","YES","YES","NO","YES","YES","NO","NO","NO","0","","0","10","4.9","10","10","10","0","YES","YES","NO","NO","YES","NO","NO","PARTIAL"
"Kuwait","Moldova","Original","2010","2014","In Force","0.39","0.21","0.7","0.25","0.44","9","YES","3","YES","YES","YES","YES","YES","NO","YES","NO","5","","5","2","2","10","10","10","0","NO","NO","YES","NO","NO","NO","NO","NA"
"Kuwait","North Macedonia","Original","2012","2016","In Force","0.34","0.19","0.59","0.25","0.41","6","YES","6","YES","YES","YES","NO","YES","NO","YES","NO","0","","0","0","0","15","15","15","0","NO","NO","YES","NO","NO","NO","NO","NA"
"Kuwait","Kyrgyzstan","Original","2015","2018","In Force","0.19","0.13","0.33","0.13","0.21","9","YES","6","YES","YES","NO","NO","NO","NO","NO","NO","0","","0","0","0","10","10","10","0","NO","NO","YES","NO","NO","NO","NO","NA"
"Kyrgyzstan","Mongolia","Original","1999","2005","In Force","0.37","0.38","0.31","0.43","0.31","12","YES","12","YES","YES","NO","NO","NO","NO","YES","","10","","10","10","10","10","10","10","0","YES","NO","YES","NO","NO","NO","NO","NA"
"Kyrgyzstan","Pakistan","Original","2005","2013","In Force","0.73","0.38","0.97","0.86","0.88","6","YES","3","NO","NO","YES","YES","YES","YES","YES","","10","","10","10","10","10","10","10","0","YES","NO","YES","YES","YES","NO","NO","NA"
"Kyrgyzstan","Spain","Pre-independence","1985","1987","In Force","0.19","0.27","0.06","0.25","0.12","12","NO","NO","YES","YES","NO","NO","NO","NO","NO","NO","18","","18","0","0","5","0","5","0","YES","YES","NO","NO","NO","NO","NO","NA"
"Kyrgyzstan","Uzbekistan","Original","1996","2001","In Force","","","","","","","","","","","","","","","","","","","","","","","","","","","","","","","","",""
"Kyrgyzstan","Ukraine","Original","1997","1999","In Force","","","","","","","","","","","","","","","","","","","","","","","","","","","","","","","","",""
"Kyrgyzstan","Tajikistan","Original","1998","1999","In Force","","","","","","","","","","","","","","","","","","","","","","","","","","","","","","","","",""
"Kyrgyzstan","Poland","Original","1998","2005","In Force","","","","","","","","","","","","","","","","","","","","","","","","","","","","","","","","",""
"Kyrgyzstan","Russia","Original","1999","2001","In Force","","","","","","","","","","","","","","","","","","","","","","","","","","","","","","","","",""
"Kyrgyzstan","Turkey","Original","1999","2002","In Force","0.27","0.38","0.3","0.13","0.18","15","YES","12","YES","YES","NO","NO","NO","NO","NO","NO","10","","10","10","10","10","10","10","0","NO","NO","YES","NO","NO","NO","NO","NA"
"Kyrgyzstan","Malaysia","Original","2000","2007","In Force","0.43","0.47","0.31","0.5","0.41","12","YES","NO","YES","YES","YES","NO","NO","NO","YES","NO","5","10","10","10","10","10","10","10","10","YES","NO","YES","NO","YES","NO","NO","NA"
"Kyrgyzstan","Switzerland","Original","2001","2002","In Force","0.19","0.25","0.06","0.25","0.12","12","NO","NO","YES","YES","NO","NO","NO","NO","NO","NO","5","25","15","5","5","5","5","5","0","YES","NO","YES","NO","NO","NO","NO","NA"
"Kyrgyzstan","Moldova","Original","2004","2007","In Force","0.48","0.38","0.7","0.38","0.5","9","YES","3","NO","NO","NO","YES","NO","NO","YES","NO","5","25","15","10","10","10","10","10","0","YES","NO","YES","NO","NO","NO","NO","NA"
"Kyrgyzstan","Latvia","Original","2006","2009","In Force","0.23","0.25","0.08","0.38","0.21","9","NO","NO","YES","YES","NO","NO","NO","NO","YES","NO","5","25","10","10","5","5","5","5","0","NO","NO","YES","NO","YES","NO","NO","NA"
"Kyrgyzstan","Lithuania","Original","2008","2014","In Force","0.44","0.38","0.44","0.5","0.41","12","YES","6","YES","YES","NO","NO","YES","YES","YES","NO","5","20","15","10","10","10","10","10","0","YES","NO","YES","NO","NO","NO","NO","NA"
"Kyrgyzstan","Qatar","Original","2014","2016","In Force","0.34","0.06","0.84","0.13","0.47","6","YES","6","NO","NO","NO","YES","YES","NO","NO","NO","0","","0","0","0","5","5","5","0","NO","NO","YES","NO","NO","NO","NO","NA"
"Kyrgyzstan","Saudi Arabia","Original","2014","2016","In Force","0.23","0.09","0.47","0.13","0.29","6","YES","6","YES","YES","YES","NO","NO","NO","NO","NO","0","","0","0","0","7.5","7.5","7.5","0","NO","NO","YES","NO","NO","NO","NO","NA"
"Kyrgyzstan","United Arab Emirates","Original","2014","2016","In Force","0.13","0.06","0.06","0.25","0.12","12","NO","NO","YES","YES","NO","NO","NO","NO","NO","NO","0","","0","0","0","5","5","5","0","YES","NO","YES","NO","NO","NO","NO","NA"
"Laos","Luxembourg","Original","2012","2015","In Force","0.36","0.23","0.59","0.25","0.41","6","YES","6","YES","YES","NO","YES","YES","NO","NO","NO","5","10","15","10","0","5","5","0","0","NO","NO","YES","NO","YES","NO","NO","NA"
"Laos","Malaysia","Original","2010","2012","In Force","0.34","0.47","0.22","0.33","0.33","6","NO","NO","YES","YES","YES","NO","NO","NO","NO","NO","5","10","10","10","10","10","10","10","10","","","YES","NO","YES","NO","NO","NA"
"Laos","Singapore","Original","2014","2017","In Force","0.29","0.19","0.44","0.25","0.29","12","YES","10","YES","YES","NO","NO","YES","NO","NO","NO","5","10","8","5","5","5","5","0","0","NO","NO","YES","NO","YES","NO","NO","NA"
"Laos","Thailand","Original","1997","1998","In Force","0.42","0.53","0.34","0.38","0.35","6","YES","6","YES","YES","NO","NO","NO","NO","NO","YES","15","","15","15","10","15","15","15","0","NO","NO","YES","NO","YES","NO","NO","NA"
"Laos","Vietnam","Original","1996","1997","In Force","0.2","0.38","0.09","0.13","0.12","6","NO","NO","YES","YES","NO","NO","NO","NO","NO","NO","10","","10","10","10","10","10","10","0","NO","NO","YES","NO","NO","NO","NO","NA"
"Laos","Myanmar","Original","2009","2011","In Force","0.59","0.31","0.72","0.75","0.71","6","YES","6","YES","YES","YES","YES","YES","YES","NO","YES","5","","5","10","10","10","10","10","0","YES","YES","YES","NO","YES","NO","NO","NA"
"Latvia","Moldova","Original","1998","1999","In Force","0.24","0.38","0.09","0.25","0.18","6","NO","NO","YES","YES","NO","NO","NO","NO","YES","NO","10","","10","10","10","10","10","10","0","NO","NO","YES","NO","NO","NO","NO","NA"
"Latvia","Uzbekistan","Original","1998","1999","In Force","0.24","0.38","0.09","0.25","0.18","6","NO","NO","YES","YES","NO","NO","NO","NO","NO","NO","10","","10","10","10","10","10","10","0","YES","NO","YES","NO","NO","NO","NO","PPT"
"Latvia","North Macedonia","Original","2006","2008","In Force","0.18","0.22","0.08","0.25","0.15","9","NO","NO","YES","YES","NO","NO","NO","NO","NO","NO","5","10","10","5","5","5","5","5","0","YES","NO","YES","NO","NO","NO","NO","NA"
"Latvia","Morocco","Original","2008","2013","In Force","0.48","0.48","0.47","0.5","0.53","6","YES","3","YES","YES","NO","NO","YES","YES","YES","NO","6","25","10","10","10","10","10","10","10","YES","NO","YES","NO","NO","NO","YES","NA"
"Latvia","Tajikistan","Original","2009","2010","In Force","0.17","0.21","0.19","0.13","0.12","12","YES","NO","YES","YES","NO","NO","NO","NO","NO","NO","0","75","10","7","0","10","10","5","0","NO","NO","YES","NO","NO","NO","NO","NA"
"Latvia","Turkmenistan","Original","2012","2013","In Force","0.31","0.34","0.2","0.38","0.26","9","YES","NO","YES","YES","NO","NO","NO","NO","YES","NO","5","25","10","10","10","10","10","10","0","YES","NO","YES","NO","NO","NO","NO","NA"
"Latvia","Ukraine","Amended by MLI","2018","2021","In Force","0.28","0.38","0.09","0.38","0.24","6","NO","NO","YES","YES","NO","NO","NO","NO","YES","NO","5","25","15","10","10","10","10","10","0","YES","NO","YES","NO","NO","NO","NO","PPT"
"Latvia","Vietnam","Amended by MLI","2022","2024","In Force","0.55","0.44","0.59","0.63","0.65","6","YES","6","YES","YES","YES","NO","YES","YES","YES","NO","5","70","10","10","10","10","10","10","7.5","YES","YES","YES","NO","NO","NO","NO","PPT"
"Latvia","Mexico","Amended by MLI","2017","2024","In Force","0.43","0.31","0.34","0.63","0.47","6","YES","NO","YES","YES","NO","NO","YES","NO","YES","NO","5","10","10","10","5","10","10","10","0","YES","YES","YES","NO","YES","NO","NO","PPT"
"Lebanon","Pakistan","Original","2005","2008","In Force","0.3","0.31","0.47","0.13","0.29","6","NO","3","YES","YES","NO","YES","YES","NO","NO","NO","10","","10","10","10","7.5","7.5","0","0","NO","NO","YES","NO","NO","NO","NO","NA"
"Lebanon","Senegal","Original","2002","2005","In Force","0.31","0.33","0.47","0.13","0.29","6","YES","6","YES","YES","NO","YES","NO","NO","NO","NO","10","","10","10","10","10","10","0","0","NO","NO","YES","NO","NO","NO","YES","NA"
"Lebanon","Romania","Original","1995","1998","In Force","0.3","0.19","0.45","0.25","0.32","9","YES","9","YES","YES","NO","YES","NO","NO","NO","NO","5","","5","5","5","5","5","5","0","NO","NO","YES","NO","YES","NO","NO","NA"
"Lebanon","Syria","Original","1997","1999","In Force","","","","","","","","","","","","","","","","","","","","","","","","","","","","","","","","",""
"Lebanon","Russia","Original","1997","2001","In Force","0.23","0.25","0.31","0.13","0.18","12","YES","NO","YES","YES","NO","YES","NO","NO","NO","NO","10","","10","5","5","5","5","5","0","NO","NO","YES","NO","NO","NO","NO","NA"
"Lebanon","United Arab Emirates","Original","1998","2000","In Force","0.26","0.06","0.45","0.25","0.32","9","YES","9","YES","YES","NO","YES","NO","NO","NO","NO","0","","0","0","0","5","5","5","0","NO","NO","YES","NO","YES","NO","NO","NA"
"Lebanon","Tunisia","Original","1998","2001","In Force","","","","","","","","","","","","","","","","","","","","","","","","","","","","","","","","",""
"Lebanon","Poland","Original","1999","2004","In Force","0.29","0.19","0.44","0.25","0.29","12","YES","9","YES","YES","NO","YES","NO","NO","NO","NO","5","","5","5","5","5","5","5","0","NO","NO","YES","NO","YES","NO","NO","NA"
"Lebanon","Oman","Original","2001","2002","In Force","","","","","","","","","","","","","","","","","","","","","","","","","","","","","","","","",""
"Lebanon","Morocco","Original","2001","2004","In Force","0.39","0.45","0.46","0.25","0.39","8","YES","6","YES","YES","NO","YES","NO","NO","NO","NO","5","10","10","10","10","10","5","10","10","YES","NO","YES","NO","NO","NO","NO","NA"
"Lebanon","Ukraine","Original","2002","2004","In Force","0.31","0.38","0.44","0.13","0.24","12","YES","NO","YES","YES","YES","YES","NO","NO","NO","NO","5","20","15","10","10","10","10","10","0","YES","NO","NO","NO","NO","NO","NO","NA"
"Lebanon","Yemen","Original","2002","2007","In Force","","","","","","","","","","","","","","","","","","","","","","","","","","","","","","","","",""
"Lebanon","Malaysia","Original","2003","2005","In Force","0.33","0.29","0.45","0.25","0.32","9","YES","3","YES","YES","YES","NO","NO","NO","NO","NO","5","","5","10","10","8","8","8","0","NO","NO","YES","NO","YES","NO","NO","NA"
"Lebanon","Turkey","Original","2004","2007","In Force","0.28","0.41","0.31","0.13","0.18","12","YES","9","YES","YES","NO","NO","NO","NO","NO","NO","10","15","15","10","10","10","10","10","0","NO","NO","YES","NO","NO","NO","YES","PPT"
"Lebanon","Qatar","Original","2005","2010","In Force","","","","","","","","","","","","","","","","","","","","","","","","","","","","","","","","",""
"Lebanon","Malta","Amended by protocol","2009","2010","In Force","0.24","0.13","0.34","0.25","0.29","6","YES","6","YES","YES","NO","NO","NO","NO","NO","NO","5","","5","0","0","5","5","5","0","YES","NO","YES","NO","NO","NO","NO","NA"
"Lesotho","Mauritius","Original","2021","2021","In Force","0.52","0.47","0.59","0.5","0.59","6","YES","4","NO","NO","NO","NO","NO","YES","YES","NO","10","","10","10","10","10","10","10","7.5","YES","NO","NO","NO","YES","YES","YES","PPT"
"Lesotho","South Africa","Amended by MLI","2022","2023","In Force","0.48","0.46","0.34","0.63","0.53","6","YES","3","YES","YES","NO","NO","NO","NO","YES","NO","10","10","15","10","10","10","10","0","7.5","YES","NO","YES","YES","YES","NO","YES","PPT"
"Lesotho","United Kingdom","Amended by MLI","2022","2023","In Force","0.34","0.31","0.47","0.25","0.35","6","YES","6","YES","YES","NO","NO","YES","NO","YES","NO","5","10","10","10","10","7.5","7.5","7.5","0","YES","NO","NO","NO","NO","YES","YES","PPT"
"Libya","Pakistan","Original","1975","1976","In Force","0.44","0.75","0.38","0.2","0.29","0","NO","NO","NO","NO","NO","NO","NO","NO","NO","NO","NO LIMIT","","NO LIMIT","NO LIMIT","NO LIMIT","NO LIMIT","NO LIMIT","NO LIMIT","0","","","YES","NO","","NO","NO","NA"
"Libya","Tunisia","Original","1978","1980","In Force","","","","","","","","","","","","","","","","","","","","","","","","","","","","","","","","",""
"Libya","Syria","Original","2007","2009","In Force","","","","","","","","","","","","","","","","","","","","","","","","","","","","","","","","",""
"Libya","Ukraine","Original","2008","2011","In Force","0.43","0.38","0.48","0.43","0.44","3","NO","3","NO","NO","NO","NO","NO","NO","YES","NO","5","25","15","10","10","10","10","10","0","YES","NO","YES","NO","","NO","NO","NA"
"Libya","United Kingdom","Original","2008","2011","In Force","0.24","0","0.36","0.38","0.35","3","NO","NO","YES","YES","NO","YES","YES","NO","NO","NO","0","","0","0","0","0","0","0","0","YES","NO","YES","NO","YES","NO","NO","NA"
"Libya","Malta","Original","2008","2011","In Force","0.49","0.25","0.61","0.63","0.59","3","YES","NO","NO","NO","YES","NO","NO","YES","NO","NO","5","10","15","5","5","5","5","5","0","YES","YES","YES","NO","YES","NO","NO","NA"
"Libya","Slovakia","Original","2009","2011","In Force","0.64","0.44","0.98","0.5","0.71","3","YES","3","NO","NO","YES","YES","YES","NO","YES","NO","NO LIMIT","","NO LIMIT","10","10","5","5","5","0","YES","NO","YES","NO","YES","NO","NO","NA"
"Libya","Singapore","Original","2009","2011","In Force","0.19","0.22","0.11","0.25","0.18","3","NO","NO","YES","YES","NO","NO","NO","NO","NO","NO","5","10","10","5","5","5","5","5","0","NO","NO","YES","NO","YES","NO","NO","NA"
"Libya","Serbia","Original","2009","2011","In Force","0.48","0.34","0.73","0.38","0.53","3","NO","NO","NO","NO","YES","YES","YES","NO","YES","NO","5","25","10","10","10","10","10","10","0","YES","NO","YES","NO","NO","NO","NO","NA"
"Lithuania","Moldova","Original","1998","1999","In Force","0.24","0.38","0.06","0.29","0.13","12","NO","NO","YES","YES","NO","NO","NO","NO","YES","","10","","10","10","10","10","10","10","0","NO","NO","YES","NO","NO","NO","NO","NA"
"Lithuania","Uzbekistan","Original","2002","2003","In Force","0.19","0.38","0.06","0.13","0.06","12","NO","NO","YES","YES","NO","NO","NO","NO","NO","NO","10","","10","10","10","10","10","10","0","NO","NO","YES","NO","NO","NO","NO","PPT"
"Lithuania","North Macedonia","Original","2007","2009","In Force","0.3","0.31","0.33","0.25","0.26","9","NO","6","YES","YES","NO","NO","YES","NO","NO","NO","0","10","10","10","10","10","10","10","0","YES","NO","YES","NO","NO","NO","NO","PPT"
"Lithuania","Morocco","Original","2013","2023","In Force","0.35","0.34","0.34","0.38","0.35","6","NO","3","YES","YES","NO","NO","YES","YES","NO","NO","5","10","10","10","10","10","10","10","0","YES","NO","YES","NO","NO","NO","YES","NA"
"Lithuania","Turkmenistan","Original","2013","2015","In Force","0.3","0.34","0.44","0.13","0.24","12","YES","6","YES","YES","NO","NO","YES","NO","NO","NO","5","25","10","10","10","10","10","10","0","NO","NO","YES","NO","NO","NO","NO","NA"
"Lithuania","Mexico","Amended by MLI","2017","2024","In Force","0.44","0.34","0.47","0.5","0.47","6","YES","6","YES","YES","NO","NO","YES","NO","NO","NO","0","10","15","10","10","10","10","10","0","YES","YES","YES","NO","YES","NO","YES","PPT"
"Lithuania","Ukraine","Amended by MLI","2018","2020","In Force","0.31","0.38","0.19","0.38","0.24","12","NO","NO","YES","YES","NO","NO","YES","NO","YES","NO","5","25","15","10","10","10","10","10","0","YES","NO","YES","NO","NO","NO","NO","PPT"
"Luxembourg","Sri Lanka","Original","2013","2015","In Force","0.6","0.32","0.97","0.5","0.71","6","YES","6","NO","NO","YES","YES","YES","NO","YES","YES","7.5","25","10","10","10","10","10","0","0","YES","NO","YES","NO","NO","NO","NO","NA"
"Luxembourg","Morocco","Original","1980","1984","In Force","0.25","0.41","0.09","0.25","0.18","6","NO","NO","YES","YES","NO","NO","NO","NO","NO","NO","10","25","15","10","10","10","10","10","0","NO","NO","YES","NO","YES","NO","YES","NA"
"Luxembourg","Trinidad and Tobago","Original","2001","2004","In Force","0.41","0.39","0.59","0.25","0.47","6","NO","NO","NO","NO","YES","NO","YES","NO","NO","NO","5","10","10","10","7.5","10","10","10","5","NO","NO","YES","NO","YES","NO","NO","OTHER"
"Luxembourg","Moldova","Original","2007","2010","In Force","0.3","0.19","0.45","0.25","0.32","9","YES","3","YES","YES","NO","YES","NO","NO","YES","NO","5","20","10","5","0","5","5","5","0","YES","NO","NO","NO","NO","NO","NO","NA"
"Luxembourg","Tajikistan","Original","2011","2014","In Force","0.16","0.29","0.06","0.13","0.06","12","NO","NO","YES","YES","NO","NO","NO","NO","NO","NO","0","10","15","12","0","10","10","10","0","NO","NO","YES","NO","NO","NO","NO","NA"
"Luxembourg","North Macedonia","Original","2012","2014","In Force","0.08","0.19","0.06","0","0","12","NO","NO","YES","YES","NO","NO","NO","NO","NO","NO","5","25","15","0","0","5","5","5","0","NO","NO","NO","NO","NO","NO","NO","NA"
"Luxembourg","Tunisia","Amended by protocol","2014","2017","In Force","0.38","0.53","0.34","0.25","0.35","6","YES","NO","YES","YES","NO","YES","NO","NO","YES","NO","10","","10","10","7.5","12","12","12","12","NO","NO","YES","NO","NO","NO","NO","NA"
"Luxembourg","Uzbekistan","Amended by protocol","2017","2020","In Force","0.19","0.25","0.19","0.13","0.12","12","NO","NO","YES","YES","NO","YES","NO","NO","NO","NO","5","25","15","10","0","5","5","5","0","NO","NO","YES","NO","NO","NO","YES","PPT"
"Luxembourg","Vietnam","Amended by MLI","2022","2024","In Force","0.57","0.38","0.84","0.5","0.65","6","YES","6","NO","NO","YES","NO","YES","YES","NO","NO","5","50","15","10","10","10","10","10","0","YES","YES","YES","NO","NO","NO","NO","PPT"
"Luxembourg","Thailand","Amended by MLI","2022","2023","In Force","0.79","0.53","0.97","0.88","0.88","6","YES","6","NO","NO","YES","YES","YES","YES","YES","YES","15","","15","15","10","15","15","15","0","NO","YES","YES","YES","YES","NO","NO","PPT"
"Luxembourg","South Africa","Amended by MLI","2017","2023","In Force","0.15","0.13","0.19","0.13","0.12","12","YES","NO","YES","YES","NO","NO","NO","NO","NO","NO","5","25","15","0","0","0","0","0","0","NO","NO","YES","NO","NO","NO","NO","PPT"
"Luxembourg","Mauritius","Amended by MLI","2017","2021","In Force","0.23","0.09","0.34","0.25","0.29","6","YES","NO","YES","YES","NO","NO","YES","NO","YES","NO","5","10","10","0","0","0","0","0","0","NO","NO","YES","NO","NO","YES","NO","PPT"
"Luxembourg","Mexico","Amended by MLI","2017","2024","In Force","0.41","0.39","0.34","0.5","0.41","6","YES","NO","YES","YES","NO","YES","NO","NO","YES","NO","8","10","15","10","10","10","10","10","0","NO","YES","YES","NO","YES","NO","YES","PPT"
"Luxembourg","Senegal","Amended by MLI","2017","2023","In Force","0.53","0.36","0.72","0.5","0.59","6","YES","6","YES","YES","YES","YES","YES","NO","YES","NO","5","20","15","10","10","10","10","6","0","YES","YES","YES","NO","NO","NO","YES","PPT"
"Luxembourg","Seychelles","Amended by MLI","2017","2023","In Force","0.16","0.16","0.31","0","0.12","12","YES","6","YES","YES","NO","NO","NO","NO","NO","NO","0","10","10","5","0","5","5","5","0","NO","NO","NO","NO","NO","YES","NO","PPT"
"Luxembourg","Ukraine","Amended by MLI","2018","2020","In Force","0.37","0.3","0.44","0.38","0.35","12","YES","6","YES","YES","YES","NO","NO","NO","YES","NO","5","20","15","10","5","5","10","5","0","YES","NO","YES","NO","NO","NO","NO","PPT"
"Macau","Vietnam","Original","2018","2019","In Force","0.66","0.38","0.84","0.75","0.76","6","YES","6","NO","NO","YES","NO","YES","YES","YES","NO","10","","10","10","10","10","10","10","0","YES","YES","YES","NO","YES","NO","NO",""
"Macau","Mozambique","Original","2007","2011","In Force","0.45","0.5","0.47","0.38","0.47","6","YES","6","YES","YES","NO","NO","YES","NO","NO","NO","10","","10","10","10","10","10","10","10","NO","NO","YES","YES","YES","NO","NO","NA"
"Madagascar","Mauritius","Original","1994","1996","In Force","0.34","0.29","0.47","0.25","0.35","6","YES","NO","YES","YES","NO","YES","YES","NO","YES","NO","10","","10","10","10","5","5","0","0","NO","NO","YES","NO","NO","NO","NO","NA"
"Madagascar","Morocco","Original","2016","2023","In Force","0.61","0.38","0.97","0.5","0.71","6","YES","6","NO","NO","YES","YES","YES","YES","YES","NO","10","","10","10","10","10","10","10","0","YES","NO","YES","NO","NO","NO","YES","NA"
"Malawi","Norway","Original","2009","2013","In Force","0.42","0.29","0.72","0.25","0.47","6","YES","6","NO","NO","NO","YES","NO","NO","NO","NO","5","10","15","10","10","5","5","0","0","NO","NO","NO","YES","YES","NO","YES","NA"
"Malawi","South Africa","Original","1971","1968","In Force","0.26","0.33","0.13","0.33","0.17","0","NO","NO","YES","YES","NO","NO","NO","NO","NO","","","","","NO LIMIT","NO LIMIT","0","0","0","0","","","YES","","","","NO","NA"
"Malawi","Switzerland","Pre-independence","1961","1964","In Force","0.16","0","0.31","0.17","0.2","12","NO","NO","NO","NO","NO","NO","NO","NO","NO","NO","0","","0","0","0","","","","0","NO","NO","YES","","","NO","NO","NA"
"Malawi","United Kingdom","Amended by protocol","1978","1976","In Force","0.25","0","0.5","0.25","0.36","","","NO","NO","NO","YES","NO","NO","NO","NO","NO","0","","0","0","0","0","0","0","0","","","YES","","","NO","NO","NA"
"Malaysia","Mongolia","Original","1995","1997","In Force","0.49","0.5","0.72","0.25","0.53","6","YES","NO","NO","NO","YES","NO","YES","NO","NO","NO","10","","10","10","10","10","10","10","10","NO","NO","YES","NO","YES","NO","NO","NA"
"Malaysia","Myanmar","Original","1998","2009","In Force","0.57","0.5","0.59","0.63","0.65","6","YES","NO","YES","YES","YES","YES","YES","NO","NO","YES","10","","10","10","10","10","10","10","10","YES","YES","YES","NO","YES","NO","NO","OTHER"
"Malaysia","Philippines","Original","1982","1984","In Force","0.5","0.66","0.47","0.38","0.41","6","YES","NO","YES","YES","YES","NO","YES","NO","NO","YES","15","","25","15","15","25","25","25","0","YES","NO","NO","NO","YES","NO","NO","NA"
"Malaysia","Sri Lanka","Original","1997","1999","In Force","0.64","0.44","0.97","0.5","0.71","6","YES","2","NO","NO","YES","YES","YES","NO","NO","YES","15","","15","10","10","10","10","10","0","NO","YES","YES","NO","YES","NO","NO","NA"
"Malaysia","Sudan","Original","1993","2002","In Force","0.45","0.5","0.72","0.13","0.47","6","YES","NO","NO","NO","YES","NO","YES","NO","NO","NO","10","","10","10","10","10","10","10","10","NO","NO","NO","NO","YES","NO","NO","NA"
"Malaysia","Zimbabwe","Original","1994","1997","In Force","0.42","0.56","0.45","0.25","0.38","9","YES","NO","YES","YES","YES","NO","YES","NO","NO","NO","10","15","20","10","10","10","10","10","10","NO","NO","YES","NO","YES","NO","NO","NA"
"Malaysia","Moldova","Pre-independence","1987","1989","In Force","0.38","0.33","0.69","0.13","0.35","12","YES","NO","NO","NO","YES","NO","YES","NO","NO","NO","0","","0","15","15","10","15","10","0","NO","NO","NO","NO","YES","NO","NO","NA"
"Malaysia","Uzbekistan","Original","1997","2001","In Force","0.4","0.38","0.44","0.38","0.35","12","YES","NO","YES","YES","YES","NO","YES","YES","NO","NO","10","","10","10","10","10","10","10","0","NO","NO","YES","NO","YES","NO","NO","NA"
"Malaysia","Namibia","Original","1998","2005","In Force","0.34","0.34","0.33","0.33","0.37","9","YES","NO","YES","YES","NO","NO","YES","NO","NO","NO","5","25","10","10","10","5","5","5","5","","","YES","NO","YES","NO","NO","NA"
"Malaysia","Morocco","Original","2001","2007","In Force","0.39","0.47","0.33","0.38","0.39","8","YES","NO","YES","YES","NO","NO","YES","NO","NO","NO","5","10","10","10","10","10","10","10","10","YES","NO","YES","NO","YES","NO","NO","NA"
"Malaysia","Venezuela","Original","2006","2009","In Force","0.49","0.53","0.45","0.5","0.5","9","YES","NO","YES","YES","YES","NO","YES","NO","NO","NO","5","10","10","15","15","10","10","10","10","YES","YES","YES","NO","YES","NO","NO","NA"
"Malaysia","Syria","Original","2007","2009","In Force","0.4","0.49","0.45","0.25","0.38","9","YES","NO","YES","YES","YES","NO","YES","NO","NO","NO","5","25","10","10","10","12","12","12","10","NO","NO","YES","NO","YES","NO","NO","NA"
"Malaysia","Turkmenistan","Original","2008","2010","In Force","0.53","0.38","0.7","0.5","0.56","9","YES","3","YES","YES","YES","YES","YES","NO","YES","NO","10","","10","10","10","10","10","10","0","YES","YES","YES","NO","NO","NO","NO","NA"
"Malaysia","Ukraine","Amended by MLI","2018","2022","In Force","0.46","0.45","0.44","0.5","0.47","12","YES","NO","YES","YES","YES","NO","YES","NO","YES","NO","5","20","15","10","10","8","8","8","8","YES","NO","YES","NO","YES","NO","NO","PPT"
"Malaysia","Papua New Guinea","Amended by MLI","2019","2024","In Force","0.56","0.63","0.72","0.33","0.6","6","YES","NO","NO","NO","YES","NO","YES","NO","NO","NO","15","","15","15","15","10","10","10","10","","","YES","NO","YES","NO","NO","PPT"
"Malaysia","Vietnam","Amended by MLI","2022","2024","In Force","0.45","0.5","0.47","0.38","0.47","6","YES","NO","YES","YES","YES","NO","YES","NO","NO","NO","10","","10","10","10","10","10","10","10","YES","NO","YES","NO","YES","NO","NO","PPT"
"Malaysia","Thailand","Amended by MLI","2022","2023","In Force","0.44","0.59","0.34","0.38","0.35","6","NO","NO","YES","YES","YES","NO","YES","NO","NO","YES","15","15","NO LIMIT","25","10","15","15","15","0","NO","YES","NO","NO","YES","NO","NO","PPT"
"Malaysia","Mauritius","Amended by MLI","2018","2022","In Force","0.41","0.5","0.47","0.25","0.35","6","YES","NO","YES","YES","YES","NO","YES","NO","YES","NO","5","10","15","15","15","15","15","15","0","NO","NO","NO","NO","YES","NO","NO","PPT"
"Malaysia","Pakistan","Amended by MLI","2018","2022","In Force","0.65","0.59","0.84","0.5","0.65","6","YES","6","NO","NO","YES","NO","YES","YES","NO","NO","15","20","20","15","15","15","15","15","0","NO","NO","YES","YES","YES","NO","NO","PPT"
"Malaysia","Seychelles","Amended by MLI","2018","2023","In Force","0.39","0.5","0.34","0.33","0.4","6","YES","NO","YES","YES","YES","NO","NO","NO","NO","NO","10","","10","10","10","10","10","10","10","","","YES","NO","YES","NO","NO","PPT"
"Malaysia","South Africa","Amended by MLI","2018","2023","In Force","0.39","0.34","0.44","0.38","0.41","12","YES","6","YES","YES","YES","NO","NO","NO","NO","NO","5","25","10","10","10","5","5","5","5","YES","NO","YES","NO","YES","NO","NO","PPT"
"Maldives","United Arab Emirates","Original","2017","2017","In Force","0.34","0.09","0.69","0.25","0.41","12","YES","6","YES","YES","YES","YES","YES","NO","YES","NO","0","","0","0","0","7","7","7","0","YES","NO","NO","NO","NO","NO","NO","NA"
"Mali","Morocco","Original","2014","2017","In Force","0.65","0.34","0.97","0.63","0.76","6","YES","6","NO","NO","YES","YES","YES","YES","YES","NO","5","25","10","10","10","10","10","10","0","YES","NO","YES","YES","NO","NO","YES","NA"
"Mali","Tunisia","Original","2000","2003","In Force","0.27","0.22","0.34","0.25","0.29","6","YES","NO","YES","YES","NO","YES","NO","NO","YES","NO","0","25","5","5","5","10","10","10","0","NO","NO","YES","NO","NO","NO","YES","NA"
"Mali","Russia","Original","1996","2000","In Force","0.38","0.34","0.5","0.29","0.38","0","NO","NO","NO","NO","YES","NO","NO","NO","NO","","10","","15","15","15","0","0","0","0","NO","NO","YES","NO","YES","NO","YES","NA"
"Mali","Monaco","Amended by protocol","2013","2017","In Force","0.29","0.39","0.48","0","0.24","3","YES","3","YES","NO","NO","NO","NO","NO","NO","NO","10","","10","6","6","15","15","15","0","NO","NO","NO","NO","NO","NO","NO","NA"
"Malta","Syria","Original","1999","2001","In Force","0.44","0.6","0.47","0.25","0.35","6","NO","NO","NO","NO","NO","NO","YES","NO","NO","NO","NO LIMIT","","NO LIMIT","10","10","18","18","18","0","YES","NO","YES","NO","NO","NO","NO","NA"
"Malta","Morocco","Original","2001","2008","In Force","0.48","0.48","0.59","0.38","0.53","6","YES","2","YES","YES","NO","YES","YES","NO","YES","NO","6.5","25","10","10","10","10","10","10","10","YES","NO","YES","NO","NO","NO","NO","NA"
"Malta","Moldova","Original","2014","2016","In Force","0.21","0.19","0.2","0.25","0.21","9","YES","NO","YES","YES","NO","NO","NO","NO","YES","NO","5","","5","5","5","5","5","5","0","YES","NO","NO","NO","NO","YES","NO","NA"
"Malta","Vietnam","Amended by MLI","2022","2024","In Force","0.67","0.53","0.84","0.63","0.76","6","YES","6","NO","NO","YES","NO","YES","YES","YES","NO","5","50","15","10","10","15","15","15","7.5","YES","YES","YES","NO","NO","NO","NO","PPT"
"Malta","Mauritius","Amended by MLI","2017","2021","In Force","0.19","0","0.31","0.25","0.24","12","YES","12","YES","YES","NO","NO","NO","NO","YES","NO","0","","0","0","0","0","0","0","0","YES","NO","NO","NO","NO","YES","YES","PPT"
"Malta","Mexico","Amended by MLI","2017","2024","In Force","0.4","0.22","0.47","0.5","0.47","6","YES","6","YES","YES","NO","YES","NO","NO","NO","NO","0","","0","10","5","10","10","10","0","YES","YES","YES","NO","YES","NO","YES","PPT"
"Malta","Pakistan","Amended by MLI","2017","2022","In Force","0.33","0.43","0.19","0.38","0.24","12","YES","NO","YES","YES","NO","NO","NO","NO","NO","YES","15","20","NO LIMIT","10","10","10","0","10","0","YES","NO","YES","NO","NO","NO","NO","PPT"
"Malta","South Africa","Amended by MLI","2017","2023","In Force","0.34","0.31","0.47","0.25","0.35","6","YES","6","YES","YES","NO","NO","YES","NO","NO","NO","5","10","5","10","10","10","10","10","0","YES","NO","YES","NO","NO","NO","NO","PPT"
"Malta","Tunisia","Amended by MLI","2018","2024","In Force","0.47","0.57","0.59","0.25","0.47","6","YES","NO","NO","YES","YES","NO","YES","NO","NO","NO","10","","10","12","12","12","12","12","12","YES","NO","YES","NO","NO","NO","NO","PPT"
"Malta","Ukraine","Amended by MLI","2018","2020","In Force","0.36","0.38","0.45","0.25","0.32","9","YES","NO","YES","YES","YES","NO","YES","NO","YES","NO","5","20","15","10","10","10","10","10","0","YES","NO","NO","NO","NO","NO","NO","PPT"
"Mauritania","Senegal","Original","1971","1971","In Force","0.43","0.5","0.63","0.17","0.4","0","NO","NO","NO","NO","YES","YES","NO","NO","NO","NO","NO LIMIT","","NO LIMIT","NO LIMIT","NO LIMIT","0","0","0","0","","","YES","NO","NO","NO","YES","NA"
"Mauritania","Tunisia","Original","1986","2000","In Force","0.62","0.75","0.72","0.4","0.57","6","YES","NO","NO","NO","YES","YES","NO","NO","YES","NO","NO LIMIT","","NO LIMIT","NO LIMIT","NO LIMIT","NO LIMIT","NO LIMIT","NO LIMIT","0","","","YES","","NO","NO","NO","NA"
"Mauritania","United Arab Emirates","Original","2015","2020","In Force","0.23","0","0.56","0.13","0.29","12","YES","12","YES","YES","YES","YES","NO","NO","NO","NO","0","","0","0","0","0","0","0","0","NO","NO","YES","NO","NO","NO","NO","NA"
"Mauritius","Mozambique","Original","1997","1999","In Force","0.4","0.24","0.72","0.25","0.47","6","YES","6","NO","NO","YES","NO","NO","NO","YES","NO","8","25","15","8","0","5","5","0","0","NO","NO","YES","NO","NO","NO","NO","NA"
"Mauritius","Nepal","Original","1999","2000","In Force","0.69","0.47","0.97","0.63","0.76","6","YES","6","NO","NO","YES","YES","YES","YES","YES","NO","5","15","15","15","10","15","15","15","0","NO","NO","YES","YES","YES","NO","NO","NA"
"Mauritius","Rwanda","Original","2013","2013","In Force","0.57","0.48","0.84","0.38","0.65","6","YES","6","NO","NO","YES","YES","NO","YES","YES","NO","10","","10","10","10","10","10","0","12","NO","NO","NO","NO","YES","NO","YES","NA"
"Mauritius","Sri Lanka","Original","1996","1997","In Force","0.71","0.41","0.84","0.88","0.82","6","YES","6","NO","NO","YES","YES","NO","YES","YES","YES","10","10","15","10","10","10","10","10","0","YES","NO","YES","YES","YES","NO","NO","NA"
"Mauritius","Uganda","Original","2003","2005","In Force","0.49","0.5","0.72","0.25","0.53","6","YES","4","NO","NO","YES","NO","NO","NO","YES","NO","10","","10","10","10","10","10","10","10","NO","NO","YES","NO","NO","NO","NO","NA"
"Mauritius","Zimbabwe","Original","1992","1992","In Force","0.47","0.44","0.47","0.5","0.47","6","YES","NO","YES","YES","YES","NO","YES","NO","YES","NO","10","25","20","10","0","15","15","15","0","YES","NO","YES","NO","YES","NO","NO","NA"
"Mauritius","Namibia","Original","1995","1995","In Force","0.48","0.22","0.84","0.38","0.59","6","YES","6","NO","NO","YES","NO","YES","NO","YES","NO","5","25","10","10","0","5","5","5","0","NO","NO","YES","NO","YES","NO","NO","NA"
"Mauritius","Sweden","Original","2011","2013","In Force","0.09","0.09","0.19","0","0.06","12","YES","NO","YES","YES","NO","NO","NO","NO","NO","NO","0","10","15","0","0","0","0","0","0","NO","NO","NO","NO","NO","NO","NO","OTHER"
"Mauritius","Tunisia","Amended by MLI","2018","2024","In Force","0.21","0.06","0.44","0.13","0.24","12","YES","NO","YES","YES","YES","YES","NO","NO","NO","NO","0","","0","2.5","2.5","2.5","2.5","2.5","0","NO","NO","YES","NO","NO","NO","NO","PPT"
"Mauritius","Thailand","Amended by MLI","2022","2023","In Force","0.51","0.43","0.72","0.38","0.53","6","YES","6","NO","NO","YES","NO","NO","NO","YES","YES","10","","10","15","10","15","5","15","0","NO","NO","YES","NO","NO","NO","NO","PPT"
"Mauritius","Monaco","Amended by MLI","2017","2021","In Force","0.15","0","0.31","0.13","0.18","12","YES","12","YES","YES","NO","NO","NO","NO","YES","NO","0","","0","0","0","0","0","0","0","NO","NO","NO","NO","NO","NO","NO","PPT"
"Mauritius","Oman","Amended by MLI","2019","2021","In Force","0.16","0","0.22","0.25","0.24","6","YES","NO","YES","YES","NO","NO","NO","NO","NO","NO","0","","0","0","0","0","0","0","0","NO","NO","YES","NO","YES","NO","NO","PPT"
"Mauritius","Pakistan","Amended by MLI","2017","2022","In Force","0.54","0.41","0.72","0.5","0.59","6","YES","NO","NO","NO","YES","NO","YES","NO","YES","NO","10","","10","10","10","12.5","12.5","12.5","0","NO","NO","YES","YES","YES","NO","NO","PPT"
"Mauritius","Qatar","Amended by MLI","2018","2021","In Force","0.26","0.06","0.59","0.13","0.35","6","YES","6","YES","YES","NO","YES","YES","NO","NO","NO","0","","0","0","0","5","5","5","0","NO","NO","YES","NO","NO","NO","NO","PPT"
"Mauritius","Seychelles","Amended by MLI","2017","2023","In Force","0.23","0","0.44","0.25","0.29","12","YES","6","YES","YES","YES","NO","NO","NO","YES","NO","0","","0","0","0","0","0","0","0","NO","NO","YES","NO","NO","NO","NO","PPT"
"Mauritius","Singapore","Amended by MLI","2017","2021","In Force","0.19","0","0.2","0.38","0.26","9","YES","NO","YES","YES","NO","NO","NO","NO","NO","YES","0","","0","0","0","0","0","0","0","NO","NO","YES","NO","YES","YES","NO","PPT"
"Mauritius","South Africa","Amended by MLI","2017","2023","In Force","0.36","0.28","0.31","0.5","0.35","12","YES","6","YES","YES","NO","NO","NO","NO","YES","NO","5","10","10","10","10","5","5","5","0","YES","NO","YES","NO","YES","NO","YES","PPT"
"Mauritius","United Arab Emirates","Amended by MLI","2018","2021","In Force","0.19","0","0.31","0.25","0.24","12","YES","12","YES","YES","NO","NO","NO","NO","YES","NO","0","","0","0","0","0","0","0","0","NO","NO","YES","NO","NO","NO","NO","PPT"
"Mauritius","United Kingdom","Amended by MLI","2017","2021","In Force","0.34","0.31","0.47","0.25","0.35","6","YES","NO","YES","YES","YES","NO","YES","NO","YES","NO","0","10","0","NO LIMIT","0","15","15","15","0","NO","NO","YES","NO","NO","YES","NO","PPT"
"Mexico","Sweden","Original","1992","1993","In Force","0.5","0.41","0.47","0.63","0.53","6","YES","NO","YES","YES","NO","YES","YES","NO","YES","NO","5","10","15","15","10","10","10","10","0","YES","YES","YES","NO","YES","NO","NO","NA"
"Mexico","Romania","Original","2000","2002","In Force","0.53","0.5","0.34","0.75","0.53","6","YES","NO","YES","YES","NO","YES","NO","YES","YES","NO","10","","10","15","15","15","15","15","0","YES","YES","YES","NO","YES","NO","YES","NA"
"Mexico","Russia","Original","2004","2009","In Force","0.53","0.38","0.59","0.63","0.59","6","YES","NO","NO","NO","NO","YES","NO","YES","YES","NO","10","","10","10","10","10","10","10","0","NO","YES","YES","NO","YES","NO","YES","NA"
"Mexico","Peru","Original","2011","2015","In Force","0.63","0.53","0.84","0.5","0.65","6","YES","6","NO","NO","NO","YES","YES","NO","NO","NO","10","25","15","15","15","15","15","15","0","YES","YES","YES","NO","YES","NO","NO","PARTIAL"
"Mexico","Turkey","Original","2013","2016","In Force","0.58","0.41","0.59","0.75","0.65","6","YES","NO","NO","NO","NO","YES","NO","YES","YES","NO","5","25","15","15","10","10","10","10","0","YES","YES","YES","NO","YES","NO","YES","NA"
"Mexico","Philippines","Original","2015","2019","In Force","0.77","0.47","0.84","1","0.88","6","YES","6","NO","NO","YES","YES","NO","YES","YES","YES","5","70","15","12.5","12.5","15","15","15","0","YES","YES","YES","YES","YES","NO","YES","NA"
"Mexico","United States","Amended by protocol","2002","2003","In Force","0.44","0.34","0.34","0.63","0.47","6","YES","NO","YES","YES","NO","YES","NO","NO","YES","NO","5","10","10","15","4.95","10","10","10","0","YES","YES","YES","NO","YES","NO","NO","LOB"
"Mexico","Switzerland","Amended by protocol","2009","2011","In Force","0.36","0.31","0.34","0.43","0.38","6","YES","NO","YES","YES","NO","YES","NO","NO","NO","NO","0","10","15","10","5","10","10","10","0","YES","YES","YES","NO","","NO","NO","PARTIAL"
"Mexico","Spain","Amended by protocol","2015","2017","In Force","0.4","0.24","0.34","0.63","0.47","6","YES","NO","YES","YES","NO","YES","NO","NO","YES","NO","0","10","10","10","4.9","10","0","10","0","YES","YES","YES","NO","YES","NO","YES","PPT"
"Mexico","Netherlands","Amended by MLI","2017","2024","In Force","0.45","0.38","0.34","0.63","0.47","6","YES","NO","YES","YES","NO","YES","NO","NO","YES","NO","5","10","15","15","5","10","10","10","0","YES","YES","YES","NO","YES","NO","YES","PPT"
"Mexico","New Zealand","Amended by MLI","2017","2024","In Force","0.51","0.44","0.72","0.38","0.53","6","YES","6","NO","NO","NO","NO","YES","NO","NO","NO","15","","15","10","10","10","10","10","0","YES","YES","NO","NO","YES","NO","NO","PPT"
"Mexico","Norway","Amended by MLI","2017","2024","In Force","0.45","0.38","0.47","0.5","0.47","6","YES","NO","YES","YES","NO","YES","YES","NO","YES","NO","0","25","15","15","10","10","10","10","0","YES","YES","NO","NO","YES","NO","NO","PPT"
"Mexico","Panama","Amended by MLI","2018","2024","In Force","0.54","0.3","0.7","0.63","0.62","9","YES","6","YES","YES","YES","YES","YES","NO","YES","NO","5","25","7.5","10","5","10","10","10","0","YES","YES","YES","NO","YES","NO","NO","PPT"
"Mexico","Poland","Amended by MLI","2017","2024","In Force","0.5","0.41","0.34","0.75","0.53","6","YES","NO","YES","YES","NO","YES","NO","YES","YES","NO","5","25","15","15","10","10","10","10","0","YES","YES","YES","NO","YES","NO","NO","PPT"
"Mexico","Portugal","Amended by MLI","2017","2024","In Force","0.44","0.38","0.33","0.63","0.44","9","YES","NO","YES","YES","NO","YES","NO","YES","NO","NO","10","","10","10","10","10","10","10","0","YES","YES","YES","NO","YES","NO","NO","PPT"
"Mexico","Qatar","Amended by MLI","2018","2024","In Force","0.52","0.22","0.84","0.5","0.65","6","YES","6","NO","NO","NO","YES","YES","NO","NO","NO","0","","0","10","5","10","10","10","0","YES","YES","YES","NO","YES","NO","NO","PPT"
"Mexico","Saudi Arabia","Amended by MLI","2018","2024","In Force","0.67","0.28","0.97","0.75","0.82","6","YES","6","NO","NO","YES","YES","YES","YES","YES","NO","5","","5","10","5","10","10","10","0","YES","YES","YES","NO","YES","NO","NO","PPT"
"Mexico","Singapore","Amended by MLI","2017","2024","In Force","0.45","0.25","0.34","0.75","0.53","6","YES","NO","YES","YES","NO","YES","NO","NO","YES","YES","0","","0","15","5","10","10","10","0","YES","YES","YES","NO","YES","NO","NO","PPT"
"Mexico","Slovakia","Amended by MLI","2017","2024","In Force","0.57","0.25","0.84","0.63","0.71","6","YES","6","NO","NO","NO","YES","YES","YES","YES","NO","0","","0","10","10","10","10","10","0","YES","YES","NO","NO","YES","NO","NO","LOB-PPT"
"Mexico","South Africa","Amended by MLI","2017","2024","In Force","0.52","0.34","0.47","0.75","0.59","6","YES","6","YES","YES","NO","YES","NO","YES","YES","NO","5","10","10","10","10","10","10","10","0","YES","YES","YES","NO","YES","NO","YES","PPT"
"Mexico","Ukraine","Amended by MLI","2018","2024","In Force","0.61","0.38","0.84","0.63","0.71","6","YES","6","NO","NO","NO","YES","YES","YES","YES","NO","5","25","15","10","10","10","10","10","0","YES","YES","NO","NO","YES","NO","YES","PPT"
"Mexico","United Arab Emirates","Amended by MLI","2018","2024","In Force","0.44","0.22","0.59","0.5","0.53","6","YES","6","YES","YES","NO","YES","YES","NO","NO","NO","0","","0","10","4.9","10","10","10","0","YES","YES","YES","NO","YES","NO","NO","PPT"
"Mexico","United Kingdom","Amended by MLI","2017","2024","In Force","0.45","0.25","0.47","0.63","0.53","6","YES","NO","YES","YES","NO","YES","YES","NO","YES","NO","0","","0","15","5","10","10","10","0","YES","YES","YES","NO","YES","NO","YES","PPT"
"Mexico","Uruguay","Amended by MLI","2017","2024","In Force","0.59","0.31","0.84","0.63","0.71","6","YES","6","NO","NO","NO","YES","YES","YES","YES","NO","5","","5","10","10","10","10","10","0","YES","YES","NO","NO","YES","NO","YES","LOB-PPT"
"Moldova","United States","Pre-independence","1973","1976","In Force","0.1","0.17","0.14","0","0.08","","NO","NO","YES","NO","NO","NO","NO","NO","NO","NO","","","","0","NO LIMIT","0","0","0","0","","","NO","","","NO","NO","NA"
"Moldova","Poland","Original","1994","1996","In Force","0.23","0.38","0.06","0.25","0.12","12","NO","NO","YES","YES","NO","NO","NO","NO","NO","NO","5","25","15","10","10","10","10","10","0","YES","NO","YES","NO","NO","NO","NO","NA"
"Moldova","Romania","Original","1995","1997","In Force","0.37","0.42","0.44","0.25","0.29","12","YES","6","YES","YES","YES","NO","NO","NO","NO","NO","10","","10","10","10","15","10","15","0","NO","NO","YES","NO","YES","NO","NO","NA"
"Moldova","Uzbekistan","Original","1995","1996","In Force","0.34","0.44","0.22","0.38","0.29","6","NO","NO","YES","YES","NO","YES","NO","YES","YES","NO","5","10","15","10","10","15","15","15","0","NO","NO","YES","NO","NO","NO","NO","NA"
"Moldova","Ukraine","Original","1995","1997","In Force","0.4","0.38","0.44","0.38","0.35","12","NO","NO","NO","NO","YES","NO","NO","NO","YES","NO","5","25","15","10","10","10","10","10","0","YES","NO","YES","NO","NO","NO","NO","NA"
"Moldova","Russia","Original","1996","1998","In Force","0.19","0.25","0.19","0.13","0.12","12","YES","NO","YES","YES","NO","NO","NO","NO","NO","NO","10","","10","0","0","10","10","10","0","NO","NO","YES","NO","NO","NO","NO","NA"
"Moldova","Turkey","Original","1998","2001","In Force","0.2","0.41","0.06","0.13","0.06","12","NO","NO","YES","YES","NO","NO","NO","NO","NO","NO","10","25","15","10","","10","10","10","0","NO","NO","YES","NO","NO","NO","NO","NA"
"Moldova","Switzerland","Original","1999","2001","In Force","0.13","0.19","0.06","0.13","0.06","12","NO","NO","YES","YES","NO","NO","NO","NO","NO","NO","5","25","15","10","0","0","0","0","0","NO","NO","YES","NO","NO","NO","NO","NA"
"Moldova","Netherlands","Original","2000","2002","In Force","0.26","0.21","0.31","0.25","0.24","12","YES","12","YES","YES","NO","NO","NO","NO","YES","NO","5","25","15","5","5","2","2","2","0","NO","NO","YES","NO","NO","YES","NO","NA"
"Moldova","Tajikistan","Original","2002","2005","In Force","0.41","0.28","0.7","0.25","0.44","9","YES","3","NO","NO","NO","YES","NO","NO","YES","NO","5","25","10","5","5","10","10","10","0","NO","NO","YES","NO","NO","NO","NO","NA"
"Moldova","Slovakia","Original","2003","2007","In Force","0.35","0.38","0.31","0.38","0.29","12","YES","6","YES","YES","NO","NO","NO","NO","YES","NO","5","25","15","10","10","10","10","10","0","YES","NO","YES","NO","NO","NO","NO","NA"
"Moldova","Montenegro","Pre-independence","2005","2007","In Force","0.23","0.38","0.06","0.25","0.12","12","NO","NO","YES","YES","NO","NO","NO","NO","YES","NO","5","25","15","10","10","10","10","10","0","NO","NO","YES","NO","NO","NO","NO","NA"
"Moldova","Serbia","Pre-independence","2005","2007","In Force","0.23","0.38","0.06","0.25","0.12","12","NO","NO","YES","YES","NO","NO","NO","NO","YES","NO","5","25","15","10","10","10","10","10","0","NO","NO","YES","NO","NO","NO","NO","NA"
"North Macedonia","Moldova","Original","2006","2007","In Force","0.45","0.28","0.7","0.38","0.5","9","YES","3","NO","NO","NO","YES","NO","NO","YES","NO","5","25","10","5","5","10","10","10","0","YES","NO","NO","NO","YES","NO","NO","NA"
"Moldova","Slovenia","Original","2006","2007","In Force","0.34","0.22","0.56","0.25","0.35","12","YES","6","YES","YES","NO","YES","YES","NO","NO","NO","5","25","10","5","5","5","5","5","0","YES","NO","NO","NO","YES","NO","NO","NA"
"Moldova","Oman","Original","2007","2008","In Force","0.65","0.38","0.95","0.63","0.79","9","YES","3","NO","NO","YES","YES","YES","YES","YES","NO","5","","5","5","5","10","10","10","10","YES","NO","YES","NO","YES","NO","NO","NA"
"Moldova","Spain","Original","2007","2010","In Force","0.18","0.23","0.2","0.13","0.15","9","YES","NO","YES","YES","NO","NO","NO","NO","NO","NO","0","50","10","5","5","8","8","8","0","YES","NO","NO","NO","NO","NO","NO","OTHER"
"Moldova","United Kingdom","Original","2007","2009","In Force","0.26","0.19","0.33","0.25","0.26","9","YES","6","YES","YES","NO","NO","NO","NO","YES","NO","5","20","10","5","0","5","5","5","0","YES","NO","NO","NO","NO","NO","NO","NA"
"Moldova","Portugal","Original","2009","2011","In Force","0.29","0.32","0.31","0.25","0.24","12","YES","8","YES","YES","NO","NO","NO","NO","NO","NO","5","25","10","10","10","8","8","8","0","YES","NO","YES","NO","NO","NO","NO","NA"
"Moldova","Turkmenistan","Original","2013","2014","In Force","","","","","","","","","","","","","","","","","","","","","","","","","","","","","","","","",""
"Moldova","United Arab Emirates","Original","2017","2017","In Force","0.39","0.21","0.72","0.25","0.47","6","YES","6","YES","YES","YES","YES","YES","NO","YES","NO","5","","5","6","6","6","6","6","0","YES","NO","NO","NO","NO","NO","NO","NA"
"Monaco","Seychelles","Amended by MLI","2017","2023","In Force","0.33","0.41","0.34","0.25","0.35","6","YES","3","YES","YES","NO","NO","NO","NO","YES","NO","7.5","","7.5","5","5","10","10","10","10","YES","NO","NO","NO","NO","NO","NO","PPT"
"Mongolia","Poland","Original","1997","2002","In Force","0.33","0.31","0.19","0.5","0.29","12","NO","NO","YES","YES","NO","NO","YES","YES","NO","NO","10","","10","10","10","5","5","5","0","YES","NO","YES","NO","YES","NO","NO","NA"
"Mongolia","Russia","Original","1995","1998","In Force","0.29","0.5","0.25","0.13","0.18","24","YES","NO","YES","YES","NO","NO","YES","NO","NO","NO","10","","10","10","10","NO LIMIT","NO LIMIT","NO LIMIT","0","NO","NO","YES","NO","NO","NO","NO","NA"
"Mongolia","Singapore","Original","2002","2005","In Force","0.32","0.25","0.34","0.38","0.35","6","YES","6","YES","YES","NO","NO","NO","NO","NO","NO","5","25","10","10","5","5","5","5","0","YES","NO","YES","NO","YES","NO","NO","NA"
"Mongolia","Switzerland","Original","1999","2002","In Force","0.23","0.23","0.34","0.13","0.24","6","YES","NO","YES","YES","NO","NO","YES","NO","NO","NO","5","25","15","10","0","5","5","0","0","NO","NO","YES","NO","NO","NO","NO","NA"
"Mongolia","Turkey","Original","1995","1997","In Force","0.21","0.38","0.13","0.13","0.12","24","YES","NO","YES","YES","NO","NO","NO","NO","NO","NO","10","","10","10","10","10","10","10","0","NO","NO","YES","NO","NO","NO","NO","NA"
"Mongolia","Ukraine","Original","2002","2007","In Force","0.47","0.33","0.56","0.5","0.47","12","NO","NO","NO","NO","YES","NO","YES","YES","YES","NO","10","","10","10","10","10","10","0","0","YES","NO","YES","NO","NO","NO","NO","NA"
"Mongolia","United Kingdom","Original","1996","1997","In Force","0.24","0.27","0.19","0.25","0.18","12","NO","NO","YES","YES","NO","NO","YES","NO","NO","NO","5","10","15","10","7","5","5","0","0","YES","NO","YES","NO","NO","NO","NO","NA"
"Mongolia","Vietnam","Original","1996","1997","In Force","0.7","0.5","0.97","0.63","0.82","6","YES","6","NO","NO","YES","YES","YES","YES","YES","NO","10","","10","10","10","10","10","10","10","YES","NO","YES","NO","YES","NO","NO","NA"
"Montenegro","Sri Lanka","Pre-independence","1985","1987","In Force","0.45","0.41","0.58","0.38","0.44","9","NO","9","NO","NO","YES","NO","NO","NO","NO","YES","12.5","","12.5","10","10","10","10","10","0","NO","YES","YES","NO","NO","NO","NO","NA"
"North Macedonia","Montenegro","Pre-independence","1996","1998","In Force","0.21","0.38","0.13","0.13","0.12","24","YES","NO","YES","YES","NO","NO","NO","NO","NO","NO","5","25","15","10","10","10","10","10","0","NO","NO","YES","NO","NO","NO","NO","NA"
"Montenegro","Ukraine","Pre-independence","2001","2002","In Force","0.22","0.34","0.06","0.25","0.12","12","NO","NO","YES","YES","NO","NO","NO","NO","NO","NO","5","25","10","10","10","10","10","10","0","YES","NO","YES","NO","NO","NO","NO","NA"
"Morocco","Pakistan","Original","2006","2010","In Force","0.74","0.5","0.97","0.75","0.88","6","YES","1","NO","NO","YES","YES","YES","YES","YES","NO","10","","10","10","10","10","10","10","10","YES","NO","YES","YES","YES","NO","NO","NA"
"Morocco","Senegal","Original","2002","2007","In Force","0.7","0.5","0.97","0.63","0.82","6","YES","2","NO","NO","YES","YES","YES","YES","YES","NO","10","","10","10","10","10","10","10","10","YES","NO","YES","YES","NO","NO","YES","NA"
"Morocco","Vietnam","Original","2008","2013","In Force","0.74","0.5","0.84","0.88","0.88","6","YES","NO","NO","NO","YES","YES","YES","YES","YES","NO","10","","10","10","10","10","10","10","10","YES","YES","YES","YES","YES","NO","YES","NA"
"Morocco","Norway","Original","1972","1975","In Force","0.22","0.44","0.09","0.13","0.12","6","NO","NO","YES","YES","NO","NO","NO","NO","NO","NO","15","","15","10","10","10","10","10","0","NO","NO","YES","NO","NO","NO","NO","NA"
"Morocco","Tunisia","Original","1974","1979","In Force","0.49","0.75","0.34","0.38","0.35","6","YES","NO","YES","YES","NO","YES","NO","NO","NO","NO","NO LIMIT","","NO LIMIT","NO LIMIT","NO LIMIT","NO LIMIT","NO LIMIT","NO LIMIT","0","YES","YES","YES","NO","NO","NO","YES","NA"
"Morocco","Netherlands","Original","1977","1987","In Force","0.22","0.44","0.09","0.13","0.12","6","NO","NO","YES","YES","NO","NO","NO","NO","NO","NO","10","25","25","10","10","10","10","10","0","NO","NO","YES","NO","NO","NO","NO","NA"
"Morocco","United Kingdom","Original","1981","1981","In Force","0.26","0.56","0.09","0.13","0.18","6","NO","NO","YES","YES","NO","NO","NO","NO","NO","NO","10","10","25","10","10","10","10","10","10","NO","NO","YES","NO","NO","NO","NO","NA"
"Morocco","Switzerland","Original","1993","1995","In Force","0.33","0.39","0.34","0.25","0.29","6","NO","NO","YES","YES","YES","YES","NO","NO","NO","NO","7","25","15","10","10","10","10","10","0","YES","NO","YES","NO","NO","NO","NO","NA"
"Morocco","Poland","Original","1994","1997","In Force","0.29","0.51","0.09","0.25","0.24","6","NO","NO","YES","YES","NO","NO","NO","NO","NO","NO","7","25","15","10","10","10","10","10","10","YES","NO","YES","NO","NO","NO","NO","NA"
"Morocco","Russia","Original","1997","2000","In Force","0.43","0.47","0.46","0.38","0.45","8","NO","NO","NO","NO","YES","NO","NO","NO","NO","NO","5","","10","10","10","10","10","10","10","YES","NO","YES","NO","YES","NO","NO","NA"
"Morocco","Portugal","Original","1997","2001","In Force","0.21","0.43","0.08","0.13","0.1","8","NO","NO","YES","YES","NO","NO","NO","NO","NO","NO","10","25","15","12","12","10","10","10","0","NO","NO","YES","NO","NO","NO","NO","NA"
"Morocco","United Arab Emirates","Original","1999","2001","In Force","0.35","0.34","0.58","0.13","0.33","8","YES","6","YES","YES","YES","NO","YES","NO","NO","NO","5","10","10","10","10","10","10","10","0","NO","NO","YES","NO","NO","NO","NO","NA"
"Morocco","Romania","Original","2003","2007","In Force","0.36","0.5","0.22","0.38","0.35","6","NO","NO","YES","YES","NO","YES","NO","NO","YES","NO","10","","10","10","10","10","10","10","10","YES","NO","YES","NO","NO","NO","NO","NA"
"Morocco","Turkey","Original","2004","2007","In Force","0.31","0.36","0.32","0.25","0.25","10","NO","NO","YES","YES","NO","YES","YES","NO","NO","NO","7","25","10","10","10","10","10","10","0","YES","NO","YES","NO","NO","NO","NO","NA"
"Morocco","Syria","Original","2005","2010","In Force","0.73","0.6","0.97","0.63","0.82","6","YES","3","NO","NO","YES","YES","YES","YES","YES","NO","10","","10","10","10","14","14","14","14","YES","NO","YES","YES","NO","NO","NO","NA"
"Morocco","Oman","Original","2006","2010","In Force","0.69","0.47","0.97","0.63","0.82","6","YES","2","NO","NO","YES","YES","YES","YES","YES","NO","5","10","10","10","10","10","10","10","10","YES","NO","YES","YES","NO","NO","NO","NA"
"Morocco","Singapore","Original","2007","2015","In Force","0.49","0.36","0.59","0.5","0.53","6","YES","4","YES","YES","NO","YES","YES","NO","YES","NO","8","10","10","10","10","10","10","10","0","YES","NO","YES","NO","YES","NO","NO","NA"
"Morocco","Ukraine","Original","2007","2010","In Force","0.74","0.5","0.97","0.75","0.88","6","YES","2","NO","NO","YES","YES","YES","YES","YES","NO","10","","10","10","10","10","10","10","10","YES","NO","YES","YES","YES","NO","YES","NA"
"North Macedonia","Morocco","Original","2010","2013","In Force","0.7","0.5","0.97","0.63","0.82","6","YES","2","NO","NO","YES","YES","YES","YES","YES","NO","10","","10","10","10","10","10","10","10","YES","NO","YES","YES","NO","NO","YES","NA"
"Morocco","Serbia","Original","2013","2023","In Force","0.7","0.5","0.97","0.63","0.82","6","YES","3","NO","NO","YES","YES","YES","NO","YES","NO","10","","10","10","10","10","10","10","10","YES","NO","YES","YES","YES","NO","NO","NA"
"Morocco","Qatar","Original","2013","2020","In Force","","","","","","","","","","","","","","","","","","","","","","","","","","","","","","","","",""
"Morocco","Saudi Arabia","Original","2015","2023","In Force","0.67","0.38","0.97","0.67","0.91","6","YES","6","NO","NO","YES","YES","YES","YES","YES","NO","5","10","10","","","","","","","","","","","","","",""
"Morocco","Slovenia","Original","2016","2023","In Force","0.57","0.48","0.59","0.63","0.65","6","YES","3","YES","YES","NO","YES","YES","YES","YES","NO","7","25","10","10","10","10","10","10","10","YES","NO","YES","NO","YES","NO","NO","NA"
"Morocco","Rwanda","Original","2016","2021","In Force","0.73","0.48","0.97","0.75","0.88","6","YES","6","NO","NO","YES","YES","YES","YES","YES","NO","8","","8","10","10","10","10","10","10","YES","NO","YES","YES","YES","NO","YES","NA"
"Morocco","Zambia","Original","2017","2022","In Force","0.57","0.5","0.84","0.38","0.65","6","YES","NO","NO","NO","YES","YES","YES","NO","YES","NO","10","","10","10","10","10","10","10","10","YES","NO","YES","NO","NO","NO","YES","NA"
"Morocco","United States","Amended by protocol","1979","1981","In Force","0.24","0.47","0.09","0.17","0.13","6","NO","NO","YES","YES","NO","NO","NO","NO","NO","NO","10","10","15","15","15","10","10","10","0","NO","NO","YES","","","NO","NO","NA"
"Morocco","Spain","Amended by protocol","2015","2016","In Force","0.23","0.39","0.19","0.13","0.12","12","NO","NO","YES","YES","YES","NO","NO","NO","NO","NO","10","25","15","10","10","10","5","10","0","NO","NO","YES","NO","NO","NO","NO","NA"
"Mozambique","South Africa","Original","2007","2009","In Force","0.32","0.24","0.34","0.38","0.35","6","YES","6","YES","YES","NO","NO","NO","NO","NO","NO","8","25","15","8","0","5","5","0","0","YES","NO","YES","NO","YES","NO","YES","NA"
"Mozambique","United Arab Emirates","Original","2003","2005","In Force","0.24","0.02","0.44","0.25","0.29","12","YES","9","YES","YES","YES","NO","NO","NO","NO","NO","0","","0","0","0","0","5","0","0","YES","NO","YES","NO","NO","NO","NO","NA"
"Mozambique","Vietnam","Original","2010","2012","In Force","","","","","","","","","","","","","","","","","","","","","","","","","","","","","","","","",""
"Mozambique","Portugal","Amended by protocol","2008","2010","In Force","0.36","0.38","0.34","0.38","0.35","6","YES","6","YES","YES","NO","NO","NO","NO","NO","NO","10","","10","10","10","10","10","10","0","YES","NO","YES","NO","YES","NO","YES","NA"
"Myanmar","Singapore","Original","1999","2010","In Force","0.48","0.35","0.47","0.63","0.53","6","YES","6","YES","YES","NO","YES","NO","NO","NO","YES","5","25","10","10","8","10","15","10","0","YES","YES","YES","NO","YES","NO","NO","NA"
"Myanmar","Thailand","Original","2002","2012","In Force","0.54","0.4","0.59","0.63","0.59","6","YES","NO","YES","YES","YES","YES","YES","NO","NO","YES","10","","10","10","10","15","5","15","0","YES","YES","YES","NO","YES","NO","NO","NA"
"Myanmar","Vietnam","Original","2000","2004","In Force","0.74","0.5","0.97","0.75","0.88","6","YES","6","NO","NO","YES","YES","YES","NO","YES","YES","10","","10","10","10","10","10","10","10","YES","YES","YES","NO","YES","NO","NO","NA"
"Myanmar","United Kingdom","Amended by protocol","1951","1948","In Force","0.25","0","0.5","0.25","0.36","","","NO","NO","NO","YES","NO","NO","NO","NO","NO","0","","0","","","0","0","0","0","","","YES","","","NO","NO","NA"
"Namibia","United Kingdom","Pre-independence","1962","1962","In Force","0.23","0.44","0.06","0.2","0.07","12","NO","NO","YES","YES","NO","NO","NO","NO","NO","NO","5","50","15","20","20","5","5","5","0","","","YES","","NO","NO","NO","NA"
"Namibia","Sweden","Original","1993","1996","In Force","0.61","0.63","0.72","0.5","0.65","6","YES","NO","NO","NO","YES","NO","YES","NO","YES","NO","5","10","15","10","10","15","15","15","15","YES","NO","YES","NO","YES","NO","NO","NA"
"Namibia","Romania","Original","1998","2000","In Force","0.59","0.56","0.7","0.5","0.56","9","YES","6","YES","YES","YES","YES","YES","NO","NO","NO","15","","15","15","15","15","15","15","0","YES","NO","YES","YES","YES","NO","NO","NA"
"Namibia","Russia","Original","1998","2001","In Force","0.54","0.28","0.83","0.5","0.62","9","YES","6","NO","NO","YES","NO","YES","NO","YES","NO","5","25","10","10","10","5","5","5","0","YES","NO","YES","NO","YES","NO","NO","NA"
"Namibia","South Africa","Original","1998","2000","In Force","0.45","0.38","0.59","0.38","0.47","6","YES","6","YES","YES","YES","NO","YES","NO","YES","NO","5","25","15","10","10","10","10","10","0","NO","NO","YES","NO","YES","NO","YES","NA"
"Nepal","Norway","Original","1996","1998","In Force","0.46","0.41","0.72","0.25","0.47","6","YES","6","NO","NO","NO","YES","NO","NO","YES","NO","5","25","15","15","10","15","15","0","0","NO","NO","YES","NO","NO","NO","NO","NA"
"Nepal","Pakistan","Original","2001","2009","In Force","0.89","0.69","0.97","1","1","6","YES","6","NO","NO","YES","YES","YES","YES","YES","YES","10","10","15","15","10","15","15","15","15","YES","YES","YES","YES","YES","NO","NO","NA"
"Nepal","Qatar","Original","2007","2010","In Force","0.68","0.44","0.84","0.75","0.76","6","YES","6","NO","NO","NO","YES","YES","YES","YES","NO","10","","10","10","10","15","15","15","0","NO","YES","YES","YES","YES","NO","NO","NA"
"Nepal","Sri Lanka","Original","1999","2000","In Force","0.79","0.53","0.98","0.86","0.88","3","YES","3","NO","NO","YES","YES","YES","YES","YES","YES","15","","15","15","10","15","15","15","0","NO","YES","YES","YES","","NO","NO","NA"
"Nepal","Thailand","Original","1998","1999","In Force","0.84","0.69","0.97","0.88","0.94","6","YES","6","NO","NO","YES","YES","YES","YES","YES","YES","10","10","15","15","10","15","15","15","15","NO","YES","YES","YES","YES","NO","NO","NA"
"Netherlands","Nigeria","Original","1991","1993","In Force","0.53","0.48","0.48","0.63","0.53","3","YES","3","YES","YES","NO","NO","YES","YES","YES","NO","12.5","10","15","12.5","12.5","12.5","12.5","12.5","0","NO","YES","YES","NO","YES","NO","NO","NA"
"Netherlands","Philippines","Original","1989","1992","In Force","0.59","0.5","0.84","0.43","0.63","6","YES","6","NO","NO","YES","YES","NO","NO","YES","YES","10","10","15","15","10","15","15","15","0","NO","NO","YES","NO","","NO","NO","NA"
"Netherlands","Sri Lanka","Original","1982","1979","In Force","0.51","0.38","0.72","0.43","0.56","6","YES","6","NO","NO","NO","YES","NO","NO","YES","YES","10","25","15","10","5","10","10","10","0","NO","NO","YES","NO","","NO","NO","NA"
"Netherlands","Uganda","Original","2004","2006","In Force","0.28","0.24","0.47","0.13","0.29","6","YES","4","YES","NO","NO","NO","NO","NO","YES","NO","0","50","15","10","0","10","10","0","0","NO","NO","NO","NO","NO","YES","YES","NA"
"Netherlands","Zimbabwe","Original","1989","1992","In Force","0.3","0.56","0.09","0.25","0.24","6","NO","NO","YES","YES","NO","NO","NO","NO","NO","NO","10","25","20","10","10","10","10","10","10","NO","YES","YES","NO","NO","NO","NO","NA"
"Netherlands","Thailand","Original","1975","1976","In Force","0.34","0.52","0.36","0.14","0.25","3","NO","NO","YES","YES","YES","NO","YES","NO","NO","YES","10","25","25","25","10","15","5","15","0","NO","NO","NO","NO","","NO","NO","NA"
"North Macedonia","Netherlands","Original","1998","2000","In Force","0.14","0.09","0.19","0.13","0.12","12","YES","NO","YES","YES","NO","NO","NO","NO","NO","NO","0","10","15","0","0","0","0","0","0","NO","NO","YES","NO","NO","YES","YES","NA"
"Netherlands","Zambia","Original","2015","2019","In Force","0.31","0.34","0.47","0.13","0.29","6","YES","6","YES","YES","NO","NO","YES","NO","YES","NO","5","10","15","10","10","7.5","7.5","7.5","0","NO","NO","NO","NO","NO","YES","YES","NA"
"Netherlands","Venezuela","Amended by protocol","1995","1998","In Force","0.14","0.21","0.06","0.14","0.06","12","NO","NO","YES","YES","NO","NO","NO","NO","NO","","0","25","10","5","5","5","10","5","0","NO","NO","YES","NO","NO","NO","YES","NA"
"Netherlands","Uzbekistan","Amended by protocol","2017","2018","In Force","0.23","0.38","0.06","0.25","0.12","12","NO","NO","YES","YES","NO","NO","NO","NO","NO","NO","5","25","15","10","10","10","10","10","0","YES","NO","YES","NO","NO","YES","YES","PPT"
"Netherlands","Ukraine","Amended by protocol","2018","2022","In Force","0.23","0.25","0.06","0.38","0.18","12","NO","NO","YES","YES","NO","NO","NO","NO","YES","NO","5","20","15","5","2","5","10","5","0","YES","NO","YES","NO","NO","YES","YES","PPT"
"Netherlands","Vietnam","Amended by MLI","2022","2024","In Force","0.48","0.34","0.72","0.38","0.53","6","YES","6","NO","NO","YES","NO","NO","NO","YES","NO","5","50","15","7","7","15","15","0","0","YES","NO","YES","NO","NO","NO","NO","PPT"
"Netherlands","Pakistan","Amended by MLI","2017","2022","In Force","0.65","0.52","0.84","0.57","0.69","6","YES","4","NO","NO","YES","NO","YES","YES","YES","NO","10","25","20","20","10","15","5","15","0","YES","NO","YES","NO","","NO","NO","PPT"
"Netherlands","South Africa","Amended by MLI","2017","2023","In Force","0.09","0.09","0.19","0","0.06","12","YES","NO","YES","YES","NO","NO","NO","NO","NO","NO","5","10","10","0","0","0","0","0","0","NO","NO","NO","NO","NO","YES","YES","PPT"
"Netherlands","Tunisia","Amended by MLI","2018","2024","In Force","0.37","0.53","0.34","0.25","0.35","6","YES","NO","YES","YES","NO","YES","NO","NO","YES","NO","0","10","20","10","10","11","11","11","11","NO","NO","YES","NO","NO","NO","NO","PPT"
"New Zealand","Samoa","Original","2015","2016","In Force","0.32","0.38","0.34","0.25","0.29","6","YES","6","YES","YES","NO","NO","NO","NO","NO","NO","5","10","15","10","10","10","10","10","0","YES","NO","NO","NO","YES","NO","NO","PPT"
"New Zealand","Philippines","Amended by protocol","2002","2008","In Force","0.53","0.5","0.47","0.63","0.53","6","YES","6","YES","YES","NO","NO","YES","YES","NO","YES","15","","15","10","10","15","15","15","0","YES","NO","YES","NO","YES","NO","NO","NA"
"New Zealand","Papua New Guinea","Amended by MLI","2019","2024","In Force","0.56","0.44","0.61","0.63","0.59","3","YES","6","YES","YES","YES","NO","YES","YES","NO","NO","15","","15","10","10","10","10","10","0","YES","YES","YES","NO","YES","YES","NO","PPT"
"New Zealand","Vietnam","Amended by MLI","2022","2024","In Force","0.66","0.38","0.84","0.75","0.76","6","YES","6","NO","NO","YES","NO","YES","YES","YES","NO","5","50","15","10","10","10","10","10","0","YES","YES","YES","NO","YES","NO","NO","PPT"
"New Zealand","Thailand","Amended by MLI","2022","2023","In Force","0.65","0.49","0.84","0.63","0.71","6","YES","6","NO","NO","YES","NO","YES","YES","NO","YES","15","","15","15","10","15","10","10","0","NO","YES","YES","NO","YES","NO","NO","PPT"
"New Zealand","South Africa","Amended by MLI","2017","2023","In Force","0.41","0.38","0.34","0.5","0.41","6","YES","6","YES","YES","NO","NO","NO","NO","NO","NO","5","25","15","10","10","10","10","10","0","YES","YES","YES","NO","YES","NO","NO","PPT"
"Niger","United Arab Emirates","Original","2018","2022","In Force","0.49","0.13","0.84","0.5","0.65","6","YES","6","NO","NO","NO","YES","YES","NO","YES","NO","0","","0","0","0","10","10","10","0","YES","NO","YES","YES","NO","NO","NO","NA"
"Nigeria","Pakistan","Original","1989","1990","In Force","0.51","0.55","0.23","0.75","0.47","3","YES","NO","YES","YES","NO","NO","NO","YES","YES","YES","12.5","10","15","15","15","15","15","15","0","NO","YES","YES","NO","YES","NO","NO","NA"
"Nigeria","Philippines","Original","1997","2014","In Force","0.51","0.55","0.23","0.75","0.47","3","YES","NO","YES","YES","NO","NO","NO","YES","YES","YES","12.5","25","15","10","10","20","20","20","0","NO","YES","YES","NO","YES","NO","NO","NA"
"Nigeria","Romania","Original","1992","1995","In Force","0.53","0.47","0.36","0.75","0.53","3","YES","3","YES","YES","NO","NO","NO","YES","YES","YES","12.5","","12.5","12.5","12.5","12.5","12.5","12.5","0","NO","YES","YES","NO","YES","NO","NO","NA"
"Nigeria","Slovakia","Pre-independence","1989","1991","In Force","0.45","0.55","0.23","0.57","0.38","3","YES","NO","YES","YES","NO","NO","NO","YES","YES","","12.5","10","15","15","15","15","15","15","0","NO","NO","YES","NO","YES","NO","NO","NA"
"Nigeria","South Africa","Original","2000","2009","In Force","0.42","0.3","0.34","0.63","0.47","6","YES","6","YES","YES","NO","NO","NO","YES","YES","YES","7.5","10","10","7.5","7.5","7.5","7.5","7.5","0","NO","NO","YES","NO","YES","NO","NO","NA"
"Nigeria","Spain","Original","2009","2015","In Force","0.38","0.3","0.47","0.38","0.41","6","YES","6","YES","YES","NO","NO","YES","YES","NO","NO","7.5","10","10","7.5","7.5","7.5","7.5","7.5","0","YES","NO","YES","NO","NO","NO","YES","PPT"
"Nigeria","Sweden","Original","2004","2015","In Force","0.42","0.3","0.59","0.38","0.47","6","YES","6","NO","NO","NO","NO","NO","YES","YES","NO","7.5","10","10","7.5","7.5","7.5","7.5","7.5","0","NO","NO","NO","NO","YES","NO","NO","OTHER"
"Nigeria","United Kingdom","Original","1987","1988","In Force","0.37","0.48","0.23","0.4","0.29","3","YES","NO","YES","YES","NO","NO","NO","NO","YES","NO","12.5","10","15","12.5","12.5","12.5","12.5","12.5","0","","","YES","NO","","NO","NO","NA"
"Nigeria","Singapore","Original","2017","2019","In Force","0.58","0.28","0.84","0.63","0.71","6","YES","6","NO","NO","NO","YES","YES","NO","YES","YES","7.5","","7.5","7.5","7.5","7.5","7.5","7.5","0","YES","NO","YES","NO","YES","NO","NO","NA"
"North Macedonia","Sri Lanka","Pre-independence","1985","1987","In Force","0.45","0.41","0.58","0.38","0.44","9","NO","9","NO","NO","YES","NO","NO","NO","NO","YES","12.5","","12.5","10","10","10","10","10","0","NO","YES","YES","NO","NO","NO","NO","NA"
"North Macedonia","Turkey","Original","1995","1997","In Force","0.2","0.34","0.13","0.13","0.12","24","YES","NO","YES","YES","NO","NO","NO","NO","NO","NO","5","25","10","10","10","10","10","10","0","NO","NO","YES","NO","NO","NO","NO","NA"
"North Macedonia","Serbia","Pre-independence","1996","1998","In Force","0.21","0.38","0.13","0.13","0.12","24","YES","NO","YES","YES","NO","NO","NO","NO","NO","NO","5","25","15","10","10","10","10","10","0","NO","NO","YES","NO","NO","NO","NO","NA"
"North Macedonia","Poland","Original","1996","2000","In Force","0.23","0.38","0.19","0.13","0.12","12","YES","NO","YES","YES","NO","NO","NO","NO","NO","NO","5","25","15","10","10","10","10","10","0","NO","NO","YES","NO","NO","NO","NO","NA"
"North Macedonia","Russia","Original","1997","2001","In Force","0.23","0.38","0.19","0.13","0.12","12","YES","NO","YES","YES","NO","NO","NO","NO","NO","NO","10","","10","10","10","10","10","10","0","NO","NO","YES","NO","NO","NO","NO","NA"
"North Macedonia","Sweden","Original","1998","1999","In Force","0.2","0.16","0.19","0.25","0.18","12","YES","NO","YES","YES","NO","NO","NO","NO","NO","NO","0","25","15","10","0","0","0","0","0","YES","NO","YES","NO","NO","NO","NO","NA"
"North Macedonia","Ukraine","Original","1998","1999","In Force","0.4","0.38","0.44","0.38","0.35","12","NO","NO","NO","NO","YES","NO","NO","NO","YES","NO","5","25","15","10","10","10","10","10","0","YES","NO","YES","NO","NO","NO","NO","NA"
"North Macedonia","Slovenia","Original","1998","2000","In Force","0.19","0.38","0.06","0.13","0.06","12","NO","NO","YES","YES","NO","NO","NO","NO","NO","NO","5","25","15","10","10","10","10","10","0","NO","NO","YES","NO","NO","NO","NO","NA"
"North Macedonia","Taiwan","Original","1999","2000","In Force","0.19","0.38","0.06","0.13","0.06","12","NO","NO","YES","YES","NO","NO","NO","NO","NO","NO","10","","10","10","10","10","10","10","0","NO","NO","YES","NO","NO","NO","NO","NA"
"North Macedonia","Switzerland","Original","2000","2000","In Force","0.13","0.19","0.06","0.13","0.06","12","NO","NO","YES","YES","NO","NO","NO","NO","NO","NO","5","25","15","10","0","0","0","0","0","NO","NO","YES","NO","NO","NO","NO","NA"
"North Macedonia","Romania","Original","2000","2003","In Force","0.29","0.31","0.19","0.38","0.24","12","NO","NO","YES","YES","NO","YES","NO","NO","NO","NO","5","","5","10","10","10","10","10","0","YES","NO","YES","NO","YES","NO","NO","NA"
"North Macedonia","Spain","Original","2005","2006","In Force","0.15","0.25","0.06","0.13","0.06","12","NO","NO","YES","YES","NO","NO","NO","NO","NO","NO","5","10","15","5","5","5","5","5","0","YES","NO","NO","NO","NO","NO","NO","NA"
"North Macedonia","United Kingdom","Original","2006","2008","In Force","0.15","0.25","0.06","0.13","0.06","12","NO","NO","YES","YES","NO","NO","NO","NO","NO","NO","5","10","15","10","10","0","0","0","0","YES","NO","NO","NO","NO","NO","NO","NA"
"North Macedonia","Qatar","Original","2008","2009","In Force","0.34","0.06","0.84","0.13","0.47","6","YES","3","NO","NO","NO","YES","YES","NO","NO","NO","0","","0","0","0","5","5","5","0","NO","NO","YES","NO","NO","NO","NO","NA"
"North Macedonia","Slovakia","Original","2009","2011","In Force","0.21","0.31","0.19","0.13","0.12","12","NO","6","YES","YES","NO","NO","NO","NO","NO","NO","5","","5","10","10","10","10","10","0","YES","NO","NO","NO","NO","NO","NO","NA"
"North Macedonia","Norway","Original","2011","2012","In Force","0.2","0.28","0.19","0.13","0.12","12","NO","6","YES","YES","NO","NO","NO","NO","NO","NO","10","25","15","5","5","5","5","5","0","YES","NO","NO","NO","NO","NO","NO","NA"
"North Macedonia","Saudi Arabia","Original","2014","2017","In Force","0.49","0.25","0.72","0.5","0.59","6","YES","6","NO","NO","YES","NO","NO","YES","YES","NO","5","","5","5","5","10","10","10","0","NO","YES","YES","NO","NO","NO","NO","NA"
"North Macedonia","United Arab Emirates","Original","2015","2018","In Force","0.18","0.19","0.09","0.25","0.18","6","NO","NO","YES","YES","NO","NO","NO","NO","NO","NO","5","","5","5","5","5","5","5","0","YES","NO","YES","NO","NO","NO","NO","NA"
"Norway","Pakistan","Original","1986","1988","In Force","0.78","0.61","0.84","0.88","0.88","6","YES","NO","NO","NO","YES","YES","YES","YES","YES","YES","15","","15","10","10","12","12","12","12","NO","YES","YES","YES","YES","NO","NO","NA"
"Norway","Senegal","Original","1994","1997","In Force","0.41","0.5","0.61","0.13","0.35","3","NO","NO","NO","NO","YES","YES","NO","NO","NO","NO","16","","16","16","0","16","16","16","0","NO","NO","YES","NO","NO","NO","YES","NA"
"Norway","Sri Lanka","Original","1986","1989","In Force","0.68","0.44","0.84","0.75","0.76","6","NO","6","NO","NO","YES","YES","YES","YES","YES","YES","15","","15","10","10","10","10","10","0","NO","YES","YES","YES","NO","NO","NO","NA"
"Norway","Tanzania","Original","1976","1979","In Force","0.43","0.94","0.09","0.25","0.24","6","NO","NO","YES","YES","NO","NO","NO","NO","NO","YES","20","","20","15","15","20","20","20","20","NO","NO","YES","NO","NO","NO","NO","NA"
"Norway","Uganda","Original","1999","2002","In Force","0.44","0.49","0.47","0.38","0.47","6","YES","NO","NO","NO","NO","NO","NO","NO","YES","NO","10","25","15","10","10","10","10","0","10","NO","NO","YES","NO","YES","NO","YES","NA"
"Norway","Vietnam","Original","1995","1997","In Force","0.67","0.41","0.84","0.75","0.76","6","YES","6","NO","NO","YES","YES","NO","YES","YES","NO","10","25","15","10","10","10","10","10","0","YES","YES","YES","NO","YES","NO","NO","NA"
"Norway","Zimbabwe","Original","1989","1992","In Force","0.77","0.59","0.97","0.75","0.88","6","YES","6","NO","NO","YES","YES","YES","YES","YES","NO","15","25","20","10","10","10","10","10","10","NO","YES","YES","YES","YES","NO","NO","NA"
"Norway","Sierra Leone","Pre-independence","1955","1954","In Force","0.33","0","0.5","0.5","0.45","","","NO","NO","NO","YES","NO","NO","YES","NO","NO","0","","0","0","0","0","0","0","0","","","YES","","","NO","NO","NA"
"Norway","Trinidad and Tobago","Original","1969","1966","In Force","0.34","0.56","0.22","0.25","0.31","6","NO","NO","YES","YES","YES","NO","NO","NO","NO","NO","10","25","20","15","15","15","0","15","5","","","YES","","","NO","NO","NA"
"Norway","Tunisia","Original","1978","1979","In Force","0.39","0.57","0.34","0.25","0.29","6","YES","NO","YES","YES","NO","YES","NO","NO","YES","NO","20","","20","12","12","15","5","20","0","NO","NO","YES","NO","NO","NO","NO","NA"
"Norway","Turkmenistan","Pre-independence","1980","1982","In Force","0.19","0.25","0.31","0","0.13","12","NO","NO","NO","NO","NO","NO","NO","NO","NO","NO","20","","20","0","0","0","0","0","0","NO","NO","NO","","NO","NO","NO","NA"
"Norway","Ukraine","Original","1996","1997","In Force","0.48","0.38","0.56","0.5","0.47","12","YES","NO","NO","NO","YES","NO","NO","NO","YES","NO","5","25","15","10","10","10","10","10","0","YES","YES","YES","NO","NO","NO","NO","NA"
"Norway","Venezuela","Original","1997","1999","In Force","0.69","0.48","0.84","0.75","0.82","6","YES","2","NO","NO","YES","YES","NO","YES","YES","NO","5","10","10","15","5","12","12","12","9","YES","YES","YES","NO","YES","NO","YES","NA"
"Norway","Thailand","Original","2003","2004","In Force","0.59","0.44","0.97","0.38","0.65","6","YES","6","NO","NO","YES","YES","YES","NO","NO","YES","10","10","15","15","10","15","5","10","0","NO","NO","YES","NO","YES","NO","NO","NA"
"Norway","Zambia","Original","2015","2018","In Force","0.36","0.38","0.47","0.25","0.35","6","YES","6","YES","YES","NO","NO","YES","NO","YES","NO","5","25","15","10","10","10","10","10","0","NO","NO","NO","NO","YES","NO","YES","NA"
"Norway","Philippines","Amended by protocol","1989","1997","In Force","0.63","0.66","0.72","0.5","0.59","6","YES","6","YES","YES","YES","YES","YES","NO","YES","YES","15","10","25","15","15","25","25","25","0","NO","YES","YES","NO","NO","NO","NO","NA"
"Norway","South Africa","Amended by MLI","2017","2023","In Force","0.15","0.13","0.19","0.13","0.12","12","YES","NO","YES","YES","NO","NO","NO","NO","NO","NO","5","25","15","0","0","0","0","0","0","NO","NO","YES","NO","NO","NO","YES","PPT"
"Oman","Yemen","Original","2002","2004","In Force","","","","","","","","","","","","","","","","","","","","","","","","","","","","","","","","",""
"Oman","Sudan","Original","2003","2005","In Force","","","","","","","","","","","","","","","","","","","","","","","","","","","","","","","","",""
"Oman","Syria","Original","2005","2006","In Force","","","","","","","","","","","","","","","","","","","","","","","","","","","","","","","","",""
"Oman","Uzbekistan","Original","2009","2010","In Force","0.46","0.3","0.58","0.5","0.5","9","YES","6","YES","YES","YES","NO","YES","YES","YES","NO","7","","7","7","7","10","10","10","0","NO","NO","YES","NO","YES","NO","YES","NA"
"Oman","Sri Lanka","Original","2018","2021","In Force","0.73","0.48","0.97","0.75","0.88","6","YES","6","NO","NO","YES","YES","YES","YES","YES","YES","7.5","10","10","10","10","10","10","10","10","YES","NO","YES","NO","YES","NO","YES","NA"
"Oman","Tunisia","Amended by MLI","2019","2024","In Force","0.26","0.19","0.22","0.38","0.29","6","NO","NO","YES","YES","NO","YES","NO","NO","YES","NO","0","","0","10","10","5","5","5","0","NO","NO","YES","NO","YES","NO","NO","PPT"
"Oman","Vietnam","Amended by MLI","2022","2024","In Force","0.74","0.5","0.97","0.75","0.88","6","YES","6","NO","NO","YES","YES","YES","YES","YES","NO","5","60","15","10","10","10","10","10","10","YES","YES","YES","NO","YES","NO","YES","PPT"
"Oman","Thailand","Amended by MLI","2022","2023","In Force","0.58","0.66","0.59","0.5","0.59","6","NO","NO","NO","NO","YES","NO","YES","NO","YES","YES","10","","10","15","10","15","15","15","15","NO","NO","YES","NO","YES","NO","NO","PPT"
"Oman","Pakistan","Amended by MLI","2019","2022","In Force","0.39","0.58","0.22","0.38","0.35","6","NO","NO","YES","YES","NO","NO","YES","NO","YES","NO","10","10","12.5","10","10","12.5","12.5","12.5","12.5","NO","NO","YES","NO","YES","NO","NO","PPT"
"Oman","Seychelles","Amended by MLI","2019","2023","In Force","0.45","0.38","0.59","0.38","0.53","6","YES","3","YES","YES","YES","NO","YES","NO","YES","NO","5","","5","5","5","10","10","10","10","NO","NO","YES","NO","YES","NO","NO","PPT"
"Oman","South Africa","Amended by MLI","2019","2023","In Force","0.47","0.19","0.72","0.5","0.59","6","YES","3","NO","NO","YES","NO","NO","NO","YES","NO","5","10","10","0","0","8","8","8","0","YES","NO","YES","NO","YES","NO","NO","PPT"
"Pakistan","Philippines","Original","1979","1979","In Force","0.79","0.66","0.72","1","0.82","6","YES","3","YES","YES","YES","YES","YES","YES","YES","YES","15","25","25","15","15","25","25","25","0","YES","YES","YES","YES","YES","NO","NO","NA"
"Pakistan","Romania","Original","1999","2002","In Force","0.36","0.38","0.45","0.25","0.32","9","YES","6","YES","YES","NO","YES","NO","NO","NO","NO","5","20","10","10","10","12.5","12.5","12.5","0","YES","NO","YES","NO","NO","NO","NO","NA"
"Pakistan","Spain","Original","2010","2011","In Force","0.29","0.44","0.31","0.13","0.24","12","YES","NO","YES","YES","NO","NO","YES","NO","NO","NO","5","50","10","10","10","7.5","7.5","7.5","10","YES","NO","NO","NO","NO","NO","NO","PARTIAL"
"Pakistan","Sri Lanka","Original","1981","1983","In Force","0.68","0.56","0.72","0.75","0.71","6","NO","6","NO","NO","YES","NO","YES","YES","YES","YES","15","","15","10","10","20","20","20","0","NO","YES","YES","YES","NO","NO","NO","NA"
"Pakistan","Sweden","Original","1985","1987","In Force","0.75","0.66","0.84","0.75","0.82","6","YES","NO","NO","NO","YES","YES","YES","YES","YES","YES","15","25","NO LIMIT","15","15","10","10","10","10","NO","NO","YES","YES","YES","NO","NO","NA"
"Pakistan","Syria","Original","2001","2003","In Force","0.23","0.46","0.09","0.13","0.12","6","NO","NO","YES","YES","NO","NO","NO","NO","NO","NO","10","","10","10","10","18","15","18","0","NO","NO","YES","NO","NO","NO","NO","NA"
"Pakistan","Turkey","Original","1985","1989","In Force","0.5","0.41","0.47","0.63","0.53","6","YES","NO","YES","YES","YES","NO","YES","YES","YES","NO","10","25","15","10","10","10","10","10","0","NO","YES","YES","YES","NO","NO","NO","NA"
"Pakistan","Turkmenistan","Original","1994","1998","In Force","0.57","0.38","0.97","0.38","0.65","6","YES","6","NO","NO","YES","YES","YES","NO","NO","NO","10","","10","10","10","10","10","10","0","YES","NO","YES","NO","YES","NO","YES","NA"
"Pakistan","Yemen","Original","2004","2007","In Force","0.7","0.5","0.84","0.75","0.82","6","YES","NO","NO","NO","YES","YES","YES","YES","YES","YES","10","","10","10","10","10","10","10","10","NO","NO","YES","YES","YES","NO","NO","NA"
"Pakistan","United States","Original","1957","1959","In Force","0.5","0","0.5","1","0.56","","","NO","NO","NO","YES","NO","NO","YES","","","","","","","","0","0","0","0","","","YES","","","NO","NO","NA"
"Pakistan","Switzerland","Original","2017","2018","In Force","0.65","0.56","0.95","0.43","0.72","9","YES","6","NO","NO","YES","YES","YES","NO","NO","YES","10","20","20","10","10","10","10","10","10","YES","NO","YES","NO","","YES","NO","PPT"
"Pakistan","Tajikistan","Amended by protocol","2021","2022","In Force","0.65","0.34","0.84","0.75","0.76","6","YES","NO","NO","NO","YES","YES","YES","YES","YES","NO","5","25","10","10","10","10","10","10","0","YES","NO","YES","YES","YES","NO","NO","NA"
"Pakistan","Uzbekistan","Amended by protocol","2015","2017","In Force","0.39","0.44","0.34","0.38","0.35","6","NO","NO","NO","YES","NO","YES","NO","YES","YES","NO","10","","10","10","10","15","15","15","0","NO","NO","YES","NO","NO","NO","NO","NA"
"Pakistan","Tunisia","Amended by MLI","2018","2024","In Force","0.59","0.54","0.84","0.38","0.65","6","YES","NO","NO","NO","YES","YES","YES","NO","YES","NO","10","","10","13","13","10","10","10","10","YES","NO","YES","NO","NO","NO","NO","PPT"
"Pakistan","Thailand","Amended by MLI","2022","2023","In Force","0.57","0.61","0.59","0.5","0.53","6","YES","6","YES","YES","YES","NO","YES","NO","NO","YES","15","25","25","25","10","20","10","20","0","NO","NO","YES","YES","YES","NO","NO","PPT"
"Pakistan","Vietnam","Amended by MLI","2022","2024","In Force","0.82","0.75","0.84","0.88","0.88","6","YES","NO","NO","NO","YES","YES","YES","YES","YES","NO","15","","15","15","15","15","15","15","15","YES","YES","YES","YES","YES","NO","NO","PPT"
"Pakistan","Poland","Amended by MLI","2017","2022","In Force","0.51","0.72","0.31","0.5","0.35","12","NO","NO","NO","YES","YES","NO","NO","NO","YES","NO","15","","NO LIMIT","NO LIMIT","NO LIMIT","20","20","20","0","YES","YES","YES","NO","NO","NO","NO","PPT"
"Pakistan","United Kingdom","Amended by MLI","2017","2022","In Force","0.52","0.69","0.59","0.29","0.5","6","NO","NO","NO","NO","YES","NO","YES","NO","YES","NO","10","25","20","15","15","12.5","12.5","12.5","12.5","NO","NO","YES","NO","","NO","NO","PPT"
"Pakistan","Singapore","Amended by MLI","2017","2022","In Force","0.59","0.56","0.72","0.5","0.65","6","YES","NO","NO","NO","YES","NO","YES","YES","YES","YES","10","","15","12.5","12.5","10","","10","10","NO","NO","NO","NO","YES","NO","NO","PPT"
"Pakistan","United Arab Emirates","Amended by MLI","2018","2022","In Force","0.48","0.58","0.47","0.38","0.47","6","NO","NO","NO","NO","NO","NO","YES","NO","NO","NO","10","20","15","10","10","12","12","12","12","NO","NO","YES","YES","YES","NO","NO","PPT"
"Pakistan","South Africa","Amended by MLI","2017","2023","In Force","0.57","0.49","0.59","0.63","0.65","6","YES","6","NO","NO","NO","NO","NO","NO","YES","YES","10","10","15","10","10","10","10","0","10","YES","NO","YES","NO","YES","NO","NO","PPT"
"Pakistan","Qatar","Amended by MLI","2018","2022","In Force","0.47","0.43","0.59","0.38","0.53","6","YES","NO","NO","NO","NO","YES","NO","NO","NO","NO","5","10","10","10","10","10","10","0","10","NO","NO","YES","YES","YES","NO","NO","PPT"
"Pakistan","Portugal","Amended by MLI","2017","2022","In Force","0.58","0.53","0.47","0.75","0.65","6","NO","NO","NO","NO","NO","NO","YES","NO","YES","YES","10","25","15","10","10","10","10","10","10","YES","NO","YES","YES","YES","NO","NO","PPT"
"Pakistan","Saudi Arabia","Amended by MLI","2018","2022","In Force","0.6","0.34","0.84","0.63","0.71","6","YES","6","NO","NO","YES","NO","YES","NO","YES","NO","5","","10","10","10","10","10","10","0","YES","YES","YES","NO","YES","NO","NO","PPT"
"Pakistan","Ukraine","Amended by MLI","2018","2022","In Force","0.54","0.41","0.72","0.5","0.59","6","YES","6","YES","NO","YES","NO","YES","YES","YES","NO","10","25","15","10","10","10","10","10","0","YES","NO","YES","NO","NO","NO","NO","PPT"
"Pakistan","Serbia","Amended by MLI","2017","2022","In Force","0.65","0.5","0.83","0.63","0.74","9","YES","NO","NO","NO","YES","YES","YES","NO","YES","NO","10","","10","10","10","10","10","10","10","YES","NO","YES","YES","YES","NO","NO","PPT"
"Panama","Vietnam","Amended by MLI","2022","2024","In Force","0.69","0.36","0.97","0.75","0.82","6","YES","6","NO","NO","YES","YES","YES","YES","YES","NO","5","50","12.5","10","10","10","10","10","0","YES","YES","NO","YES","YES","NO","NO","PPT"
"Papua New Guinea","Singapore","Amended by MLI","2019","2024","In Force","0.55","0.44","0.72","0.5","0.59","6","YES","3","NO","NO","YES","NO","NO","NO","NO","NO","15","","15","10","10","10","10","10","0","YES","YES","YES","NO","YES","YES","NO","PPT"
"Papua New Guinea","United Kingdom","Amended by MLI","2019","2024","In Force","0.45","0.59","0.59","0.17","0.47","6","NO","6","NO","NO","YES","NO","NO","NO","NO","NO","17","","17","10","10","10","10","10","10","","","YES","NO","NO","YES","NO","PPT"
"Paraguay","United Arab Emirates","Original","2017","2017","In Force","0.4","0.51","0.7","0","0.32","9","YES","9","YES","YES","YES","YES","YES","NO","NO","NO","15","","15","15","6","15","15","15","0","NO","NO","NO","NO","NO","NO","NO","NA"
"Paraguay","Uruguay","Original","2017","2020","In Force","0.74","0.75","0.84","0.63","0.76","6","YES","6","NO","NO","NO","YES","YES","YES","NO","NO","15","","15","15","15","15","15","15","15","YES","YES","YES","NO","YES","NO","NO","LOB-PPT"
"Paraguay","Taiwan","Amended by protocol","2008","2010","In Force","0.17","0.31","0.06","0.13","0.06","12","NO","NO","YES","YES","NO","NO","NO","NO","NO","NO","5","","5","10","10","10","10","10","0","NO","NO","YES","NO","NO","NO","NO","NA"
"Peru","Switzerland","Original","2012","2015","In Force","0.51","0.63","0.47","0.43","0.5","6","YES","9","YES","YES","NO","NO","YES","NO","NO","NO","10","10","15","15","10","15","15","15","10","YES","YES","YES","NO","","NO","NO","NA"
"Peru","Portugal","Original","2012","2015","In Force","0.53","0.5","0.59","0.5","0.53","6","YES","6","YES","YES","NO","YES","YES","NO","NO","NO","10","10","15","15","10","15","15","15","0","YES","YES","YES","NO","YES","NO","NO","PPT"
"Philippines","Poland","Original","1992","1998","In Force","0.6","0.47","0.72","0.63","0.65","6","NO","6","NO","NO","YES","NO","YES","NO","YES","YES","10","25","15","10","10","15","15","15","0","YES","NO","YES","NO","YES","NO","NO","NA"
"Philippines","Qatar","Original","2008","2016","In Force","0.61","0.47","0.73","0.63","0.65","3","YES","3","NO","NO","YES","NO","NO","YES","NO","YES","10","10","15","10","10","15","15","15","0","YES","NO","YES","NO","YES","NO","NO","NA"
"Philippines","Romania","Original","1994","1998","In Force","0.55","0.56","0.34","0.75","0.53","6","NO","NO","YES","YES","YES","YES","NO","YES","YES","YES","10","25","15","15","10","25","25","25","0","YES","NO","YES","NO","YES","NO","YES","NA"
"Philippines","Russia","Original","1995","1998","In Force","0.68","0.56","0.84","0.63","0.71","6","YES","6","NO","NO","YES","NO","YES","YES","NO","YES","15","","15","15","15","15","15","15","0","NO","YES","YES","NO","YES","NO","NO","NA"
"Philippines","Singapore","Original","1977","1977","In Force","0.71","0.66","0.97","0.5","0.71","6","YES","6","NO","NO","YES","YES","YES","NO","YES","YES","15","15","25","15","15","25","25","25","0","YES","NO","NO","NO","YES","NO","NO","NA"
"Philippines","Spain","Original","1989","1994","In Force","0.67","0.53","0.72","0.75","0.71","6","YES","6","YES","YES","YES","YES","YES","YES","YES","YES","10","10","15","15","15","15","15","15","0","YES","NO","YES","NO","YES","NO","NO","NA"
"Philippines","Sweden","Original","1998","2004","In Force","0.46","0.41","0.47","0.5","0.47","6","YES","6","YES","YES","YES","NO","NO","NO","NO","YES","10","25","15","10","10","15","15","0","0","YES","NO","YES","NO","YES","NO","NO","NA"
"Philippines","Switzerland","Original","1998","2002","In Force","0.48","0.41","0.59","0.43","0.5","6","YES","6","YES","YES","YES","NO","YES","NO","NO","YES","10","10","15","10","10","15","15","0","0","YES","NO","YES","NO","","NO","NO","OTHER"
"Philippines","Thailand","Original","2013","2019","In Force","0.7","0.5","0.98","0.63","0.76","3","YES","6","NO","NO","YES","YES","YES","YES","NO","YES","10","25","15","15","10","15","15","15","0","YES","NO","YES","NO","YES","NO","NO","NA"
"Philippines","Turkey","Original","2009","2017","In Force","0.38","0.41","0.34","0.38","0.35","6","YES","6","YES","YES","NO","NO","NO","YES","NO","NO","10","25","15","10","10","10","10","10","0","YES","NO","YES","NO","NO","NO","NO","NA"
"Philippines","United Arab Emirates","Original","2003","2009","In Force","0.54","0.41","0.72","0.5","0.59","6","YES","6","NO","NO","YES","NO","NO","YES","NO","YES","10","10","15","10","10","10","10","10","0","YES","NO","YES","NO","NO","NO","NO","NA"
"Philippines","United Kingdom","Original","1976","1977","In Force","0.57","0.66","0.72","0.33","0.53","6","YES","6","YES","YES","YES","YES","YES","NO","YES","","15","10","25","15","15","25","25","25","0","NO","NO","YES","NO","","NO","NO","NA"
"Philippines","United States","Original","1976","1983","In Force","0.72","0.69","0.97","0.5","0.73","6","YES","6","NO","NO","YES","YES","YES","NO","YES","YES","20","10","25","15","15","25","25","25","0","NO","NO","YES","","","NO","YES","NA"
"Philippines","Vietnam","Original","2001","2004","In Force","0.76","0.53","0.98","0.75","0.82","3","YES","6","NO","NO","YES","YES","YES","YES","YES","YES","10","25","15","15","15","15","15","15","0","NO","YES","YES","NO","YES","NO","NO","OTHER"
"Philippines","Sri Lanka","Original","2000","2019","In Force","0.82","0.63","0.84","1","0.88","6","NO","3","NO","NO","YES","YES","YES","YES","YES","YES","15","","15","15","15","25","25","25","0","YES","YES","YES","YES","YES","NO","NO","NA"
"Poland","Zimbabwe","Original","1993","1995","In Force","0.29","0.41","0.2","0.25","0.21","9","YES","NO","YES","YES","NO","NO","NO","NO","NO","NO","10","25","15","10","10","10","10","10","0","YES","NO","YES","NO","NO","NO","NO","NA"
"Poland","Uzbekistan","Original","1995","1996","In Force","0.32","0.38","0.22","0.38","0.29","6","NO","NO","YES","YES","NO","YES","NO","YES","YES","NO","5","20","15","10","10","10","10","10","0","NO","NO","YES","NO","NO","NO","NO","NA"
"Poland","Syria","Original","2001","2004","In Force","0.36","0.48","0.34","0.25","0.29","6","NO","NO","NO","NO","NO","NO","NO","NO","NO","NO","10","","10","10","10","18","18","18","0","YES","NO","YES","NO","NO","NO","NO","NA"
"Poland","Tajikistan","Original","2003","2005","In Force","","","","","","","","","","","","","","","","","","","","","","","","","","","","","","","","",""
"Poland","Sri Lanka","Original","2015","2020","In Force","0.7","0.5","0.97","0.63","0.82","6","YES","6","NO","NO","YES","YES","YES","NO","NO","YES","10","","10","10","10","10","10","10","10","YES","YES","YES","NO","YES","NO","NO","PPT"
"Poland","Vietnam","Amended by MLI","2022","2024","In Force","0.73","0.47","0.97","0.75","0.82","6","YES","6","NO","NO","YES","YES","YES","YES","YES","NO","10","25","15","10","10","15","15","15","0","YES","YES","YES","NO","YES","NO","NO","PPT"
"Poland","Thailand","Amended by MLI","2022","2023","In Force","0.36","0.58","0.22","0.29","0.25","6","NO","NO","YES","YES","YES","NO","NO","NO","NO","YES","20","25","NO LIMIT","NO LIMIT","10","15","5","15","0","NO","NO","YES","NO","","NO","NO","PPT"
"Poland","South Africa","Amended by MLI","2017","2023","In Force","0.27","0.38","0.19","0.25","0.18","12","YES","NO","YES","YES","NO","NO","NO","NO","NO","NO","5","25","15","10","10","10","10","10","0","YES","NO","YES","NO","NO","NO","NO","PPT"
"Poland","Tunisia","Amended by MLI","2018","2024","In Force","0.46","0.54","0.47","0.38","0.47","6","YES","NO","YES","YES","YES","YES","NO","NO","YES","NO","5","25","10","12","12","12","12","12","12","YES","NO","YES","NO","NO","NO","NO","PPT"
"Poland","Ukraine","Amended by MLI","2018","2020","In Force","0.23","0.38","0.06","0.25","0.12","12","NO","NO","YES","YES","NO","NO","NO","NO","NO","NO","5","25","15","10","10","10","10","10","0","YES","NO","YES","NO","NO","NO","NO","PPT"
"Portugal","Timor-Leste","Original","2011","2023","In Force","0.51","0.3","0.84","0.38","0.59","6","YES","6","NO","NO","YES","YES","NO","NO","NO","NO","5","25","10","10","10","10","10","0","0","YES","NO","YES","NO","YES","NO","YES","NA"
"Portugal","Venezuela","Original","1996","1999","In Force","0.53","0.53","0.33","0.75","0.56","9","YES","NO","YES","YES","NO","YES","NO","YES","YES","NO","10","","10","10","10","12","12","12","10","YES","YES","YES","NO","YES","NO","NO","NA"
"Portugal","São Tomé and Príncipe","Original","2015","2018","In Force","0.35","0.59","0.22","0.25","0.29","6","YES","NO","YES","YES","NO","NO","NO","NO","NO","NO","10","25","15","10","10","10","10","10","15","YES","NO","YES","NO","NO","NO","NO","PPT"
"Portugal","Vietnam","Amended by MLI","2022","2024","In Force","0.65","0.47","0.97","0.5","0.76","6","YES","6","NO","NO","YES","YES","YES","NO","YES","NO","5","70","15","10","10","10","10","10","7.5","YES","YES","YES","NO","NO","NO","NO","PPT"
"Portugal","Senegal","Amended by MLI","2017","2023","In Force","0.58","0.4","0.83","0.5","0.68","9","YES","6","NO","NO","YES","YES","NO","NO","YES","NO","5","25","10","10","10","10","10","0","8","YES","YES","YES","NO","NO","NO","YES","PPT"
"Portugal","South Africa","Amended by MLI","2017","2023","In Force","0.28","0.41","0.19","0.25","0.18","12","YES","NO","YES","YES","NO","NO","NO","NO","NO","NO","10","25","15","10","10","10","10","10","0","YES","NO","YES","NO","NO","NO","NO","PPT"
"Portugal","Tunisia","Amended by MLI","2018","2024","In Force","0.36","0.5","0.34","0.25","0.29","6","YES","NO","YES","YES","NO","YES","NO","NO","NO","NO","15","","15","15","15","10","10","10","0","YES","NO","YES","NO","NO","NO","NO","PPT"
"Portugal","Ukraine","Amended by MLI","2018","2021","In Force","0.32","0.41","0.19","0.38","0.24","12","NO","NO","YES","YES","YES","NO","NO","NO","YES","NO","10","25","15","10","10","10","10","10","0","YES","NO","YES","NO","NO","NO","NO","PPT"
"Qatar","Sri Lanka","Original","2004","2008","In Force","0.66","0.38","0.98","0.63","0.76","3","YES","3","NO","NO","YES","YES","YES","YES","YES","YES","10","","10","10","10","10","10","10","0","NO","NO","NO","YES","YES","NO","NO","NA"
"Qatar","Sudan","Original","1998","2004","In Force","0.2","0.25","0.22","0.13","0.18","6","NO","NO","YES","NO","NO","NO","NO","NO","NO","NO","0","","0","0","0","NO LIMIT","NO LIMIT","NO LIMIT","0","NO","NO","YES","NO","NO","","NO","NA"
"Qatar","Yemen","Original","2000","2004","In Force","","","","","","","","","","","","","","","","","","","","","","","","","","","","","","","","",""
"Qatar","Syria","Original","2003","2007","In Force","","","","","","","","","","","","","","","","","","","","","","","","","","","","","","","","",""
"Qatar","Venezuela","Original","2006","2008","In Force","0.35","0.22","0.47","0.38","0.41","6","YES","NO","YES","YES","NO","YES","YES","NO","NO","NO","5","10","10","5","5","5","5","5","0","NO","NO","YES","YES","YES","NO","NO","NA"
"Qatar","Ukraine","Original","2018","2020","In Force","0.39","0.31","0.59","0.25","0.41","6","YES","6","YES","YES","NO","YES","YES","NO","NO","NO","5","10","10","10","5","10","10","10","0","YES","NO","YES","NO","NO","NO","NO","PPT"
"Qatar","Tunisia","Amended by MLI","2018","2024","In Force","0.43","0.31","0.47","0.5","0.47","6","YES","NO","YES","YES","YES","YES","NO","NO","YES","NO","0","","0","NO LIMIT","NO LIMIT","5","5","5","0","YES","YES","YES","NO","NO","NO","NO","PPT"
"Qatar","Vietnam","Amended by MLI","2022","2024","In Force","0.71","0.41","0.97","0.75","0.88","6","YES","6","NO","NO","YES","YES","YES","YES","YES","NO","5","50","12.5","10","10","5","10","5","7.5","YES","YES","YES","NO","YES","NO","NO","PPT"
"Qatar","Senegal","Amended by MLI","2018","2023","In Force","0.33","0","0.73","0.25","0.47","3","NO","NO","NO","NO","YES","YES","YES","NO","NO","NO","0","","0","0","0","0","0","0","0","NO","YES","YES","NO","NO","NO","YES","PPT"
"Qatar","Seychelles","Amended by MLI","2018","2023","In Force","0.34","0.06","0.72","0.25","0.47","6","YES","6","YES","YES","YES","YES","YES","NO","NO","NO","0","","0","0","0","5","5","5","0","NO","NO","NO","YES","YES","NO","NO","PPT"
"Qatar","South Africa","Amended by MLI","2018","2023","In Force","0.42","0.28","0.47","0.5","0.47","6","YES","6","YES","YES","NO","YES","NO","NO","NO","NO","5","10","10","10","10","5","5","5","0","YES","NO","YES","YES","YES","NO","NO","PPT"
"Romania","Sri Lanka","Original","1984","1986","In Force","0.58","0.41","0.58","0.75","0.62","9","NO","9","NO","NO","NO","NO","YES","YES","YES","YES","12.5","","12.5","10","10","10","10","10","0","NO","YES","YES","YES","NO","NO","NO","NA"
"Romania","Vietnam","Original","1995","1997","In Force","0.57","0.5","0.72","0.5","0.59","6","YES","6","YES","YES","YES","YES","YES","YES","NO","NO","15","","15","10","10","15","15","15","0","NO","YES","YES","NO","YES","NO","NO","NA"
"Romania","Zambia","Original","1983","1993","In Force","","","","","","","","","","","","","","","","","","","","","","","","","","","","","","","","",""
"Romania","Tunisia","Original","1987","1989","In Force","0.26","0.57","0.09","0.13","0.18","6","NO","NO","YES","YES","NO","NO","NO","NO","NO","NO","12","","12","10","10","12","12","12","12","NO","NO","YES","NO","NO","NO","NO","NA"
"Romania","South Africa","Original","1993","1996","In Force","0.34","0.56","0.33","0.13","0.21","9","YES","NO","YES","YES","YES","NO","NO","NO","NO","NO","15","","15","15","15","15","15","15","0","NO","NO","YES","NO","NO","NO","NO","NA"
"Romania","Ukraine","Original","1996","1998","In Force","0.42","0.45","0.44","0.38","0.35","12","YES","12","YES","YES","YES","NO","NO","NO","YES","NO","10","25","15","10","10","10","15","15","0","YES","NO","YES","NO","NO","NO","NO","NA"
"Romania","Thailand","Original","1996","1998","In Force","0.56","0.59","0.47","0.63","0.53","6","NO","6","YES","YES","YES","YES","NO","YES","NO","YES","15","25","20","25","10","15","15","15","0","NO","YES","YES","NO","YES","NO","NO","NA"
"Romania","Sudan","Original","2007","2010","In Force","0.22","0.22","0.19","0.25","0.18","12","NO","NO","YES","YES","NO","YES","NO","NO","NO","NO","5","25","10","5","5","5","5","5","0","YES","NO","YES","NO","NO","NO","NO","NA"
"Romania","Tajikistan","Original","2007","2010","In Force","0.23","0.34","0.09","0.25","0.18","6","NO","NO","YES","YES","NO","NO","NO","NO","NO","NO","5","25","10","10","10","10","10","10","0","YES","NO","YES","NO","NO","NO","NO","NA"
"Romania","Syria","Original","2008","2010","In Force","0.28","0.4","0.2","0.25","0.21","9","NO","NO","YES","YES","NO","YES","NO","NO","NO","NO","5","25","15","10","10","12","12","12","0","YES","NO","YES","NO","NO","NO","NO","NA"
"Romania","Turkmenistan","Original","2008","2010","In Force","0.58","0.44","0.81","0.5","0.59","12","YES","6","NO","NO","YES","YES","NO","NO","NO","NO","10","","10","10","10","15","15","15","0","YES","YES","YES","NO","YES","NO","YES","NA"
"Romania","Uzbekistan","Amended by protocol","2016","2018","In Force","0.53","0.38","0.58","0.63","0.56","9","YES","9","YES","YES","YES","YES","NO","YES","YES","NO","10","","10","10","10","10","10","10","0","YES","NO","YES","NO","YES","NO","YES","NA"
"Russia","Sri Lanka","Original","1999","2003","In Force","0.67","0.41","0.97","0.63","0.76","6","YES","6","NO","NO","YES","YES","YES","NO","NO","YES","10","25","15","10","10","10","10","10","0","NO","YES","YES","YES","YES","NO","NO","NA"
"Russia","Vietnam","Original","1993","1997","In Force","0.6","0.47","0.72","0.63","0.65","6","YES","12","NO","NO","YES","NO","NO","YES","YES","NO","10","","15","10","10","15","15","15","0","YES","NO","YES","NO","YES","NO","NO","NA"
"Russia","Uzbekistan","Original","1994","1996","In Force","","","","","","","","","","","","","","","","","","","","","","","","","","","","","","","","",""
"Russia","South Africa","Original","1995","2000","In Force","0.25","0.28","0.31","0.17","0.2","12","YES","NO","YES","YES","YES","NO","NO","NO","NO","NO","10","30","15","10","10","0","0","0","0","","","YES","NO","NO","NO","NO","NA"
"Russia","Tajikistan","Original","1997","2004","In Force","","","","","","","","","","","","","","","","","","","","","","","","","","","","","","","","",""
"Russia","Turkmenistan","Original","1998","2000","In Force","","","","","","","","","","","","","","","","","","","","","","","","","","","","","","","","",""
"Russia","Thailand","Original","1999","2010","In Force","0.8","0.56","0.97","0.88","0.88","6","YES","3","NO","NO","YES","YES","YES","YES","YES","YES","15","","15","NO LIMIT","10","15","15","15","0","NO","YES","YES","YES","YES","NO","NO","NA"
"Russia","Syria","Original","2000","2004","In Force","0.29","0.52","0.22","0.13","0.18","6","NO","NO","YES","YES","NO","YES","NO","NO","NO","NO","15","","15","10","10","18","13.5","18","0","NO","NO","YES","NO","NO","NO","NO","NA"
"Russia","Venezuela","Original","2003","2010","In Force","0.71","0.56","0.83","0.75","0.79","9","YES","NO","NO","NO","YES","YES","YES","YES","YES","NO","10","10","15","10","5","15","15","15","10","YES","YES","YES","NO","YES","NO","NO","NA"
"Rwanda","Singapore","Original","2014","2017","In Force","0.34","0.43","0.47","0.13","0.35","6","YES","6","YES","YES","NO","YES","NO","NO","NO","NO","7.5","","7.5","10","10","10","10","0","10","NO","NO","NO","NO","YES","NO","NO","NA"
"Rwanda","South Africa","Original","2002","2011","In Force","0.45","0.52","0.34","0.5","0.47","6","YES","6","YES","YES","NO","NO","NO","NO","YES","NO","10","25","20","10","10","10","10","0","10","YES","NO","YES","NO","YES","NO","NO","NA"
"Rwanda","Turkey","Original","2018","2021","In Force","0.65","0.5","0.7","0.75","0.74","9","YES","6","NO","NO","NO","YES","NO","YES","NO","NO","10","","10","10","10","10","10","10","10","YES","YES","YES","YES","YES","NO","YES","PPT"
"San Marino","Vietnam","Amended by MLI","2022","2024","In Force","0.88","0.66","0.97","1","1","6","YES","6","NO","NO","YES","YES","YES","YES","YES","YES","10","10","15","15","15","15","15","15","10","YES","YES","YES","YES","YES","NO","NO","PPT"
"San Marino","Seychelles","Amended by MLI","2017","2023","In Force","0.18","0.06","0.34","0.13","0.24","6","YES","6","YES","YES","NO","NO","NO","NO","YES","NO","5","10","0","5","0","0","0","0","0","NO","NO","NO","NO","NO","NO","NO","PPT"
"Saudi Arabia","Uzbekistan","Original","2008","2011","In Force","0.55","0.3","0.84","0.5","0.65","6","YES","6","NO","NO","YES","YES","NO","YES","YES","NO","7","","7","7","7","10","10","10","0","NO","YES","YES","NO","NO","NO","NO","NA"
"Saudi Arabia","Syria","Original","2009","2011","In Force","","","","","","","","","","","","","","","","","","","","","","","","","","","","","","","","",""
"Saudi Arabia","Tajikistan","Original","2014","2016","In Force","0.38","0.29","0.47","0.38","0.41","6","YES","6","YES","YES","YES","NO","NO","NO","YES","NO","5","25","10","8","8","8","8","8","0","NO","YES","YES","NO","NO","NO","NO","NA"
"Saudi Arabia","Venezuela","Original","2015","2017","In Force","0.52","0.23","0.84","0.5","0.65","6","YES","6","NO","NO","YES","NO","YES","YES","YES","NO","5","","5","5","5","8","8","8","0","NO","YES","YES","NO","NO","NO","NO","OTHER"
"Saudi Arabia","Turkmenistan","Original","2016","2018","In Force","0.41","0.38","0.47","0.38","0.41","6","YES","6","YES","YES","YES","NO","NO","NO","YES","NO","10","","10","10","10","10","10","10","0","NO","YES","YES","NO","NO","NO","NO","NA"
"Saudi Arabia","Tunisia","Amended by MLI","2018","2024","In Force","0.51","0.17","0.84","0.5","0.65","6","YES","6","NO","NO","YES","NO","YES","YES","YES","NO","5","","5","5","2.5","5","5","5","0","NO","YES","YES","NO","NO","NO","NO","PPT"
"Saudi Arabia","Vietnam","Amended by MLI","2022","2024","In Force","0.64","0.45","0.84","0.63","0.76","6","YES","6","NO","NO","YES","NO","YES","YES","YES","NO","5","50","12.5","10","10","10","10","10","7.5","NO","YES","YES","NO","YES","NO","NO","PPT"
"Saudi Arabia","South Africa","Amended by MLI","2018","2023","In Force","0.54","0.28","0.72","0.63","0.65","6","YES","6","NO","NO","YES","NO","NO","NO","YES","NO","5","10","10","5","5","10","10","10","0","YES","YES","YES","NO","YES","NO","NO","PPT"
"Saudi Arabia","Ukraine","Amended by MLI","2018","2021","In Force","0.57","0.38","0.84","0.5","0.65","6","YES","6","NO","NO","YES","NO","YES","YES","YES","NO","5","20","15","10","10","10","10","10","0","NO","YES","YES","NO","NO","NO","NO","PPT"
"Senegal","Spain","Original","2006","2012","In Force","0.49","0.38","0.84","0.25","0.53","6","YES","3","NO","NO","YES","NO","YES","NO","NO","NO","10","","10","10","10","10","10","10","0","YES","NO","YES","NO","NO","NO","YES","NA"
"Senegal","Taiwan","Original","2000","2005","In Force","0.31","0.47","0.34","0.13","0.24","6","NO","NO","NO","NO","NO","NO","NO","NO","NO","NO","10","","10","15","15","12.5","12.5","12.5","0","NO","NO","YES","NO","NO","NO","NO","NA"
"Senegal","Tunisia","Amended by MLI","2018","2024","In Force","0.58","0.67","0.7","0.38","0.5","3","YES","NO","","YES","YES","YES","YES","NO","NO","NO","","","","NO LIMIT","NO LIMIT","NO LIMIT","NO LIMIT","NO LIMIT","0","YES","YES","YES","NO","NO","NO","NO","PPT"
"Senegal","United Kingdom","Amended by MLI","2017","2023","In Force","0.39","0.33","0.47","0.38","0.41","6","NO","6","YES","YES","NO","YES","YES","NO","YES","NO","5","25","10","10","10","10","10","6","0","YES","YES","NO","NO","NO","NO","YES","PPT"
"Senegal","United Arab Emirates","Amended by MLI","2018","2023","In Force","0.59","0.19","0.97","0.63","0.76","6","YES","6","NO","NO","YES","YES","YES","YES","YES","NO","5","","5","5","5","5","5","5","0","YES","YES","YES","NO","NO","NO","NO","PPT"
"Serbia","Sri Lanka","Pre-independence","1985","1987","In Force","0.45","0.41","0.58","0.38","0.44","9","NO","9","NO","NO","YES","NO","NO","NO","NO","YES","12.5","","12.5","10","10","10","10","10","0","NO","YES","YES","NO","NO","NO","NO","NA"
"Serbia","Vietnam","Amended by MLI","2022","2024","In Force","0.54","0.41","0.72","0.5","0.59","6","YES","6","YES","YES","YES","YES","YES","NO","YES","NO","10","25","15","10","10","10","10","10","0","YES","NO","YES","NO","YES","NO","NO","PPT"
"Serbia","Tunisia","Amended by MLI","2018","2024","In Force","0.61","0.5","0.97","0.38","0.71","6","YES","6","NO","NO","YES","YES","YES","NO","YES","NO","10","","10","10","10","10","10","10","10","YES","NO","YES","NO","NO","NO","NO","PPT"
"Serbia","Ukraine","Amended by MLI","2018","2020","In Force","0.26","0.34","0.19","0.25","0.18","12","NO","NO","YES","YES","NO","NO","YES","NO","NO","NO","5","25","10","10","10","10","10","10","0","YES","NO","YES","NO","NO","NO","NO","PPT"
"Seychelles","Sri Lanka","Original","2011","2015","In Force","0.69","0.36","0.97","0.75","0.82","6","YES","6","NO","NO","YES","YES","YES","YES","YES","YES","7.5","25","10","10","10","10","10","10","0","YES","NO","YES","NO","YES","NO","NO","NA"
"Seychelles","Zambia","Original","2010","2013","In Force","0.29","0.28","0.34","0.25","0.29","6","YES","6","YES","YES","NO","NO","NO","NO","YES","NO","5","25","10","5","5","10","10","10","0","NO","NO","NO","NO","YES","NO","NO","NA"
"Seychelles","Vietnam","Amended by MLI","2022","2024","In Force","0.66","0.38","0.97","0.63","0.76","6","YES","6","NO","NO","YES","YES","YES","NO","YES","NO","10","","10","10","10","10","10","10","0","YES","YES","YES","NO","YES","NO","NO","PPT"
"Seychelles","Thailand","Amended by MLI","2022","2023","In Force","0.56","0.47","0.84","0.38","0.59","6","YES","6","NO","NO","YES","NO","YES","NO","NO","YES","10","","10","15","10","15","15","15","0","NO","YES","YES","NO","NO","NO","NO","PPT"
"Seychelles","South Africa","Amended by MLI","2017","2023","In Force","0.31","0.09","0.34","0.5","0.41","6","YES","6","YES","YES","NO","NO","NO","NO","YES","NO","5","10","10","0","0","0","0","0","0","YES","NO","YES","NO","YES","NO","NO","PPT"
"Seychelles","United Arab Emirates","Amended by MLI","2018","2023","In Force","0.28","0.06","0.41","0.38","0.35","18","YES","15","YES","YES","YES","NO","NO","NO","YES","NO","0","","0","0","0","5","5","5","0","NO","NO","YES","NO","YES","NO","NO","PPT"
"Seychelles","Singapore","Amended by MLI","2017","2023","In Force","0.27","0.25","0.31","0.25","0.24","12","YES","12","YES","YES","NO","NO","NO","NO","NO","NO","0","","0","12","12","8","8","8","0","NO","NO","YES","NO","YES","NO","NO","PPT"
"Sierra Leone","South Africa","Pre-independence","1960","1951","In Force","0.28","0","0.5","0.33","0.4","","","NO","NO","NO","YES","NO","NO","NO","","NO","","","","","","","","","0","","","YES","","","NO","NO","NA"
"Sierra Leone","United Kingdom","Amended by protocol","1968","1968","In Force","0.25","0","0.5","0.25","0.36","","","NO","NO","NO","YES","NO","NO","NO","NO","NO","0","","0","","","0","0","0","0","","","YES","","","NO","NO","NA"
"Singapore","Sri Lanka","Original","2014","2017","In Force","0.46","0.3","0.59","0.5","0.53","6","YES","6","YES","YES","NO","YES","YES","NO","NO","YES","7.5","25","10","10","0","10","10","10","0","YES","NO","YES","NO","YES","NO","NO","NA"
"Singapore","Turkmenistan","Original","2019","2020","In Force","0.29","0.31","0.31","0.25","0.24","12","YES","6","YES","YES","NO","NO","NO","NO","NO","NO","0","25","10","10","10","10","10","10","0","NO","NO","YES","NO","YES","YES","NO","PPT"
"Singapore","Uzbekistan","Amended by protocol","2011","2011","In Force","0.3","0.23","0.31","0.38","0.29","12","YES","6","YES","YES","NO","NO","NO","NO","YES","NO","5","","5","5","5","8","8","8","0","NO","NO","YES","NO","YES","NO","NO","NA"
"Singapore","Tunisia","Amended by MLI","2018","2024","In Force","0.35","0.34","0.34","0.38","0.41","6","YES","6","YES","YES","NO","NO","NO","NO","NO","NO","5","","5","10","5","10","10","10","5","YES","NO","YES","NO","YES","NO","NO","PPT"
"Singapore","Vietnam","Amended by MLI","2022","2024","In Force","0.3","0.32","0.22","0.38","0.29","6","NO","6","YES","YES","NO","NO","NO","NO","NO","NO","5","50","12.5","10","10","5","10","5","0","NO","YES","YES","NO","YES","NO","NO","PPT"
"Singapore","Thailand","Amended by MLI","2022","2023","In Force","0.48","0.38","0.56","0.5","0.47","12","YES","6","YES","YES","YES","NO","YES","NO","NO","YES","10","","10","15","10","10","5","8","0","YES","NO","YES","NO","YES","NO","NO","PPT"
"Singapore","South Africa","Amended by MLI","2017","2023","In Force","0.31","0.25","0.31","0.38","0.29","12","YES","6","YES","YES","NO","NO","NO","NO","NO","NO","5","10","10","7.5","7.5","5","5","5","0","YES","NO","YES","NO","YES","NO","NO","PPT"
"Singapore","Ukraine","Amended by MLI","2018","2020","In Force","0.39","0.34","0.44","0.38","0.35","12","YES","6","YES","YES","NO","NO","YES","NO","YES","NO","5","20","15","10","10","7.5","7.5","7.5","0","YES","NO","YES","NO","NO","NO","NO","PPT"
"Slovakia","Sri Lanka","Pre-independence","1978","1979","In Force","0.23","0.33","0.22","0.14","0.19","6","NO","NO","YES","NO","NO","NO","NO","NO","NO","YES","15","","15","10","0","10","0","10","0","NO","NO","NO","NO","","NO","NO","NA"
"Slovakia","Turkmenistan","Original","1996","1999","In Force","0.4","0.38","0.44","0.38","0.35","12","YES","NO","YES","YES","YES","YES","NO","NO","NO","NO","10","","10","10","10","10","10","10","0","YES","YES","YES","NO","NO","NO","NO","NA"
"Slovakia","Uzbekistan","Original","2003","2004","In Force","0.48","0.38","0.7","0.38","0.5","9","YES","6","NO","NO","NO","YES","NO","YES","NO","NO","10","","10","10","10","10","10","10","0","YES","NO","YES","NO","NO","NO","NO","NA"
"Slovakia","Syria","Original","2009","2011","In Force","0.39","0.34","0.72","0.13","0.41","6","YES","6","NO","NO","NO","NO","YES","NO","NO","NO","5","","5","10","10","12","12","12","0","NO","NO","YES","NO","NO","NO","NO","NA"
"Slovakia","Tunisia","Amended by MLI","2018","2024","In Force","0.37","0.64","0.22","0.25","0.29","6","NO","NO","YES","YES","NO","NO","YES","NO","NO","NO","10","25","15","12","12","15","5","15","15","YES","NO","YES","NO","NO","NO","NO","PPT"
"Slovakia","Vietnam","Amended by MLI","2022","2024","In Force","0.67","0.42","0.97","0.63","0.82","6","YES","6","NO","NO","YES","YES","YES","YES","YES","NO","5","70","10","10","10","5","15","5","7.5","YES","NO","YES","NO","YES","NO","NO","PPT"
"Slovakia","South Africa","Amended by MLI","2017","2023","In Force","0.24","0.25","0.19","0.29","0.19","12","YES","NO","YES","YES","NO","NO","NO","NO","NO","NO","5","25","15","0","0","10","10","10","0","YES","","YES","NO","NO","NO","NO","PPT"
"Slovakia","Ukraine","Amended by MLI","2018","2020","In Force","0.31","0.38","0.31","0.25","0.24","12","YES","NO","YES","YES","NO","NO","YES","NO","NO","NO","10","","10","10","10","10","10","10","0","YES","NO","YES","NO","NO","NO","NO","PPT"
"Slovenia","Uzbekistan","Original","2013","2014","In Force","0.39","0.33","0.59","0.25","0.41","6","YES","6","YES","YES","NO","YES","YES","NO","NO","NO","8","","8","8","8","10","10","10","0","YES","NO","YES","NO","NO","NO","NO","NA"
"Slovenia","Thailand","Amended by MLI","2022","2023","In Force","0.47","0.43","0.59","0.38","0.47","6","YES","6","YES","YES","YES","NO","YES","NO","NO","YES","10","","10","15","10","15","10","10","0","YES","NO","YES","NO","NO","NO","NO","PPT"
"Slovenia","Ukraine","Amended by MLI","2018","2020","In Force","0.28","0.27","0.19","0.38","0.24","12","NO","NO","YES","YES","NO","NO","YES","NO","NO","NO","5","25","15","5","5","5","10","5","0","YES","NO","YES","NO","YES","NO","NO","PPT"
"Solomon Islands","United Kingdom","Pre-independence","1950","1949","In Force","","","","","","","","","","","","","","","","","","","","","","","","","","","","","","","","",""
"South Africa","Tanzania","Original","2005","2007","In Force","0.5","0.4","0.47","0.63","0.53","6","YES","6","YES","YES","NO","YES","NO","NO","YES","YES","10","15","20","10","10","10","10","0","0","YES","NO","YES","NO","YES","NO","YES","NA"
"South Africa","Uganda","Original","1997","2002","In Force","0.49","0.49","0.59","0.38","0.53","6","YES","NO","NO","NO","NO","NO","YES","NO","YES","NO","10","25","15","10","10","10","10","0","10","NO","NO","YES","NO","YES","NO","YES","NA"
"South Africa","Zambia","Pre-independence","1956","1953","In Force","0.5","0.67","0.5","0.33","0.42","0","NO","NO","NO","NO","YES","NO","NO","NO","","NO","","","","NO LIMIT","NO LIMIT","NO LIMIT","NO LIMIT","NO LIMIT","0","","","YES","","","NO","NO","NA"
"South Africa","Taiwan","Original","1994","1996","In Force","0.27","0.38","0.31","0.13","0.18","12","YES","NO","YES","YES","YES","NO","NO","NO","NO","NO","5","10","15","10","10","10","10","10","0","NO","NO","YES","NO","NO","NO","NO","NA"
"South Africa","United States","Original","1997","1998","In Force","0.27","0.13","0.31","0.38","0.29","12","YES","6","YES","YES","NO","NO","NO","NO","YES","NO","5","10","15","0","0","0","0","0","0","YES","NO","YES","NO","NO","NO","YES","LOB"
"South Africa","Spain","Original","2006","2008","In Force","0.19","0.25","0.19","0.13","0.12","12","YES","NO","YES","YES","NO","NO","NO","NO","NO","NO","5","25","15","5","5","5","5","5","0","YES","NO","NO","NO","NO","NO","NO","PARTIAL"
"South Africa","Switzerland","Original","2007","2010","In Force","0.21","0.19","0.19","0.25","0.18","12","YES","NO","YES","YES","NO","NO","NO","NO","NO","NO","5","20","15","5","5","0","0","0","0","YES","NO","YES","NO","NO","YES","NO","NA"
"South Africa","Zimbabwe","Original","2015","2017","In Force","0.35","0.34","0.47","0.25","0.41","6","YES","6","YES","YES","NO","YES","NO","NO","NO","NO","5","25","10","5","5","10","10","10","5","NO","NO","YES","NO","YES","NO","YES","NA"
"South Africa","Sweden","Amended by protocol","2010","2012","In Force","0.19","0.13","0.19","0.25","0.18","12","YES","NO","YES","YES","NO","NO","NO","NO","NO","NO","5","10","15","0","0","0","0","0","0","YES","NO","YES","NO","NO","NO","NO","OTHER"
"South Africa","Turkey","Amended by protocol","2013","2017","In Force","0.25","0.41","0.19","0.14","0.13","12","YES","NO","YES","YES","NO","NO","NO","NO","NO","NO","10","25","15","10","10","10","10","10","0","YES","NO","","NO","NO","NO","NO","NA"
"South Africa","Thailand","Amended by MLI","2022","2023","In Force","0.7","0.5","0.97","0.63","0.76","6","YES","6","NO","NO","YES","YES","YES","YES","YES","YES","10","25","15","15","10","15","15","15","0","NO","NO","YES","NO","YES","NO","NO","PPT"
"South Africa","Tunisia","Amended by MLI","2018","2024","In Force","0.57","0.51","0.72","0.5","0.65","6","YES","NO","NO","NO","YES","YES","NO","NO","YES","NO","10","","10","12","5","10","10","10","12","YES","NO","YES","NO","YES","NO","NO","PPT"
"South Africa","Ukraine","Amended by MLI","2018","2023","In Force","0.52","0.38","0.69","0.5","0.53","12","YES","6","NO","NO","YES","NO","NO","NO","YES","NO","5","20","15","10","10","10","10","10","0","YES","NO","YES","NO","YES","NO","YES","PPT"
"South Africa","United Arab Emirates","Amended by MLI","2018","2023","In Force","0.26","0.34","0.31","0.13","0.18","12","YES","9","YES","YES","NO","NO","NO","NO","NO","NO","5","10","10","10","10","10","10","10","0","NO","NO","YES","NO","NO","NO","NO","PPT"
"South Africa","United Kingdom","Amended by MLI","2017","2023","In Force","0.22","0.09","0.19","0.38","0.24","12","YES","NO","YES","YES","NO","NO","NO","NO","NO","NO","5","10","10","0","0","0","0","0","0","YES","NO","YES","NO","YES","NO","YES","PPT"
"Spain","Vietnam","Original","2005","2006","In Force","0.5","0.41","0.59","0.5","0.53","6","YES","6","YES","YES","YES","NO","YES","NO","YES","NO","10","25","15","10","10","10","10","10","0","YES","YES","YES","NO","NO","NO","NO","NA"
"Spain","Tunisia","Original","1982","1988","In Force","0.23","0.38","0.2","0.13","0.15","9","YES","NO","YES","YES","NO","NO","NO","NO","NO","NO","5","50","15","10","10","10","10","10","0","NO","NO","YES","NO","NO","NO","NO","NA"
"Spain","Tajikistan","Pre-independence","1985","1987","In Force","0.19","0.27","0.06","0.25","0.12","12","NO","NO","YES","YES","NO","NO","NO","NO","NO","NO","18","","18","0","0","5","0","5","0","YES","YES","NO","NO","NO","NO","NO","NA"
"Spain","Ukraine","Pre-independence","1985","1987","In Force","0.19","0.27","0.06","0.25","0.12","12","NO","NO","YES","YES","NO","NO","NO","NO","NO","NO","18","","18","0","0","5","0","5","0","YES","YES","NO","NO","NO","NO","NO","NA"
"Spain","Thailand","Original","1997","1999","In Force","0.58","0.4","0.59","0.75","0.65","6","YES","6","YES","YES","YES","YES","NO","YES","YES","YES","10","","10","15","10","15","5","8","0","YES","NO","YES","NO","YES","NO","NO","NA"
"Spain","Venezuela","Original","2003","2005","In Force","0.27","0.22","0.33","0.25","0.26","9","YES","NO","YES","YES","NO","NO","YES","NO","NO","NO","0","25","10","10","4.95","5","5","5","0","YES","NO","YES","NO","NO","NO","NO","NA"
"Spain","Trinidad and Tobago","Original","2009","2010","In Force","0.21","0.29","0.2","0.13","0.21","9","NO","NO","YES","YES","NO","NO","YES","NO","NO","NO","0","50","10","8","8","5","5","5","5","YES","NO","NO","NO","NO","NO","NO","NA"
"Spain","Uzbekistan","Original","2013","2015","In Force","0.18","0.22","0.19","0.13","0.12","12","YES","NO","YES","YES","NO","NO","NO","NO","NO","NO","5","25","10","5","5","5","5","5","0","YES","NO","NO","NO","NO","NO","NO","PARTIAL"
"Sri Lanka","Sweden","Original","1983","1985","In Force","0.64","0.44","0.72","0.75","0.71","6","NO","6","NO","NO","NO","YES","YES","YES","YES","YES","15","","15","10","10","10","10","10","0","NO","YES","YES","NO","YES","NO","NO","NA"
"Sri Lanka","Switzerland","Original","1983","1981","In Force","0.3","0.44","0.22","0.25","0.29","6","NO","NO","YES","YES","NO","NO","YES","NO","NO","YES","10","25","15","10","5","10","10","10","5","NO","NO","YES","NO","NO","NO","NO","NA"
"Sri Lanka","Thailand","Original","1988","1991","In Force","0.76","0.56","0.84","0.88","0.82","6","NO","6","NO","NO","YES","YES","YES","YES","YES","YES","15","","15","25","10","15","15","15","0","NO","YES","YES","YES","YES","NO","NO","NA"
"Sri Lanka","United Arab Emirates","Original","2003","2004","In Force","0.73","0.38","0.97","0.86","0.88","6","YES","6","NO","NO","YES","YES","YES","YES","YES","YES","10","","10","10","10","10","10","10","0","YES","YES","YES","NO","","NO","NO","NA"
"Sri Lanka","United Kingdom","Original","1979","1977","In Force","0.23","0.44","0.09","0.17","0.13","6","NO","NO","YES","YES","NO","NO","NO","NO","NO","NO","15","","15","10","10","10","10","10","0","NO","NO","YES","","","NO","NO","NA"
"Sri Lanka","United States","Original","1985","2004","In Force","0.62","0.4","0.59","0.88","0.71","6","NO","6","YES","YES","YES","YES","YES","YES","YES","YES","15","","15","10","10","10","10","0","0","YES","YES","YES","NO","YES","NO","YES","LOB"
"Sri Lanka","Vietnam","Original","2005","2007","In Force","0.83","0.63","0.86","1","0.94","3","YES","NO","NO","NO","YES","YES","YES","YES","YES","YES","10","","10","10","10","15","15","15","15","YES","YES","YES","YES","YES","NO","NO","NA"
"Sudan","Turkey","Original","2001","2004","In Force","0.16","0.33","0.03","0.13","0.06","18","NO","NO","YES","YES","NO","NO","NO","NO","NO","NO","10","","10","10","10","10","10","0","0","NO","NO","YES","NO","NO","NO","NO","NA"
"Sudan","United Kingdom","Original","1975","1975","In Force","0.24","0.5","0.06","0.14","0.06","12","NO","NO","YES","YES","NO","NO","NO","NO","NO","NO","15","","15","15","15","10","10","10","0","NO","NO","YES","","NO","NO","NO","NA"
"Sudan","United Arab Emirates","Original","2001","2002","In Force","","","","","","","","","","","","","","","","","","","","","","","","","","","","","","","","",""
"Sudan","Syria","Original","2001","2013","In Force","","","","","","","","","","","","","","","","","","","","","","","","","","","","","","","","",""
"Sudan","Tunisia","Original","2003","2008","In Force","","","","","","","","","","","","","","","","","","","","","","","","","","","","","","","","",""
"Sweden","Tanzania","Original","1976","1977","In Force","0.42","0.91","0.09","0.25","0.24","6","NO","NO","YES","YES","NO","NO","NO","NO","NO","YES","15","25","25","15","15","20","20","20","20","NO","NO","YES","NO","NO","NO","NO","NA"
"Sweden","Vietnam","Original","1994","1995","In Force","0.55","0.43","0.84","0.38","0.59","6","YES","6","NO","NO","YES","YES","NO","NO","YES","NO","10","25","15","10","10","15","15","5","0","NO","NO","YES","NO","YES","NO","NO","NA"
"Sweden","Zambia","Original","1974","1976","In Force","0.24","0.38","0.22","0.13","0.18","6","YES","NO","YES","YES","NO","NO","NO","NO","NO","NO","5","25","15","10","10","10","10","10","0","NO","NO","YES","NO","NO","NO","NO","NA"
"Sweden","Zimbabwe","Original","1989","1990","In Force","0.77","0.59","0.97","0.75","0.88","6","YES","6","NO","NO","YES","YES","YES","YES","YES","NO","15","25","20","10","10","10","10","10","10","NO","YES","YES","YES","YES","NO","NO","NA"
"Sweden","Tunisia","Original","1981","1983","In Force","0.54","0.51","0.72","0.38","0.53","6","YES","NO","NO","NO","YES","YES","NO","NO","YES","NO","15","25","20","12","12","15","5","15","0","YES","NO","YES","NO","NO","NO","NO","NA"
"Sweden","Turkmenistan","Pre-independence","1981","1979","In Force","0.08","0.19","0.04","0","0","18","NO","NO","","","NO","NO","NO","NO","NO","NO","15","","15","0","0","0","0","0","0","NO","NO","NO","NO","NO","NO","NO","NA"
"Sweden","Trinidad and Tobago","Original","1984","1985","In Force","0.6","0.67","0.63","0.5","0.6","0","NO","NO","NO","NO","YES","NO","YES","NO","NO","NO","10","25","20","15","10","20","0","20","12.5","","","YES","YES","YES","NO","NO","NA"
"Sweden","Thailand","Original","1988","1990","In Force","0.73","0.59","0.86","0.75","0.76","3","YES","6","NO","NO","YES","NO","YES","YES","NO","YES","15","25","NO LIMIT","25","10","15","15","15","0","NO","YES","YES","YES","YES","NO","NO","NA"
"Sweden","Venezuela","Original","1993","1999","In Force","0.25","0.32","0.06","0.38","0.18","12","NO","NO","YES","YES","NO","NO","NO","NO","NO","NO","5","25","10","10","10","7","10","7","0","YES","NO","YES","NO","YES","NO","NO","NA"
"Sweden","Ukraine","Original","1995","1997","In Force","0.3","0.34","0.19","0.38","0.24","12","YES","NO","YES","YES","NO","NO","NO","NO","YES","NO","5","20","10","10","10","10","10","10","0","YES","NO","YES","NO","NO","NO","NO","NA"
"Switzerland","Vietnam","Original","1996","1998","In Force","0.56","0.39","0.72","0.57","0.63","6","YES","6","YES","YES","YES","YES","YES","YES","NO","NO","7","50","15","10","10","10","10","10","0","YES","YES","YES","NO","","NO","NO","NA"
"Switzerland","Trinidad and Tobago","Original","1973","1973","In Force","0.29","0.46","0.22","0.2","0.29","6","NO","NO","YES","YES","YES","NO","NO","NO","NO","NO","10","10","20","10","10","10","0","10","5","","","YES","NO","","NO","NO","NA"
"Switzerland","Tunisia","Original","1994","1996","In Force","0.32","0.38","0.47","0.13","0.29","6","YES","NO","YES","YES","YES","YES","NO","NO","NO","NO","10","","10","10","10","10","10","10","0","NO","NO","YES","NO","NO","NO","NO","NA"
"Switzerland","Thailand","Original","1996","1997","In Force","0.54","0.46","0.72","0.43","0.56","6","YES","6","YES","YES","YES","YES","YES","NO","NO","YES","10","10","15","15","10","15","5","15","0","YES","YES","NO","NO","","NO","NO","NA"
"Switzerland","Venezuela","Original","1996","1998","In Force","0.17","0.19","0.06","0.25","0.12","12","NO","NO","YES","YES","NO","NO","NO","NO","NO","NO","0","25","10","5","5","5","5","5","0","YES","NO","YES","NO","NO","NO","NO","NA"
"Switzerland","Tajikistan","Original","2010","2012","In Force","0.23","0.25","0.19","0.25","0.18","12","YES","NO","YES","YES","NO","NO","NO","NO","NO","NO","5","20","15","10","0","5","5","5","0","YES","NO","YES","NO","NO","NO","NO","NA"
"Switzerland","Turkmenistan","Original","2012","2014","In Force","0.27","0.38","0.19","0.25","0.18","12","YES","NO","YES","YES","NO","NO","NO","NO","NO","NO","5","25","15","10","10","10","10","10","0","YES","NO","YES","NO","NO","NO","NO","NA"
"Switzerland","Zambia","Original","2017","2020","In Force","0.34","0.31","0.47","0.25","0.35","6","YES","6","YES","YES","NO","NO","YES","NO","NO","NO","5","10","15","10","10","5","5","5","0","YES","NO","YES","NO","NO","YES","NO","PPT"
"Switzerland","Uzbekistan","Amended by protocol","2014","2016","In Force","0.18","0.22","0.06","0.25","0.12","12","NO","NO","YES","YES","NO","NO","NO","NO","NO","NO","5","20","15","5","0","5","5","5","0","YES","NO","YES","NO","NO","NO","NO","NA"
"Switzerland","Ukraine","Amended by protocol","2019","2021","In Force","0.22","0.22","0.19","0.25","0.18","12","NO","NO","YES","YES","YES","NO","NO","NO","NO","NO","5","10","15","5","0","5","5","5","0","YES","NO","YES","NO","NO","YES","NO","PPT"
"Syria","Tunisia","Original","1998","2001","In Force","0.4","0.35","0.47","0.38","0.41","6","YES","NO","YES","YES","NO","YES","YES","NO","NO","NO","0","","0","10","10","18","18","18","0","YES","YES","YES","NO","NO","NO","NO","NA"
"Syria","United Arab Emirates","Original","2000","2002","In Force","","","","","","","","","","","","","","","","","","","","","","","","","","","","","","","","",""
"Syria","Ukraine","Original","2003","2005","In Force","0.4","0.48","0.59","0.13","0.35","6","YES","NO","NO","NO","NO","NO","YES","NO","NO","NO","10","","10","10","10","18","18","18","0","NO","NO","YES","NO","NO","NO","NO","NA"
"Syria","Turkey","Original","2004","2005","In Force","0.29","0.42","0.33","0.13","0.21","9","NO","NO","NO","NO","NO","NO","NO","NO","NO","NO","10","","10","10","10","15","10","15","0","NO","NO","YES","NO","NO","NO","NO","NA"
"Taiwan","Vietnam","Original","1998","1998","In Force","0.41","0.5","0.47","0.25","0.35","6","YES","NO","NO","NO","NO","NO","NO","NO","NO","NO","15","","15","10","10","15","15","15","0","YES","NO","YES","NO","NO","NO","NO","NA"
"Taiwan","Thailand","Amended by protocol","2012","2013","In Force","0.49","0.38","0.72","0.38","0.53","6","YES","6","NO","NO","YES","NO","NO","NO","NO","YES","5","25","10","15","10","10","10","10","0","NO","NO","YES","NO","YES","NO","NO","NA"
"Tajikistan","United States","Pre-independence","1973","1976","In Force","0.1","0.17","0.14","0","0.08","","NO","NO","YES","NO","NO","NO","NO","NO","NO","NO","","","","0","NO LIMIT","0","0","0","0","","","NO","","","NO","NO","NA"
"Tajikistan","United Arab Emirates","Original","1995","2001","In Force","0.19","0.13","0.31","0.13","0.18","12","YES","12","YES","YES","NO","NO","NO","NO","NO","NO","0","","0","0","0","10","10","10","0","NO","NO","YES","NO","NO","NO","NO","NA"
"Tajikistan","Turkey","Original","1996","2002","In Force","0.21","0.38","0.13","0.14","0.13","24","YES","NO","YES","YES","NO","NO","NO","NO","NO","","10","","10","10","10","10","10","10","0","NO","NO","YES","NO","NO","NO","NO","NA"
"Tajikistan","Ukraine","Original","2002","2004","In Force","","","","","","","","","","","","","","","","","","","","","","","","","","","","","","","","",""
"Tajikistan","Turkmenistan","Original","2007","2009","In Force","","","","","","","","","","","","","","","","","","","","","","","","","","","","","","","","",""
"Tajikistan","Thailand","Original","2013","2014","In Force","0.46","0.29","0.72","0.38","0.53","6","YES","6","YES","YES","YES","YES","YES","NO","NO","YES","10","","10","10","0","10","5","10","0","YES","NO","YES","NO","NO","NO","NO","NA"
"Tajikistan","United Kingdom","Original","2014","2015","In Force","0.14","0.24","0.06","0.13","0.06","12","NO","NO","YES","YES","NO","NO","NO","NO","NO","NO","5","10","10","10","0","7","7","7","0","YES","NO","NO","NO","NO","YES","NO","NA"
"Tajikistan","Uzbekistan","Original","2018","2019","In Force","","","","","","","","","","","","","","","","","","","","","","","","","","","","","","","","",""
"Tanzania","Zambia","Original","1968","1964","In Force","0.28","0.5","0.34","0","0.23","6","YES","NO","YES","YES","YES","NO","NO","NO","NO","NO","0","","0","NO LIMIT","NO LIMIT","NO LIMIT","NO LIMIT","NO LIMIT","0","","","NO","","","NO","NO","NA"
"Thailand","United States","Original","1996","1998","In Force","0.67","0.43","0.85","0.71","0.75","4","YES","3","NO","NO","YES","NO","YES","YES","NO","YES","10","10","15","15","10","15","5","8","0","","YES","YES","NO","YES","NO","NO","LOB"
"Thailand","Uzbekistan","Original","1999","2000","In Force","0.69","0.47","0.97","0.63","0.76","6","YES","6","NO","NO","YES","YES","YES","YES","YES","YES","10","","10","15","10","15","15","15","0","YES","NO","YES","NO","NO","NO","NO","NA"
"Thailand","Turkey","Original","2002","2006","In Force","0.6","0.5","0.69","0.63","0.59","12","NO","6","NO","NO","YES","NO","YES","YES","YES","YES","10","25","15","15","10","15","15","15","0","NO","NO","YES","NO","YES","NO","NO","NA"
"Thailand","Vietnam","Amended by MLI","2022","2024","In Force","0.46","0.53","0.34","0.5","0.41","6","YES","NO","YES","YES","NO","NO","YES","NO","NO","YES","15","","15","15","10","15","15","15","0","NO","YES","YES","NO","YES","NO","NO","PPT"
"Thailand","United Kingdom","Amended by MLI","2022","2023","In Force","0.36","0.58","0.34","0.17","0.27","6","NO","NO","YES","YES","YES","NO","YES","NO","NO","","20","25","NO LIMIT","25","10","15","5","15","0","NO","NO","YES","NO","","NO","NO","PPT"
"Thailand","United Arab Emirates","Amended by MLI","2022","2023","In Force","0.6","0.47","0.84","0.5","0.65","6","YES","6","NO","NO","YES","NO","YES","YES","NO","YES","10","","10","15","10","15","15","15","0","NO","NO","YES","NO","YES","NO","NO","PPT"
"Thailand","Ukraine","Amended by MLI","2022","2023","In Force","0.65","0.5","0.7","0.75","0.68","9","YES","6","YES","YES","YES","YES","YES","NO","YES","YES","10","25","15","15","10","15","15","15","0","YES","YES","YES","NO","YES","NO","NO","PPT"
"Trinidad and Tobago","United States","Original","1970","1970","In Force","0.35","0.5","0.29","0.25","0.27","6","NO","NO","","","YES","NO","NO","NO","NO","NO","10","10","25","15","15","15","0","15","0","","","YES","","","NO","NO","NA"
"Trinidad and Tobago","United Kingdom","Original","1982","1984","In Force","0.36","0.52","0.23","0.33","0.33","3","NO","NO","YES","YES","NO","NO","YES","NO","NO","NO","10","25","20","10","10","10","0","10","10","","","YES","NO","YES","NO","NO","NA"
"Trinidad and Tobago","Venezuela","Original","1996","1998","In Force","0.54","0.53","0.59","0.5","0.6","6","NO","NO","NO","NO","YES","NO","YES","NO","YES","NO","5","25","10","15","15","10","10","10","10","","","YES","NO","YES","NO","NO","NA"
"Tunisia","Turkey","Original","1986","1988","In Force","0.21","0.42","0.09","0.13","0.12","6","NO","NO","YES","YES","NO","NO","NO","NO","NO","NO","12","25","15","10","10","10","10","10","0","NO","NO","YES","NO","NO","NO","NO","NA"
"Tunisia","Yemen","Original","1998","2001","In Force","0.27","0.22","0.47","0.13","0.29","6","YES","NO","YES","YES","YES","YES","NO","NO","NO","NO","0","","0","10","10","7.5","7.5","7.5","0","NO","NO","YES","NO","NO","NO","NO","NA"
"Tunisia","United States","Amended by protocol","1989","1990","In Force","0.36","0.47","0.34","0.25","0.29","6","YES","NO","YES","YES","NO","YES","NO","NO","YES","NO","14","25","20","15","0","15","15","10","0","NO","NO","YES","NO","NO","NO","NO","LOB"
"Tunisia","United Arab Emirates","Amended by MLI","2018","2024","In Force","0.26","0.17","0.47","0.13","0.29","6","YES","NO","YES","YES","YES","YES","NO","NO","NO","NO","0","","0","10","2.5","7.5","7.5","7.5","0","NO","NO","YES","NO","NO","NO","NO","PPT"
"Tunisia","Vietnam","Amended by MLI","2022","2024","In Force","0.7","0.38","0.97","0.75","0.82","6","YES","6","NO","NO","YES","YES","YES","YES","YES","NO","10","","10","10","10","10","10","10","0","YES","YES","YES","NO","YES","NO","NO","PPT"
"Tunisia","United Kingdom","Amended by MLI","2018","2024","In Force","0.37","0.53","0.34","0.25","0.29","6","YES","NO","YES","YES","NO","YES","NO","NO","YES","NO","12","25","20","12","10","15","15","15","0","NO","NO","YES","NO","NO","NO","NO","PPT"
"Turkey","Vietnam","Original","2014","2018","In Force","0.41","0.38","0.47","0.38","0.41","6","YES","6","YES","YES","NO","NO","YES","NO","YES","NO","5","50","15","10","10","10","10","10","0","YES","NO","YES","NO","NO","NO","YES","NA"
"Turkey","Turkmenistan","Original","1995","1998","In Force","0.29","0.38","0.38","0.13","0.24","45","YES","NO","YES","YES","YES","NO","YES","NO","NO","NO","10","","10","10","10","10","10","10","0","NO","NO","YES","NO","NO","NO","NO","NA"
"Turkey","Yemen","Original","2005","2011","In Force","0.23","0.38","0.19","0.13","0.12","12","NO","NO","YES","YES","NO","YES","NO","NO","NO","NO","10","","10","10","10","10","10","10","0","NO","NO","YES","NO","NO","NO","YES","NA"
"Turkey","Venezuela","Original","2018","2022","In Force","0.34","0.34","0.31","0.38","0.29","12","YES","NO","YES","YES","NO","YES","NO","NO","NO","NO","5","25","10","10","10","10","10","10","0","YES","YES","YES","NO","NO","NO","YES","PPT"
"Turkey","Ukraine","Amended by protocol","2017","2021","In Force","0.32","0.41","0.31","0.25","0.24","12","YES","NO","YES","YES","YES","NO","NO","NO","YES","NO","10","25","15","10","10","10","10","10","0","NO","NO","YES","NO","NO","NO","YES","NA"
"Turkey","Uzbekistan","Amended by protocol","2017","2021","In Force","0.24","0.38","0.19","0.14","0.13","12","YES","NO","YES","YES","NO","NO","NO","NO","NO","","10","","10","10","10","10","10","10","0","NO","NO","YES","NO","NO","NO","YES","NA"
"Turkmenistan","United States","Pre-independence","1973","1976","In Force","0.1","0.17","0.14","0","0.08","","NO","NO","YES","NO","NO","NO","NO","NO","NO","NO","","","","0","NO LIMIT","0","0","0","0","","","NO","","","NO","NO","NA"
"Turkmenistan","Uzbekistan","Original","1996","1997","In Force","","","","","","","","","","","","","","","","","","","","","","","","","","","","","","","","",""
"Turkmenistan","Ukraine","Original","1998","2000","In Force","","","","","","","","","","","","","","","","","","","","","","","","","","","","","","","","",""
"Turkmenistan","United Kingdom","Original","2016","2017","In Force","0.19","0.38","0.06","0.13","0.06","12","NO","NO","YES","YES","NO","NO","NO","NO","NO","NO","5","25","15","10","10","10","10","10","0","YES","NO","NO","NO","NO","NO","NO","NA"
"Turkmenistan","United Arab Emirates","Amended by protocol","2018","2020","In Force","","","","","","","","","","","","","","","","","","","","","","","","","","","","","","","","",""
"Uganda","United Kingdom","Original","1992","1994","In Force","0.32","0.75","0.09","0.13","0.18","6","NO","NO","YES","YES","NO","NO","NO","NO","NO","NO","15","","15","15","15","15","15","15","15","NO","NO","YES","NO","NO","NO","NO","NA"
"Uganda","Zambia","Original","1968","1964","In Force","0.28","0.5","0.34","0","0.23","6","YES","NO","YES","YES","YES","NO","NO","NO","NO","NO","0","","0","NO LIMIT","NO LIMIT","NO LIMIT","NO LIMIT","NO LIMIT","0","","","NO","","","NO","NO","NA"
"Ukraine","United States","Original","1994","2001","In Force","0.24","0.25","0.09","0.38","0.24","6","NO","NO","YES","YES","NO","NO","NO","NO","YES","NO","5","10","15","0","0","10","10","10","0","YES","NO","YES","NO","NO","NO","NO","LOB"
"Ukraine","Uzbekistan","Original","1994","1996","In Force","","","","","","","","","","","","","","","","","","","","","","","","","","","","","","","","",""
"Ukraine","Vietnam","Amended by MLI","2022","2024","In Force","0.57","0.38","0.84","0.5","0.65","6","YES","6","NO","NO","YES","NO","YES","NO","YES","NO","10","","10","10","10","10","10","10","0","YES","NO","YES","NO","YES","NO","NO","PPT"
"Ukraine","United Arab Emirates","Amended by MLI","2018","2020","In Force","0.29","0.32","0.44","0.13","0.24","12","YES","9","YES","YES","YES","NO","NO","NO","NO","NO","5","10","NO LIMIT","3","3","10","10","10","0","NO","NO","YES","NO","NO","NO","NO","PPT"
"Ukraine","United Kingdom","Amended by MLI","2018","2020","In Force","0.19","0.25","0.06","0.25","0.12","12","NO","NO","YES","YES","NO","NO","NO","NO","NO","NO","5","20","15","5","5","5","5","5","0","YES","NO","YES","NO","NO","YES","NO","PPT"
"United Arab Emirates","Yemen","Original","2001","2002","In Force","","","","","","","","","","","","","","","","","","","","","","","","","","","","","","","","",""
"United Arab Emirates","Uzbekistan","Original","2007","2012","In Force","0.35","0.38","0.44","0.25","0.29","12","YES","9","YES","YES","YES","NO","NO","NO","NO","NO","5","25","15","10","10","10","10","10","0","YES","NO","YES","NO","NO","NO","NO","NA"
"United Arab Emirates","Venezuela","Original","2010","2012","In Force","0.44","0.47","0.47","0.38","0.47","6","YES","NO","YES","YES","NO","YES","YES","NO","NO","NO","5","10","10","10","10","10","10","10","10","YES","YES","YES","NO","NO","NO","NO","NA"
"United Arab Emirates","Zimbabwe","Original","2018","2018","In Force","","","","","","","","","","","","","","","","","","","","","","","","","","","","","","","","",""
"United Arab Emirates","Vietnam","Amended by MLI","2022","2024","In Force","0.74","0.38","0.97","0.88","0.88","6","YES","6","NO","NO","YES","YES","YES","YES","YES","NO","5","50","15","10","10","10","10","10","0","YES","YES","YES","YES","YES","NO","NO","PPT"
"United Kingdom","Zambia","Original","2014","2016","In Force","0.32","0.23","0.47","0.25","0.35","6","YES","6","YES","YES","NO","NO","YES","NO","YES","NO","5","","5","10","10","5","5","0","0","YES","NO","NO","NO","NO","NO","YES","NA"
"United Kingdom","Zimbabwe","Original","1982","1981","In Force","0.29","0.53","0.09","0.25","0.24","6","NO","NO","YES","YES","NO","NO","NO","NO","NO","NO","5","25","20","10","10","10","10","10","10","YES","NO","YES","NO","NO","NO","NO","NA"
"United Kingdom","Venezuela","Original","1996","1997","In Force","0.27","0.26","0.06","0.5","0.24","12","NO","NO","YES","YES","NO","NO","NO","NO","YES","NO","10","","10","5","5","5","7","5","0","YES","NO","YES","NO","YES","NO","NO","NA"
"United Kingdom","Uzbekistan","Amended by protocol","2018","2018","In Force","0.18","0.22","0.06","0.25","0.12","12","NO","NO","YES","YES","NO","NO","NO","NO","NO","NO","5","10","10","5","5","5","5","5","0","YES","NO","YES","NO","NO","YES","YES","PPT"
"United Kingdom","Vietnam","Amended by MLI","2022","2024","In Force","0.23","0.35","0.09","0.25","0.18","6","NO","NO","YES","YES","NO","NO","NO","NO","NO","NO","7","50","15","10","10","10","10","0","0","YES","NO","YES","NO","NO","NO","NO","PPT"
"United States","Uzbekistan","Pre-independence","1973","1976","In Force","0.1","0.17","0.14","0","0.08","","NO","NO","YES","NO","NO","NO","NO","NO","NO","NO","","","","0","NO LIMIT","0","0","0","0","","","NO","","","NO","NO","NA"
"United States","Venezuela","Original","1999","2000","In Force","0.35","0.32","0.34","0.38","0.35","6","NO","6","YES","YES","NO","NO","YES","NO","YES","NO","5","10","15","10","4.95","10","10","5","0","NO","NO","YES","NO","YES","NO","NO","LOB"
"Uruguay","Vietnam","Amended by MLI","2022","2024","In Force","0.73","0.47","0.97","0.75","0.88","6","YES","6","NO","NO","YES","YES","YES","YES","NO","YES","5","70","10","10","10","10","10","10","10","YES","YES","YES","NO","YES","NO","NO","PPT"
"Uzbekistan","Vietnam","Original","1996","1997","In Force","0.8","0.69","0.97","0.75","0.88","6","YES","6","NO","NO","YES","YES","YES","YES","YES","NO","15","","15","10","10","15","15","15","15","YES","YES","YES","NO","YES","NO","NO","NA"
"Venezuela","Vietnam","Original","2008","2010","In Force","0.48","0.47","0.47","0.5","0.53","6","YES","NO","YES","YES","NO","YES","YES","NO","YES","NO","5","10","10","10","10","10","10","10","10","YES","YES","YES","NO","NO","NO","NO","NA"
"Palestine","Vietnam","Original","2013","2015","In Force","","","","","","","","","","","","","","","","","","","","","","","","","","","","","","","","",""