Time,Time Code,Country Name,Country Code,"Population, total [SP.POP.TOTL]",Trade (% of GDP) [NE.TRD.GNFS.ZS],Tax revenue (% of GDP) [GC.TAX.TOTL.GD.ZS],"GDP per capita, PPP (constant 2021 international $) [NY.GDP.PCAP.PP.KD]",GDP per capita (constant 2015 US$) [NY.GDP.PCAP.KD],"GDP, PPP (constant 2021 international $) [NY.GDP.MKTP.PP.KD]",Oil rents (% of GDP) [NY.GDP.PETR.RT.ZS],Trade in services (% of GDP) [BG.GSR.NFSV.GD.ZS],Taxes on international trade (% of revenue) [GC.TAX.INTT.RV.ZS],Taxes on goods and services (% of revenue) [GC.TAX.GSRV.RV.ZS],Military expenditure (% of GDP) [MS.MIL.XPND.GD.ZS],"Foreign direct investment, net inflows (% of GDP) [BX.KLT.DINV.WD.GD.ZS]","Foreign direct investment, net outflows (% of GDP) [BM.KLT.DINV.WD.GD.ZS]"
2004,YR2004,Afghanistan,AFG,23560654,..,..,1776.91820712187,338.637273888197,41865355064.2988,0.0256051597697051,..,..,..,2.43125378739118,3.577104200584,-0.0133973940096779
2004,YR2004,Albania,ALB,3026939,65.0379383187697,17.4267041665946,8483.29399553028,2567.29763687121,25678413443.5364,0.793153163005221,29.1036629545615,7.56435479469873,48.6962594975597,1.38115794211088,4.60782278585291,0.183671566665206
2004,YR2004,Algeria,DZA,32628286,61.3579975707176,..,13226.7650481165,4066.28204806495,431566672844.747,22.1269733272223,..,..,..,3.04875701211848,0.962586875552012,0.267043825651592
2004,YR2004,American Samoa,ASM,56818,202.357563850688,..,..,13291.5356626851,..,0,..,..,..,..,..,..
2004,YR2004,Andorra,AND,74325,..,..,64353.4858113531,40054.3399679173,4783072832.92882,..,..,..,..,..,..,..
2004,YR2004,Angola,AGO,18600423,90.3860384733605,15.7676000610902,8081.75707952672,2583.32411461288,150324100262.442,32.9626955078503,18.9847396028387,4.63891323255788,7.68741654647745,3.47118018672779,8.13849032848245,2.90109134469237
2004,YR2004,Antigua and Barbuda,ATG,78719,..,..,26303.6179046605,16433.4130541483,2070594497.83697,0,102.108064856043,..,..,..,10.1893673033827,-0.145745345005643
2004,YR2004,Argentina,ARG,38815916,40.692646108947,13.1007799001848,21591.449396517,10302.4465316428,838091886093.454,3.62815045579444,7.09409499310412,15.7995448674776,37.1669201593176,0.883295358833529,2.5050175164097,0.410542023782955
2004,YR2004,Armenia,ARM,3164900,73.0706339919371,13.9964056466186,7299.40001858866,1955.22262459229,23101871118.8312,0,23.7251006052562,3.15568182101539,31.3211808184739,2.74199670493715,6.90990201303095,-0.00347400006399905
2004,YR2004,Aruba,ABW,95138,132.430929795173,..,40000.5625183532,29959.7748189582,3805573516.87108,0.000906166596082593,84.203573358453,..,..,..,-4.68763897846137,-0.361731126244906
2004,YR2004,Australia,AUS,19932722,36.9505159618289,24.2195290194588,49061.2761503925,50018.5904483861,977924778471.004,0.73789012235773,9.11523511373897,2.45088224796957,25.3209954995343,1.82208057125111,6.96956991636737,1.58940274409427
2004,YR2004,Austria,AUT,8171966,91.4742201880009,26.4758305323051,55980.2317146013,40333.3307183894,457468550243.844,0.048536725746942,..,0.00453447182303568,28.0216305548451,0.897058496971847,1.0640170021225,2.68369655018252
2004,YR2004,Azerbaijan,AZE,8306500,121.507115894117,..,7937.8594791002,2111.4533834475,65935829763.1458,26.8343888172544,37.6992055171508,..,..,2.62948113760521,54.3650509070362,27.2778032578838
2004,YR2004,"Bahamas, The",BHS,339782,76.0019833710461,9.42833415605685,34617.8051137459,32444.0739567569,11762507057.1588,0,38.3795549341876,51.2075115700668,12.4017563419636,..,3.02143829739302,1.86934929748247
2004,YR2004,Bahrain,BHR,823741,140.737310039923,4.21684066611925,54045.092888858,23688.1121059225,44519158861.3608,16.6530213443367,30.6177390439669,4.44669418269605,2.55431819951717,4.04492884796012,6.58021002500264,7.87548084118387
2004,YR2004,Bangladesh,BGD,142902856,26.8582341492431,7.04644841818552,3071.83778764611,702.656357081873,438974393023.351,0.0886657388470392,4.7469024120354,32.5584338294894,28.9487754298002,0.99885977372525,0.689472335587339,0.00624929154575158
2004,YR2004,Barbados,BRB,267298,..,25.7744229931775,21771.9014007178,21516.1662922098,5819585700.60907,0.231208899358295,44.3287521871099,9.91013731825525,44.3558158319871,..,6.62895921033532,1.55500898069386
2004,YR2004,Belarus,BLR,9730146,142.136510387704,18.3713469008917,15052.1182160947,3520.40452642524,146459307851.861,1.1746798782904,12.8016399689549,6.95615702380092,34.5647834181858,1.35822231382833,0.707817258030317,0.0056175972859549
2004,YR2004,Belgium,BEL,10421137,136.918405348432,25.5379612606576,53406.6918625201,37976.6972967442,556558452616.107,0,28.3480060045653,..,25.1446714847629,1.15659439046667,12.0521106747569,9.41114900942278
2004,YR2004,Belize,BLZ,271688,86.3853536846826,14.855606548198,12807.1658774384,6383.07432412662,3479553282.9095,0,27.5125433864637,36.2909930617721,29.98067162386,0.699362422608098,7.9628629551609,0.00458819513184526
2004,YR2004,Benin,BEN,8159094,39.9029743365096,..,2672.84404357157,907.624431209378,21807985798.8406,0,8.17384084967406,..,..,0.676149850432113,-0.658688596039682,-1.71310499803418
2004,YR2004,Bermuda,BMU,62555,..,..,107803.199358077,120432.12052555,6743629135.8445,0,..,..,..,..,18.543033953419,0.684549233249114
2004,YR2004,Bhutan,BTN,650544,89.0605518004294,7.34197987914533,6517.99683290216,1552.73915195801,4240243731.6635,0,..,1.48301924595696,7.23225824055725,..,1.20485866433723,..
2004,YR2004,Bolivia,BOL,9204287,57.4642660901316,15.0163488014671,7811.59684101948,2099.990810637,71900179253.0367,5.08868092656529,12.8111459226328,3.10622185115065,45.3062712402545,1.89650330503014,0.745772608696722,0.0319144628511512
2004,YR2004,Bosnia and Herzegovina,BIH,4140987,81.8126861817184,..,9344.86891184204,3063.83543448936,38696980680.642,0,12.7579692649477,..,..,1.8896028081156,8.75886067110945,1.78490873911115
2004,YR2004,Botswana,BWA,1807146,90.9978228872631,..,13984.8415112641,5369.42516766112,25272650397.7149,0,14.7183268678703,..,..,3.50587404134874,4.36383657370126,-0.432633139515796
2004,YR2004,Brazil,BRA,182675143,29.6782524803495,..,14911.260960772,7258.78101654079,2723916728319.35,1.88707133960992,4.41543188718459,..,..,1.46126840890621,2.71353208011572,1.46759909025029
2004,YR2004,British Virgin Islands,VGB,22881,..,..,..,..,..,..,..,..,..,..,..,..
2004,YR2004,Brunei Darussalam,BRN,352911,84.8821666638192,..,101497.754798655,37948.6590825194,35819674143.7482,19.7780085437059,18.794680166413,..,..,2.53273008763096,1.31341824941979,0.482354019176907
2004,YR2004,Bulgaria,BGR,7716860,93.063897964183,21.0295709865638,16389.0282419117,4849.87141310477,126471836478.879,0.0286550756706803,27.6747338001485,1.97566452081819,38.8076069463192,2.3737116819405,11.7462386509689,0.739256092446233
2004,YR2004,Burkina Faso,BFA,13500533,35.4809436017462,11.2910196611467,1581.25620933294,474.086412333459,21347801635.5542,0,..,13.5412666391409,37.864116269595,1.20700576570117,0.263190384062024,-0.164129332376045
2004,YR2004,Burundi,BDI,7310656,..,..,1009.58916929728,258.050009115333,7380759118.05818,0,11.188312883351,..,..,4.90326684339249,0.00488285714415741,..
2004,YR2004,Cabo Verde,CPV,479370,101.567169989502,..,5268.30312485708,2379.79636224135,2525466468.96274,0,48.8925145617727,..,..,0.63097843761799,7.312720061603,..
2004,YR2004,Cambodia,KHM,13244731,131.351481056276,7.36468106628645,2491.30930003838,775.847139030978,32996721516.8066,0,22.4251181648584,25.4958550710069,37.7097233459679,1.17651607638203,2.2337173477841,0.174103053469089
2004,YR2004,Cameroon,CMR,16610487,41.8377424272557,..,4222.96638689885,1271.74326874167,70145528271.0204,2.75939445890458,13.8403749626076,..,..,1.4016038318718,0.361118040793554,-0.0463749256593546
2004,YR2004,Canada,CAN,31938807,70.1924199909562,13.3447478670743,51210.6796118735,40108.7587456658,1635608012462.46,1.49755944499054,10.7940229489432,1.16577830263956,17.4352079410169,1.10418939142687,0.14146589604803,4.36577602247469
2004,YR2004,Cayman Islands,CYM,45352,..,..,..,..,..,..,..,..,..,..,..,..
2004,YR2004,Central African Republic,CAF,4192826,33.2439549188203,6.21197995789257,1236.28534712166,433.825227770233,5183529346.83071,0,..,19.4427981416019,24.7805353777697,1.15308800406955,1.1867705571186,..
2004,YR2004,Chad,TCD,9920036,101.768590921564,..,2400.97004980577,845.518131173419,23817709328.9951,29.8599644670772,..,..,..,0.742432609642281,10.5541199124918,..
2004,YR2004,Channel Islands,CHI,152039,..,..,..,..,..,..,..,..,..,..,..,..
2004,YR2004,Chile,CHL,16187322,69.8893600532458,16.4239450549758,19961.9835794233,9642.37478651228,323131055958.837,0.0480418034693177,12.4846498160711,2.02574910635592,45.2574715814558,2.71229041616156,5.01507138064187,1.96928246774262
2004,YR2004,China,CHN,1296075000,58.6403340408439,..,5684.16873050981,3127.86276523632,7367108987395.51,1.63506369666261,7.66255034317586,..,..,1.93850823279804,3.43299015092913,0.401805038340901
2004,YR2004,Colombia,COL,41543171,35.8634269337995,..,11607.9384935105,4311.91591255233,482230573793.389,3.84640284854431,5.73407746948902,..,..,3.46501517406307,2.66083488771203,0.164356576121021
2004,YR2004,Comoros,COM,580704,35.7570631253248,..,3058.38338421434,1231.14746798849,1776015464.7468,0,12.4662974203418,..,..,..,0.108010654825932,..
2004,YR2004,"Congo, Dem. Rep.",COD,56997741,49.3364146254994,5.27673897174681,987.746920877671,341.714925751419,56299343169.733,2.13752329731202,..,15.622953275959,13.4433274046748,1.33660440783123,3.97216281770058,0.0734696978518625
2004,YR2004,"Congo, Rep.",COG,3565554,131.368198717322,7.81359440508185,7577.44597274153,2058.88402946896,27017792797.8924,36.7574181614469,26.0933300613116,4.49837237653435,10.0482134263672,2.44017990277083,1.90162065209621,2.18258815743805
2004,YR2004,Costa Rica,CRI,4200078,85.2564771965872,13.3589275001756,15323.2892201469,8445.52914945791,64359009941.1763,0.0613781507663448,22.6568657061988,5.07413039753491,38.0455921095508,..,5.8231265333186,1.10934077210159
2004,YR2004,Cote d'Ivoire,CIV,19595000,58.1182963035946,10.0128885806634,4088.94517328472,1451.86547141894,80122880670.5141,0.868358242832743,..,49.568073106304,18.2694367102163,1.09607344304215,1.20362782194335,-0.108521162330444
2004,YR2004,Croatia,HRV,4304600,81.6444126603338,20.882954566487,26528.8871708586,11059.0980614364,114196247715.678,0.332637436119168,29.7822380746292,1.68452043755436,45.9926834911795,1.74038789534115,3.14124376125562,0.915613854170862
2004,YR2004,Cuba,CUB,11238756,31.3114153338743,..,..,4670.18802138025,..,1.18579942444702,..,..,..,..,..,..
2004,YR2004,Curacao,CUW,134192,..,..,34288.7399622733,21512.1115522523,4601274593.01737,..,..,..,..,..,..,..
2004,YR2004,Cyprus,CYP,1017875,113.903613489207,21.8288375781342,40020.08984375,24799.6484375,29133826221.5831,0,48.9932207224398,0.875331028766652,36.3434208664362,1.9557691617927,6.459620091748,4.10910143925839
2004,YR2004,Czechia,CZE,10197101,113.173975970415,15.3637066407322,33452.3408000614,14259.63342798,341116897824.647,0.0383298465371606,18.6166080030341,0.384769919859393,27.5099606719223,1.69964346518547,5.34629831368761,2.06676901573978
2004,YR2004,Denmark,DNK,5404523,82.0077308240144,31.2356786779335,59893.0929898784,50956.3045398814,323693598604.936,1.15749023574584,27.6623613230623,..,40.6956071338578,1.42024015449579,-3.49390841296768,-3.94066508675741
2004,YR2004,Djibouti,DJI,826124,..,..,..,..,..,0,43.5362196409713,..,..,5.60717905405405,5.78669482576557,..
2004,YR2004,Dominica,DMA,68649,..,..,14962.2456326016,7323.8530008275,1027143200.43247,0,58.2757987330383,..,..,..,6.49739806247027,-0.283771784738348
2004,YR2004,Dominican Republic,DOM,9104892,81.3514229381911,12.5218843192576,11131.2709216332,4212.01044121773,101349019564.211,0,30.8315588385379,28.0020675810183,41.2102090681608,0.687618052138186,4.18629057899448,0.113966304607503
2004,YR2004,Ecuador,ECU,13608701,56.0745467239942,..,10290.6634264766,4430.23717984188,140042561662.556,12.2508252521177,8.5167706557738,..,..,2.01733501271599,2.37801066697343,..
2004,YR2004,"Egypt, Arab Rep.",EGY,79477443,57.8199052132701,13.8359777457243,10451.8217511537,2574.42341789124,830684067473.477,9.49448631419397,28.1999608489594,7.44899687810072,21.6467817009914,2.87753123653597,1.59083618380383,0.201694621883371
2004,YR2004,El Salvador,SLV,6004671,69.7822641767691,12.6544548602852,7841.53237886842,3081.23629665234,47085822070.9522,0.0217385679327602,18.2817931652768,6.99418488068979,41.6081812713054,0.810214431044768,2.64681242347754,-0.0200367059337772
2004,YR2004,Equatorial Guinea,GNQ,899917,..,..,28225.985816122,9208.60566707162,25401044477.6871,..,..,..,..,..,7.72914723671237,..
2004,YR2004,Eritrea,ERI,2598284,65.570906849032,..,..,808.591420184592,..,0,..,..,..,..,2.17335313535463,..
2004,YR2004,Estonia,EST,1362550,129.949500077661,20.2281908937352,27384.0831488798,13348.5284463324,37312182494.5062,0.718607971781233,39.9828519995758,0.0230061349693252,35.6341434638981,1.68718221150394,8.94665953048459,3.19656459908012
2004,YR2004,Eswatini,SWZ,1073159,..,22.7263676688429,6775.2217412302,2522.14342097167,7270890188.59686,0,20.9515470168086,66.0253702331665,2.93421106068421,1.57952007330623,2.56728759984033,-0.053381586096479
2004,YR2004,Ethiopia,ETH,76077206,..,9.68076220287628,877.114494970686,267.923513391712,66728420119.4709,0,19.3832163321648,32.6880757897878,10.1065483072868,3.13053613053613,5.38041579859625,..
2004,YR2004,Faroe Islands,FRO,48384,93.415398908373,..,..,..,..,0,14.3436588311506,..,..,..,..,..
2004,YR2004,Fiji,FJI,874366,..,22.3492148047133,9766.52768879045,4264.59723774177,8539519749.13695,0,45.9245270661009,18.3314753733139,42.3606381178567,1.58387595253995,9.25370794256615,0.119599520101842
2004,YR2004,Finland,FIN,5228172,70.967802899062,21.8147800505226,51494.705860401,41521.962874476,269223179327.584,0.000189469423886904,12.1716550382368,0.00165826479172194,35.6759087291059,1.46771855552706,3.43216639798219,1.3973432878091
2004,YR2004,France,FRA,62707588,53.7497648292028,22.3223206875365,47720.4413351103,34557.1471111581,2992433774420.27,0.00810398257408497,12.7268444961588,..,24.6861805945766,2.11416633859403,1.68777447237363,2.89706936438621
2004,YR2004,French Polynesia,PYF,255654,..,..,..,21919.9410589378,..,0,30.2613230303491,..,..,..,0.11538274817529,0.166809418755848
2004,YR2004,Gabon,GAB,1421609,81.7675371418698,..,20438.9307067212,7148.98713447497,29056167843.0512,25.0988473562294,14.0156785401639,..,..,1.6131661692941,4.04069424179394,-0.390071480590383
2004,YR2004,"Gambia, The",GMB,1621312,49.9342995615683,..,2794.19352609118,693.563314497133,4530259494.17394,0,12.0897147142281,..,..,0.192621401787275,5.77256282742027,..
2004,YR2004,Georgia,GEO,3927340,79.0407459055607,15.102348258909,7693.91525392067,2105.00472843799,30216621133.3328,0.292409031788746,20.6134300960998,6.42038102886718,39.6912506134832,1.37383897186186,9.61361623129554,0.194600767484706
2004,YR2004,Germany,DEU,82516260,62.9064909465164,10.480323064578,50704.9219887398,35687.6378708542,4183980526102.57,0.0185417711460884,12.184561995237,..,22.2618927052834,1.25072808117217,-0.715503012520614,0.317975728923654
2004,YR2004,Ghana,GHA,21868298,99.6703343472122,21.7521055188451,3607.36522285021,1108.30475353633,78886937688.1248,0.620473077410875,20.0879736290067,15.2670873812117,34.915823309107,0.277570912276859,1.56810546990152,-0.0110191864663877
2004,YR2004,Gibraltar,GIB,28715,..,..,..,..,..,..,..,..,..,..,..,..
2004,YR2004,Greece,GRC,10955141,49.825317672568,19.6220114639512,37811.4913664483,21688.1050959558,414230219339.723,0.00599755587217245,20.1652551934755,0.0303084574372822,30.0108834915343,2.67202808458836,0.914091172780157,0.455924372025342
2004,YR2004,Greenland,GRL,56898,88.1524357295282,..,49742.0582266726,34961.9356097257,2830223628.98122,0,..,..,..,..,..,..
2004,YR2004,Grenada,GRD,109323,..,..,12593.3546257337,7233.29494434962,1376743307.74908,0,45.6418666929361,..,..,..,21.0923990279235,0.00224887196911795
2004,YR2004,Guam,GUM,163810,68.0020677177565,..,..,31483.8141949558,..,0,..,..,..,..,..,..
2004,YR2004,Guatemala,GTM,12807402,70.2148723581872,11.7428498298475,9003.85719003217,3250.20406037693,115316018583.332,0.729374795918745,10.3688725916987,10.3812754044293,57.872823828847,0.479416089056921,1.36317570702825,0.2824751153954
2004,YR2004,Guinea,GIN,9062726,34.5950959210535,..,2477.50282602363,645.182843390689,22452929276.4778,0,6.94842714760458,..,..,2.22856440980186,1.8469021984972,..
2004,YR2004,Guinea-Bissau,GNB,1349563,43.192131633446,..,1979.57457765814,572.526464627294,2671560605.74805,0,8.93281335502226,..,..,..,0.329050599325975,-1.25604986679471
2004,YR2004,Guyana,GUY,762418,200.725286901642,..,8404.2001629708,3937.11435304522,6407513479.85187,0,46.7725659414515,..,..,2.80932483375126,3.80800361007364,0.021305780198362
2004,YR2004,Haiti,HTI,8910263,33.7809703531059,..,3130.85551975981,1286.90282128221,27896746096.0616,0,8.00494705787723,..,..,..,0.0969221359795515,..
2004,YR2004,Honduras,HND,7298994,135.461758741854,14.4958593254183,4885.34258343422,1908.90950050464,35658086204.4309,0,27.5333033679879,5.60059300396513,43.8003335216842,0.682692754206461,6.67606399673031,0.442375097251553
2004,YR2004,"Hong Kong SAR, China",HKG,6783500,326.841054589054,..,44836.2053321129,30304.3126863152,304146398870.388,0,53.8518914903527,..,..,..,13.1249372796878,21.686000647035
2004,YR2004,Hungary,HUN,10107146,123.615686104174,20.3833165834293,26568.118861864,10786.4881991495,268527856282.214,0.188780374253933,21.567048668678,0.424374415294851,38.2237129049241,1.47344940256568,4.36291277823616,1.58582206141987
2004,YR2004,Iceland,ISL,292074,69.7326204452496,24.520429080191,54592.5314628804,48101.7116286153,15945059034.4893,0,25.116343178491,1.00338297403344,47.9996300623524,..,5.40905235148605,18.488041161119
2004,YR2004,India,IND,1135991513,37.503814059447,9.57081708050975,3656.12620652098,892.596614581612,4153328341064.72,1.06043123794654,10.3699610164546,14.8648997326893,29.7148341951265,2.82875224798105,0.765596855110284,0.259050391934574
2004,YR2004,Indonesia,IDN,227926649,59.761294836691,12.3307678952353,6843.54654972364,2065.70617470842,1559826632354.02,3.94237539539958,13.0766806795259,3.01996970312772,32.0363566259559,0.945714621727218,0.738243979887563,1.32691226525771
2004,YR2004,"Iran, Islamic Rep.",IRN,70256316,51.3138573265888,5.19532333247937,13807.1953114023,4607.45169088209,970042676871.602,25.1990020398231,..,8.18606931368815,3.32848134763484,2.83455780463948,1.61769687939769,0.0556966465876659
2004,YR2004,Iraq,IRQ,27577878,120.233977121676,..,10210.5631004959,3354.26588756715,281585663496.779,64.6550924823725,..,..,..,1.67557807777108,0.818918786960291,..
2004,YR2004,Ireland,IRL,4070262,146.587496370071,25.0697230795881,61558.5783140852,48856.3238587396,250559542085.845,0,..,..,38.5239869851799,0.567899833158286,-5.4573737070047,9.29599697784973
2004,YR2004,Isle of Man,IMN,78792,..,..,..,55464.0220993356,..,..,..,..,..,..,..,..
2004,YR2004,Israel,ISR,6809000,74.9731995265147,24.029719832098,32675.2080644863,28883.247588548,222485491711.087,0.00033623760064506,20.205646000401,0.692725245102228,30.7439920587021,6.13940696015944,2.10420736029139,3.24238868042594
2004,YR2004,Italy,ITA,57828179,47.2663923891771,22.1387880327404,51495.0028841364,33348.9744820456,2977862244389.35,0.0463733545125626,9.65217639753702,..,23.4152716173034,1.67228931403318,1.10881762156492,0.78955110312376
2004,YR2004,Jamaica,JAM,2672225,..,24.1674973059177,10244.2066702878,5507.20135110043,27374825169.5098,0.165049939416478,39.4688500386917,9.29767623389838,37.9023673648423,0.53596996755953,5.49763452709418,0.174168714688667
2004,YR2004,Japan,JPN,127761000,23.6643534228975,..,40351.776374395,32515.1158024695,5155383301369.08,0.00112400162714459,4.79603973794476,..,..,0.92660402297468,0.153847735604894,0.830017786881673
2004,YR2004,Jordan,JOR,5882061,134.621611934395,20.9955023421375,9326.66839127919,3935.15704743447,54860032404.276,0.00252507093423412,37.3431880260538,11.2501415937385,37.0140641561916,5.14172128874042,8.2092227069918,0.159438381391439
2004,YR2004,Kazakhstan,KAZ,15850159,96.4091997009336,13.9086779667034,18886.5811908122,6233.29439373307,299355314840.782,21.3287460118204,16.2098816868568,5.26744628548667,39.9447204186971,0.988239740954479,13.0128589220718,0.415069371486952
2004,YR2004,Kenya,KEN,34713455,59.4770033484289,..,3743.56785736929,1191.25443604556,129952174356.235,0,15.6213213974898,..,..,1.61419423692636,0.286194263505208,0.0274371582293576
2004,YR2004,Kiribati,KIR,96085,101.359702114731,..,2199.67074158217,1378.9582420937,211355363.204922,0,..,..,..,..,1.87697867593672,0.14131598143163
2004,YR2004,"Korea, Dem. People's Rep.",PRK,24254943,..,..,..,..,..,..,..,..,..,..,..,..
2004,YR2004,"Korea, Rep.",KOR,48082519,67.9270638751076,12.4931155465039,31579.5283048867,21244.8136800528,1518423269730.75,0.0104071686453881,11.6148765683716,3.87816863601698,30.3006313060909,2.16578832442349,1.61486572889407,0.874046804581639
2004,YR2004,Kosovo,XKX,1822773,..,..,..,..,..,..,..,..,..,..,..,..
2004,YR2004,Kuwait,KWT,2157320,89.2976416790834,..,73298.0621819477,37918.5405829238,158127375506.359,46.1128336408051,18.9539125520218,..,..,5.80446088589746,0.0399618649631494,4.34271295392395
2004,YR2004,Kyrgyz Republic,KGZ,5104713,93.8157321567302,..,4211.52248307857,831.482103944381,21498613569.1635,0.475114651060121,19.5543290934445,..,..,2.84851136977412,7.93380357994973,1.9865063148022
2004,YR2004,Lao PDR,LAO,5781626,66.0797516222837,..,3441.16999706515,1088.76034728831,19895557925.4518,0,8.88060886988701,..,..,0.433725286362231,0.714895049062071,0.046729246051967
2004,YR2004,Latvia,LVA,2263122,97.2352655771748,14.9173632679074,20574.118201251,8957.23393555082,46561739531.8517,0.0103677175607095,23.139601697101,0.329066089208755,40.0352958342895,1.65869012027526,4.27849106532647,0.61511644739135
2004,YR2004,Lebanon,LBN,4599279,90.9727970270956,16.5086439486372,12882.0757995163,6633.75258002393,59248260701.1235,0,84.9038944069947,7.56539005471194,45.0780680827964,4.51119229815156,8.97351609461343,3.9085973350593
2004,YR2004,Lesotho,LSO,1971129,..,28.9613250043846,2178.66474674332,817.793597897186,4294429263.58341,0,26.5187960003681,14.2745672940509,31.2919701125508,2.13166293812828,3.68383275611256,..
2004,YR2004,Liberia,LBR,3156892,..,..,1326.53565502695,535.995882066218,4187729797.06933,0,110.610354609448,..,..,0.504459308807135,8.4004160144418,33.946016722408
2004,YR2004,Libya,LBY,5736693,96.1293320792401,..,18851.2039109963,11529.1086646221,108143569517.785,54.7869519679771,7.09793539097517,..,..,2.07107445674837,1.07782345154323,0.863466406558443
2004,YR2004,Liechtenstein,LIE,34447,..,..,..,..,..,..,..,..,..,..,53.4348182201493,..
2004,YR2004,Lithuania,LTU,3377075,104.072070698543,19.2635466479286,21867.2861464791,8851.92598922347,73847465363.1208,0.213297786959526,19.2182912089589,0.436256435230277,33.3016905523863,1.19104062508646,3.86727514737432,1.30951412852095
2004,YR2004,Luxembourg,LUX,458095,265.226884855637,24.0425731854332,123720.261499488,100292.566948333,56675633191.6081,0,166.321730856664,..,32.6242686712593,0.605730957855837,14.7716141859696,19.3161989826733
2004,YR2004,"Macao SAR, China",MAC,454700,148.903750204961,21.2685675435103,84004.4558061302,47665.9330386643,38196826055.0474,0,79.9566973008215,..,82.2624121921366,..,7.24868934401704,-0.723817658968152
2004,YR2004,Madagascar,MDG,18606608,48.7753818852156,9.37241986822963,1620.11953793293,443.278654985967,30144929155.4592,0,21.7864393960601,26.8544026600137,16.4444576427893,1.2482266720781,1.0446898563867,..
2004,YR2004,Malawi,MWI,12500737,..,..,1208.2196975075,408.064916052765,15103636676.7608,0.0452942648318498,4.04045586304252,..,..,0.448770022775966,2.13119600751874,0.0362091606513723
2004,YR2004,Malaysia,MYS,25256772,210.374265897124,15.1990937626569,20168.5062099425,7025.34558004381,509391362925.102,5.61137530219416,29.3226382138517,5.50715306142981,17.9812471075877,2.26306196840826,3.50787262049412,1.45343931416228
2004,YR2004,Maldives,MDV,301413,..,10.4894358542978,15958.6557759464,8174.41607301248,4810146313.39532,0,54.2118881865677,33.3695652173913,13.2344300822562,..,4.31467445406402,..
2004,YR2004,Mali,MLI,13102409,44.0120986422566,11.5101973781817,2565.97744562534,800.501816706213,33620485977.3585,0,11.970425822694,12.1444885732901,41.8642573926853,1.42199884362637,1.3104512944739,-0.237559499500232
2004,YR2004,Malta,MLT,401268,155.889918335599,23.5412508070139,32061.5717383591,17728.3659761648,12865282768.3079,0,104.283292877626,0.557072096862961,36.1165107319758,0.663925031267677,122.360207081347,87.0593086235518
2004,YR2004,Marshall Islands,MHL,51791,114.023100075245,..,4012.3445001608,3234.15265200518,207803334.007828,..,..,..,..,..,0.869826937547028,..
2004,YR2004,Mauritania,MRT,2868664,75.2188046787959,..,5139.22552002451,1338.66768122804,14742711237.1756,0,..,..,..,3.83812011166649,17.1048404222648,0.169650720171926
2004,YR2004,Mauritius,MUS,1221003,107.027698267505,16.0245110309857,15209.0164267817,6480.13648507258,18570254684.1497,0,37.1802264876795,19.9095827705845,46.1766775307524,0.166216849736244,0.208397536162955,0.476744143375047
2004,YR2004,Mexico,MEX,104394131,52.0406200335632,..,20127.2242847772,9421.28975988024,2101164088651.41,3.91311549345697,4.95890015921476,..,..,0.348326583014086,3.06821035154364,0.556350971799303
2004,YR2004,"Micronesia, Fed. Sts.",FSM,111925,95.5259430197585,..,3586.11247849917,2747.87981611358,401375639.156019,..,..,..,..,..,..,..
2004,YR2004,Moldova,MDA,2896023,132.69906968032,16.3573926073926,7573.6178454751,1781.19145323724,21933371473.7063,0.0224885889043192,28.3367699737762,5.28826146803675,47.6092918040484,0.360979036536125,5.81198983204296,0.123929589160839
2004,YR2004,Monaco,MCO,32307,..,..,..,129403.404955341,..,..,..,..,..,..,..,..
2004,YR2004,Mongolia,MNG,2508412,131.329318233554,..,7070.667158451,1942.36263694017,17736146348.2644,0.271188019771381,38.7854785010058,..,..,1.38273006263926,4.66450219552693,..
2004,YR2004,Montenegro,MNE,613353,100.109654967142,..,15716.1406519937,4775.39883026359,9639542017.32227,..,..,..,..,..,..,..
2004,YR2004,Morocco,MAR,29953018,55.5516384744536,17.1163253155772,5996.39013671875,2301.08178710938,181559946924.094,0.00447676173181179,17.3429479761769,11.4302780795738,41.3056743253467,3.24946757487646,1.35118647717804,0.0467707804381133
2004,YR2004,Mozambique,MOZ,19840313,72.0520001612374,..,934.133964844421,377.064958084878,18533510246.4443,0.0784873173881835,..,..,..,0.978051637223721,5.99090663119619,..
2004,YR2004,Myanmar,MMR,47068772,..,3.27245665609108,2110.23728495831,463.33013572168,99326277631.6017,1.74505333251524,6.6788235372083,3.67902768675581,23.2568748776523,1.92006952835836,2.0001628964787,..
2004,YR2004,Namibia,NAM,1942082,81.8622605916543,24.2728217434857,9130.82442337694,3582.89503259701,17732809757.8007,0,13.5499024493782,37.1255411426567,18.8143944852355,2.5275896811078,3.38257441805413,-0.341045959509597
2004,YR2004,Nauru,NRU,10060,..,..,7200.94828845528,4949.8909692212,72441539.7818601,..,..,..,..,..,..,..
2004,YR2004,Nepal,NPL,26016656,46.1472867206087,8.97495850015557,2521.54105171428,589.46992868617,65602066132.3285,0,11.6288256659859,21.8884385905662,32.5111167398401,1.56868123796311,-0.00573755737053384,..
2004,YR2004,Netherlands,NLD,16281779,116.958160026939,20.3554356598247,57391.3645202468,41663.1477772692,934433513627.1,0.0482013400128872,27.8410496745428,..,29.3696836855758,1.42068916216587,21.160832133529,22.9115554367269
2004,YR2004,New Caledonia,NCL,240852,58.5813378645702,..,..,..,..,0,18.1380688143796,..,..,..,0.466160371144185,0.187099580996909
2004,YR2004,New Zealand,NZL,4087500,58.7995522745359,29.2579312754353,39971.7705007585,34372.5891093868,163384611921.85,0.211058993281138,16.2767926952609,2.84572720762987,29.0858005455606,1.17679545518528,2.23263039125039,0.821596516791157
2004,YR2004,Nicaragua,NIC,5272912,67.195316780004,12.1881791801183,5204.38202801757,1555.87425694816,27442248448.1182,0,14.8767476516775,4.68622022888936,50.5107926860106,0.730793275300281,4.31560328721207,..
2004,YR2004,Niger,NER,13265836,36.9641044464896,..,1192.0823507557,393.398781453199,15813968963.6196,0,9.49448443140643,..,..,1.09118729739427,0.649159742962507,0.296264545164665
2004,YR2004,Nigeria,NGA,141057045,..,..,6275.29894529583,1824.80269456773,885175125715.046,14.4183481253408,6.85692523558628,..,..,0.490996769130759,1.38037387490881,-0.192063937989914
2004,YR2004,North Macedonia,MKD,2016186,80.8704849956907,..,12683.4335090407,3473.76544811451,25572161072.8588,0,19.7633705935443,..,..,2.38010407130392,5.4398972911896,-0.224002899694666
2004,YR2004,Northern Mariana Islands,MNP,63938,178.099173553719,..,..,24445.4618441919,..,..,..,..,..,..,..,..
2004,YR2004,Norway,NOR,4591910,68.671953774992,27.3169686872771,82440.9558801113,72090.9862854901,378561449715.442,8.3587259592575,18.9849143082734,0.186685991552874,26.3613903955157,1.84243477657857,1.85415606218434,2.87437585730766
2004,YR2004,Oman,OMN,2404821,88.611307129045,..,41351.7687385072,19534.8601445269,99443601849.5056,36.7966643908859,13.7014397389957,..,..,7.86037959717824,0.391323075231172,0.146631597276318
2004,YR2004,Pakistan,PAK,171286000,24.8083348519064,..,3859.64601808903,1146.99632842666,661103327854.397,0.661270328742457,6.1339074203615,..,..,3.95603411669147,0.845585701616171,0.0423549188644951
2004,YR2004,Palau,PLW,19820,..,..,17015.6800255788,13599.4436174869,337250778.106973,..,..,..,..,..,4.114502379294,..
2004,YR2004,Panama,PAN,3251155,124.761756836196,..,15875.1127056615,7468.76593461799,51612452048.5748,0,28.203593673303,..,..,..,8.46279993310649,1.7138842027451
2004,YR2004,Papua New Guinea,PNG,6328041,131.082911016249,..,3046.33289602666,1821.84741071002,19277319465.7054,9.98265210787866,30.5679223862574,..,..,0.389122470657362,0.828665064000147,0.058992286556222
2004,YR2004,Paraguay,PRY,5388175,80.1044466155542,..,10187.194394255,4151.34584799423,54890386155.2651,0.00885714488141932,5.55523182171617,..,..,0.877630063887399,0.976461922292792,0.688871188755063
2004,YR2004,Peru,PER,27852190,41.9360782679273,13.6633689429004,8495.986392858,3640.60299869744,236631827251.296,1.06753835340617,6.76329209682886,6.07517932112607,44.7686624455576,1.38222353551043,2.39489207548148,..
2004,YR2004,Philippines,PHL,86394504,87.1252848232048,11.3644043893781,5229.45080700165,1978.34489133113,451795808663.307,0.120921357203037,13.271299595546,17.346291098354,24.3832602225764,1.36062650970663,0.623144777963454,0.508410350939778
2004,YR2004,Poland,POL,38182222,70.9815765694162,15.6185755633767,20878.6545002534,8323.38773754587,797193421189.976,0.0493919088310566,10.8756960056074,0.500243059661293,35.399997372328,1.86469356337462,5.41150845702569,0.834670939542684
2004,YR2004,Portugal,PRT,10483861,63.2045936670279,20.0000718562616,35658.1298257503,19137.8370898949,373834876613.121,0,12.4924692239232,..,32.5271730440169,1.50609147993081,1.312247289237,4.32258155831383
2004,YR2004,Puerto Rico (US),PRI,3826878,117.000863757497,..,43355.8226365269,30375.7895758237,165917443819.627,0,..,..,..,..,..,..
2004,YR2004,Qatar,QAT,773332,90.3724288385622,..,107023.577147067,59990.23422872,82764756962.2955,34.825040164201,..,..,..,2.43385968557379,3.77817958307362,1.37996183946257
2004,YR2004,Romania,ROU,21451748,60.6264786669408,17.4212661578016,19532.5610216283,6008.64048461485,419007576830.594,1.1236125349855,9.00849749579363,2.30775598916687,33.9139736057472,2.00765756131918,8.59368512961184,0.093366127436416
2004,YR2004,Russian Federation,RUS,144067316,56.5818523984055,13.2340253922543,25894.146484375,6856.67822265625,3730500178214.47,11.6957615431619,9.68202774935008,18.6586341873485,25.7888622745063,3.30035364660483,2.60618528064118,2.33191722266276
2004,YR2004,Rwanda,RWA,8816844,33.4616731030871,..,1277.19280440829,418.780997277457,11260809714.3904,0,..,..,..,1.97346600331675,0.324006427230548,..
2004,YR2004,Samoa,WSM,186249,72.5293703149674,..,5568.34734622238,3535.73813824914,1037099124.88657,0,33.5518693845387,..,..,..,0.60844907406956,0.148645350512686
2004,YR2004,San Marino,SMR,29457,..,15.9250983828861,80724.8087680421,58393.2236678918,2377910691.88021,..,..,1.19349684643385,23.1282701180474,..,..,..
2004,YR2004,Sao Tome and Principe,STP,157705,..,..,4202.56186898775,1047.05796134884,662765019.548713,0,21.942552498848,..,..,..,3.05544616526837,..
2004,YR2004,Saudi Arabia,SAU,19669480,75.0828366569341,..,54196.5514152953,21545.894988606,1066017984132.12,42.6409301097693,12.192607723726,..,..,8.08155565898243,-0.129209725410009,0.0304299106549326
2004,YR2004,Senegal,SEN,10975704,53.6592031275529,..,3240.3020166984,1098.20064546027,35564595805.8847,0,13.5569080266183,..,..,1.05782487014373,1.36534663159615,0.729428153037069
2004,YR2004,Serbia,SRB,7463157,72.2876162455649,..,14194.4239957638,4527.43498659451,105935214804.953,0.383259938589225,..,..,..,2.75341642219387,..,-0.00154628132693875
2004,YR2004,Seychelles,SYC,82475,149.54093675029,..,18356.4711447212,10412.0868936027,1513949957.66088,0,61.3691903194299,..,..,1.89764022742369,4.25692407405115,0.851052185542733
2004,YR2004,Sierra Leone,SLE,5355717,46.1719991766037,..,2260.83818961545,829.759768928304,12108409526.3727,0,6.52045200794592,..,..,0.974909894000986,2.73329141184343,..
2004,YR2004,Singapore,SGP,4166664,401.523712538509,11.6045115798244,78039.024710382,39856.6356222613,325162394855.859,0,77.6159758058137,0.0657210142943206,23.6321813899995,4.38428661801237,21.2027237505542,11.4215156997389
2004,YR2004,Sint Maarten (Dutch part),SXM,31690,..,..,..,..,..,..,..,..,..,..,..,..
2004,YR2004,Slovak Republic,SVK,5372280,140.222460021585,17.3599644270589,21851.9549601873,10718.2101858841,117394820593.515,0.0115043850236051,18.8664763089189,0.344984377943345,35.7894692398132,1.65576883362586,7.10209742938173,0.0072030740081825
2004,YR2004,Slovenia,SVN,1997012,112.399933466762,23.2308837925375,34298.1277435263,18425.2601213581,68493772681.3549,4.17014661148403E-05,17.7898511721779,0.391886814372421,31.3732954297079,1.44379021070681,2.23412471685355,1.40997833001792
2004,YR2004,Solomon Islands,SLB,474611,62.8118976683083,..,2168.50586845628,1664.57315979072,1029196738.7339,0,15.4060903617586,..,..,..,-0.642148336511867,-1.85297749372435
2004,YR2004,"Somalia, Fed. Rep.",SOM,10280998,..,..,803.059780580571,266.257271856641,8256255998.02929,..,..,..,..,..,-0.124106356083442,..
2004,YR2004,South Africa,ZAF,48991421,45.6435752240041,21.6985960707513,12341.2102655828,5187.35683424034,604613427770.691,0.667895474741674,8.02444434328555,3.25625010969503,36.1898338402289,1.35572857797827,0.274199790569949,0.510316290280268
2004,YR2004,South Sudan,SSD,7233041,..,..,..,..,..,..,..,..,..,..,..,..
2004,YR2004,Spain,ESP,42921895,54.4795182656074,14.6359726483881,42793.3902326006,25825.3106463315,1836773402257.71,0.00366544467175599,13.0134345356763,..,25.4200586574569,1.43022117967926,2.39691740423512,5.81341904198205
2004,YR2004,Sri Lanka,LKA,20087605,79.4829449011187,13.4659689569891,7059.91098068568,2149.10628588002,141816703115.177,0,16.6216899606426,15.2024546394748,59.842773092702,2.99735847919569,1.12667735136244,0.0280217434037308
2004,YR2004,St. Kitts and Nevis,KNA,46315,..,21.2547584080431,20661.3458642993,14619.795111247,956930233.705024,0,75.6028851622904,40.1806164708485,20.3593703161516,..,9.07455659677946,0.00884392582627641
2004,YR2004,St. Lucia,LCA,164239,..,17.2120653125,19715.8297745985,9637.37801390276,3238108166.35029,0,54.9132031026899,51.6561291557686,17.1588595060392,..,11.3957277281637,-1.88310362489979
2004,YR2004,St. Martin (French part),MAF,33171,..,..,..,..,..,..,..,..,..,..,..,..
2004,YR2004,St. Vincent and the Grenadines,VCT,112835,..,19.5929833730768,11979.907294501,6071.94945269221,1351752839.57502,0,47.4272681532675,40.1798576854237,20.3605884664076,..,15.120110354189,0.137803994375857
2004,YR2004,Sudan,SDN,30556637,30.4323376195052,..,4041.05712890625,1255.67114257813,152710248170.58,10.1194980180566,4.16069840996365,..,..,4.65650965498174,5.67090591014718,..
2004,YR2004,Suriname,SUR,513923,..,..,18585.5170864176,7021.98919924338,9551524697.603,6.45522246853907,..,..,..,..,-2.51332036478539,..
2004,YR2004,Sweden,SWE,8993531,78.7358819187356,27.9920353462473,52412.411275873,45114.6701230708,471372645594.314,0.00272035256561386,18.1024903468424,..,35.9353172929546,1.43407694057924,4.38300602347958,7.32912390427127
2004,YR2004,Switzerland,CHE,7389625,95.5170944588529,9.0203938959158,68263.4411390817,74718.6836260364,504441231227.387,0.000185269236564892,29.7948717161953,1.21741376795885,34.1678862972104,0.888925074606932,1.75837273590171,7.752638618287
2004,YR2004,Syrian Arab Republic,SYR,18336875,78.1149285929097,..,8528.65604597154,1363.61946683869,156388899832.974,4.57641557385435,19.3251866182647,..,..,5.54183867581242,1.09618743838262,..
2004,YR2004,Tajikistan,TJK,6790547,128.338170674363,9.82102378674623,1878.28696227255,590.957111385699,12754595896.799,0.0922315559393627,16.1562680396867,11.0979589960467,54.0901673255493,1.13133632771605,13.1022122444311,..
2004,YR2004,Tanzania,TZA,38109668,33.609786736665,..,2155.24145507813,650.516540527344,79786079165.5657,0,12.6452324777334,..,..,0.994614572583098,2.65421873789577,..
2004,YR2004,Thailand,THA,65452047,127.411873720393,14.8533309118037,13997.0013867292,4232.77157261934,916132392623.264,0.818270913353913,24.3599195261197,8.40067952652835,40.0908075920693,1.12835658834693,3.38947495269123,0.0443396582838011
2004,YR2004,Timor-Leste,TLS,929074,107.330836147183,..,3234.97572893373,955.470489028291,3005531840.38337,..,..,..,..,..,..,..
2004,YR2004,Togo,TGO,5696508,57.8710938708872,9.30912880304431,2157.02751991461,678.28759996017,12287524523.4137,0,12.2198525401144,20.0476537725925,42.4136436940216,1.40604809612512,2.50559738999836,0.273138041304777
2004,YR2004,Tonga,TON,105071,73.9737151214869,..,5900.45741291394,3928.06014016386,619966960.83228,0,25.7998349292627,..,..,..,2.39886931834874,4.68342428192534
2004,YR2004,Trinidad and Tobago,TTO,1345380,..,22.0250564559057,26757.9075601429,13657.2534995604,35999553673.2651,8.45563862422733,9.21440583505662,5.66741476480617,20.9546707377832,0.56332687432576,7.51564800520554,0.191260854956638
2004,YR2004,Tunisia,TUN,10166163,86.9253446966283,18.6721938282889,10263.8055422408,3218.72320748457,104343520142.724,2.60869066831261,17.2432040175778,7.25611990972048,36.9914543104612,1.42590206296513,1.89888949723214,0.0128737967348121
2004,YR2004,Turkiye,TUR,68592617,48.9934575435266,..,16583.8837094062,7061.62219794984,1137531983651.84,0.0808804569350874,8.15249223320609,..,..,2.67100029372768,0.679008638958041,0.190171180749469
2004,YR2004,Turkmenistan,TKM,4958093,59.3199674884855,..,5360.22429910532,2364.26725156856,26576490575.824,20.5072458932071,..,..,..,..,5.17229951232728,..
2004,YR2004,Turks and Caicos Islands,TCA,22856,..,..,..,..,..,0,..,..,..,..,..,..
2004,YR2004,Tuvalu,TUV,9816,..,..,3704.92725890715,3042.6128529965,36367565.9734326,..,74.9321243615673,..,..,..,-0.0513057875857508,..
2004,YR2004,Uganda,UGA,27154515,35.4600862456436,..,1709.36159216857,585.339489080616,46416884994.9654,0,10.9037097722181,..,..,1.76615583020933,3.72085072270846,..
2004,YR2004,Ukraine,UKR,47979507,109.981708544962,12.8140914572752,15021.06640625,2042.44494628906,720703354358.266,0.66971110889553,23.0912889043027,5.4554688676021,21.4989340823223,2.50682433490703,2.55131815944331,0.00595059629024679
2004,YR2004,United Arab Emirates,ARE,4428967,116.622612523831,..,93166.1449767722,55611.419401142,412629781619.34,20.9182068452778,..,..,..,4.6114776396626,6.76715211324682,1.49366440406348
2004,YR2004,United Kingdom,GBR,59987905,50.2885521756133,25.0669294868752,46558.1299600699,42434.8209023638,2792924677022.33,0.575171956513235,16.4132589175978,..,34.1887156286504,2.49782136751626,3.58303251413023,5.29430485184774
2004,YR2004,United States,USA,292805298,24.4480622643257,9.53747297857866,58131.6336853496,51098.5573007417,17021250324465.6,0.283170634743015,5.19875547277074,1.13114805389035,3.49701293623452,4.01631273640692,1.74869134454691,3.06129234381941
2004,YR2004,Uruguay,URY,3283148,61.4766880860242,17.8462046174237,17519.3796251133,10366.9067382871,57518716177.4314,0,13.8651739304032,5.39066965319376,50.8052265696109,2.0407280132366,2.57711736584849,0.278091017047993
2004,YR2004,Uzbekistan,UZB,26029350,76.5956691950086,..,3939.53039814876,1466.6134889113,102543415569.054,5.07540795828882,..,..,..,..,1.46799380148438,..
2004,YR2004,Vanuatu,VUT,205711,98.7059775016543,..,3005.79726389788,2555.73432279339,618325560.953697,0,51.4692370115142,..,..,..,5.4358941630547,0.208455214591543
2004,YR2004,"Venezuela, RB",VEN,26340838,55.3674556023219,..,..,3580.85417271298,..,23.0890395880635,5.00038236851669,..,..,1.28830181236512,1.32412757366554,0.555795657179963
2004,YR2004,Viet Nam,VNM,80338971,133.016497868747,..,5421.09702829121,1510.94449049599,435525356944.074,8.1232104070861,18.9443240454798,..,..,2.01437983970519,3.54408107288199,..
2004,YR2004,Virgin Islands (U.S.),VIR,108466,435.159336318146,..,55883.4545510864,44466.2872190216,6061454781.33813,0,..,..,..,..,..,..
2004,YR2004,West Bank and Gaza,PSE,3236626,81.1235906237101,..,4503.08034061409,2426.41565630382,14574786910.5204,0,16.0453818864002,..,..,..,0.445786535161087,-0.812787917941283
2004,YR2004,"Yemen, Rep.",YEM,22095167,71.8466740069203,..,..,2185.78999159086,..,34.0644750012843,..,..,..,5.301366496456,1.03534601615477,0.155412231262225
2004,YR2004,Zambia,ZMB,11338198,70.8130749317722,15.3170586322801,2471.72073328685,895.475258534826,28024859074.7115,0,10.91605800322,8.51375581041745,31.4901506678237,1.58089960446516,5.85168864010044,-0.401857532146223
2004,YR2004,Zimbabwe,ZWE,12365896,76.0394249806318,..,4287.59829196083,1165.54447081543,53019994568.1653,0,..,..,..,2.70575805599577,0.149780494103469,1.72161487475252E-05
2005,YR2005,Afghanistan,AFG,24404567,..,..,1908.11478234587,363.640141436773,46566715049.4503,0.0258476198749782,..,..,..,1.99206569856085,4.36867310434287,0.0241808474410122
2005,YR2005,Albania,ALB,3011487,69.1162926602322,..,8964.31799702863,2712.86983830331,26995927111.9177,1.02095374629243,32.0897964423568,..,..,1.35000497056322,3.17899814544722,0.0491908930236058
2005,YR2005,Algeria,DZA,33109249,66.8404602203906,..,13738.495644436,4223.60252133943,454871273177.049,27.9141141505655,6.8474839197083,..,..,2.73228606749557,1.07990333031143,0.051379483708589
2005,YR2005,American Samoa,ASM,56617,223.2,..,..,13284.2791128875,..,0,..,..,..,..,..,..
2005,YR2005,Andorra,AND,77421,..,..,65114.8053663021,40528.1938997392,5041253346.26448,..,..,..,..,..,..,..
2005,YR2005,Angola,AGO,19291161,95.3414592884703,15.2799733046431,8895.37660461036,2843.3966357968,171602142235.172,42.2206783158613,16.8318226832421,4.23118264300053,6.53779637765863,3.69224094698531,-3.14962046173322,0.529903094271953
2005,YR2005,Antigua and Barbuda,ATG,79611,..,..,27692.634871178,17301.2134317518,2204638354.72935,0,98.0609728795582,..,..,..,10.8186629996336,0.334866749975356
2005,YR2005,Argentina,ARG,39216789,40.5512709706238,13.1031756459852,23262.4075792816,11099.7509190602,912276929668.686,4.36083044381745,7.02181442228367,15.8235331040068,37.2332226487939,0.847154783885961,2.64935441452167,0.659695664726798
2005,YR2005,Armenia,ARM,3146400,70.1397385835334,14.3356634095016,8362.90084037119,2240.09273209788,26313031204.1439,0,20.5739620877537,3.43863654559988,32.2606897693505,2.87193136291811,5.96010687349519,0.109970041074303
2005,YR2005,Aruba,ABW,97635,145.050280144237,..,38828.2166342999,29081.7066997897,3790992931.08987,0.00131405293432615,85.5700773131286,..,..,..,-8.8049356352136,-0.375570751123553
2005,YR2005,Australia,AUS,20176844,39.0978822564811,24.7148112586711,49997.0664953941,50972.640519744,1008783011135.19,0.887355262985534,8.83483983751976,2.22129890053695,24.1797973664025,1.79628773763805,-3.60113772652235,-4.69472657586151
2005,YR2005,Austria,AUT,8227829,94.6747547827805,25.6489616551304,56890.2794433829,40989.0131778975,468083491022.37,0.060495702750532,25.711587239587,0.00152018964770639,27.6294198614487,0.855937301571622,25.8307026071969,25.8922848397657
2005,YR2005,Azerbaijan,AZE,8391850,115.841884607706,..,10054.1003389401,2674.3688564996,84372501929.3344,37.4466296016638,25.6712094985825,..,..,2.29906967458575,33.7957978256418,30.3293095240168
2005,YR2005,"Bahamas, The",BHS,343894,81.3962709176308,10.0017079766577,35365.4663980219,33144.7878790275,12161971701.4813,0,38.6054890107359,54.95756118711,16.3188255985199,..,5.72797116772737,1.45183099164311
2005,YR2005,Bahrain,BHR,888822,148.313525108923,1.16184562908878,53478.2662415503,23439.6704353038,47532659557.3472,20.0931217396654,28.6255062333728,3.55151370108891,0.16991743448606,3.21438109533007,6.56659445840223,7.10997561723048
2005,YR2005,Bangladesh,BGD,144715786,34.396934864465,7.13567003946154,3231.61370692891,739.203718353409,467665517646.591,0.0854314760057084,5.55794329275609,32.388647432923,27.4981392315089,0.972810090266113,1.17065167448603,0.00279220988062646
2005,YR2005,Barbados,BRB,268706,..,26.7347427673779,22514.483943994,22250.0263806215,6049776922.65484,0.344768895111478,46.5178551103993,9.46695473461274,45.8618858052798,..,10.2123680027307,4.10726503613038
2005,YR2005,Belarus,BLR,9663915,118.88435169233,20.1496562779039,16579.8731683834,3877.71738911289,160226485010.038,1.28297270844558,11.5302529327417,7.65406688119525,33.5800688065109,1.49845313530187,1.01489264466989,0.00827538033814324
2005,YR2005,Belgium,BEL,10478617,144.529050669983,25.4713299290151,54346.8934219286,38645.2605193362,569480281308.209,5.74329868610464E-05,28.4467236919549,..,25.2561907459447,1.09664118158572,8.72717720186463,8.43585987028476
2005,YR2005,Belize,BLZ,279731,92.9971266332515,16.1007432416667,12714.9697390831,6337.12389222378,3556771200.08346,0.0302356662908637,31.5909129370819,28.6299810384271,32.9623197653551,0.75074714637425,8.6080583090955,0.0665394542922925
2005,YR2005,Benin,BEN,8426144,39.0959311879142,..,2632.47251454328,893.91536869992,22181592483.5838,0,7.23525211354704,..,..,0.680970684993479,-0.133820369489742,-0.947658447383553
2005,YR2005,Bermuda,BMU,62711,..,..,109335.385931485,122143.799577518,6856531387.14938,0,..,..,..,..,0.897674181658031,0.642956564894654
2005,YR2005,Bhutan,BTN,661865,97.7434135429344,7.9437825068602,6850.80441609334,1632.02169500573,4534307664.85762,0,..,2.31100637741967,11.785021325919,..,0.721867150911614,..
2005,YR2005,Bolivia,BOL,9360754,67.6419413613743,16.2151641032531,8020.63568776794,2156.18670325307,75079197596.8165,7.33080300030145,14.0234959779344,3.22882901564205,48.2084646449645,1.717004422633,-2.49886824544741,0.0314164979311971
2005,YR2005,Bosnia and Herzegovina,BIH,4096493,84.3554628217984,19.8860927297673,9814.51034158831,3217.81341615345,40205072912.7441,0,12.6930595970342,26.3520537893162,22.6716851821297,1.54421965764078,5.55844401745043,0.146478076458775
2005,YR2005,Botswana,BWA,1839877,88.5053520573505,..,14361.9576327759,5514.21742664705,26424235523.5188,0,14.3716984091393,..,..,2.85800418504025,4.24294905100869,0.577144786674397
2005,YR2005,Brazil,BRA,184688101,27.0867952052479,..,15221.0138281917,7409.56827992249,2811140139223.47,2.36913016995635,4.43822869524799,..,..,1.52401346273319,1.73389357182998,0.326410997680031
2005,YR2005,British Virgin Islands,VGB,23665,..,..,..,..,..,..,..,..,..,..,..,..
2005,YR2005,Brunei Darussalam,BRN,358916,81.6201140155232,..,99795.6850854526,37312.2778797122,35818268108.1303,25.956729633831,16.3668156277991,..,..,2.3494276381516,1.65985733716788,..
2005,YR2005,Bulgaria,BGR,7658972,99.7142112127381,20.8855219915078,17678.1074943214,5231.33811895255,135396130311.998,0.037174267548741,26.0175997937469,2.33192682099961,42.251404494382,2.23535026726367,13.7204790059911,0.312491036183091
2005,YR2005,Burkina Faso,BFA,13932123,34.1721697681049,10.4497340752352,1664.99543180023,499.192797571217,23196921150.2789,0,6.89390839511764,12.5728810058549,37.2956251530727,1.2018948481342,0.848145874654018,0.289102768668904
2005,YR2005,Burundi,BDI,7587299,..,..,981.533210986845,250.878933475935,7447185950.18727,0,15.1169465816747,..,..,4.43619004108442,0.0523404213217611,..
2005,YR2005,Cabo Verde,CPV,485115,104.343839857053,21.0767999025358,5565.76951208069,2514.16779255327,2700038276.85302,0,50.542801965881,15.8106585946458,24.9936595208075,0.649497233340122,8.2812271109681,0.000842510373615886
2005,YR2005,Cambodia,KHM,13439202,133.551965265648,7.02950143251874,2781.89028895255,866.340290123209,37386385535.0717,0,24.9056989641319,20.6723825489247,36.9033020830479,1.00419041063819,5.36603852621255,0.0605409074213389
2005,YR2005,Cameroon,CMR,17074594,44.9976813478478,..,4199.72270969362,1264.74345218659,71708560180.5984,5.28439433394488,12.4752439249922,..,..,1.14390062434822,1.24860831295214,-0.0701000034622739
2005,YR2005,Canada,CAN,32242732,69.7591330167357,13.2994928856977,52356.5578038534,41006.2229523971,1688118461712.15,1.78498681477884,10.6966660558686,1.25311008764964,17.1219305609123,1.10710542420811,2.17816380917594,2.32541269479883
2005,YR2005,Cayman Islands,CYM,46788,..,..,..,..,..,..,..,..,..,..,..,..
2005,YR2005,Central African Republic,CAF,4288810,35.0709368656226,..,1219.5939445674,427.968043155237,5230606705.4001,0,..,..,..,1.08975993344158,0.754917589946925,..
2005,YR2005,Chad,TCD,10328092,77.577493649797,..,2705.816508357,952.871910097036,27945921833.4299,32.6666259924004,..,..,..,0.610589376245507,-1.1476866334562,..
2005,YR2005,Channel Islands,CHI,153126,..,..,..,..,..,..,..,..,..,..,..,..
2005,YR2005,Chile,CHL,16348778,72.0625342380294,18.1208899058922,20918.5275760681,10104.4208391373,341992363428.016,0.0466681498310735,11.8907295996994,1.81621896234203,41.2713532736394,2.53476302244179,4.89870698303569,1.63327377585824
2005,YR2005,China,CHN,1303720000,61.3600749408237,8.45243795005463,6298.32318474516,3465.81734409951,8211249902415.96,2.23061473485701,7.00909680281128,-15.8416948621915,77.6876599636969,1.87185802294835,4.49218509012467,0.592416932233762
2005,YR2005,Colombia,COL,42128977,37.422697494955,..,11999.2549591305,4457.27537460443,505516336190.343,4.6618753019502,5.64367863472025,..,..,3.37467969392646,7.02979401438219,3.29360851711413
2005,YR2005,Comoros,COM,592677,35.7574093238258,..,3166.36268239583,1274.6143662974,1876630335.51432,0,13.5146085108776,..,..,..,0.0852741893191707,..
2005,YR2005,"Congo, Dem. Rep.",COD,58775724,51.0276749145565,5.61765160085664,1016.6338907666,351.708486411683,59753392972.744,2.66413154294407,11.9939139945168,10.4849109685696,9.42091046247124,1.31013976084745,1.42746926673699,0.106267156523753
2005,YR2005,"Congo, Rep.",COG,3696393,119.552892262402,5.6881204351406,7876.11806658285,2140.03686200251,29113227688.4904,44.9456173814714,24.6358736472875,2.67380383933953,7.07643491677092,1.51813794092809,12.0498455846018,4.32368423816716
2005,YR2005,Costa Rica,CRI,4261240,89.2226638923224,13.635396985214,15703.9624720506,8655.33965418585,66918353044.4009,0.13263457054308,23.4960438696712,5.07622328841168,37.8155726728739,..,7.62843539507747,0.746472216255738
2005,YR2005,Cote d'Ivoire,CIV,20068458,62.8209360402806,9.87243911760948,4032.24588029846,1431.73320203111,80920957094.4427,2.12719162540331,13.3424206288854,43.9621860336738,19.4866133038918,1.05806530751568,1.45218108383072,0.153989390175124
2005,YR2005,Croatia,HRV,4310145,81.4923355714118,20.885012919611,27641.2061841194,11522.7905248265,119137606628.451,0.422317306157924,28.2151293365282,1.551654237136,46.0437140484864,1.74403729145943,4.03155518239355,0.535349871260036
2005,YR2005,Cuba,CUB,11262554,39.3613744331974,..,..,5182.35283601732,..,1.37378607233087,..,..,..,..,..,..
2005,YR2005,Curacao,CUW,137658,134.911459782692,..,33651.5043118952,21112.3218717015,4632398780.56687,..,..,..,..,..,..,..
2005,YR2005,Cyprus,CYP,1036151,111.917065271958,23.1684581894033,41362.265625,25631.3671875,30547687201.8604,0.00120177163901405,47.2677430500243,0.0267584779777726,35.3229748291917,2.03746974323698,6.30362669067508,2.97080353088426
2005,YR2005,Czechia,CZE,10211216,121.191287316105,14.4719480929411,35535.7479961511,15147.7214417611,362863198510.266,0.0508088454131561,17.2345017991831,..,27.4303149303149,1.7772578503284,10.0027291342114,1.53085672495637
2005,YR2005,Denmark,DNK,5419432,89.3987952460671,32.9896907527703,61137.6803582961,52015.1841169021,331331501339.521,1.57548312247966,31.0298801721068,..,39.8503648117405,1.30811146758176,4.8451921902896,6.39954661609933
2005,YR2005,Djibouti,DJI,839167,..,..,..,..,..,0,46.8726923351781,..,..,4.50775678258952,3.13326292887826,..
2005,YR2005,Dominica,DMA,68734,..,..,15080.5206040984,7381.74728529453,1036544503.2021,0,55.0022908593037,..,..,..,4.83084578819671,-0.189941043077422
2005,YR2005,Dominican Republic,DOM,9225034,61.6535587358027,13.6981611227812,12022.5080544053,4549.24957008857,110908045567.163,0,21.4092292866659,22.9549989689445,47.8797676507063,0.766536371799736,3.12598170087694,-0.0120187064679639
2005,YR2005,Ecuador,ECU,13846163,61.9581507902572,..,10660.2046228939,4589.32849203452,147602930821.942,16.5366396462506,7.86039404682837,..,..,2.36848865849083,1.22499487397379,..
2005,YR2005,"Egypt, Arab Rep.",EGY,81101004,62.9526462395543,14.068635097493,10700.6090373232,2635.70305227819,867830136338.384,11.8509312061057,28.0510871309192,5.82661147748423,23.880455536447,2.71422040657605,5.99551598885794,0.102609470752089
2005,YR2005,El Salvador,SLV,6005578,69.7158116750578,14.5108177983399,8050.5345128919,3163.36118376833,48348112958.8643,0.135195934882048,17.640155123146,6.56171787152236,44.3215205484421,0.90420465369438,3.47761600217717,0.76813171860117
2005,YR2005,Equatorial Guinea,GNQ,947367,131.02447181321,..,31302.957953874,10212.4545051498,29655389367.8877,55.1960848556935,..,..,..,..,9.36000539014064,..
2005,YR2005,Eritrea,ERI,2661215,61.1060310218073,..,..,809.794793468889,..,0,..,..,..,..,0.130327551691687,..
2005,YR2005,Estonia,EST,1354775,135.912792115107,19.0966557318789,30164.0063711861,14703.6179707772,40865441731.5236,1.00907540024629,40.5903136529408,..,37.1056509739825,1.44977185113693,21.6702241581922,5.99115193943391
2005,YR2005,Eswatini,SWZ,1079022,..,22.5943394716568,7142.1921864324,2658.75180508187,7706582497.38866,0,19.5764096870193,67.121858231224,2.78483348561338,2.03322402021397,-1.48002383468155,-0.711095928191249
2005,YR2005,Ethiopia,ETH,78367470,..,8.72441638457737,952.115666295785,290.833381425059,74614895914.965,0,17.7883986442193,33.8579494869031,10.6438311231901,2.81221837499407,2.13780093729558,..
2005,YR2005,Faroe Islands,FRO,48359,100.962759404909,..,..,..,..,0,20.5879140767338,..,..,..,..,..
2005,YR2005,Fiji,FJI,882379,..,21.5360119047619,9745.58145847385,4255.45097421847,8599296421.7467,0,48.9817225878394,17.9670383571499,41.7792093129721,1.32359461422314,5.80296958864135,0.347051798675163
2005,YR2005,Finland,FIN,5246096,76.5889740444293,21.7956348001409,52744.048034135,42529.3506920884,276700339415.683,0.00118934851858091,14.4466316526478,0.00159033078880407,35.5104961832061,1.46470451104851,5.30500837470056,5.11284170113794
2005,YR2005,France,FRA,63180854,55.8228361241299,22.405869035214,48257.4650937971,34946.0372494703,3048947856501.29,0.0111412257646513,13.1149448912543,0.00967042577901722,24.3134030905778,2.02813701732744,3.8837306583925,5.4192287029643
2005,YR2005,French Polynesia,PYF,259507,58.8757396449704,..,..,21661.4244664054,..,0,31.4756164066628,..,..,..,0.137052859567267,0.276163416535428
2005,YR2005,Gabon,GAB,1463495,83.9495998399241,..,20385.2899909742,7130.22505771754,29833769975.3408,34.837420996188,12.3082413265978,..,..,1.24868216929966,3.40362339596918,1.66167015026068
2005,YR2005,"Gambia, The",GMB,1667037,50.0187233950976,..,2653.64239155191,658.676285443081,4423720051.48552,0,12.5613257742679,..,..,0.277027428909804,5.22041688120703,..
2005,YR2005,Georgia,GEO,3902469,84.5295975354749,16.5426085759279,8485.58670534953,2321.60084285163,33114739064.4387,0.345173611414446,21.4274022877545,4.5837023914969,47.7635075287865,3.33916979671741,7.06775086735302,-1.39016621405363
2005,YR2005,Germany,DEU,82469422,66.9531024934321,10.7118256360423,51182.9591615718,36024.0947047021,4221029058304.43,0.027268431145628,12.8573003458007,..,23.009869778962,1.23275583821682,2.06799391408494,3.07339288372738
2005,YR2005,Ghana,GHA,22449438,98.1715141146279,21.321508315786,3721.30785741996,1143.31178934301,83541270024.0622,0.699403468222941,22.1468204983684,14.024313945065,35.9035412420515,0.260967076343411,1.34923986570129,..
2005,YR2005,Gibraltar,GIB,29163,..,..,..,..,..,..,..,..,..,..,..,..
2005,YR2005,Greece,GRC,10987314,50.3555334391407,20.7928823703071,38146.962971083,21880.5265835801,419132660309.661,0.0104685935888285,20.2018305291604,0.0145304677489664,30.1903491275115,2.90167987543818,0.284127006962334,0.622090530462978
2005,YR2005,Greenland,GRL,56935,99.7079265489358,..,52189.001485462,36681.8055890619,2971380799.57478,0,..,..,..,..,..,..
2005,YR2005,Grenada,GRD,109734,..,..,14211.8426569264,8162.91232124727,1559522342.11516,0,40.7679281128422,..,..,..,11.7331857542313,0.034169279023649
2005,YR2005,Guam,GUM,164365,66.4372181343461,..,..,32520.3729565352,..,0,..,..,..,..,..,..
2005,YR2005,Guatemala,GTM,13087629,67.1036996082037,11.3843835155732,9099.72328845701,3284.80971612832,119093802401.985,0.887868748053499,10.2951869524061,15.0029941945334,51.687631412432,0.383913656735458,2.01617500337249,0.260609287472963
2005,YR2005,Guinea,GIN,9245844,47.9377003917167,..,2501.22160456279,651.359606871604,23125904765.2172,0,8.66205993438612,..,..,..,2.45185683545098,..
2005,YR2005,Guinea-Bissau,GNB,1381585,45.7842315450716,..,2060.53834311757,595.94255560187,2846808866.77609,0,7.33120710513899,..,..,1.89459928348781,1.35867358840187,0.108753153095635
2005,YR2005,Guyana,GUY,760914,194.350757310172,..,8256.52519071138,3867.93308158647,6282505608.96496,0,42.2796973276401,..,..,1.41048583687429,9.31043894391441,..
2005,YR2005,Haiti,HTI,9061273,34.9651045038228,..,3173.26081032717,1304.33303731231,28753782502.5757,0,9.81245103533434,..,..,..,0.369835650694654,..
2005,YR2005,Honduras,HND,7478355,136.489768018486,14.5349539639745,5056.67544412551,1975.85647913236,37815614090.9532,0.000132246235034757,27.7060503948531,5.41415125524104,42.2723330011209,0.641478464457184,6.16028277171203,0.00259318108764766
2005,YR2005,"Hong Kong SAR, China",HKG,6813200,342.689209524653,..,47938.8998017111,32401.3907659685,326617312129.018,0,57.0765703594782,..,..,..,22.5606006200286,18.6795673825115
2005,YR2005,Hungary,HUN,10087065,128.004810647538,19.919313955977,27765.7886146197,11272.7345428122,280075314531.929,0.214107473091597,22.0042903361602,-0.00998673405853479,37.2078394734623,1.4112437788596,24.3060288068427,17.7401774058486
2005,YR2005,Iceland,ISL,296734,71.2106793861355,26.7767504673533,57512.4237338213,50674.4411254865,17065891544.2317,0,27.0383500417947,0.86140312130293,42.3091467146051,..,18.042727115684,41.2303448873404
2005,YR2005,India,IND,1154676322,42.0016696148691,10.0809315263538,3881.9661798273,947.732565646672,4482414430651.38,1.28780837185882,12.1096146609078,14.4257054111638,30.7622896847127,2.91058750164482,0.886098378458823,0.321892640703742
2005,YR2005,Indonesia,IDN,230871650,63.9879358688635,..,7140.8545640704,2155.4478015921,1648620875616.96,5.20636964649797,12.3112447304556,..,..,0.750789394004931,2.91611483313067,1.07217084848954
2005,YR2005,"Iran, Islamic Rep.",IRN,71828455,54.4404952635536,6.65759347739043,13935.7743087596,4650.35841490708,1000985137826.89,31.6076762648214,..,5.72838195853717,3.0242255632787,3.03665449804817,1.28425430112768,0.184274932542879
2005,YR2005,Iraq,IRQ,28407448,115.742540308642,..,10078.4437646837,3310.86344473993,286302867166.176,65.1575951980304,12.8826256187699,..,..,2.24258030532454,1.02925980764254,0.177169309019782
2005,YR2005,Ireland,IRL,4159914,148.175564253129,25.4571402375003,63689.0843530779,50547.2123729763,264941113647.55,0.000104554774481391,59.6395411056781,..,39.0852126906675,0.540612698817302,22.1832694953892,43.3464712072139
2005,YR2005,Isle of Man,IMN,79516,..,..,..,58201.5990838178,..,..,..,..,..,..,..,..
2005,YR2005,Israel,ISR,6930100,78.3242613769325,24.4930273450002,33512.8909185546,29623.7172812577,232247685354.675,0.000472182859671348,20.9152089967264,0.726111223401561,30.810578204033,6.05115990349017,3.26627070729098,1.99654389718249
2005,YR2005,Italy,ITA,58166682,49.1221742288618,21.8789864216762,51585.6445807938,33407.6754716472,3000565784096.06,0.0747436239867356,10.0137541912983,..,23.7672497143359,1.59516123663349,1.9711754818286,2.80414637774188
2005,YR2005,Jamaica,JAM,2687066,..,23.2159728449925,10278.6834382546,5525.73577833713,27619500791.6969,0.252469011179102,36.0347683860577,9.90981239254633,37.6176065059975,0.527663694618897,5.67333342894728,0.501873653737955
2005,YR2005,Japan,JPN,127773000,26.2299545778565,..,41075.8243580849,33098.5474664881,5248381305705.58,0.00190799261441482,4.98758562410126,..,..,0.916916827733627,0.113001254131506,1.06934422431377
2005,YR2005,Jordan,JOR,6029587,146.908891279018,24.4151653670341,9839.68834968723,4151.61313015439,59329256957.3256,0.00299417370715913,39.3553374563054,11.4588772845953,43.6651436031332,4.79532278988433,15.7636461414358,1.29627139912163
2005,YR2005,Kazakhstan,KAZ,15968117,97.7625030243024,..,20565.5294470866,6787.4115548789,328392780378.023,24.6119449899113,16.8207294053732,..,..,1.03632123942771,4.45711144385218,0.747478036756941
2005,YR2005,Kenya,KEN,35796484,64.4788661639796,..,3844.73557120578,1223.44738472019,137628015358.898,0,16.1972828925033,..,..,1.69058701379422,0.113202068934601,0.0516985993485234
2005,YR2005,Kiribati,KIR,98035,123.594268587865,..,2183.78113886233,1368.99716100101,214086983.948368,0,..,..,..,..,2.28808112178245,0.134096679891111
2005,YR2005,"Korea, Dem. People's Rep.",PRK,24396433,..,..,..,..,..,..,..,..,..,..,..,..
2005,YR2005,"Korea, Rep.",KOR,48184561,66.1695148242697,12.8083639518859,32886.0472450743,22123.7613066851,1584599749529.16,0.0152754218373255,11.3260298666235,3.35078994991079,29.5800016547897,2.28040178931092,1.403996477148,0.857224892594321
2005,YR2005,Kosovo,XKX,1818354,..,..,..,..,..,..,..,..,..,..,..,..
2005,YR2005,Kuwait,KWT,2236788,92.2426800942645,..,78193.9012127585,40451.2551656974,174903179905.884,53.3164834648164,16.6950646796535,..,..,4.34302594160701,0.289490192089246,6.36369801468219
2005,YR2005,Kyrgyz Republic,KGZ,5162640,95.0840046303638,..,4156.95849230116,820.709519437592,21460880190.6936,0.900674260856272,22.3422636000723,..,..,3.07769239002886,1.73012109521201,..
2005,YR2005,Lao PDR,LAO,5869523,71.7926462737852,..,3630.55878769378,1148.68153852071,21309648307.2208,0,8.89040990748648,..,..,0.392508608502655,1.01332132437858,-0.00317704748563284
2005,YR2005,Latvia,LVA,2238799,104.517156602918,15.7112739945277,23213.3539355881,10106.2626157732,51970033577.6406,0.0195425675565115,24.9519936056149,..,42.3975427880663,1.67142105821102,4.96633075101776,1.38429986668639
2005,YR2005,Lebanon,LBN,4671102,92.762656272585,15.1681037724548,13024.6648924956,6707.18024635316,60839538228.666,0,87.2401698336708,7.01912459929057,39.8673014388617,4.47739527979241,12.2038495910608,3.32831464976434
2005,YR2005,Lesotho,LSO,1953076,..,28.5739007299318,2275.01614419256,853.960500629797,4443279430.83502,0,23.9324455594457,14.8668686738444,30.9887606644747,2.0492596155836,1.6309558178279,..
2005,YR2005,Liberia,LBR,3301015,..,..,1335.61728880785,539.665378841936,4408892704.61405,0,112.615784826032,..,..,0.685063559322034,8.72519614731938,46.0320252897787
2005,YR2005,Libya,LBY,5858798,90.8608896854615,..,20649.4624580172,12628.896152656,120981029350.106,61.0171738102836,6.09067034005038,..,..,1.52811115994456,2.19289483627204,0.270414777497901
2005,YR2005,Liechtenstein,LIE,34753,..,..,..,..,..,..,..,..,..,..,-7.29505539672812,..
2005,YR2005,Lithuania,LTU,3322528,117.449691165186,19.7489313816046,23944.7019948719,9692.86853763267,79556942829.6177,0.199035520535653,19.8899120640186,..,33.2487834370484,1.16311841256451,4.9513140342573,2.0974064113215
2005,YR2005,Luxembourg,LUX,465158,284.077476869478,25.3355554538416,124866.858810412,101222.044353044,58082818310.5338,0,183.452042833571,..,32.3768992653436,0.58477615707441,12.329408958379,21.7959178041266
2005,YR2005,"Macao SAR, China",MAC,473500,136.372221937073,20.9803418364728,87185.5254441553,49470.940295748,41282346297.8075,0,76.4071401587417,..,79.00239324852,..,14.5971664934488,0.53684753600616
2005,YR2005,Madagascar,MDG,19159707,59.1300849357677,8.69015551764536,1648.17631554009,450.955230911228,31578575290.0876,0,20.4083205616558,29.1377366328408,17.6547385911815,1.07194154854732,1.45800803699285,0.5962769581449
2005,YR2005,Malawi,MWI,12840031,..,..,1214.7426419188,410.267979592536,15597333179.2593,0.0685179503607441,4.2607194199783,..,..,0.742373659905014,2.62567004771803,0.0567529598061011
2005,YR2005,Malaysia,MYS,25836071,203.854644595624,14.8263910607125,20767.5857243346,7234.02442689141,536552819272.496,7.08944062793991,29.0560412879003,5.14566851358852,20.3004618872468,2.17392904054248,2.73438734940078,2.04209134253746
2005,YR2005,Maldives,MDV,306429,..,11.5693738822473,13942.8753891662,7141.88377049891,4272501362.6268,0,46.0690547944582,27.2111666921514,8.54540291399987,..,4.55499673617996,..
2005,YR2005,Mali,MLI,13538647,44.9124085077551,11.184927584379,2546.33281406377,794.373328211361,34473901114.126,0,11.6381316088396,12.3524148299977,39.5940600625656,1.38431204093435,2.15749775651619,-0.870300538630186
2005,YR2005,Malta,MLT,403834,157.548497842721,25.3412023866198,32775.7490182242,18123.2685184554,13235961829.0255,0.0107363531671732,115.987696365341,0.716959643476108,37.1075018568953,0.822526574900827,341.007650630542,171.593652413601
2005,YR2005,Marshall Islands,MHL,51906,124.701014492754,..,4075.1586476742,3284.78403267445,211525184.766177,..,43.1302527077183,..,..,..,2.37653794315156,..
2005,YR2005,Mauritania,MRT,2939059,88.2350995596491,..,5445.82951227718,1418.53202144135,16005614240.5239,0,..,..,..,3.05155577623304,27.6520361298831,0.0689028115228533
2005,YR2005,Mauritius,MUS,1228254,121.608743996836,17.0271316668288,15387.9807842254,6556.38819193225,18900348950.148,0,42.8194423965271,19.5958397655749,48.7958083331432,0.160674051849869,0.635284471239675,0.714166328766065
2005,YR2005,Mexico,MEX,105811504,52.5626446517886,..,20277.2552818503,9491.51730225718,2145566878364.52,5.19854636227176,4.99177131260458,..,..,0.340404650226474,2.74220134218643,0.635899688134334
2005,YR2005,"Micronesia, Fed. Sts.",FSM,111412,94.3453577773088,..,3685.99439466343,2824.41492288117,410664007.498242,..,..,..,..,..,..,..
2005,YR2005,Moldova,MDA,2888985,143.023568469138,18.4853394242006,8161.47344724765,1919.44550763748,23578374366.9967,0.0375729585706165,29.1726895848826,5.50271520838019,47.2550689245204,0.400235101204801,6.38146310288962,-0.00535413789440136
2005,YR2005,Monaco,MCO,32210,..,..,..,132253.218402608,..,..,..,..,..,..,..,..
2005,YR2005,Mongolia,MNG,2536407,122.381459889773,..,7499.84803935428,2060.26168223171,19022667065.9545,0.305156747819831,32.3077960418058,..,..,1.01728588491723,7.43499550055971,0.0911442791348862
2005,YR2005,Montenegro,MNE,614261,104.625139256659,..,16348.9675325821,4967.68527082416,10042533145.5314,0,..,..,..,2.69436332580307,..,..
2005,YR2005,Morocco,MAR,30358144,61.4938276863235,18.9900493074434,6103.42236328125,2342.15478515625,187355793839.854,0.00402070243000557,19.039815430242,9.96285779656392,38.4108424819075,3.25799678207968,2.42635467647837,0.107643209553833
2005,YR2005,Mozambique,MOZ,20304569,72.0092609780982,..,970.38995609863,391.699758163976,19703349820.5116,0.232148890251788,11.1692132906856,..,..,0.701900109021606,1.380320098608,0.16418141405196
2005,YR2005,Myanmar,MMR,47438365,..,3.88177835640941,2377.90258162976,522.099544791815,112803810601.795,2.91494528517854,6.48925437322285,2.25103534447625,30.7273401713657,1.66965386990714,1.95966396539679,..
2005,YR2005,Namibia,NAM,1966582,80.6803802939816,25.7290098785268,9245.1365329555,3627.75059772278,18181319093.2527,0,10.7386834305437,29.7651242875072,26.1972766455185,2.6452053014553,5.37845791807398,-0.14333120418871
2005,YR2005,Nauru,NRU,10049,..,..,7208.83070771819,4955.30929946913,72441539.7818601,..,..,..,..,..,..,..
2005,YR2005,Nepal,NPL,26309458,44.0629474798613,9.17945342137588,2580.23106308364,603.190108570995,67884480784.4944,0,10.0252420269944,19.0422309056202,33.8810180435189,1.68753218051244,0.030156295078659,..
2005,YR2005,Netherlands,NLD,16319868,122.255849523252,20.8877969055651,58422.0135197444,42411.3453838518,953439548936.444,0.0486888872963133,28.1731383237791,..,29.4917666974454,1.39083240225484,30.5011693880359,38.7404927310313
2005,YR2005,New Caledonia,NCL,244381,61.9103270015257,..,..,..,..,0,19.3282989872827,..,..,..,-0.108016656790192,0.490738757033338
2005,YR2005,New Zealand,NZL,4133900,58.0187434407163,30.3129068290198,40848.2981387428,35126.3341641095,168862779675.749,0.278111552185467,16.1652781346813,1.60609994253817,27.2552947515957,1.13990601161353,1.66201517661775,-0.558622277149982
2005,YR2005,Nicaragua,NIC,5342105,71.6457237072991,12.8998034816805,5356.95850970538,1601.48770707458,28617434839.4897,0,15.4856792148606,5.15174115082325,50.6339280592049,0.700404064217207,3.81407422484717,..
2005,YR2005,Niger,NER,13756192,38.3477418070736,..,1233.87551052205,407.190931059924,16973428426.8393,0,8.39464507251507,..,..,0.715211768830327,1.13506754317922,0.342774561699607
2005,YR2005,Nigeria,NGA,145017253,..,..,6496.93228200091,1889.25175325818,942167272462.793,17.695803965512,4.79082285399238,..,..,0.397422937174069,2.83629405374322,0.00833097836586726
2005,YR2005,North Macedonia,MKD,2005330,85.8410034787176,18.4250986522806,13354.5165282625,3657.56307699216,26780212629.6207,0,19.6825221624511,5.33361582821326,39.7683724220739,2.02926330577443,2.32207737874559,0.816451724442575
2005,YR2005,Northern Mariana Islands,MNP,62354,174.552309142319,..,..,21882.2927935415,..,..,..,..,..,..,..,..
2005,YR2005,Norway,NOR,4623291,70.4694504909023,28.2037338316716,84079.996241889,73524.2549197612,388726289905.159,9.62679537974438,19.0215017662434,0.167466219538071,24.7200012420239,1.57588467314326,3.24498545607206,10.2378131200981
2005,YR2005,Oman,OMN,2459802,86.7613020421318,..,41551.1413844552,19629.0451546015,102207580679.766,42.841561539357,11.5030324338578,..,..,7.71403410853305,4.33257156250914,0.657759807799359
2005,YR2005,Pakistan,PAK,175453212,29.8784940550747,..,4042.15457513378,1201.23359367214,709209003607.717,0.913653665209943,7.75160897573321,..,..,3.89701939256291,1.51575083116461,0.0309899079520251
2005,YR2005,Palau,PLW,19819,118.684212734217,..,17507.4363236754,13992.4700518965,346979880.498923,..,53.7512640141588,..,..,..,2.07999540108908,..
2005,YR2005,Panama,PAN,3313026,139.211164757519,..,16867.960935567,7935.87134515908,55883993146.5177,0,30.3610942911778,..,..,..,6.6434443919751,1.12368291599144
2005,YR2005,Papua New Guinea,PNG,6535905,..,..,3136.58568251035,1875.82273480514,20500426045.2478,13.5759956853375,30.217005190168,..,..,0.416637769353025,0.821562762714584,0.168932081141871
2005,YR2005,Paraguay,PRY,5448097,85.0219636540457,8.26476450440432,10290.100822296,4193.28086525675,56061467419.6484,0.0721023170796774,5.82521903619808,8.39479392624729,35.5665737010639,0.721480399782029,0.067986029076693,-0.262630961638732
2005,YR2005,Peru,PER,28101180,47.3573174768394,14.1047421923916,8949.95442691077,3835.13219279722,251504280342.416,1.34041583277284,6.78825992355072,5.68725589094954,40.4858901735599,1.58127268565483,3.39034816926813,..
2005,YR2005,Philippines,PHL,88015962,83.8456745708051,11.9242240624029,5386.81653712891,2037.8776605946,474125839632.91,0.208173196873912,14.0329527293903,17.519617459539,23.2123589995096,1.27788393643261,1.54906009249231,0.739264070390185
2005,YR2005,Poland,POL,38165445,70.3114790902584,16.4279824784832,21568.9476594356,8598.57681241557,823188485604.069,0.0578824280780389,10.7843678717156,..,36.4151301204659,1.92065181170108,3.59641795552772,1.34658018550418
2005,YR2005,Portugal,PRT,10503330,62.944504560452,20.5984024088293,35870.3092741499,19251.71450683,376757695508.457,0.000112305781976638,12.461096185004,..,33.9031236066213,1.59379180313443,1.70741232717781,1.38694089649642
2005,YR2005,Puerto Rico (US),PRI,3821362,113.744794728395,..,42555.7081189669,29815.216422231,162620765888.912,0,..,..,..,..,..,..
2005,YR2005,Qatar,QAT,825408,94.7455441696331,..,107784.417294658,60416.7101500199,88966120310.349,38.1771562134119,..,..,..,1.99301626863922,5.61413033419499,0.790276424971158
2005,YR2005,Romania,ROU,21319685,59.3605494490555,17.4680569291356,20571.0108222199,6328.09022324183,438567470861.32,1.19701667171786,15.4041779287488,2.45427876471549,37.4223807488593,2.00699360911993,6.60067175776297,0.335579083069027
2005,YR2005,Russian Federation,RUS,143518814,56.7132484905422,16.6229096832565,27656.658203125,7323.38525390625,3969250900657.58,13.686863716874,9.07262183068922,24.1862871187193,23.6225421387301,3.33123723441659,2.02980703784767,2.34021939600744
2005,YR2005,Rwanda,RWA,9054528,34.2165383418652,..,1360.29587570276,446.029809636404,12316837094.8351,0,..,..,..,1.74305555555556,0.271318643761601,..
2005,YR2005,Samoa,WSM,186978,76.2247442670718,..,5914.889706043,3755.78242822467,1105954247.45651,0,41.642763802877,..,..,..,0.78935616966683,..
2005,YR2005,San Marino,SMR,29836,..,16.9350938857939,81632.1748989576,59049.5774485922,2435577570.2853,..,..,1.69123493078861,25.7711866575146,..,..,..
2005,YR2005,Sao Tome and Principe,STP,161639,..,..,4371.49721644128,1089.14778798762,706604438.568351,0,14.81647354992,..,..,..,11.4796071529221,10.6653413512865
2005,YR2005,Saudi Arabia,SAU,20559890,81.9540759410158,..,54931.7942450845,21838.1915349374,1129391647181.57,48.8606315090549,15.0275635529857,..,..,7.73059887481948,1.33515850333851,-0.10651740954789
2005,YR2005,Senegal,SEN,11235472,54.9032435689485,..,3301.82076160815,1119.0505307548,37097514716.067,0,14.2864158350137,..,..,1.13046452910055,1.52551294776184,1.05002839261529
2005,YR2005,Serbia,SRB,7440769,71.9925488520017,..,15077.621172828,4809.1384076488,112189096216.522,0.519958421629116,..,..,..,2.22169563091897,..,0.093973185073295
2005,YR2005,Seychelles,SYC,82858,171.101735954764,25.6585988973099,19917.1194534221,11297.3118190493,1650292683.67165,0,62.3692491221523,16.5355871197714,35.6072662400383,1.60235235107661,8.25542388019619,0.259745072118034
2005,YR2005,Sierra Leone,SLE,5501712,47.547983989225,..,2296.65767887048,842.906030904902,12635549111.7339,0,6.66013735739519,..,..,0.859492175206273,3.56470945553037,-0.296628029298429
2005,YR2005,Singapore,SGP,4265762,420.430512920559,11.5770274018324,81841.1587801054,41798.4880834671,349114905160.14,0.000219094740218199,78.7562932412752,0.0620748519256136,23.4073920802835,4.27504313120819,15.1133588478775,9.82140799242901
2005,YR2005,Sint Maarten (Dutch part),SXM,32057,..,..,..,..,..,..,..,..,..,..,..,..
2005,YR2005,Slovak Republic,SVK,5372807,148.705461161746,18.0805131747428,23266.7570493442,11412.1593630008,125007795142.016,0.0123977111611511,19.1569833463665,..,35.7237616528829,1.68609625574848,6.27282057947455,1.62157683050311
2005,YR2005,Slovenia,SVN,2000474,121.127284217914,23.6688040048522,35558.3777419198,19102.2776603905,71133610154.8893,4.19073137576575E-05,19.198320153481,..,31.3201779326292,1.43040814614095,2.70057223244549,2.94676160468635
2005,YR2005,Solomon Islands,SLB,483080,66.5710765635257,..,2287.27362263512,1755.74082446273,1104936141.62258,0,17.979907915626,..,..,..,0.099144118861877,-2.97644735435593
2005,YR2005,"Somalia, Fed. Rep.",SOM,10644228,..,..,830.807245939909,275.457040798093,8843301749.83646,..,..,..,..,..,0.51246502261239,..
2005,YR2005,South Africa,ZAF,49490033,47.4277813970329,22.9721111805983,12861.5633089114,5406.07581377638,636519192589.613,0.868907024012435,8.30127079432218,3.82982229320354,35.1911002949105,1.23481125272958,2.25781874505445,0.314820900901202
2005,YR2005,South Sudan,SSD,7590143,..,..,..,..,..,..,..,..,..,..,..,..
2005,YR2005,Spain,ESP,43653155,54.6991667043772,15.4578816147015,43570.7652574033,26294.447384391,1902001369250.04,0.00327446558405552,13.2019081263741,..,25.3708656076087,1.38717775355122,2.44941913037175,3.9809017687463
2005,YR2005,Sri Lanka,LKA,20216524,73.6039729580533,13.7325290221471,7452.74234124518,2268.6880127005,150668544407.599,0,14.868740961284,13.6691833997482,55.2828353629698,2.6395333951407,1.11612854301768,0.157339706504695
2005,YR2005,St. Kitts and Nevis,KNA,46437,..,20.6618133270161,22612.7126559455,16000.5658929826,1050066537.60414,0,81.8435924957106,40.9951037026446,20.3851087918275,..,9.90185105493234,0.00290665931692941
2005,YR2005,St. Lucia,LCA,165450,..,17.6395305283757,19491.2182260584,9527.58469430542,3224822055.50136,0,61.5846907128038,52.9493455295761,15.404779396593,..,10.1698606969307,1.0780904571931
2005,YR2005,St. Martin (French part),MAF,33928,..,..,..,..,..,..,..,..,..,..,..,..
2005,YR2005,St. Vincent and the Grenadines,VCT,112450,..,19.7244699900457,12320.0710011077,6244.35953746008,1385391984.07456,0,47.567707920423,40.829634375143,20.9525008008054,..,6.88174169420403,0.0304110041007198
2005,YR2005,Sudan,SDN,31262444,35.8715914021946,..,4152.32275390625,1290.24438476563,161328474716.694,12.4599426156015,4.68987351156682,..,..,3.31128145892401,4.4387993666553,..
2005,YR2005,Suriname,SUR,519313,..,..,19220.2839696605,7261.8171350196,9981343329.13633,8.63608457094893,31.1696642784242,..,..,..,1.56127119820371,..
2005,YR2005,Sweden,SWE,9029572,84.167923018031,29.2399680642487,53661.3178643623,46189.6828420555,484538733271.146,0.00451845572642441,19.7370465296311,..,35.1597342920407,1.4088832755238,5.30592267942897,9.77240684607582
2005,YR2005,Switzerland,CHE,7437115,102.261172141836,9.12616072877187,69692.5954827493,76282.9840696619,518311847253.687,0.000317765513572658,31.421456433397,1.07847144469188,33.4574415762001,0.83306403652778,0.637104289050494,12.9179460077151
2005,YR2005,Syrian Arab Republic,SYR,18814091,80.1330024866606,..,8828.94590461523,1411.63184941498,166108591683.508,5.29082341663287,18.2577577039347,..,..,5.02641990387935,1.73256383601582,..
2005,YR2005,Tajikistan,TJK,6924720,126.994699303416,..,1965.30020458256,618.333702588577,13609153632.677,0.134517641366481,17.2242272301078,..,..,..,2.35601238535648,..
2005,YR2005,Tanzania,TZA,39182076,36.9592732894013,..,2253.09326171875,680.051208496094,85751141168.8186,0,13.4625351766274,..,..,0.823941300163293,5.08562696835774,..
2005,YR2005,Thailand,THA,66017420,137.853866832247,16.0618602673273,14458.2551810694,4372.25730206261,954496704755.838,1.3590750714862,24.6799190728199,7.43917282862075,40.1246298228413,0.986191840708362,4.33958708070528,0.291274103010154
2005,YR2005,Timor-Leste,TLS,948311,74.6712693208544,..,3263.94469592966,964.026656178075,3095234658.54175,..,..,..,..,1.7802292883409,0.196422873807942,..
2005,YR2005,Togo,TGO,5844631,61.4542800128481,9.11892325370142,2004.25858232153,630.248678309054,11714151842.2525,0,13.277438240798,21.6905660549714,48.3064009153517,1.45744020230587,2.97971035930976,0.127356162097539
2005,YR2005,Tonga,TON,105671,76.2080494394572,..,5828.37054398018,3880.07037654517,615889743.752929,0,25.0853967384596,..,..,..,2.29371409620501,1.74943985418773
2005,YR2005,Trinidad and Tobago,TTO,1294494,..,26.3787007953218,29536.4394101096,15075.4179709902,38234743597.7504,11.8042199194259,9.01930242306125,4.7740932138865,14.8678902946751,0.604538000333575,5.87959659171048,2.13359842265965
2005,YR2005,Tunisia,TUN,10255472,90.2512478803945,18.8775047168685,10529.1598956845,3301.93817216029,107981504493.715,3.79249223607583,18.5400348823174,6.67035679285688,36.2908787339843,1.45160141621028,2.20844919497596,0.0382126879613814
2005,YR2005,Turkiye,TUR,69329557,46.3088308846211,..,17902.5966004487,7623.14640948457,1241179091458.81,0.098246344839956,7.8242943441164,..,..,2.38609105306995,1.97338571270823,0.209319349847628
2005,YR2005,Turkmenistan,TKM,5052257,53.9723419741336,..,5945.95239804804,2622.61796328876,30040479624.705,24.9081038011301,..,..,..,..,5.16047701696434,..
2005,YR2005,Turks and Caicos Islands,TCA,23988,..,..,..,..,..,0,..,..,..,..,..,..
2005,YR2005,Tuvalu,TUV,9940,..,..,3488.53634577403,2864.90524160208,34676051.2769938,..,51.5254982407975,..,..,..,-0.049835027314228,..
2005,YR2005,Uganda,UGA,27963289,38.9942854839061,..,1765.03788457066,604.404813057618,49356264462.1979,0,12.2846721016709,..,..,1.68432268847927,4.11082611076276,..
2005,YR2005,Ukraine,UKR,47585556,94.6475701087848,16.5287705679768,15610.5732421875,2122.6015625,742837814816.739,0.781757652119267,20.1896337162849,4.89724862124637,27.9572741183733,2.79248933066336,8.7495509827803,0.308161695730607
2005,YR2005,United Arab Emirates,ARE,4664790,119.552871642254,..,92750.9148604289,55363.5661047143,432663540131.78,23.9417369873026,..,..,..,3.65647067832081,6.03481604123485,2.07637724205889
2005,YR2005,United Kingdom,GBR,60401206,52.5442740383211,25.4063961563486,47529.9377511933,43320.5628684438,2870865561277,0.720225579643724,16.9450740939579,..,32.0155490189411,2.42271607573388,9.90268786448172,6.26765055071042
2005,YR2005,United States,USA,295516599,25.6385530316517,10.6817311353578,59604.7536374577,52393.4513113092,17614194079174.4,0.350823193456479,5.29719647484796,1.0834129485699,3.16777768783155,4.08923187524508,1.09166213272067,0.403329983855397
2005,YR2005,Uruguay,URY,3285771,58.8776963255774,17.8969219665738,18811.3195971021,11131.3984890038,61809688403.8897,0.00222946780219908,12.9630796094745,5.07813687154161,50.6514823249547,2.00038586601038,4.76089085880271,0.0891913013031145
2005,YR2005,Uzbekistan,UZB,26356975,69.5252584247083,..,4160.95512970703,1549.04577531643,109670190329.81,5.37160292421135,16.7942384170707,..,..,..,1.49216056466347,0.0178146825025187
2005,YR2005,Vanuatu,VUT,210760,100.173820339297,..,3089.43704035765,2626.85057870874,651129750.625778,0,53.8297155420903,..,..,..,3.35516527658254,0.194715001651679
2005,YR2005,"Venezuela, RB",VEN,26785804,60.1273297561422,..,..,3884.70081071301,..,28.0538745861065,4.59819911955078,..,..,1.83171374924625,1.68369269808689,0.706463711687072
2005,YR2005,Viet Nam,VNM,81088313,130.714846045026,..,5776.36304451268,1609.96268313651,468395534555.077,9.04473557257388,15.0052255234093,..,..,1.78096085234042,3.39040363930871,0.112782106732378
2005,YR2005,Virgin Islands (U.S.),VIR,108453,503.206865401987,..,57838.0977142823,46021.5905731819,6272715211.40706,0,..,..,..,..,..,..
2005,YR2005,West Bank and Gaza,PSE,3320396,83.8363540589578,..,4885.07252184444,2632.24627423958,16220375261.2422,0,13.3162157843321,..,..,..,0.707064400959869,0.627869812697659
2005,YR2005,"Yemen, Rep.",YEM,22790085,76.773285677642,..,..,2237.63762643152,..,41.093106599265,9.64363414742048,..,..,4.8683170115889,-1.80531053584597,0.141289817024212
2005,YR2005,Zambia,ZMB,11718819,62.200282191364,14.7947685977708,2564.47560965912,929.079255855905,30052625499.5098,0,11.5425716678569,9.3555096496193,29.5081289644327,1.84832294449392,4.28403218909524,..
2005,YR2005,Zimbabwe,ZWE,12483432,76.043068640646,..,4004.66443720945,1088.63148420699,49991956184.7225,0,..,..,..,1.45257572407694,1.78526462032736,0.019103026092997
2006,YR2006,Afghanistan,AFG,25424094,..,6.96759757536323,1929.72389709372,367.75831169358,49061481753.757,0.0214070372585048,..,11.1855199826385,5.75861698184572,1.89623399634252,3.41377297323201,..
2006,YR2006,Albania,ALB,2992547,72.2019089483674,..,9564.02920336839,2894.36032580174,28620806900.4525,1.19244921679704,35.1816307357842,..,..,1.56776908873068,3.55321913781567,0.11474747520942
2006,YR2006,Algeria,DZA,33623506,65.9152919677621,..,13920.6940553701,4279.61547120827,468062540094.901,29.5343935472454,6.01295411662635,..,..,2.51370691443586,1.49572335207526,0.0641836745322902
2006,YR2006,American Samoa,ASM,56374,229.817444219067,..,..,12794.7565021718,..,0,..,..,..,..,..,..
2006,YR2006,Andorra,AND,79585,..,..,66390.293726491,41322.0723316534,5283671526.22279,..,..,..,..,..,..,..
2006,YR2006,Angola,AGO,20015279,84.6246041171541,20.8842752142441,9588.82238860962,3065.05576243895,191922955389.468,40.2786520912475,15.3364991514726,2.25396229840995,3.55199826155955,3.76149530543532,-0.0643009490167298,0.324932981140351
2006,YR2006,Antigua and Barbuda,ATG,80604,..,..,30827.3416754916,19259.6486517907,2484807048.41132,0,90.729590588275,..,..,..,22.1475235171357,1.77347787240773
2006,YR2006,Argentina,ARG,39622115,40.4334798719151,12.8788866954319,24877.2493922296,11870.2791559298,985689236302.599,4.49089064691066,7.13157161999355,14.6467260754154,35.8916892994696,0.788233877461469,2.38106854489628,1.04865387216475
2006,YR2006,Armenia,ARM,3127100,61.0301379818566,14.3959865593942,9525.23146779778,2551.43546358452,29786351322.9505,0,19.9823122062201,3.1606855790832,30.1708626020121,2.94761315625864,7.30731450469503,0.354408898955372
2006,YR2006,Aruba,ABW,99405,141.042626734626,..,38566.8026759098,28885.9118700469,3833733019.99881,0.00152577280324417,83.587522357232,..,..,..,8.92046662114826,-0.519181903365968
2006,YR2006,Australia,AUS,20450966,41.4878923489153,24.4695693337421,50693.7248649798,51682.8925230537,1036735643627.06,0.865992075121712,9.56491441545293,1.85435129222441,23.6278690348178,1.8177309027711,4.0750646338694,3.21225338051937
2006,YR2006,Austria,AUT,8268641,98.7857253161241,25.1943406740954,58460.2370782474,42120.1557002022,483386713174.917,0.0662743642127353,24.2046486659325,0.000164317872405269,27.1082545169686,0.791400408855326,3.14473468828869,4.81807727912234
2006,YR2006,Azerbaijan,AZE,8484550,105.262399846369,..,13371.6585214534,3556.83212858133,113452505308.198,39.5813073807196,18.6060343041523,..,..,3.41775933255807,21.380140470442,27.5257859419242
2006,YR2006,"Bahamas, The",BHS,348375,87.5507143032777,11.2483316531019,35789.1322131898,33541.850748701,12468038934.77,0,39.8037817502274,58.5770637394288,26.1249891642112,..,6.94760136713467,3.27239902628538
2006,YR2006,Bahrain,BHR,960424,147.104181068989,1.16617489174005,52691.9323366851,23095.0181330228,50606596422.5285,20.3670614713082,27.3848979532293,3.72810593952836,0.161997020994379,3.10294772848129,15.7508650085886,5.29622193253892
2006,YR2006,Bangladesh,BGD,146405973,38.1119244325921,7.04330405780911,3407.4273502159,779.419570444998,498867716635.171,0.101110752410513,5.83865016116514,30.9152052616097,28.6058785435156,0.989838836982973,0.635863899506714,0.0050070098985045
2006,YR2006,Barbados,BRB,270002,..,25.285724436025,23766.6070131111,23487.4418767503,6417031426.75402,0.381788552150649,45.2428060336709,8.13005823323381,44.4510228873025,..,8.11575176366603,1.05393657194987
2006,YR2006,Belarus,BLR,9604924,124.295103889386,22.2230966228065,18349.8719060634,4291.68647163264,176249125067.474,1.21065194701197,11.8624872595153,7.02472937601199,38.3240369192554,1.70941249195756,0.966130137383779,0.00811646713007933
2006,YR2006,Belgium,BEL,10547958,149.567509299511,25.2877504793919,55367.6227467907,39371.0858277448,584015359292.993,0.00153504351379629,28.1338626325322,..,25.353774214791,1.05612306878486,14.4078713936675,12.2791987723086
2006,YR2006,Belize,BLZ,287878,98.8810743235728,16.6753004203618,12912.5300233774,6435.58767337678,3717233318.06985,2.1564696584244,32.6443341666481,27.5337078561175,34.964822031864,0.770603665352675,6.84256959940517,0.0359418851025214
2006,YR2006,Benin,BEN,8693242,39.7746987128551,..,2652.21841967159,900.62053578735,23056376559.0627,0,8.15410362632309,..,..,0.665723323947751,-0.175764667500161,-0.957358223768878
2006,YR2006,Bermuda,BMU,62834,..,..,115170.899920201,128662.931924261,7236648325.58591,0,39.9451497395833,..,..,..,-1.43505859375,1.8212890625
2006,YR2006,Bhutan,BTN,670799,108.157794891125,8.59855405734501,7140.85609148376,1701.11878173586,4790079125.31122,0,12.3284566361114,1.2885877287793,12.2875128341468,..,0.649361841531609,..
2006,YR2006,Bolivia,BOL,9521689,74.537848431547,16.8161681591928,8263.31896895542,2221.42722587103,78680753330.1942,6.90511113358437,13.2048083418129,2.09976063281593,33.1154135543005,1.46622698404757,2.45168756123775,0.0261966523788501
2006,YR2006,Bosnia and Herzegovina,BIH,4063272,79.8299477752016,21.6899552075396,10430.4552500579,3419.75887457192,42381776764.8134,0,12.4872049566377,0.0261402378867419,50.6008419806965,1.38653346855639,6.57577358932059,0.636081767771603
2006,YR2006,Botswana,BWA,1874516,86.612433913524,27.5264402404069,15275.5828811117,5865.00026521361,28634324519.9699,0,13.6358919618051,24.1582062782891,8.82886688656002,2.75454609516549,4.90881469396689,0.502140438805279
2006,YR2006,Brazil,BRA,186653106,26.0416998879446,..,15657.4795714009,7622.03919432148,2922517194133.53,2.44556560201409,4.26012213677586,..,..,1.48108495636286,1.753125434984,2.60000669493583
2006,YR2006,British Virgin Islands,VGB,24493,..,..,..,..,..,..,..,..,..,..,..,..
2006,YR2006,Brunei Darussalam,BRN,364663,81.5709547429689,..,102248.510300567,38229.3565684183,37286248511.7355,30.500356671909,15.4856402235712,..,..,2.3039631946555,0.694676100917879,0.13805623038032
2006,YR2006,Bulgaria,BGR,7601022,111.04746275381,21.812020406639,19024.6223691232,5629.80127993005,144606573169.397,0.0372114671373268,27.1731138897549,2.56403808647251,45.0834976880766,2.08176190777138,22.9038783511231,0.848503861045263
2006,YR2006,Burkina Faso,BFA,14373707,35.1065423554549,10.7784082619188,1714.76034904509,514.113131757062,24647462832.3919,0,6.43904199369796,13.6787552159617,34.2401608839403,1.11032179719724,1.28064578676022,0.753243663871182
2006,YR2006,Burundi,BDI,7865547,..,..,998.069458519996,255.105582251925,7850362235.25358,0,18.5897396747843,..,..,3.51171845179021,0.00248110542789525,..
2006,YR2006,Cabo Verde,CPV,490728,117.816697232822,22.7417663403995,5941.38218091511,2683.83943856892,2915602594.87611,0,58.2660938149224,16.0778852927195,34.8945670241116,0.564741208222978,11.8764317277784,-0.0223706454981438
2006,YR2006,Cambodia,KHM,13639028,140.348734318483,7.1250108273585,3041.10471220153,947.065220050691,41477712320.6486,0,25.490788764239,21.5640072623679,40.2755640302163,0.908700457988102,5.78657071926189,0.100374707170588
2006,YR2006,Cameroon,CMR,17550407,47.1044341803567,..,4241.51744722821,1277.32990712342,74440357496.4561,6.18342969188823,11.9750046686764,..,..,1.22979394296967,0.282739555044298,-0.025402346140704
2006,YR2006,Canada,CAN,32571193,68.0521644769988,13.3482206693421,53195.781842155,41663.5123057295,1732650077166.73,1.79784487204702,10.5602029300841,1.26429385395734,16.0946728545289,1.12252472932052,4.87410128955104,3.81669247246355
2006,YR2006,Cayman Islands,CYM,48232,..,..,92213.0768210996,96066.629965728,4447621121.23528,0,..,..,..,..,590.934129587437,133.279709010807
2006,YR2006,Central African Republic,CAF,4377579,36.3958702287378,..,1251.87082171335,439.294330902768,5480163419.84512,0,..,..,..,..,2.37163652036171,..
2006,YR2006,Chad,TCD,10706424,77.0815766029615,..,2596.03235458563,914.210664598894,27794223105.9121,30.8512410137952,..,..,..,2.17784149012173,-2.86740171976294,..
2006,YR2006,Channel Islands,CHI,154214,..,..,..,..,..,..,..,..,..,..,..,..
2006,YR2006,Chile,CHL,16509195,73.7116350448521,19.6120173267628,21968.5375355854,10611.6144012877,362682870039.799,0.0305200002965691,10.5459824383724,1.56522606051543,34.3651861821445,2.50608218939499,3.0910197191962,1.31762579028533
2006,YR2006,China,CHN,1311020000,63.5695798621627,8.9294828249282,7057.09993331646,3883.35412942474,9251999154576.55,2.2255244607283,6.9822413702412,5.03133992297594,56.7895921897956,1.8695916362794,4.44499743873593,0.857324433478769
2006,YR2006,Colombia,COL,42691084,39.6413559606293,..,12636.6246577724,4694.03442939175,539471204741.433,5.14627956079988,5.99453986935489,..,..,3.29582499135229,4.17238510059526,0.783567289473611
2006,YR2006,Comoros,COM,604753,35.7572745739842,..,3048.69236655028,1227.24636392125,1843705854.74838,0,14.7893367363173,..,..,..,0.11306053010776,..
2006,YR2006,"Congo, Dem. Rep.",COD,60615908,44.7667089929736,6.37306348181425,1036.13329616563,358.454382275579,62806160556.1124,2.58333183654341,8.6456739194367,13.4576910909569,12.0397065328691,1.3246033223691,1.65396062655392,0.118832001283062
2006,YR2006,"Congo, Rep.",COG,3837409,125.600762974491,5.29500881987698,8192.57979719023,2226.0233547376,31438279446.956,50.1208093428642,33.3777627243812,2.44061531771484,5.1584497472414,1.56934291857187,18.4459801245354,..
2006,YR2006,Costa Rica,CRI,4321340,89.8145546136931,13.8416637384782,16620.1356432064,9160.29437453236,71821256960.4137,0.145655110180747,23.1346422477393,4.95280470254496,37.1512697781813,..,7.92850433097117,0.963845193780757
2006,YR2006,Cote d'Ivoire,CIV,20546802,63.690377061452,10.3299160766247,4049.26032962496,1437.77453798586,83199350239.2588,3.70627347527892,13.2180511020782,47.1631158187929,18.4126303949007,1.08657956101875,1.38823180058485,0.125848815331409
2006,YR2006,Croatia,HRV,4311159,83.5170835916925,21.4560642659971,29035.5295382035,12104.0421469867,125176784488.392,0.419644384243852,28.4543706519584,1.49153501666112,47.8591056053542,1.66641016588365,6.74944057100655,0.541796595669448
2006,YR2006,Cuba,CUB,11278550,37.1880142882062,..,..,5799.41163668615,..,1.4879931750339,..,..,..,..,..,..
2006,YR2006,Curacao,CUW,141239,144.555511068893,..,33334.856514074,20913.6629896021,4708181799.19129,..,..,..,..,..,..,..
2006,YR2006,Cyprus,CYP,1054418,109.806498040343,24.31188563645,42595.37890625,26395.50390625,31987639067.0659,0.00127433498559614,47.6002481589448,0.0244490807145651,35.0942104576868,1.8999978625024,9.32556556614527,4.47266299458608
2006,YR2006,Czechia,CZE,10238905,127.051015055016,14.2247635579556,37786.8781740905,16107.3042502688,386896255871.086,0.0436075630517138,18.1148709115036,..,26.5223642758531,1.56811468416419,4.56488300562003,1.97734948714015
2006,YR2006,Denmark,DNK,5437272,97.4298607727841,31.8928909651121,63262.7404572232,53823.1590295482,343976727331.327,1.5417001087756,35.4370017017314,..,40.9064997850641,1.37505574678224,0.841695783435792,2.82281947339076
2006,YR2006,Djibouti,DJI,855764,..,..,..,..,..,0,44.3148303999413,..,..,4.58763424043374,14.0839401368509,..
2006,YR2006,Dominica,DMA,68806,..,..,15727.7053232323,7698.53701483824,1082160492.47032,0,59.5577870781454,..,..,..,6.28236832373597,0.126014987774596
2006,YR2006,Dominican Republic,DOM,9341183,63.7664826351505,13.9947598952419,12961.9183632133,4904.71715839398,121079651461.836,0,21.6814858507301,13.6593604933289,53.9004743717653,0.683423360678412,4.0356569620282,1.17239174255035
2006,YR2006,Ecuador,ECU,14086131,65.8423556166562,..,10933.4897470283,4706.98056823816,154010568863.797,17.9868791091883,7.41900738765596,..,..,2.07919490158198,0.594056305145447,..
2006,YR2006,"Egypt, Arab Rep.",EGY,82700403,61.5185365063947,15.8295127084345,11211.8320229508,2761.62410769792,927223026666.34,11.7296934107586,25.7886150234742,5.48716992628903,19.9092936752261,2.60621860261331,9.34856726566294,0.138141492633965
2006,YR2006,El Salvador,SLV,6002319,73.4555675070266,15.6701077319907,8404.24674903143,3302.34817354347,50444969942.3996,0.56647035112419,17.1743055733508,5.97367633861801,44.5946754412205,0.888131105901353,1.50707286112592,-0.164376130085894
2006,YR2006,Equatorial Guinea,GNQ,990343,118.532782368937,9.66888288644266,32251.7680082519,10521.9996774827,31940312684.5962,52.3927895781938,..,0.485566113522172,1.37123109904788,..,4.65478286948259,..
2006,YR2006,Eritrea,ERI,2703502,45.2608460537354,..,..,789.402432018085,..,0,..,..,..,..,1.26949256396085,..
2006,YR2006,Estonia,EST,1346810,136.620737662645,19.9559905072248,33304.5935377333,16234.5152041417,44854959622.5546,1.05803169914904,37.4915977336104,..,37.7953414550446,1.38733380120574,10.3265683442585,8.49381425225221
2006,YR2006,Eswatini,SWZ,1084436,..,31.708671650144,7584.72030617794,2823.48728215402,8225143749.95038,0,20.2434110716765,74.0827004991878,2.44584267810735,1.67289344815941,3.764215946629,-0.0191143778437684
2006,YR2006,Ethiopia,ETH,80703490,..,8.26284585481565,1024.72911938972,313.013896721503,82699216239.3769,0,15.1398389735551,48.1324881837834,17.0475946213315,2.30714932404438,3.5682352741624,..
2006,YR2006,Faroe Islands,FRO,48335,97.3947177610908,..,..,..,..,0,22.2343992829384,..,..,..,..,..
2006,YR2006,Fiji,FJI,890365,..,23.3862792496761,9837.08591539941,4295.40679748345,8758597001.06459,0,46.1386817268523,15.9279318696338,42.222429269055,1.60859901711712,18.9830079707872,0.0187831367917383
2006,YR2006,Finland,FIN,5266268,82.0005669294983,21.4247285391152,54653.981203281,44069.3958834717,287822512283.44,0.00235658390019934,14.4132620352078,..,35.0718531336995,1.44270225678265,2.1374386449528,0.829462192228025
2006,YR2006,France,FRA,63622342,57.8692775292673,22.6603947257799,49223.247197008,35645.4162427116,3131698267518.58,0.011867928639494,13.4534687116565,1.25979347701614E-05,23.883164737272,1.97737744775679,3.40646118259263,5.62758510265985
2006,YR2006,French Polynesia,PYF,263223,56.6132574828647,..,..,21545.5997136473,..,0,26.7370028802509,..,..,..,0.521428395296917,0.173753097013762
2006,YR2006,Gabon,GAB,1508337,88.6494092562519,..,19224.1268658969,6724.08148977274,28996461844.5264,33.9084565801093,..,..,..,1.28261921013258,2.59310046782659,0.0133615770003097
2006,YR2006,"Gambia, The",GMB,1715275,50.374468581975,..,2564.68653970519,636.596026908866,4399142704.39283,0,17.659934053422,..,..,0.260242378391835,7.79879790286452,..
2006,YR2006,Georgia,GEO,3880347,89.125374368197,18.5701129087231,9337.98906420101,2554.81253503914,36234637851.3052,0.193175812294926,21.2624603041094,3.70899515365437,47.0403675378883,5.21830695097827,15.1240361672901,-0.169993225039006
2006,YR2006,Germany,DEU,82376451,72.7591934646234,10.9320825330355,53222.0409282226,37459.261328042,4384242846643.73,0.0291731982459974,13.438787200365,..,23.0490523968785,1.17898651377886,2.87049561649648,4.85752917525052
2006,YR2006,Ghana,GHA,23040702,64.5190542439152,12.534618528847,3857.86154847605,1185.26570738595,88887838295.6953,0.439256307347706,13.9605450293791,16.5680831226214,36.5587043726517,0.262213532811969,3.04529018468516,..
2006,YR2006,Gibraltar,GIB,29594,..,..,..,..,..,..,..,..,..,..,..,..
2006,YR2006,Greece,GRC,11020362,51.1047465834807,20.3113525444312,40483.1569225337,23220.5324419197,446139044189.127,0.00941380520220799,19.5779975885713,0.00728164176749718,31.2552336800204,2.82969288184235,2.01112523714783,1.57389537461276
2006,YR2006,Greenland,GRL,56775,89.6938562419079,..,55243.7102798786,38828.8524943222,3136461651.14011,0,..,..,..,..,..,..
2006,YR2006,Grenada,GRD,110135,..,..,13594.355159621,7808.24358323434,1497214305.50486,0,44.1554392673382,..,..,..,14.7018185551416,0.582939986047794
2006,YR2006,Guam,GUM,164839,72.7701746106654,..,..,31242.462900947,..,0,..,..,..,..,..,..
2006,YR2006,Guatemala,GTM,13367459,67.9119237396616,12.0510563506017,9386.00114713774,3388.15003339926,125466985508.317,0.851581475418594,11.0855051034156,9.64075251267073,56.3467056094837,0.43182946456192,2.13587522888421,0.280726556920875
2006,YR2006,Guinea,GIN,9441171,69.3862937148949,..,2478.61319510726,645.472001923653,23401011017.864,0,8.74119112055916,..,..,..,2.96207137841546,..
2006,YR2006,Guinea-Bissau,GNB,1415303,48.7605033860226,..,2065.08370690452,597.257151722046,2922719165.63309,0,6.7744999402008,..,..,..,2.81783767413937,0.105145445127194
2006,YR2006,Guyana,GUY,758966,..,..,8702.33133494001,4076.77981715707,6604773603.95408,0,16.5164311530286,..,..,0.805815134799291,4.30285006670754,..
2006,YR2006,Haiti,HTI,9216562,37.0570704128996,..,3174.97622258076,1305.03813815611,29262365203.9414,0,10.3065438857999,..,..,..,2.10244121995639,..
2006,YR2006,Honduras,HND,7656832,133.13183510432,15.2383560846971,5263.15029099578,2056.53491469231,40299057568.9058,0.00287259146590747,26.2372069403349,5.05032292961229,42.2581676829988,0.692430000775615,6.57287305327357,0.449596982650213
2006,YR2006,"Hong Kong SAR, China",HKG,6857100,359.208661184248,..,50981.7931037524,34458.0498746756,349587253491.741,0,61.046036954912,..,..,..,23.2008118497036,24.5833334511422
2006,YR2006,Hungary,HUN,10071370,149.231531568461,19.8288097717827,28903.0475407078,11734.4544729813,291093285910.058,0.238336091702377,22.8886101966324,-0.0022362921313137,35.2322779295972,1.21974188828371,16.1574876503265,15.8463419797646
2006,YR2006,Iceland,ISL,303782,76.6308537686708,26.5830910024922,59364.2901148281,52306.1284689188,18033802779.6627,0,26.1864652108853,0.960504878854235,40.1828271521346,..,21.9365764797895,31.408804488776
2006,YR2006,India,IND,1172878890,45.7244804992652,11.1293370539779,4129.77837009239,1008.23275343783,4843729870659.97,1.33146821912931,13.6083666091764,15.1687722935812,28.4902742879232,2.68038156022763,2.13016842534495,1.49286739751701
2006,YR2006,Indonesia,IDN,233951652,56.6571268148867,..,7434.48785352221,2244.0802226202,1739310715105.45,4.55289184316296,8.42361923860686,..,..,0.65870277762871,1.34794264068931,0.747661385555764
2006,YR2006,"Iran, Islamic Rep.",IRN,73392747,53.1673587143845,6.21768146921912,14320.6568534545,4778.7934584732,1051032345319.41,31.5582038058527,..,5.44112271704588,2.66840775303424,3.31519380033441,0.872560020177082,0.0558899764535462
2006,YR2006,Iraq,IRQ,28616515,89.6505198581778,..,10568.9137652977,3471.98744698568,302445479298.349,63.5551402676835,8.97523345700697,..,..,1.89757172208062,0.587900739517653,0.468171607187687
2006,YR2006,Ireland,IRL,4273591,150.021785809265,26.818812774603,65087.1804631559,51656.8194855887,278155988642.719,0.000220340993296497,62.630929666516,..,38.7327937291723,0.513151243889595,9.50555829114517,18.4780413300957
2006,YR2006,Isle of Man,IMN,80294,..,..,..,62075.7601604994,..,..,..,..,..,..,..,..
2006,YR2006,Israel,ISR,7053700,78.4352889718463,25.2776912500206,34770.0262786336,30734.9619835354,245257334361.598,0.00183148014420474,21.0517839351795,0.709352437740026,29.4210477759466,5.85587278604162,9.05944013221796,9.71544793978449
2006,YR2006,Italy,ITA,58399861,52.9235429597012,23.2429207619484,52304.2402949819,33873.0493680093,3054560362937.54,0.0777499536900344,10.6632888292812,..,23.7272515449648,1.51434317166841,2.91006549515942,3.01041974515643
2006,YR2006,Jamaica,JAM,2700968,..,24.0143899425756,10522.2367459591,5656.66803579988,28420224739.2598,0.683475577091461,39.1422537685002,9.47659606098632,39.1707222087329,0.608922318763779,7.06060472344707,0.38200882775212
2006,YR2006,Japan,JPN,127854000,30.0163760986692,..,41613.1483821427,33531.518563066,5320407473250.48,0.00214720299585778,5.44917254555697,..,..,0.9029884189667,-0.0520879011005226,1.26372738030238
2006,YR2006,Jordan,JOR,6427371,141.747381831126,24.5548644547277,9977.75903329275,4209.86864014361,64130759055.5738,0.00336695469227265,39.6331753376922,10.4240715597335,46.3374065650233,4.65932400854871,23.5372913427131,-0.917061655769336
2006,YR2006,Kazakhstan,KAZ,16103716,91.4535267973373,..,22574.3429577665,7450.39687062615,363530807878.472,21.1400400879889,14.1820077945385,..,..,0.97899879573514,9.39605595950726,1.13793209028994
2006,YR2006,Kenya,KEN,36904008,55.2364851257303,..,3970.73349887685,1263.54164666211,146535980808.419,0,14.929835590684,..,..,1.45517741016444,0.196219632064752,0.0927675598750006
2006,YR2006,Kiribati,KIR,100017,94.046808140823,..,2264.16158033718,1419.38709899471,226454648.780584,0,37.2624862478386,..,..,..,0.506000711616138,0.00670320586484829
2006,YR2006,"Korea, Dem. People's Rep.",PRK,24524507,..,..,..,..,..,..,..,..,..,..,..,..
2006,YR2006,"Korea, Rep.",KOR,48438292,68.3749509402263,13.2016025810223,34429.6222013137,23162.1860111297,1667712093636.92,0.0186508346760964,11.6021765947295,3.32796012503627,27.9118437997673,2.29892381866626,0.836569086676283,1.14713117288148
2006,YR2006,Kosovo,XKX,1813079,..,..,..,..,..,..,..,..,..,..,..,..
2006,YR2006,Kuwait,KWT,2364733,89.7130931980522,..,79521.3484338455,41137.969927672,188046756846.013,51.0394540758358,18.7899207873497,..,..,3.54264578632145,0.119445435810722,8.0846236028138
2006,YR2006,Kyrgyz Republic,KGZ,5218373,120.749981766273,..,4240.17017797554,837.138026647346,22126789572.1528,0.901919856447568,29.5823771635008,..,..,3.16889818198754,6.422443742837,..
2006,YR2006,Lao PDR,LAO,5963200,81.9613754162421,..,3881.53736632657,1228.08927619923,23146383622.8786,0,7.55051952893092,..,..,0.343162744772127,5.42138961728604,1.70765518559021E-05
2006,YR2006,Latvia,LVA,2218357,105.695342080455,16.4118421285996,26431.8140222767,11507.4648265658,58635199659.0156,0.0177881524248426,24.8617372374219,..,41.7087078821898,1.79995995043083,8.34682590505321,1.03998399890827
2006,YR2006,Lebanon,LBN,4751136,91.0693970298409,15.0082855368253,13003.680803908,6696.37428200596,61782255999.9562,0,92.6467032160404,5.92771197087222,32.3615504391752,4.58143085334009,12.1444381288428,3.97159117066611
2006,YR2006,Lesotho,LSO,1945063,..,33.9197543442405,2381.02024562073,893.750686627156,4631234382.0078,0,23.0996420563267,17.8506137832263,29.7441531957567,2.07422499066906,1.35116866658488,..
2006,YR2006,Liberia,LBR,3490787,..,..,1364.60347323709,551.377446611852,4763540064.53089,0,143.980478426807,..,..,0.351713255184851,9.63866591009294,30.9555344057194
2006,YR2006,Libya,LBY,5980211,97.7381011197381,..,21545.2986384419,13176.7758911904,128845431915.895,60.9295741290035,5.0803545005517,..,..,1.12033540648601,3.43460585952791,0.788761229368328
2006,YR2006,Liechtenstein,LIE,35037,..,..,..,..,..,..,..,..,..,..,1114.93238551093,..
2006,YR2006,Lithuania,LTU,3269909,124.613633047292,20.5300347997554,26129.3392566938,10577.2145522871,85440561599.5165,0.163827335648741,20.7595484136209,..,33.0785207123059,1.16779179996757,7.50221604684683,1.72669960233082
2006,YR2006,Luxembourg,LUX,472637,305.879547488526,23.9298412043057,130284.96750238,105614.178851764,61577496185.4226,0,200.76026203602,..,31.7011531956162,0.52078771268481,75.0860517176911,23.3861484199142
2006,YR2006,"Macao SAR, China",MAC,498900,128.785689078596,21.1344883795184,93828.3198758417,53240.2045750276,46810948786.0574,0,72.587041092145,..,79.5521772029992,..,19.6103756817311,4.42817642481118
2006,YR2006,Madagascar,MDG,19730909,62.1028389370244,9.20188162092675,1686.86335460016,461.540337897729,33283347345.0506,0,22.9293394101811,24.7822831697994,11.9084210111518,0.977431205130634,4.60749200280627,0.17460477394022
2006,YR2006,Malawi,MWI,13198701,..,..,1237.27386519947,417.877689776503,16330407801.8821,0.0748603124282387,3.84608246755389,..,..,0.552309217409022,0.611208219192404,0.101581568487827
2006,YR2006,Malaysia,MYS,26417909,202.577146840398,14.5161969824928,21444.4857715028,7469.8106921211,566518473663.355,7.01882709402704,27.4948105285337,4.07957563292933,16.2030038335257,2.00759740140051,4.72716484834358,4.69450223644798
2006,YR2006,Maldives,MDV,313851,..,11.7564407107925,16829.9768208157,8620.72814678183,5282105055.18982,0,49.7099629303438,27.5853031270988,8.99962324110931,..,4.05198051459747,..
2006,YR2006,Mali,MLI,13990139,49.0190773449704,11.1982873369631,2555.07476259654,797.100532884951,35745851084.1176,0,12.0657415234782,3.75233355710297,15.3467657333034,1.39141541039687,1.8062250031959,0.950313503423625
2006,YR2006,Malta,MLT,405308,182.434055594702,25.8332882769313,33419.4710514467,18479.213008171,13545178972.9198,0.0121328675494815,139.109880976364,..,37.169946332737,0.655773991501952,370.903563703426,220.158955832059
2006,YR2006,Marshall Islands,MHL,51992,112.408519553073,..,4075.57643179743,3285.12078781351,211897369.842012,..,39.7766984495971,..,..,..,1.31058779650038,2.05307262569832
2006,YR2006,Mauritania,MRT,3013660,82.7885012130323,..,6284.70209025296,1637.04191255803,18939955301.3117,11.4339025984773,..,..,..,2.69364721669718,3.94434472704714,0.00145423845078026
2006,YR2006,Mauritius,MUS,1233996,124.782280192468,15.7841226919049,16061.6030030396,6843.39977734988,19819953859.3388,0,41.8644741418557,16.8328412817981,48.7156753114897,0.153856508278369,1.49569053565725,0.134366351935784
2006,YR2006,Mexico,MEX,107253666,54.4821160886169,..,20965.8256074046,9813.8280424425,2248661657110.82,5.53800257872389,4.75574361203022,..,..,0.297483414235144,2.16893035275929,0.654315001031041
2006,YR2006,"Micronesia, Fed. Sts.",FSM,110729,97.351580508194,..,3701.35082122551,2836.18187521481,409846875.083479,..,..,..,..,..,..,..
2006,YR2006,Moldova,MDA,2880967,137.154763819994,19.5712115118202,8577.02858037286,2017.17730062908,24710136298.1111,0.0298150598802193,30.1139399581713,4.14925334270723,50.0331992344647,0.48263447637712,7.58980668418465,-0.0211251771014881
2006,YR2006,Monaco,MCO,32057,..,..,..,140615.178788026,..,..,..,..,..,..,..,..
2006,YR2006,Mongolia,MNG,2567168,112.929983096983,28.7099746786874,8043.99678108557,2209.74321787628,20650291128.5059,0.498974379028602,26.4906903781473,4.72770904157086,33.3772933960522,0.961656696108958,7.18968945819168,1.59341280259768
2006,YR2006,Montenegro,MNE,615025,118.177129375183,..,17727.4395602504,5386.53833750521,10902818515.543,0,..,..,..,2.29071316307389,..,..
2006,YR2006,Morocco,MAR,30771178,64.6721977787154,19.4035909248233,6488.673828125,2489.99291992188,201952346516.979,0.0062368292429596,20.8865881745858,8.73715920454899,37.9186181313904,3.10979654916899,3.24283497739456,0.594159855130484
2006,YR2006,Mozambique,MOZ,20787087,67.3498976872689,..,1041.80471709595,420.526462764726,21656085291.2839,0.36782081784457,12.0429580158531,..,..,0.603997650979439,2.64086218183932,1.45255918794301
2006,YR2006,Myanmar,MMR,47785135,..,..,2669.32700379999,586.085579935448,127554151235.728,3.19885684353995,6.00425389613892,..,..,..,1.90182128285749,..
2006,YR2006,Namibia,NAM,1991888,86.8339693259998,29.0721666101582,9773.29833199798,3834.99894666178,19467315667.9268,0,11.9386719479532,38.1081441492367,19.1644554474384,2.50124939843779,7.62577614409133,2.57958209264178
2006,YR2006,Nauru,NRU,10034,..,..,7829.71497360134,5382.10161869099,78563360.0451158,..,..,..,..,..,..,..
2006,YR2006,Nepal,NPL,26565425,44.7619877569242,8.77975841023477,2641.34799494749,617.477638588722,70168532058.6778,0,9.7143502903733,18.2445286958466,37.0389291814581,1.53003259651123,-0.073509433259411,..
2006,YR2006,Netherlands,NLD,16346101,127.195613539333,21.1017560822819,60391.544265121,43841.1223404104,987166282103.639,0.0474303353534585,27.878890266328,..,28.706869483306,1.38651514016655,50.9095810861305,70.99571327641
2006,YR2006,New Caledonia,NCL,247547,68.0205144787445,..,..,..,..,0,22.4173566607427,..,..,..,10.7332244391213,0.437573556341265
2006,YR2006,New Zealand,NZL,4184600,59.6032650403479,31.9858840492082,41475.1217441795,35665.3533259784,173556794450.693,0.278552388345492,16.0652284313542,1.69831736423654,26.3999749094388,1.24082789303303,2.61132933725814,-0.358491430274874
2006,YR2006,Nicaragua,NIC,5418855,87.309670832079,13.6842084660093,5500.40577576797,1644.37193565251,29805901340.0491,0,15.5714224571116,4.58382456967696,49.4741806177788,0.551255993486822,4.24030000066427,0.310482217621861
2006,YR2006,Niger,NER,14268581,36.5313731842429,..,1260.12046671298,415.852022114801,17980130949.052,0,8.83495751421312,..,..,..,0.847497530197073,-0.236714966172143
2006,YR2006,Nigeria,NGA,149077334,..,..,6702.94533358778,1949.15856804565,999257220279.007,14.8803763188218,6.80309827990363,..,..,0.348375434095589,2.03575267319875,0.134037362839932
2006,YR2006,North Macedonia,MKD,1994287,92.5516664675666,18.0826616861785,14118.2883359902,3866.74650622977,28155918890.7169,0,19.296304776712,5.16376960348772,39.9876670148199,1.83653768735825,6.22985642423446,0.0507608974960068
2006,YR2006,Northern Mariana Islands,MNP,60682,159.69696969697,..,..,20940.1619770428,..,..,..,..,..,..,..,..
2006,YR2006,Norway,NOR,4660677,71.6599299465003,28.7982988676647,85458.5466934023,74729.7365961068,398294683027.366,9.19503274522247,18.3570338328236,0.158676036277941,23.4081339449509,1.44466802794409,3.42386990722308,5.33894089977301
2006,YR2006,Oman,OMN,2514795,86.1457079854133,..,42540.4398485334,20096.3965576134,106980485428.893,40.7520000982427,12.239336391568,..,..,7.09909361868035,3.74867907471091,0.645039123821856
2006,YR2006,Pakistan,PAK,179682690,33.0497193672284,..,4185.86655659206,1243.94142602543,752127762869.498,0.883595451345289,7.39846635805155,..,..,3.64525520437771,2.63975006245443,0.0673374109074499
2006,YR2006,Palau,PLW,19593,126.265837749007,..,17749.7742778468,14186.1538388023,347771327.425852,..,53.6107239998979,..,..,..,17.1907556831123,..
2006,YR2006,Panama,PAN,3375024,141.472571182754,..,18190.2741337857,8557.98017379308,61392611768.1059,0,30.7126770139821,..,..,..,15.7789064426648,2.12757730453347
2006,YR2006,Papua New Guinea,PNG,6747720,..,..,3202.48730426388,1915.2349405788,21609487632.7275,9.32165114223731,21.480074687249,..,..,0.376920047262702,1.53859475240196,1.40874144237331
2006,YR2006,Paraguay,PRY,5505148,84.7335313048126,8.35050418277665,10672.9933252383,4349.31197066239,58756407858.4491,0.093411156274331,5.46328126886021,8.20111252979991,35.3009455610418,0.793455134933818,1.39842122336644,0.548050064109533
2006,YR2006,Peru,PER,28324491,51.7850560338442,15.6699876012416,9547.91327762554,4091.36268615581,270439783700.885,1.43686129313732,6.43455962826009,4.08725349552988,36.6802774306103,1.45621492625964,3.91065680458787,..
2006,YR2006,Philippines,PHL,89508986,80.8505386728775,13.1273014401873,5578.57225112139,2110.42044781284,499332345525.613,0.189561366939243,13.8278828282274,20.3150789696526,25.0788876381687,1.2590953916093,2.12091886479217,0.836888580494012
2006,YR2006,Poland,POL,38141267,77.7008035402352,17.0920694072435,22921.1975887696,9137.65850849801,874243517193.018,0.0615454869644112,11.9824469198556,..,36.8327456351987,1.9136927914289,6.20790606582043,3.12317837419355
2006,YR2006,Portugal,PRT,10522288,68.5470531182009,21.1343208709462,36387.5367379519,19529.3122100477,382880141167.311,0.00980260164171109,14.3177134182142,..,34.243994479202,1.51208523296058,6.41633004151996,4.24048101614522
2006,YR2006,Puerto Rico (US),PRI,3805214,117.728477994388,..,42133.9682748773,29519.7386759729,160328765955.119,0,..,..,..,..,..,..
2006,YR2006,Qatar,QAT,972831,98.570919313572,..,115383.630413612,64676.3189868053,112248772558.905,34.1520126219521,..,..,..,1.75050764857182,5.74881210770224,0.209307678770458
2006,YR2006,Romania,ROU,21193760,61.6836259265159,17.9470572343657,22354.6564902844,6876.77841417966,473779224537.529,1.03069280818371,15.837946541971,2.4190448979968,36.1153532439644,1.84512546001227,9.02006052535516,0.411062577873384
2006,YR2006,Russian Federation,RUS,143049637,54.733401867266,16.5682157586489,30022.671875,7949.89697265625,4294732183706.36,12.4450132664814,8.28255113383436,29.175732429287,20.6079542579568,3.24635723405838,3.7977120943899,3.02981900152203
2006,YR2006,Rwanda,RWA,9299246,33.2214370724059,..,1446.71094686551,474.364599463307,13453320985.7953,0,..,..,..,1.64391043145822,0.923071050017332,..
2006,YR2006,Samoa,WSM,187709,82.4691938417408,..,6017.47704264273,3820.92239453139,1129534598.19742,0,41.8634244522486,..,..,..,4.3862032048739,..
2006,YR2006,San Marino,SMR,30184,..,17.2225010585141,83781.547393613,60604.3508911242,2528862226.52882,..,..,1.87145683090797,24.7867578362309,..,..,..
2006,YR2006,Sao Tome and Principe,STP,165638,..,..,4644.18044669991,1157.0861446542,769252760.83048,0,18.3276630970793,..,..,..,26.6263783885012,2.14951274777923
2006,YR2006,Saudi Arabia,SAU,21459144,89.9446046768984,..,54373.737695386,21616.3355772516,1166813867023.52,49.6700972841917,17.0021097487103,..,..,7.84836521143522,1.58553602335569,-0.0102308268348859
2006,YR2006,Senegal,SEN,11500094,54.1362378092613,..,3301.03152414193,1118.7830430051,37962172824.5955,0,14.0626559018001,..,..,1.27105687032274,2.47770837743402,0.677270834381153
2006,YR2006,Serbia,SRB,7411569,75.529235364472,..,15727.468589842,5016.41289322251,116565218648.946,0.511008373929242,..,..,..,2.11742898352372,..,0.382491127384316
2006,YR2006,Seychelles,SYC,84600,177.56693551462,23.2079124270583,21341.8597526003,12105.4475265558,1805521335.06998,0,66.0141574025654,11.4721835960626,35.1540605446845,1.41343002330889,12.997071189638,0.246965069991321
2006,YR2006,Sierra Leone,SLE,5624466,22.0888664739674,..,2342.75461136539,859.824260714965,13176743657.9679,0,3.79997766047234,..,..,0.890937353042299,1.80375615409317,0.00309798186309829
2006,YR2006,Singapore,SGP,4401365,425.363399543019,11.8310221766032,86463.8283836607,44159.4101820552,380558868013.851,0.00333182989614928,82.9805871682111,0.061515165854351,22.2069748734207,3.92291119365444,26.3271523046735,13.498922467554
2006,YR2006,Sint Maarten (Dutch part),SXM,32428,..,..,..,..,..,..,..,..,..,..,..,..
2006,YR2006,Slovak Republic,SVK,5373054,164.992205726236,16.8065571990021,25342.3099268358,12430.2015488557,136165599721.625,0.0115567670110504,19.142120438241,..,33.0524945369152,1.594347802785,8.05836126241016,0.705355164715397
2006,YR2006,Slovenia,SVN,2006868,130.517913086158,23.4690283641439,37539.459301666,20166.5323431214,75336739609.8158,4.43761975018317E-05,19.4243454442296,..,31.2545393559524,1.55085054600912,1.76264658794015,2.30898857877633
2006,YR2006,Solomon Islands,SLB,491594,69.7893991429226,..,2340.65153178621,1796.71439810674,1150650249.11691,0,18.8824072394178,..,..,..,7.17813029275399,0.768266659932845
2006,YR2006,"Somalia, Fed. Rep.",SOM,10975502,..,..,857.993655901941,284.470789865234,9416911086.33906,..,..,..,..,..,1.90978521507055,..
2006,YR2006,South Africa,ZAF,49998277,53.7681412741145,24.3780853808343,13444.2332126058,5650.9883176549,672188496216.463,0.921713555012485,8.83571392213767,4.22810897794391,34.4261555724734,1.15387200554978,0.205125538574008,1.95116907827083
2006,YR2006,South Sudan,SSD,7976526,..,..,..,..,..,..,..,..,..,..,..,..
2006,YR2006,Spain,ESP,44397319,56.0839263823216,15.8427663944214,44572.6815459931,26899.0921497113,1978907561282.87,0.00291549084293319,13.6599964191384,..,24.5849192436701,1.37000746147478,2.80982337619077,8.52130632384232
2006,YR2006,Sri Lanka,LKA,20352411,71.2611784883009,14.5772591775899,7970.66491021045,2426.34873273046,162222248195.881,0,14.2160846107776,14.5608102776156,51.1322027745774,2.79877359903086,1.6970072277349,0.103652932609199
2006,YR2006,St. Kitts and Nevis,KNA,46569,..,20.8500422433215,23258.9842253211,16457.8622372067,1083147636.38898,0,77.4980642666519,40.8110240774891,24.5377298739456,..,15.5984629925169,-0.0139624139370549
2006,YR2006,St. Lucia,LCA,166639,..,17.6326852295447,20551.0599501307,10045.6504032593,3424608079.02983,0,47.5899075444684,53.017182655215,16.2184067434697,..,22.7795189564418,-0.0821165148629036
2006,YR2006,St. Martin (French part),MAF,34658,..,..,..,..,..,..,..,..,..,..,..,..
2006,YR2006,St. Vincent and the Grenadines,VCT,112014,..,20.8183285638041,13233.4068930431,6707.27875985734,1482326839.71733,0,45.1911562252291,40.7287770341152,24.6643886338849,..,18.6436807370603,0.00908166367117219
2006,YR2006,Sudan,SDN,31992435,36.2025936172703,..,4299.97412109375,1336.1240234375,171865501665.239,12.500471606345,6.18528127053778,..,..,3.64051219402659,4.06910716037147,..
2006,YR2006,Suriname,SUR,524997,98.1681931723564,..,20113.6707547695,7599.35696921481,10559616805.2417,7.84880116051496,19.2622513183458,..,..,..,-6.22149014709964,..
2006,YR2006,Sweden,SWE,9080505,88.3302608918239,29.1533373386808,55855.4978279347,48078.3520110084,507196127304.05,0.00695268926167058,20.316748104813,..,35.4355804519992,1.31996199535912,5.21921287841886,5.11275943914318
2006,YR2006,Switzerland,CHE,7483934,106.245154784945,9.19403806590501,72077.8598470308,78893.8078199046,539425945956.429,0.00063711934471555,31.4497393267444,1.0785921971201,33.1343896804978,0.753808477874928,12.1731323129404,19.3199255289485
2006,YR2006,Syrian Arab Republic,SYR,19637022,74.2052265865927,..,8885.80539630373,1420.72293121298,174490756054.935,5.16369608370094,16.1295154552469,..,..,4.39444682311126,1.95248910452015,..
2006,YR2006,Tajikistan,TJK,7057566,141.153912074728,..,2063.288508243,649.163328755334,14561794823.9665,0.134455288777573,13.6397676782688,..,..,..,11.9647283955266,..
2006,YR2006,Tanzania,TZA,40294902,42.7681664691467,..,2334.1044921875,704.502746582031,91352595553.1122,0,14.916357893039,..,..,0.792124010730679,2.16456512450246,..
2006,YR2006,Thailand,THA,66567687,134.086946191268,15.6369927115112,15051.0606748719,4551.5250018314,1001914296022.88,1.53654839015347,25.8052893743468,6.20693673816874,39.936233100298,0.950123246459469,4.0212567065949,0.469321276304599
2006,YR2006,Timor-Leste,TLS,976597,98.8757187138751,..,3038.95253397881,897.573801807644,2967831927.82611,..,58.6636539991568,..,..,3.76928162185985,1.86827372807191,..
2006,YR2006,Togo,TGO,6010668,61.6128604620733,9.83282482653845,2000.54176015054,629.079905835563,12024592340.4005,0,14.0107312367279,19.1663842143853,45.2802128941031,..,2.75216144371014,-0.01273828598182
2006,YR2006,Tonga,TON,106253,66.3549884749532,..,5670.9141842869,3775.24832512712,602551644.823036,0,22.8494200635471,..,..,..,3.75983551599556,0.230072234708825
2006,YR2006,Trinidad and Tobago,TTO,1297944,..,30.2575876543509,33348.7507470886,17021.2241679562,43284810939.6791,12.247324628027,6.41067478585157,4.55529839027766,13.2087032668259,0.621275873847403,4.80528416565147,2.01422356552741
2006,YR2006,Tunisia,TUN,10346410,93.9409304094309,18.5107154877372,10983.9221903991,3444.5513526091,113644162389.967,4.1077575724331,18.9513115162535,6.24752736384017,35.0364301727548,1.44636242435988,9.42473369729129,0.0961621797346589
2006,YR2006,Turkiye,TUR,70045349,48.9456766641314,..,18972.0089563632,8078.5153787571,1328900988579.59,0.0976756856490614,6.84012520144819,..,..,2.34016133817719,3.60660172381881,0.165097844578082
2006,YR2006,Turkmenistan,TKM,5147105,52.4473010022922,..,6476.82805700551,2856.77457038028,33336914076.3533,19.4762524278938,..,..,..,..,7.11222302125938,..
2006,YR2006,Turks and Caicos Islands,TCA,25123,..,..,..,..,..,0,..,..,..,..,..,..
2006,YR2006,Tuvalu,TUV,10056,..,..,3532.39942573719,2900.92710155819,35521808.6252132,..,59.7142260316559,..,..,..,-0.0439171144323173,..
2006,YR2006,Uganda,UGA,28794003,43.6332857896204,..,1898.97915280479,650.270540867444,54679211422.7984,0,13.2138783959168,..,..,1.50342601664363,6.45705802026041,..
2006,YR2006,Ukraine,UKR,47278694,89.181052639031,17.0921634355012,16901.5078125,2298.13232421875,799081191364.895,0.765715565056406,19.1143114024686,4.25644106462348,31.3173653899759,2.77159181333191,5.00872538573992,-0.118872319111957
2006,YR2006,United Arab Emirates,ARE,5009100,119.470669577786,..,94872.5391985501,56629.9761392644,475226036099.458,25.8820272214672,..,..,..,3.22597447304637,5.76543753223521,4.90362537095926
2006,YR2006,United Kingdom,GBR,60846820,56.7047791729812,25.6651872699719,48215.0486668938,43944.9985799069,2933732387525.73,0.708171759768897,17.8190961868854,..,32.3272595003973,2.36967440284241,7.4878491502754,5.23081061169933
2006,YR2006,United States,USA,298379912,26.9752780973197,11.310475666951,60676.5655690664,53335.5896950225,18104668294960.3,0.349464272960025,5.59090976668073,1.03649489716477,2.81817707629984,4.04134230166038,2.16033528740671,2.05420877931708
2006,YR2006,Uruguay,URY,3289506,61.9715745165876,18.8323064193541,19560.0817556405,11574.470540231,64343006295.6701,0.00320350693894352,11.985494126681,5.11954020912535,50.615416688071,2.00617807800672,7.64053554410063,0.0700422328617061
2006,YR2006,Uzbekistan,UZB,26699043,67.4712921717973,..,4413.72281227266,1643.14645619601,117842175154.949,4.34214617853328,15.2714744605398,..,..,..,1.19530557570436,0.0124030068956201
2006,YR2006,Vanuatu,VUT,215923,89.5414618090556,..,3270.70237527622,2780.97475852227,706219868.976766,0,49.4044416449102,..,..,..,9.88873620776164,0.16653716341336
2006,YR2006,"Venezuela, RB",VEN,27224686,58.6655915584603,..,..,4199.39766916963,..,26.8186567625884,4.10840516742424,..,..,1.9784922172232,0.107915126446007,1.21540773724543
2006,YR2006,Viet Nam,VNM,82167897,138.313621869598,..,6098.24495436514,1699.67620343393,501079963291.044,8.77756808235261,15.3803325984655,..,..,1.93836458436365,3.61600090432522,0.128066698694851
2006,YR2006,Virgin Islands (U.S.),VIR,108369,552.118644067797,..,59911.7224453162,47671.567182812,6492573449.67647,0,..,..,..,..,..,..
2006,YR2006,West Bank and Gaza,PSE,3406334,82.6374735897388,..,4714.37331793342,2540.26763083127,16058730121.5694,0,11.96521308023,..,..,..,0.347548940784922,2.41989780641793
2006,YR2006,"Yemen, Rep.",YEM,23543083,82.0761626564135,..,..,2234.74266863312,..,40.4372276843013,12.6101973497244,..,..,4.30846709527936,5.88029989730047,0.0485229524876039
2006,YR2006,Zambia,ZMB,12129553,57.8568188739027,13.7115292955915,2673.46151928529,968.563565019492,32427893191.6314,0,8.43722335856907,9.12130713830778,32.760521287541,1.7439454502704,4.82712872237458,..
2006,YR2006,Zimbabwe,ZWE,12636445,82.8200302932942,..,3819.2334285389,1038.22375658033,48261533161.8932,0,..,..,..,1.98624247635426,0.734382888878689,0.000183595722219672
2007,YR2007,Afghanistan,AFG,25909852,..,5.28345660361407,2155.35306784413,410.757728879097,55844878995.5875,0.0144464639818204,..,8.46396730985055,4.31293569353708,2.56626735198569,1.93570171391636,..
2007,YR2007,Albania,ALB,2970017,79.9119008919954,..,10262.9667962049,3105.8796756386,30481185855.164,1.24943402811758,36.24193138573,..,..,1.8207653435572,5.86740351847628,0.044169716281562
2007,YR2007,Algeria,DZA,34189416,67.5454733939763,..,14114.6745192683,4339.25055772831,482572478843.865,27.9267087662485,6.762035102891,..,..,2.76932850304128,1.1838181536619,0.103164363736475
2007,YR2007,American Samoa,ASM,56113,218.146718146718,..,..,13092.3111393408,..,0,..,..,..,..,..,..
2007,YR2007,Andorra,AND,81877,..,..,65534.1168555171,40789.1781297264,5365736885.77917,..,..,..,..,..,..,..
2007,YR2007,Angola,AGO,20778561,97.2256306999958,19.2115962538976,10437.5899897179,3336.36332465208,216878100294.342,45.3976036521592,17.735958064609,2.63321377243382,4.12517127050236,3.11405449295742,-1.22312266225132,1.24836890176611
2007,YR2007,Antigua and Barbuda,ATG,81704,..,..,33245.2678606765,20770.2689732844,2716271365.28872,0,80.3437196441494,..,..,..,23.2994751710531,-0.00291863428727859
2007,YR2007,Argentina,ARG,40016763,40.945170618571,12.4482684483004,26850.6645932771,12811.9021206578,1074476681421.66,3.70577772027876,7.3289457633854,15.728660258632,33.9285658927465,0.792548175031362,2.25129423568361,0.523155949452163
2007,YR2007,Armenia,ARM,3107400,56.9750470853147,15.9625317302343,10898.8483795634,2919.3734936373,33867081454.6554,0,18.6657372006076,3.43756344969405,41.0508118671775,3.04257470127966,7.25233231640274,0.0965829147485479
2007,YR2007,Aruba,ABW,100150,139.972309491093,..,39462.5851547515,29556.8384686554,3952177903.24836,0.00153973985727839,84.2774575639612,..,..,..,-17.5903165005138,1.4771609633927
2007,YR2007,Australia,AUS,20827622,41.9297451276561,23.9945520669883,51663.2403953881,52671.325846724,1076022442250.27,0.871982126285964,10.4780918213879,1.96628920677829,23.1854649566888,1.81127596229823,5.18803286061474,1.68348370451569
2007,YR2007,Austria,AUT,8295487,101.36495843546,25.5950050669501,60470.9099906715,43568.8302243941,501635647705.785,0.0586899562102081,24.6927724929528,-0.00617535338459743,26.8712620829727,0.906103987717548,17.8058113461032,20.436412789995
2007,YR2007,Azerbaijan,AZE,8581300,96.6418081486575,..,16587.3657240228,4412.20326117932,142341161487.557,36.8683513686981,14.6466052454364,..,..,2.86419491898944,13.9011034961161,29.1344149631353
2007,YR2007,"Bahamas, The",BHS,353334,88.0128155625079,11.3588658867582,35797.118972073,33549.3360007274,12648339234.8784,0,39.3557731987601,44.7714947332496,29.0942865824725,..,6.71809341196458,4.32487761740536
2007,YR2007,Bahrain,BHR,1039295,137.785050572304,1.14509796242081,52731.7921672618,23112.4888058398,54803887940.4744,18.9906048191926,24.7665987799982,3.9308703182069,0.153680041168968,2.95699023434392,8.08243218951671,7.68131125711095
2007,YR2007,Bangladesh,BGD,147989278,39.9423826531735,6.91726266856821,3608.91543819399,825.508229964537,534080790061.383,0.146631401064833,6.32574348580508,27.0926738359197,28.1825696002066,0.997091964413713,0.817756922700044,0.168648073495035
2007,YR2007,Barbados,BRB,271288,..,25.9499389934439,24145.753990727,23862.135352962,6550453308.63634,0.337029001675535,43.4624682063939,8.56962843655035,43.0330610795631,..,10.1887985471991,1.75882897920544
2007,YR2007,Belarus,BLR,9560953,128.153877979073,23.7266987288672,20019.6111676728,4682.20676719042,191406561452.395,1.09295340297526,12.5060429762477,16.9002858344959,34.1932802068064,1.64976591437478,3.99176494489288,0.0335720838612138
2007,YR2007,Belgium,BEL,10625700,152.468446875303,24.7885375338784,56983.4612170062,40520.0843207009,605489163853.542,0,30.5666603194352,..,25.4110223690071,1.09801876439276,20.5026740062328,17.7222560450955
2007,YR2007,Belize,BLZ,296100,95.9555511519831,17.3387443353701,12973.2067214746,6465.82885846045,3841366510.22863,2.82529999150958,33.3047754469378,23.1206822048037,32.2688013827884,0.804721615478068,8.22731936335606,0.0577847549199446
2007,YR2007,Benin,BEN,8953969,49.1137841529705,..,2729.13741390352,926.740113754071,24436611800.8323,0,9.83390715397982,..,..,..,1.70386973478894,-1.49946981703878
2007,YR2007,Bermuda,BMU,63010,..,..,118691.070025545,132595.482654866,7478724322.30957,0,40.2070280441026,..,..,..,9.12004716705005,1.54948416834939
2007,YR2007,Bhutan,BTN,678641,106.929022415,7.16212410171711,8195.07074477912,1952.25734603779,5561511005.30764,0,11.9157838145405,1.01928180587697,8.85298216033002,..,5.88132297381915,..
2007,YR2007,Bolivia,BOL,9685960,76.0619114476148,16.9648657360861,8493.94848397403,2283.4273357151,82272045257.8331,4.87482833139779,12.1084393319722,3.34222124355253,49.3080614514992,1.4890475837354,2.79185385749299,0.0228656654205227
2007,YR2007,Bosnia and Herzegovina,BIH,4013424,83.551858889163,21.3942700350267,11178.7278411828,3665.08966529499,44864974607.2713,0,14.5545885752706,0.0589130965808271,49.3866375155792,1.23615289583956,11.6737641903939,0.409405181802266
2007,YR2007,Botswana,BWA,1911201,98.4965249407252,26.6174562731084,15850.2343496231,6085.6354476126,30292983739.234,0,14.8859902981046,27.4587693536969,10.7128538686367,2.90001468952761,4.6808134501234,0.299455323588691
2007,YR2007,Brazil,BRA,188552320,25.2926113757805,..,16440.5837398046,8003.2532101272,3099910206294.44,2.06708286540223,4.28948769609948,..,..,1.46629209992902,3.19082655934052,1.22117795482347
2007,YR2007,British Virgin Islands,VGB,25366,..,..,..,..,..,..,..,..,..,..,..,..
2007,YR2007,Brunei Darussalam,BRN,370873,81.0114146368958,..,96752.6204091885,36174.516515486,35882934589.017,27.5236863460397,15.8589276541408,..,..,2.38015224434092,1.91806992225192,..
2007,YR2007,Bulgaria,BGR,7545338,123.532557660753,21.7606132992206,20440.3375318665,6048.74231752797,154229255512.019,0.032067929991172,26.933334705239,0.0110820774680692,43.9452949970942,2.22853990097534,31.2286245169024,2.18807261093575
2007,YR2007,Burkina Faso,BFA,14816307,33.7797172895073,11.2791891175924,1731.93046335077,519.26101218434,25660813447.6573,0,6.99646663118979,12.8757709317333,33.0848629054424,1.41572652816375,0.284717939080865,-4.13947882793012
2007,YR2007,Burundi,BDI,8161874,..,..,994.963590921008,254.311725516331,8120767463.68481,0,15.7002816798129,..,..,3.41459524778307,0.036885807330262,0.00258309700261813
2007,YR2007,Cabo Verde,CPV,496190,94.2062075477847,19.175765528895,6767.40677380347,3056.97102851154,3357919567.09354,0,48.341105489088,16.3376842456023,38.3149303159979,0.481259814269355,11.6247473388534,0.0212799035382593
2007,YR2007,Cambodia,KHM,13841770,133.700023826819,8.27164124425787,3308.15747246544,1030.23117620792,45790754857.6479,0,22.2131407705806,21.8467728840407,40.4162720401622,0.780175183344973,8.56334609470361,0.0108122009766607
2007,YR2007,Cameroon,CMR,18049896,53.2156908605178,..,4302.6192630847,1295.73067471287,77661830226.2754,6.03958891829607,13.1159205538679,..,..,1.24159299291596,0.792290665611713,-0.0322451997807368
2007,YR2007,Canada,CAN,32888886,66.2834197482347,13.3344320068963,53761.8620298113,42106.8724378248,1768167751446.19,1.79572860434846,10.4660349547597,1.28172644565838,14.9550517386413,1.18579022996702,8.20055904886214,4.43493819822445
2007,YR2007,Cayman Islands,CYM,49687,..,..,92343.7260001978,96202.7389296237,4588282713.77183,0,..,..,..,..,631.63409905905,137.674344451535
2007,YR2007,Central African Republic,CAF,4462770,37.5808990187896,..,1284.55283590666,450.762785401893,5732663859.49915,0,..,..,..,1.0890772448248,3.33860588929027,..
2007,YR2007,Chad,TCD,11081660,75.1059962731949,..,2613.47387385213,920.352815674967,28961628888.9122,28.9574096374403,..,..,..,3.24949802660511,-2.96036446114529,..
2007,YR2007,Channel Islands,CHI,155309,..,..,..,..,..,..,..,..,..,..,..,..
2007,YR2007,Chile,CHL,16671581,76.9770247140928,20.3790285412133,22878.8834428789,11051.3450717678,381427158507.514,0.0244412955141765,10.752735315013,1.27655103130154,34.3420187295574,2.33098056175611,6.11348994449279,2.52834380819214
2007,YR2007,China,CHN,1317885000,61.2664640006176,9.62573731753299,8013.71568302247,4409.75700836878,10561155692920.1,1.75983053566581,7.36530302442202,3.14964158077656,37.7370780806937,1.75016458545192,4.33537500236917,0.4759859598775
2007,YR2007,Colombia,COL,43235374,37.0988970982903,..,13318.3033138168,4947.25260813108,575821824818.307,4.23708928157192,5.83082350172833,..,..,3.28630170949445,4.30867680626701,0.62008400205232
2007,YR2007,Comoros,COM,616927,33.1561792127495,..,3012.54746686894,1212.69629084896,1858521871.09305,0,14.9075617035259,..,..,..,0.966721983950354,..
2007,YR2007,"Congo, Dem. Rep.",COD,62477752,72.9983031777719,6.36897996666217,1091.0040733455,377.437143095814,68163481925.4703,2.54642184974013,10.9388899458502,15.7029640355095,12.6550495511584,1.10611627665862,9.83955871746128,0.0778239433958497
2007,YR2007,"Congo, Rep.",COG,3980430,148.586625395069,6.02757381714862,7375.82454100145,2004.10103961966,29358953277.7384,43.9536353057112,34.8401097924345,2.73821367345369,6.93410374795633,1.9162889436872,16.216555026587,-0.515998056435356
2007,YR2007,Costa Rica,CRI,4380248,86.4565958439349,14.8564701582419,17743.6227382356,9779.51149389818,77721468011.9111,0.177661149458376,22.52459564339,5.07997987175423,38.3532831057797,..,8.33742597856098,1.59801578271082
2007,YR2007,Cote d'Ivoire,CIV,21030558,61.4309423484426,10.6657567522302,3999.69095682208,1420.1738958245,84115732649.5223,2.92984750032697,12.848360443543,42.8297055057618,15.7606797811663,1.1508330294867,1.54311664780089,0.0572330079902814
2007,YR2007,Croatia,HRV,4310217,83.262210381268,21.4885936264409,30508.2798073417,12717.9875997872,131497306266.361,0.370493477014705,27.9924502110133,1.35012766168414,44.9527403881907,1.61077866472529,7.8356534436636,0.640396997353393
2007,YR2007,Cuba,CUB,11287272,37.9676096642032,..,..,6215.76603727772,..,1.5704638638002,..,..,..,..,..,..
2007,YR2007,Curacao,CUW,144056,146.049122473292,..,33490.2548894598,21011.1570121301,4824472158.35603,..,..,..,..,..,..,..
2007,YR2007,Cyprus,CYP,1072714,111.275122844623,28.4229518891301,43823.94140625,27156.818359375,33618441246.2862,0.00117988658125929,50.3594874093986,0.00411629917262387,33.6809319301327,1.68459965831751,9.57345612845137,5.26783259106413
2007,YR2007,Czechia,CZE,10298828,129.876739504889,14.6226925120358,39629.0061324728,16892.542854974,408132317969.282,0.0367473553909014,18.0441332275318,..,26.9609693781037,1.4247883319863,7.26984053281639,2.55309454048771
2007,YR2007,Denmark,DNK,5461438,100.047674594039,35.1418397665865,63604.5626658193,54113.9771471341,347372375516.487,1.37515571112353,37.4565049192647,..,39.2308388329969,1.30402280174653,3.68799602330786,5.41271517571474
2007,YR2007,Djibouti,DJI,874528,..,..,..,..,..,0,42.0112413980741,..,..,2.90107489253439,23.0388936446947,..
2007,YR2007,Dominica,DMA,68847,..,..,16560.5179009944,8106.18951878325,1140141975.92976,0,57.9606057749359,..,..,..,9.08254423496638,-0.109253671503156
2007,YR2007,Dominican Republic,DOM,9455658,61.229259153164,14.8862683674784,13754.9212674095,5204.78500652254,130061831321.551,0,19.6124418862409,9.45465761560526,55.7624868716841,0.62761905715381,5.12424998266344,1.33172726923052
2007,YR2007,Ecuador,ECU,14328773,68.8505854462677,..,10952.8226853948,4715.30359842555,156940509968.272,16.5138217754915,7.59027008693334,..,..,2.62795079870115,0.388921736574003,..
2007,YR2007,"Egypt, Arab Rep.",EGY,84276225,65.077873254565,15.3498523093448,11782.0060717966,2902.06559804963,992942994658.098,10.7818588338143,26.2851662191192,5.0421921026809,19.3998578198591,2.37963467509709,8.87633606337272,0.509668098818475
2007,YR2007,El Salvador,SLV,6009824,77.6210560347995,16.744896909489,8548.83476118605,3359.1623024135,51376992319.8102,0.458911583353226,16.9101944244419,5.16642583719928,42.5583694577534,0.973444824900437,9.11434743633077,0.559613208517642
2007,YR2007,Equatorial Guinea,GNQ,1036044,134.083789857569,7.54668815352279,35540.4477563657,11594.9172068456,36821467655.2962,48.2167537217234,..,0.553383414351842,1.31109634459391,1.50182586762037,9.50702132548057,..
2007,YR2007,Eritrea,ERI,2743222,34.5595595326375,..,..,789.072701743247,..,0,..,..,..,..,0.546785999949131,..
2007,YR2007,Estonia,EST,1340680,133.980829235754,20.260803407453,35989.864986622,17543.4661785723,48250892190.2644,1.12130367695077,35.1349501636017,..,37.2784166608232,1.65723646617002,13.5105132723156,10.6343480471863
2007,YR2007,Eswatini,SWZ,1090705,..,27.9098449195648,7866.73073455273,2928.46845823015,8580282545.83034,0,29.5055478945969,69.7575157821855,2.25874946222838,1.64441175361171,1.10564693422697,0.683099194475435
2007,YR2007,Ethiopia,ETH,83103217,..,7.81252966616113,1109.14330261241,338.799064654308,92173376561.096,0,15.4647334407336,48.8580144024267,15.7436975288387,1.89627732982541,1.12647092519686,..
2007,YR2007,Faroe Islands,FRO,48378,99.5060041310306,..,..,..,..,0,24.5256129727224,..,..,..,..,..
2007,YR2007,Fiji,FJI,897832,..,19.2096698406279,9672.29015915616,4223.44800626708,8684091618.1755,0,42.7366719963449,18.2820319156182,29.4112982699071,2.23709999847122,13.7414773077002,-0.189992666050188
2007,YR2007,Finland,FIN,5288720,82.8631608209175,21.0666153459604,57313.2916474478,46213.6898975737,303113951801.69,0,14.6515390848848,..,33.9161969554278,1.28760998478864,8.57406338234925,6.44401692025543
2007,YR2007,France,FRA,64016890,58.1525611309659,22.2192097607056,50157.7837477634,36322.1685141004,3210945324824.36,0.0105907897754201,13.788061700086,0.00573299707847926,23.3322656840893,1.91095777789429,3.15449449926763,4.97876936671897
2007,YR2007,French Polynesia,PYF,266438,57.455468093766,..,..,21648.532237682,..,0,26.3453378272977,..,..,..,0.878420113685228,0.206467133748353
2007,YR2007,Gabon,GAB,1556237,85.1324791636578,..,19751.8762216408,6908.67399162999,30738600595.5376,34.283912273453,9.41481500830688,..,..,..,5.25722235465119,0.472538231706542
2007,YR2007,"Gambia, The",GMB,1765774,44.2938444656791,..,2567.15728802982,637.20930597537,4533019593.11356,0,17.1074122047903,..,..,0.355318377435937,6.10257365099724,..
2007,YR2007,Georgia,GEO,3860158,88.3934140686603,20.9552895761984,10567.2747164758,2891.13702331846,40791350035.0017,0.155450439934669,20.0704003206602,1.0734486602535,49.591263779365,9.15911651704757,18.5993001881899,1.97845828333809
2007,YR2007,Germany,DEU,82266372,74.8838416816798,11.4680869476284,54832.9610328446,38593.0749910508,4510908770189.5,0.028013355499561,13.5883161142721,..,24.5075178451781,1.15279236258074,1.4594247021417,4.03706163569944
2007,YR2007,Ghana,GHA,23642279,65.3543222852532,13.8779845463992,3923.12567803728,1205.31705804209,92751631832.2215,0.421654318546372,15.428374100807,17.6410257446972,33.8368946141268,0.370332914572864,5.57118876952139,..
2007,YR2007,Gibraltar,GIB,30006,..,..,..,..,..,..,..,..,..,..,..,..
2007,YR2007,Greece,GRC,11048473,54.5256818189044,20.5440647006846,41796.2336918303,23973.6936091313,461784559445.877,0.00553584299678535,20.3287336099895,0.00772447887355028,31.1892386974322,2.71917513817491,0.622837777539062,1.67412681717381
2007,YR2007,Greenland,GRL,56555,94.9670539629143,..,56763.2387284359,39896.875364094,3210244966.28669,0,..,..,..,..,..,..
2007,YR2007,Grenada,GRD,110522,..,..,14376.2824512778,8257.36225682689,1588895489.08012,0,54.4501703430757,..,..,..,21.7777169094036,-0.165460691479218
2007,YR2007,Guam,GUM,165267,79.4632704116443,..,..,31385.0475162113,..,0,..,..,..,..,..,..
2007,YR2007,Guatemala,GTM,13652040,69.0013643101763,12.2552412852976,9772.8053901732,3527.7782721364,133418730098.86,0.750244545606685,11.2381338315862,8.60015214116313,58.5397431499187,0.398456601466993,2.55959192771149,0.415576203347013
2007,YR2007,Guinea,GIN,9662281,71.1210322265015,..,2587.0048887648,673.698997420626,24996368183.6193,0,5.65129928802984,..,..,..,6.14302807033806,..
2007,YR2007,Guinea-Bissau,GNB,1450986,46.2445284700147,..,2065.86121747677,597.482020935948,2997535704.50175,0,13.4938434876388,..,..,..,2.49217201872461,0.0278825851855176
2007,YR2007,Guyana,GUY,756861,..,..,9354.08017716534,4382.10449666813,7079738476.96953,0,16.3105321472761,..,..,0.914399668478094,5.58043153055629,..
2007,YR2007,Haiti,HTI,9373296,34.2825489611293,..,3268.81890675823,1343.61111422048,30639607183.4413,0,10.1570786891403,..,..,..,0.807269738778004,..
2007,YR2007,Honduras,HND,7834798,135.070634917917,16.3850005480222,5461.90151889031,2134.19540639485,42792895096.3988,0.00266481464163262,23.547620737546,5.21174031283563,42.3340233231037,0.776008264862645,7.82223281251053,0.330433377420975
2007,YR2007,"Hong Kong SAR, China",HKG,6916300,362.14946363969,..,53813.0792084943,36371.6859370268,372187399729.709,0,62.9371037915018,..,..,..,29.358179802523,32.088311345281
2007,YR2007,Hungary,HUN,10055780,155.60143236807,21.391802600658,29044.0669021254,11791.7074416876,292060747073.055,0.194767249769338,24.2655461148172,-0.00204398245494031,34.4845339335491,1.2677875208247,50.4065230275136,48.7276483214479
2007,YR2007,Iceland,ISL,311566,73.6249668831341,25.5948803440942,62940.7473430955,55457.3601417561,19610196886.6989,0,26.8468204032239,1.02597527062553,38.7119061166077,..,31.2938758397836,46.5235540058658
2007,YR2007,India,IND,1190676021,45.686268679348,12.1083469904149,4379.69604361151,1069.24696813025,5214799058396.79,1.15214697247781,12.880958178928,14.6632228698901,24.9002561722875,2.47824652803557,2.07339404668754,1.39932621277986
2007,YR2007,Indonesia,IDN,237062337,54.8292499782075,..,7802.46406905954,2355.1528565328,1849670366569.78,3.6879578095142,8.22336321575092,..,..,0.71236193115127,1.6030105718879,1.08166796687898
2007,YR2007,"Iran, Islamic Rep.",IRN,74602648,49.8873069225934,5.93768784348981,15237.4237850549,5084.71796043623,1136752163063.28,26.1252401169156,..,5.28235856565643,2.63689140069164,2.65398282115891,0.5769461352122,0.102526017686995
2007,YR2007,Iraq,IRQ,28391607,74.092853105498,..,10853.8161022311,3565.58054079041,308157281224.818,52.9273802567399,6.45395083200299,..,..,2.23992802514508,1.09391286623188,0.00889268537068521
2007,YR2007,Ireland,IRL,4398942,153.396847068025,25.937168346525,66590.1938973457,52849.6948429458,292926400723.177,0,65.1852298439982,..,37.8303608174829,0.508754794256741,22.1915415030247,20.7064634730386
2007,YR2007,Isle of Man,IMN,81147,..,..,..,66029.9755907183,..,..,..,..,..,..,..,..
2007,YR2007,Israel,ISR,7180100,78.8371062996628,25.2144493881865,36317.8525090071,32103.1628576567,260765812799.922,0.000982659663842538,20.8330880149508,0.793588634183884,30.5656048146084,6.16232982826306,4.76393877718242,4.65910949048842
2007,YR2007,Italy,ITA,58756247,54.8280415572531,23.691778053412,52747.1905476807,34159.9109244074,3099226956375.59,0.0770690066986577,11.0029528000236,..,22.8084307056134,1.44091823807458,2.9684958153757,5.39896662696421
2007,YR2007,Jamaica,JAM,2713800,..,24.7865464323782,10622.4442829007,5710.53878446758,28827189294.936,0.624344515923789,38.9718161341243,9.65648866833162,36.607467462924,0.65245791026588,6.34318590681939,0.471938269768728
2007,YR2007,Japan,JPN,128001000,32.816578051879,..,42182.1758636624,33990.0360341367,5399360692724.65,0.00248906218354903,6.1194747862431,..,..,0.88498737572599,0.472322726975046,1.59374800913996
2007,YR2007,Jordan,JOR,6827227,145.994246288526,24.6898518707805,10161.4021194103,4287.35229821209,69374198907.495,0.0032269913821269,41.9246219305108,9.25343069369256,47.1308069998741,5.85128256624216,15.3248262609959,0.28109136363121
2007,YR2007,Kazakhstan,KAZ,16257214,92.1616330969975,..,24351.3464102542,8036.87599811505,395885049779.634,18.7183777371544,14.5855292845036,..,..,1.29687682152726,11.4190297456091,3.75996748095131
2007,YR2007,Kenya,KEN,38036349,53.8947888046059,..,4116.45094720856,1309.91092948216,156574764869.405,0,14.4874078305209,..,..,1.54791227998168,2.28124317373484,0.112749657367397
2007,YR2007,Kiribati,KIR,102068,96.1590422982734,..,2286.4464773202,1433.3573454448,233373019.047119,0,38.577108099893,..,..,..,0.835207086847366,0.00606113249650479
2007,YR2007,"Korea, Dem. People's Rep.",PRK,24646383,..,..,..,..,..,..,..,..,..,..,..,..
2007,YR2007,"Korea, Rep.",KOR,48683638,71.3239614988013,14.2312245486348,36257.3401689702,24391.7651013448,1765139223629,0.0198193989631689,12.7663183079497,3.14007070812863,26.822735445739,2.27093537515891,0.722975995794071,1.78808969900875
2007,YR2007,Kosovo,XKX,1807094,..,..,..,..,..,..,..,..,..,..,..,..
2007,YR2007,Kuwait,KWT,2507887,91.7325033915889,..,79474.7611346377,41113.8693942735,199313720277.663,48.1550015709463,20.5109819330838,..,..,3.59032675886877,0.0972971788343997,8.53514179503781
2007,YR2007,Kyrgyz Republic,KGZ,5268385,137.058387838563,..,4558.71267894172,900.02796489729,24017053497.0464,0.372572936622736,33.9049327252876,..,..,3.05750079106286,5.46786640053175,-0.0268989091947579
2007,YR2007,Lao PDR,LAO,6056236,79.2126289035269,..,4112.25301659759,1301.08597549864,24904774760.2269,0,7.62421695346841,..,..,0.312173796332908,7.66062749777557,0.508438631676826
2007,YR2007,Latvia,LVA,2200325,100.880910871828,16.0157079763583,29423.7371235063,12810.0409502542,64741784386.279,0.0227668765867207,24.4330274391179,..,42.4675338321965,1.63649936606571,9.22286409647281,2.6151917616725
2007,YR2007,Lebanon,LBN,4844118,97.9677079660494,14.9441191654965,13941.5614244767,7179.34520092306,67534568644.4133,0,91.5991644701346,6.68126652869388,34.8182512658266,4.64100507400197,13.5978268963012,3.41594986453513
2007,YR2007,Lesotho,LSO,1953268,165.048948833372,39.3137977447814,2470.31462127885,927.26863327342,4825186499.67611,0,24.8094330629725,16.8737118157588,30.2913477000718,2.36815458611088,4.49541724323026,..
2007,YR2007,Liberia,LBR,3669050,..,..,1422.10019670004,574.609394348543,5217756726.7023,0,116.16854424865,..,..,0.214434523809524,9.58759370688019,26.4076744355426
2007,YR2007,Libya,LBY,6104380,102.732315500893,..,22422.0117594762,13712.9602583972,136872480144.311,59.9292830144719,4.01658146481726,..,..,0.946677517254647,6.89224565927254,5.78072589652102
2007,YR2007,Liechtenstein,LIE,35262,..,..,..,..,..,..,..,..,..,..,728.865659684804,..
2007,YR2007,Lithuania,LTU,3231294,116.295810328172,20.3533270437098,29370.7739737176,11889.3545234657,94905605716.6299,0.111123246183541,19.5052659267625,..,33.7465595261517,1.112731351206,6.54805565260343,2.20285029630827
2007,YR2007,Luxembourg,LUX,479993,307.485020085196,24.380345488909,138677.965491876,112417.876989455,66564452690.342,0,202.272844313145,..,32.5115407783208,0.50162400683642,-57.5323140834096,138.199760161174
2007,YR2007,"Macao SAR, China",MAC,520900,130.670598794717,25.4624359533274,102879.639164559,58376.1176047275,53590004040.8185,0,77.3650314250847,..,79.0691974069874,..,28.8206055046707,1.63766476482506
2007,YR2007,Madagascar,MDG,20318583,66.7027353570049,9.84806132452438,1731.61751794976,473.785462328449,35184014262.7161,0,25.4733448382259,34.7388549431365,20.128565238493,0.961181513313121,9.26011530963958,0.451380326575247
2007,YR2007,Malawi,MWI,13576343,..,..,1318.33196397214,445.254305419586,17898126930.7494,0.0787195782768977,3.51289726474084,..,..,0.538318180673433,1.92814440747221,0.211498912086216
2007,YR2007,Malaysia,MYS,26998389,192.465506357652,14.3037228379475,22305.118263117,7769.59693350488,602202259558.637,5.89566119166293,29.8343068011489,3.39314247389917,15.0306001910897,1.95850253260823,4.68684578287436,6.10466925356016
2007,YR2007,Maldives,MDV,324479,..,12.1474495062228,17439.9504862625,8933.17166363858,5658897693.83198,0,102.110703897734,27.691878906924,8.06667816900474,..,7.08805679103643,..
2007,YR2007,Mali,MLI,14457775,46.8977916240376,10.9794923411068,2515.94692367878,784.893915016638,36374994534.4899,0,11.9270847720169,11.1353711790393,32.3914718725918,1.35503402826002,2.12739780758978,1.45143847990481
2007,YR2007,Malta,MLT,406724,184.831334251527,26.8857363208033,34980.4009462349,19342.3252929886,14227368594.4564,0.0056509041515729,149.84738879417,0.374871312832908,37.4175730719305,0.618983130615608,450.045799796052,185.112609510238
2007,YR2007,Marshall Islands,MHL,52035,114.527707641196,..,4222.41292273556,3403.47842798117,219713256.434545,..,41.3081949594377,..,..,..,4.64273221779953,..
2007,YR2007,Mauritania,MRT,3093059,86.0640556779132,..,6002.77832165174,1563.60628765192,18566947512.7898,5.94490221432553,..,..,..,..,3.2067650776131,-0.0293819053393046
2007,YR2007,Mauritius,MUS,1239630,118.624058148821,14.8731659702851,16904.2745171796,7202.43853899489,20955045819.7314,0,45.600381029291,13.6282308958779,52.6025654616771,0.142725039281222,4.11677685025773,0.719721969381549
2007,YR2007,Mexico,MEX,108774360,55.2585243944498,..,21102.2688314629,9877.69532644737,2295385786690.33,5.08084054962981,4.93125936398836,..,..,0.383092431979546,2.81398718018792,0.755839161005727
2007,YR2007,"Micronesia, Fed. Sts.",FSM,109880,100.789149581242,..,3665.65753455567,2808.83168399832,402782449.896977,..,..,..,..,..,..,..
2007,YR2007,Moldova,MDA,2874299,142.720539023021,20.5665356541269,8854.83397616724,2082.51260097669,25451440442.8635,0.0519331771812052,31.2582566626427,4.67156315693857,48.9221665671797,0.516193541658915,12.1790254892383,0.275381121841662
2007,YR2007,Monaco,MCO,31837,..,..,..,162028.480643444,..,..,..,..,..,..,..,..
2007,YR2007,Mongolia,MNG,2601850,117.880426425377,23.4791764766733,8750.13407442299,2403.72416258662,22766536341.5375,0.918313208985426,24.513496966656,5.34520164686213,20.4324821101832,1.05327216611992,8.80188727419921,0.301081485041334
2007,YR2007,Montenegro,MNE,615875,128.844214152476,..,18966.5316118445,5763.04035952173,11681012656.4448,0,36.0727849942488,..,..,1.74405848731746,25.4861452996323,4.32922294847853
2007,YR2007,Morocco,MAR,31186468,71.3496467796657,21.7314747805418,6620.59033203125,2540.615234375,208901663617.481,0.00648886456293074,22.4052749814304,8.08748623354065,41.3393703100825,3.04695366406602,3.24999332315429,0.726848538409548
2007,YR2007,Mozambique,MOZ,21287635,66.1203821840516,..,1095.12568701598,442.049574057751,23312635904.3205,0.371732317927041,12.1654059545067,..,..,0.634745730219107,3.85414645531421,0.160731059447051
2007,YR2007,Myanmar,MMR,48125043,..,..,2968.3033151236,651.729730899198,142849724677.366,2.31016483558413,4.89511300694724,..,..,..,3.5175166973129,..
2007,YR2007,Namibia,NAM,2018600,104.979303758915,30.5252906049617,10162.2400708746,3987.61796106565,20513497807.0674,0,12.5518875708578,39.1160986747874,20.4167182036269,2.61042455712992,7.57033929521728,-0.550333425921321
2007,YR2007,Nauru,NRU,10020,..,..,6109.60106113352,4199.70508141733,61218202.6325579,..,..,..,..,..,..,..
2007,YR2007,Nepal,NPL,26788492,44.5792750200254,9.7724734037072,2708.7143922589,633.226129136597,72562373827.3123,0,11.9501045607577,16.3498809545944,37.8589833042855,1.35358169302232,0.0556064154566332,..
2007,YR2007,Netherlands,NLD,16381696,129.798241740597,21.2500501786359,62601.6205718183,45445.522872349,1025520717314.87,0.0695823476637214,28.9748375638399,..,28.5345411267973,1.34687487455341,85.9785548363802,69.8791366187553
2007,YR2007,New Caledonia,NCL,250725,72.1743887166465,..,..,..,..,0,20.7699645564434,..,..,..,4.73308224896495,0.0779773677566601
2007,YR2007,New Zealand,NZL,4223800,58.4251605749091,30.1098712722247,42346.0894838728,36414.3173040299,178861412761.982,0.506514577589481,15.4687821708228,2.78777388056302,25.8856040935939,1.18207112642705,3.16024444752482,2.90885242242168
2007,YR2007,Nicaragua,NIC,5497243,93.025730229333,13.8620870800837,5697.21109549591,1703.20780299405,31318953814.2372,0,16.2729216508469,4.46415226456473,49.5046925289409,0.53172621458102,5.14186605474194,0.206105712961886
2007,YR2007,Niger,NER,14803610,35.5028028471007,..,1252.74827252938,413.419126261066,18545196854.6987,0,7.93093818949214,..,..,..,1.72858641411291,-0.38508618470453
2007,YR2007,Nigeria,NGA,153267261,..,..,6949.42650737506,2020.83316299454,1065119566306.17,13.8343651228424,7.11256464978702,..,..,0.370354831159892,2.16919536982392,0.311822755636982
2007,YR2007,North Macedonia,MKD,1982933,106.092966003288,19.074830222935,15118.3063672461,4140.63354809364,29978588599.7224,0.00848092640736176,21.8169283627472,5.19488735527199,42.0319761460677,1.95006969471653,8.79828562205673,0.39964291148223
2007,YR2007,Northern Mariana Islands,MNP,58941,128.571428571429,..,..,20117.7037335229,..,..,..,..,..,..,..,..
2007,YR2007,Norway,NOR,4709153,71.9420263082298,28.0802178144493,87043.4979357593,76115.7066768285,409901149434.675,7.98287863833131,19.6414166270711,0.180194038214321,24.2268010740647,1.45917207799086,6.16081120360734,5.69362772087137
2007,YR2007,Oman,OMN,2570174,94.8657889777347,..,43696.9691440917,20642.7489563377,112308813972.947,37.7986997972135,14.0296098861158,..,..,6.71756431693885,6.89874269714346,-0.0769997038472928
2007,YR2007,Pakistan,PAK,184493231,30.7878814312746,..,4257.92556870432,1265.35567539842,785558445527.773,0.947147229187945,6.88331710400566,..,..,3.51198610011098,3.03571933817685,0.0532201243544422
2007,YR2007,Palau,PLW,19302,114.786531729944,..,18255.6693104131,14590.4803753503,352370929.029594,..,56.8397721697954,..,..,..,2.18299929466235,..
2007,YR2007,Panama,PAN,3437490,148.665601032972,..,20208.8215796091,9507.64640169959,69467622091.6906,0,33.5532276250138,..,..,..,10.2406205983382,1.49833540588995
2007,YR2007,Papua New Guinea,PNG,6963345,..,..,3345.85030363442,2000.9726186689,23298309982.5612,8.10660630103675,22.8610716877293,..,..,0.411602600339175,1.36861708392094,0.397156275083166
2007,YR2007,Paraguay,PRY,5559386,79.0011374202968,7.83787789166473,11141.8704701878,4540.38235899258,61941958705.7755,0.101460877412438,5.42228115942599,6.57920863216763,38.1765139066905,0.741436848396038,0.588024684579866,-0.544902874377342
2007,YR2007,Peru,PER,28530699,55.6881132836815,16.4074683493226,10286.3548193625,4407.79121686416,293476893158.43,1.30152657637918,7.03241321251152,2.37484099138095,35.8851597941011,1.30393825370825,5.37428655925625,0.0641835590356999
2007,YR2007,Philippines,PHL,91075184,73.6449799920629,12.9604093017337,5840.06810169965,2209.34651083329,531885276934.827,0.175523561601761,13.4923226364444,19.9944247518108,23.8497470613,1.29142591630931,1.87121245887706,3.44444921809924
2007,YR2007,Poland,POL,38120560,80.745399056691,18.0573047594226,24484.0656663756,9760.7042604352,933346294279.01,0.0473205232861409,12.7421624013183,..,37.2834193494324,1.99879774345695,5.82502177093229,1.76535556527076
2007,YR2007,Portugal,PRT,10542964,69.9461175817991,21.3682227414774,37226.47026267,19979.5706280792,392477335826.401,0.0132250729170734,15.5333588736795,..,32.8420906371239,1.37790810197484,2.50093088549298,4.39053044721565
2007,YR2007,Puerto Rico (US),PRI,3782995,117.595779058079,..,41888.6232716478,29347.8460041613,158464452393.527,0,..,..,..,..,..,..
2007,YR2007,Qatar,QAT,1208595,96.1141057101106,..,109579.67852883,61423.0131050382,132437451571.551,30.8003611618771,..,..,..,1.95984159971877,5.89621991232182,6.47360912900824
2007,YR2007,Romania,ROU,20882982,63.5051566734658,17.5395257265186,24328.4940230196,7483.97375820611,508051502769.826,0.811152284107306,12.659012576423,0.0458343869974022,34.6038845720591,1.49361825981328,5.78679016158104,0.381507319930408
2007,YR2007,Russian Federation,RUS,142805114,51.7061227454606,16.5513130624161,32630.369140625,8640.40625,4659783464566.58,10.7326206704977,8.03552361974188,22.5242177824288,23.9758446221642,3.1185420747754,4.29895594841933,3.44703393825936
2007,YR2007,Rwanda,RWA,9549933,35.9709731972278,..,1516.26750609323,497.171622130545,14480253093.2675,0,..,..,..,1.36567834681042,2.02144725253631,0.318043849444972
2007,YR2007,Samoa,WSM,188753,83.2022041824641,..,6013.27628827659,3818.25503804332,1135023939.24107,0,41.6722178009097,..,..,..,1.18938989753826,..
2007,YR2007,San Marino,SMR,31211,..,17.6382630745147,86785.0181147659,62776.9461598748,2708647200.37996,..,..,1.62480443425346,26.0588529482783,..,..,..
2007,YR2007,Sao Tome and Principe,STP,169700,..,..,4698.08416961839,1170.51612474435,797264883.584242,0,17.0095062945359,..,..,..,24.156401012097,2.09419074131166
2007,YR2007,Saudi Arabia,SAU,22368313,94.8633170967657,..,53318.4191601834,21196.7926036633,1192643088440.18,47.4394429695294,18.7913962076263,..,..,8.52704997826892,1.48457884530209,-0.0324130216716371
2007,YR2007,Senegal,SEN,11770344,59.2713043549794,..,3316.42037834774,1123.99862153285,39035408701.7631,0,17.4516529014153,..,..,1.3795917338401,2.51145667497291,0.560009153954547
2007,YR2007,Serbia,SRB,7381579,72.7165875771534,20.4872747900195,17028.1573139848,5431.27887426624,125694688437.607,0.42016623623444,14.8256181375683,6.27552056037398,42.6542017111845,2.16443130635595,9.85383583099953,2.09533885779178
2007,YR2007,Seychelles,SYC,85033,174.928462798259,22.3072095857786,23117.8555224771,13112.8210098816,1965780608.6428,0,65.2506351558355,14.8628834629717,42.5630067336249,1.46828358935559,16.3299180561317,1.65476470598458
2007,YR2007,Sierra Leone,SLE,5749352,21.8067992689239,..,2377.80530113361,872.68836234614,13670839663.6831,0,3.7895499797077,..,..,0.842695620186599,2.6278911435046,-0.030489236140564
2007,YR2007,Singapore,SGP,4588599,394.288471919078,12.8204281959211,90417.8073849967,46178.8139470199,414891060548.988,0.00646001510314827,82.118966037527,0.0476235831983998,23.2555481474426,3.602552791077,26.1619888768056,22.5941532405914
2007,YR2007,Sint Maarten (Dutch part),SXM,32791,..,..,..,..,..,..,..,..,..,..,..,..
2007,YR2007,Slovak Republic,SVK,5374622,166.580025216882,16.7431549616955,28075.8072794998,13770.9602691527,150896851472.16,0.0082301455398637,19.0799421783712,..,33.5081413286887,1.47798320217802,5.84174372278854,1.89811530109244
2007,YR2007,Slovenia,SVN,2018122,137.66309435102,23.091149820953,39995.2052938397,21485.780992381,80715203698.0143,..,20.3690475411631,..,31.6856497623335,1.44855400639896,3.93587276921145,4.62786340435456
2007,YR2007,Solomon Islands,SLB,500156,83.7476138715,..,2384.31783066088,1830.23321405807,1192530868.91202,0,21.6944406110907,..,..,..,12.3665456662597,1.75246677263672
2007,YR2007,"Somalia, Fed. Rep.",SOM,11322582,..,..,887.36935223579,294.210404466634,10047312254.9766,..,..,..,..,..,2.5963438148083,..
2007,YR2007,South Africa,ZAF,50528584,57.125139137747,24.8072372824336,14016.2444716386,5891.42069421698,708220986149.727,0.95369683953937,9.21041370488051,4.120966999496,33.6809862858088,1.05851963686616,1.97755772219349,0.895321932941909
2007,YR2007,South Sudan,SSD,8388788,..,..,..,..,..,..,..,..,..,..,..,..
2007,YR2007,Spain,ESP,45226803,57.6269487657546,16.3947357919559,45301.2843416374,27338.79541774,2048832262566.22,0.00284664503508467,13.4196206213451,..,22.7685138331549,1.36310631227691,4.7599135539395,9.84729963330528
2007,YR2007,Sri Lanka,LKA,20492545,68.6065116601391,14.2216085895166,8454.2067533326,2573.54362192705,173248212331.972,0,13.5292664527545,14.1855485753276,48.0924818575697,3.26060835702917,1.8639738781084,0.170014201154166
2007,YR2007,St. Kitts and Nevis,KNA,46706,..,21.6321300112301,23330.0442404195,16508.1437081315,1089653046.29303,0,73.9067680392665,23.9738476844734,39.974378372092,..,18.2275138957072,-0.00866173749582809
2007,YR2007,St. Lucia,LCA,167758,..,18.2691189469052,20759.3043872305,10147.4432459936,3482539385.39301,0,70.2519962294743,50.2138835847045,16.7988278339561,..,15.193420090713,0.64993220860742
2007,YR2007,St. Martin (French part),MAF,35337,..,..,..,..,..,..,..,..,..,..,..,..
2007,YR2007,St. Vincent and the Grenadines,VCT,111531,..,20.8950764281722,13732.3622591495,6960.17151500732,1531584095.12521,0,46.3970881314513,23.9729953063192,39.9751260704941,..,11.7815895828964,0.225851272215966
2007,YR2007,Sudan,SDN,32764135,34.4033361615632,..,4415.78515625,1372.10961914063,181722459503.926,13.6134936785449,5.3695767886606,..,..,4.0832306034626,2.53091571467554,..
2007,YR2007,Suriname,SUR,531016,101.377000372162,..,20902.1391589279,7897.25648915828,11099370327.6172,8.36431435476551,19.4543915147004,..,..,..,-8.40083736509118,..
2007,YR2007,Sweden,SWE,9148092,89.5469236610223,29.0862842245259,57230.7901610156,49262.152916545,523552533625.666,0.010650077737385,21.5455214153332,..,34.9104455569079,1.30317126242131,9.41612400200535,11.4052820010038
2007,YR2007,Switzerland,CHE,7551117,113.331857768509,9.06562377047169,74234.3010991931,81254.1701015272,560551893013.236,0.000749164452712047,33.3587307531785,1.04477059111899,32.7654086588541,0.718232323663411,9.92138923782949,13.7096511983437
2007,YR2007,Syrian Arab Republic,SYR,20884125,76.3793535157197,..,8829.30906367425,1411.6899137524,184392394149.406,4.59093161345655,16.9870403797026,..,..,4.10054365333056,3.06919397837023,..
2007,YR2007,Tajikistan,TJK,7194477,145.528099715723,..,2181.89798056536,686.48090192413,15697614837.5239,0.106966593659828,19.9329616889204,..,..,..,9.67777994325544,..
2007,YR2007,Tanzania,TZA,41435512,48.0583947796554,..,2423.61596679688,731.52001953125,97535828141.9214,0,15.0473709240838,..,..,0.762064569335019,2.66011088834969,..
2007,YR2007,Thailand,THA,67102394,129.873226989717,15.1431565568396,15742.6552891781,4760.66708464831,1056369857820.61,1.36661103193532,25.9315700218861,5.52036234772891,39.7559505098872,1.01918920071311,3.28356939351343,0.588346984349372
2007,YR2007,Timor-Leste,TLS,1004889,128.760893188042,..,3256.56973696199,961.848415522858,3272491106.406,..,71.4395279755006,..,..,4.37269712601326,1.60190394822128,..
2007,YR2007,Togo,TGO,6188344,61.7740721086659,10.8835244784388,1920.26928670654,603.83784338967,11883286918.7747,0,14.4200661653671,19.578442848035,45.7075491419709,..,1.65977178667302,0.33178765779125
2007,YR2007,Tonga,TON,106726,68.2299182500325,..,5506.65177833752,3665.89534379299,587702917.69485,0,23.5821731085887,..,..,..,5.89035555053906,0.705884886654206
2007,YR2007,Trinidad and Tobago,TTO,1303188,..,25.9952903378909,34793.6457521105,17758.6995224652,45342661620.4014,9.2559242789235,6.04344775013235,4.8125469202338,14.5834682477436,0.568668581528334,3.83520271627024,4.62072616418101E-06
2007,YR2007,Tunisia,TUN,10441702,104.059400976647,19.067873938373,11613.9247511428,3642.11977444786,121269141301.858,5.51629477963382,19.2264988237724,6.12142015168252,33.9647260299362,1.26099385636655,3.89395159860218,0.0521412192973358
2007,YR2007,Turkiye,TUR,70158112,48.027468179713,..,19909.083519675,8477.53328393352,1396783711390.71,0.0869115725998382,6.70141438543894,..,..,2.19980660446648,3.21746696332257,0.307342741631847
2007,YR2007,Turkmenistan,TKM,5244046,56.2777777777778,..,7060.14844993043,3114.06330033038,37023743238.2639,20.0784433322394,..,..,..,..,6.75922962962963,..
2007,YR2007,Turks and Caicos Islands,TCA,26270,..,..,21878.8206013071,37466.1822614725,574756617.196337,0,..,..,..,..,..,..
2007,YR2007,Tuvalu,TUV,10182,..,..,3737.8786751003,3069.67368184077,38059080.6698713,..,86.9211779439862,..,..,..,-0.0388537261065432,..
2007,YR2007,Uganda,UGA,29653430,46.7774166522822,..,1999.0624896434,684.542241787248,59279059602.2664,0,13.7794641044858,..,..,1.39447189004469,6.65659725038112,..
2007,YR2007,Ukraine,UKR,47062798,88.0465606718626,15.8179537908098,18374.013671875,2498.35205078125,864732459089.884,0.626895264506606,18.1760896597817,4.4515543370698,29.2382310848353,2.87000281658483,6.8531805098082,0.655533306883449
2007,YR2007,United Arab Emirates,ARE,5624635,136.798152865771,..,87180.6059048658,52038.6159567932,490359087293.715,23.7183455650517,..,..,..,3.28052136989454,5.50043971722883,5.648244239939
2007,YR2007,United Kingdom,GBR,61322463,52.7493524964733,25.8759100332597,49243.2517368789,44882.141312304,3019717482634.44,0.6818533676487,17.9932110510253,..,32.2252914193045,2.37465777127738,6.74831602886359,11.9301475401369
2007,YR2007,United States,USA,301231207,28.0120176822667,11.2899135181825,61306.596938633,53889.3964951775,18467460192886.9,0.356897499234572,6.08753065557942,1.06582227098064,2.43688807437309,4.07335051467688,2.39469093772646,3.61946792349253
2007,YR2007,Uruguay,URY,3295153,59.2104478374095,18.1109425973052,20803.893182056,12310.482735502,68552011030.5314,0.00422122871200601,12.4526814017308,5.21654524102177,51.0626595992726,1.77716708828507,5.70951115694377,0.498621300049565
2007,YR2007,Uzbekistan,UZB,27076008,74.4141929762327,..,4764.56391427529,1773.75803693248,129005370659.429,4.11571314211123,15.4913798633436,..,..,..,2.99176207276698,0.0102718223201467
2007,YR2007,Vanuatu,VUT,221276,90.1716511021211,..,3283.36553319499,2791.7418410919,726529991.723254,0,50.6615457724295,..,..,..,6.61419496414564,0.122743674707744
2007,YR2007,"Venezuela, RB",VEN,27649363,56.1990954818909,..,..,4496.84905010777,..,21.6186473049421,5.58898061205192,..,..,1.88899310620025,1.89178854425804,0.249604959373193
2007,YR2007,Viet Nam,VNM,83633375,154.605383996554,..,6418.54381402878,1788.9485028957,536804481752.599,6.63827611423842,16.5537623148314,..,..,2.30475733676407,8.65471771434805,0.237681799916424
2007,YR2007,Virgin Islands (U.S.),VIR,108337,560.367892976589,..,62332.9445371347,49598.1259079427,6752964212.31957,0,..,..,..,..,..,..
2007,YR2007,West Bank and Gaza,PSE,3494496,91.9992434272745,..,4769.52328096801,2569.98434108953,16667080027.2496,0,15.4399359363458,..,..,..,0.33694998022594,0.604567417943076
2007,YR2007,"Yemen, Rep.",YEM,24318082,79.1234205876059,..,..,2235.75075901067,..,32.9618903118727,11.9670980741467,..,..,4.85072305945547,4.23684804102557,0.182397393589992
2007,YR2007,Zambia,ZMB,12565085,65.7714586909068,14.0825145818855,2796.3529332184,1013.08567432637,35136412295.8885,0,10.7172537758247,7.47690819055747,28.7115527966411,2.06370699223085,9.41811167277731,..
2007,YR2007,Zimbabwe,ZWE,12804058,84.1682798999008,..,3631.53761566256,987.200362596937,46498418260.1251,0,..,..,..,..,1.30128901270126,0.058548562255064
2008,YR2008,Afghanistan,AFG,26482622,..,6.08796493104171,2191.50435559062,417.647282647498,58036781460.4599,0.015736313879498,20.211725717135,3.1614885422599,1.7805904291402,2.335545701939,0.45536044478174,-0.0189729921329406
2008,YR2008,Albania,ALB,2947314,75.2485472798728,..,11056.3517677907,3345.98161761476,32586540354.1344,1.60465469310703,38.5281076878934,..,..,1.98486885667765,9.40665320050491,2.76000729149247
2008,YR2008,Algeria,DZA,34816961,71.0284922505261,..,14206.7767147039,4367.56538017541,494636790811.553,29.1086401323721,8.07720868144716,..,..,2.86740578765417,1.46277344571787,0.176208886280023
2008,YR2008,American Samoa,ASM,55828,249.821428571429,..,..,12809.4633079683,..,0,..,..,..,..,..,..
2008,YR2008,Andorra,AND,83495,..,..,60691.6051530637,37775.1438845998,5067445572.25505,..,..,..,..,..,..,..
2008,YR2008,Angola,AGO,21578655,108.680408741993,22.9883598928014,11134.7047183666,3559.19522512236,240271951644.505,52.1013581243545,22.7438975968648,3.7915231993678,4.84614896139083,3.57312038062707,1.69952793928946,2.60110609511707
2008,YR2008,Antigua and Barbuda,ATG,82912,..,..,32756.3067839753,20464.786306605,2715890908.07296,0,88.0657456045461,..,..,..,9.85935759677714,-0.586671535380625
2008,YR2008,Argentina,ARG,40424148,40.4026733790382,13.3178463574032,27658.4853446831,13197.3570267029,1118070705029.3,4.03900096602208,6.93405500555897,20.1240518414403,31.6769745703794,0.762756475390461,2.68990096507093,0.384705758443082
2008,YR2008,Armenia,ARM,3087100,54.5423279613666,17.3217587325427,11727.4821272949,3141.33193500774,36203910075.1721,0,17.0282385810455,4.48593155603447,43.4491895720615,3.39557936270657,8.09234920917782,0.261587673154683
2008,YR2008,Aruba,ABW,100917,139.110149824701,..,39881.5879733887,29870.6648077005,4024730213.51047,0.00195640008459108,84.3110276371806,..,..,..,0.664175810874169,0.0982508595967704
2008,YR2008,Australia,AUS,21249199,42.7522207880308,24.1542735049965,52473.3819160773,53497.275355342,1115017334537.73,0.935960985495543,9.70627074256813,1.93576728772932,22.5632602128357,1.79619704962465,4.26757732505596,3.01268140598832
2008,YR2008,Austria,AUT,8321496,102.7437043613,26.248140017775,61157.9873105684,44063.8642019916,508925946772.946,0.0884445033789297,25.2430698341343,-0.0159780553575303,26.4335151721787,0.876420517647602,1.46799597032563,6.50064952990812
2008,YR2008,Azerbaijan,AZE,8763400,89.2428968637573,16.4211753684861,17963.0208126838,4778.12452736673,157417136589.874,39.5007730331452,11.4311322531716,2.21139657577166,12.6478138707526,3.29121114577001,8.1611083168233,9.26819056192261
2008,YR2008,"Bahamas, The",BHS,358120,87.4292228766863,12.1213661409842,34498.0351399173,32331.8246135092,12354436344.3072,0,37.4009741367186,43.3118593862427,11.0869400885275,..,8.17172902365571,3.89125679270378
2008,YR2008,Bahrain,BHR,1103496,145.882511145821,1.23581558449619,52765.3899455546,23127.2148040048,58226396743.3597,21.6815768768211,23.1253814405263,3.68420069837357,0.1239893189924,2.80016136873791,6.97757782740497,6.30269051338014
2008,YR2008,Bangladesh,BGD,149474264,42.6209140325589,7.65602988282474,3787.9382761855,866.45815762135,566199285910.257,0.207602557921387,6.49671240098254,26.5476334511639,27.6146160707255,0.938215291633285,1.4496579161576,0.208060860523152
2008,YR2008,Barbados,BRB,272714,..,25.4000671111602,24171.6517995745,23887.7289633459,6591947848.86917,0.381152347371583,45.5357435407152,8.38877349186412,41.9552208326908,..,12.8407137023166,1.53290095959211
2008,YR2008,Belarus,BLR,9527985,129.599478545475,25.3533892078637,22137.9472928315,5177.64534775676,210930029736.889,1.1998245861583,12.1567801415817,21.0241347122296,30.1744941706148,1.45349285157346,3.60135661387402,0.050368623970266
2008,YR2008,Belgium,BEL,10709973,161.088447790447,25.2541698756848,56787.7366257414,40380.9075004042,608195125992.801,0,36.0151034999248,..,24.440999849299,1.22191451658895,36.8029204549975,43.1555707283894
2008,YR2008,Belize,BLZ,304361,105.461874277231,17.082969600109,12415.6811300464,6187.95885023655,3778849124.42206,4.54726478814353,31.992085396277,20.5012240211154,31.4581400726704,1.07408006688025,9.75973413898317,0.158632325303362
2008,YR2008,Benin,BEN,9228466,47.7753592695169,..,2777.61974031765,943.203380303862,25633169334.4503,0,8.80215240605267,..,..,0.663958979626467,0.492562990177947,-1.29060116750233
2008,YR2008,Bermuda,BMU,63300,..,..,115942.72717347,129525.177139097,7339174630.08064,0,35.9052991175721,..,..,..,2.45744472252847,4.62596867458474
2008,YR2008,Bhutan,BTN,686351,101.954235669521,8.03787521608618,8470.03471622855,2017.76018913403,5813416797.51818,0,13.3181067484232,0.832365634901812,10.2284917226564,..,0.23863062320184,..
2008,YR2008,Bolivia,BOL,9850858,82.8670208961798,..,8865.27246783163,2383.2503257823,87330540211.9189,5.13358898631882,10.5890925196767,..,..,2.19395160882894,3.07261074755318,0.0179917853618489
2008,YR2008,Bosnia and Herzegovina,BIH,3947544,86.1628798430504,20.3021134967433,11983.7696596485,3929.03297717336,47306458017.3274,0,13.7555795363197,0.0333477803514673,46.3419799167929,1.2206120604463,5.25748627826678,0.206393809714418
2008,YR2008,Botswana,BWA,1949970,99.008222007989,27.9208998753179,16040.3153236098,6158.61629368051,31278133671.5794,0,11.2219267422447,25.542825152225,15.2136026653337,3.0976203987662,4.85440497340622,-0.851743531229621
2008,YR2008,Brazil,BRA,190367302,27.2575694165953,..,17113.3679822772,8330.76364001877,3257825690919.3,2.44243714676148,4.5698316073759,..,..,1.44192408837717,2.99060892561747,1.53994925303121
2008,YR2008,British Virgin Islands,VGB,26288,..,..,..,..,..,..,..,..,..,..,..,..
2008,YR2008,Brunei Darussalam,BRN,377793,89.7454253523344,..,91275.5000919182,34126.6941563969,34483245006.226,26.3149392802544,14.2514655509439,..,..,2.26179236887845,1.39506580939608,..
2008,YR2008,Bulgaria,BGR,7492561,124.688747515359,21.9738798204441,21846.0454072872,6464.72198023576,163682827822.869,0.0385928436056197,25.514122826633,0.00957767865616399,45.1996279776027,2.13186398257533,18.8997638100665,2.05114168518846
2008,YR2008,Burkina Faso,BFA,15258093,35.3853169801502,10.5488763470651,1779.32710911571,533.471299938288,27149138508.3087,0,7.78508855080782,12.972121774479,38.6552091627959,1.24291260830384,0.351169723487995,-0.751943979287913
2008,YR2008,Burundi,BDI,8505637,..,..,1001.61751311947,256.012461554496,8519394979.43694,0,21.2242123616318,..,..,2.72089052653941,0.237816296916251,0.0360779618754137
2008,YR2008,Cabo Verde,CPV,501355,90.9663882396256,19.4194463700732,7169.13944155367,3238.44159287498,3594283904.72014,0,49.6892324713815,15.8325026990634,38.7204732619048,0.54860127368837,10.7624753520891,-0.144524559576438
2008,YR2008,Cambodia,KHM,14053479,130.393510678736,8.97517318907142,3501.9257021932,1090.57475806147,49214239315.3323,0,19.9404094823951,19.0335953204811,41.6702382058365,0.678731132114834,6.69590818514056,0.168295656724715
2008,YR2008,Cameroon,CMR,18574056,56.9244171562734,..,4300.26640352464,1295.02211276052,79873388993.9853,7.12107584128101,15.1056700415495,..,..,1.2555907411193,0.0757546676819469,-0.00799291025947927
2008,YR2008,Canada,CAN,33247298,67.0236083618983,12.3901655964853,53711.6792064975,42067.5687072607,1785768204658.82,2.54002352343034,10.6514877169218,1.35382850822845,13.5621801895906,1.24551836677548,4.5151371416977,5.71082920457063
2008,YR2008,Cayman Islands,CYM,51151,..,..,89380.1514801096,93115.3176374189,4571884128.35909,0,..,..,..,..,426.427226529901,215.230371423807
2008,YR2008,Central African Republic,CAF,4558984,34.4375218095517,8.28435088970373,1283.2728263106,450.313616886022,5850420282.78479,0,..,..,..,1.54988099383057,5.87486387887319,..
2008,YR2008,Chad,TCD,11476296,69.0677746090641,..,2601.36125803518,916.087274632505,29853991800.1441,29.6642941556194,..,..,..,4.27645851757143,3.48233332294757,..
2008,YR2008,Channel Islands,CHI,156408,..,..,..,..,..,..,..,..,..,..,..,..
2008,YR2008,Chile,CHL,16838988,80.6766262406468,18.7092655630745,23509.7816931441,11356.0922105983,395880931813.472,0.0394143420844663,12.3088722187733,1.35449276166394,39.078122965926,2.58365229486108,10.4571112913238,4.7042326561562
2008,YR2008,China,CHN,1324655000,56.7111330003209,9.94341352833548,8743.74491232188,4811.47471804961,11582445416831.7,1.9902860340032,6.90461367803942,4.83561449933386,56.8633256147911,1.71604254580499,3.67520717506325,1.2157288444061
2008,YR2008,Colombia,COL,43758808,39.1676494164355,13.0315110144915,13591.0609028567,5048.57187245249,594728624564.412,5.53392629328463,5.8543596516458,5.21060091909082,28.734486989823,3.73724698565115,4.35627834630067,1.27219446022816
2008,YR2008,Comoros,COM,629307,36.2185263542809,..,3070.36952892496,1235.97247187374,1932205037.13918,0,15.7632517340122,..,..,..,0.507893616352291,..
2008,YR2008,"Congo, Dem. Rep.",COD,64390664,72.9527093196566,7.80871794316237,1136.9467210438,393.331182464822,73208754300.6329,2.83293568116403,12.8844652141362,17.5907571322648,14.7758152425312,0.697347863400989,7.59918523525185,0.238079639348578
2008,YR2008,"Congo, Rep.",COG,4113517,133.108486659608,5.89662454769078,7587.28826163492,2061.55829880574,31210439248.1357,48.8603735696485,24.7910971562436,1.97538765783198,4.63856316976138,1.79027941022784,16.7210018165878,-0.790825423509768
2008,YR2008,Costa Rica,CRI,4440056,86.4015127113254,15.2325099084058,18334.0135988616,10104.9092039691,81404047083.707,0.177814056910713,21.0082525755277,5.08175189895261,37.4494996215064,..,7.90900698278232,0.638293618731074
2008,YR2008,Cote d'Ivoire,CIV,21514439,61.9406212969499,10.7442668136723,4096.72346918931,1454.62731800082,88138707177.7418,3.23685198449427,11.76605730533,37.9768248329527,17.3370946957824,1.1017046812579,1.37441880759786,0.0599331154089386
2008,YR2008,Croatia,HRV,4309705,82.0790791060076,21.2698893537811,31113.8644665737,12970.4376964616,134091577260.915,0.441053907428522,28.5381502802627,1.44401389707692,44.5468396742086,1.82315444519083,7.66671719087897,2.0367434016802
2008,YR2008,Cuba,CUB,11291762,44.917220748508,..,..,6469.08507847668,..,2.02585670473765,..,..,..,..,..,..
2008,YR2008,Curacao,CUW,145880,166.739541731544,..,33795.1308443427,21202.4304610307,4930033687.57271,..,..,..,..,..,..,..
2008,YR2008,Cyprus,CYP,1091026,112.925930874708,26.9496263455086,44295.8125,27449.2265625,34844502174.8197,0.0150445662460913,59.0487890556898,0.0145030720143449,35.0565619808559,1.62970494449745,44.545975103769,61.1202982700293
2008,YR2008,Czechia,CZE,10384603,123.904809929948,13.6910275601823,40328.3426630095,17190.6470333289,418793828203.317,0.0429704222612688,17.8440841248309,..,26.6253033947045,1.23408817792114,3.72734017480649,2.77276294778781
2008,YR2008,Denmark,DNK,5493621,104.470310168489,33.4227790621361,62968.1612290596,53572.5346568185,345923212859.348,1.70355050889399,39.6198788367914,..,37.6682861074448,1.34882681237568,0.617279543987987,5.28083733969975
2008,YR2008,Djibouti,DJI,892734,..,..,..,..,..,0,42.6774873002105,..,..,2.62758252462798,22.785843817934,..
2008,YR2008,Dominica,DMA,68854,..,..,17738.0405685048,8682.57378179773,1221335045.30383,0,57.6243699129648,..,..,..,11.7112903770296,-0.190191656325494
2008,YR2008,Dominican Republic,DOM,9573130,61.4285058325394,14.1702312688308,14030.1411084465,5308.92664966814,134312364749.502,0,18.4352998960005,9.52284876408878,57.8160829890803,0.699861657175699,5.67335967834237,-0.294439132991233
2008,YR2008,Ecuador,ECU,14575202,74.5902963648439,..,11474.5257023541,4939.90215021789,167243529966.003,18.654574856841,7.30565376783069,..,..,2.6922066648737,1.7294958127597,..
2008,YR2008,"Egypt, Arab Rep.",EGY,85864789,71.6806253489671,15.3205248464545,12391.5847624705,3052.21297844721,1064000811005.14,12.4545677729971,26.1191959798995,5.63464301174864,20.2066311722871,2.18078548537016,5.8314126186488,1.17935231714126
2008,YR2008,El Salvador,SLV,6029297,80.6659739399085,17.0602032925092,8704.80584632591,3420.44927357444,52483859774.8353,0.577913009476031,15.8166864866578,4.03329498545036,40.6532674652049,0.961811831487238,5.0206011155903,0.441599409347586
2008,YR2008,Equatorial Guinea,GNQ,1084530,128.688006601458,7.78635988913296,39994.6159790647,13048.0703050168,43375360867.775,43.6095454927149,..,0.238745364601134,0.99125528747583,1.48230906749545,-4.01962840224965,..
2008,YR2008,Eritrea,ERI,2816327,30.5609500494496,..,..,693.398874212494,..,0,..,..,..,..,2.82570036794966,..
2008,YR2008,Estonia,EST,1337090,136.681988157836,19.3870577164993,34236.950125417,16688.997772178,45777883643.1938,1.58302746810645,38.0429254015837,..,33.5402259204967,1.76710636308365,8.12253971916627,5.29861849630163
2008,YR2008,Eswatini,SWZ,1098091,..,30.3481286849859,7926.37961138221,2950.67334362132,8703886113.8423,0,27.9991843875041,70.1427223584221,3.43347151368375,1.99882032667877,3.26736558419805,-0.245399603509139
2008,YR2008,Ethiopia,ETH,85543668,..,7.81414425408042,1193.74728332973,364.642208155735,102117521281.061,0.00896601037346542,15.3999963440544,30.228676859433,12.5893247738218,1.51584796368311,0.400997134132688,..
2008,YR2008,Faroe Islands,FRO,48547,103.496222535589,..,54263.326408917,44623.0315871975,2634321707.17369,0,25.4532665952327,..,..,..,..,..
2008,YR2008,Fiji,FJI,903399,..,22.7136293078984,9711.96604655315,4240.77265686858,8773780414.49006,0,49.3176211227756,17.5662308922576,38.6861102701141,1.52095281013957,19.2785877551773,-0.249130088655775
2008,YR2008,Finland,FIN,5313399,86.1896598765527,20.4923476085311,57494.585352886,46359.8732844055,305491672319.439,0,19.3437385158408,..,33.3360452345117,1.39102532971688,6.7927004343529,10.5556484173721
2008,YR2008,France,FRA,64375116,59.1797928411748,22.0891842345504,50068.2969141379,36257.3658930938,3223152421770.07,0.014247070185208,14.3243220976555,0.00589507546939538,22.6137344131186,1.89934504679172,2.32326700027606,4.64668224034089
2008,YR2008,French Polynesia,PYF,268379,58.0396477672874,..,..,21493.4178311249,..,0,28.5759749046938,..,..,..,0.194543891308964,0.419912300631462
2008,YR2008,Gabon,GAB,1607175,88.9988725945748,..,18493.0921103343,6468.38523357609,29721635312.4265,37.187729257242,11.4201928235195,..,..,..,4.45376516954727,-0.822652552569053
2008,YR2008,"Gambia, The",GMB,1817852,39.0890994561344,..,2649.61119865306,657.675679192228,4816601016.69387,0,13.2697499429179,..,..,1.09491765751865,4.53283904240458,..
2008,YR2008,Georgia,GEO,3848449,86.2982243681487,24.2245044534965,10856.1031328003,2970.15858282428,41779159245.3223,0.182671461157239,19.6718900646884,0.927299040540299,46.2309492754918,8.52011839531126,12.5221905619449,1.35677499906286
2008,YR2008,Germany,DEU,82110097,76.1131665945746,11.6265911759254,55425.1109251245,39009.8477636357,4550961234297.73,0.034054769495246,13.9788717645905,..,24.4101197387172,1.1888700534429,0.81284475683707,2.57404356393723
2008,YR2008,Ghana,GHA,24249946,69.5142256111434,13.8959679074555,4174.78124103364,1282.63416886747,101238219656.879,0.507726368620134,14.2923675847741,21.2092312651593,33.0778528983723,0.294033500427925,9.46643908231485,0.0277551296451876
2008,YR2008,Gibraltar,GIB,30413,..,..,..,..,..,..,..,..,..,..,..,..
2008,YR2008,Greece,GRC,11077841,57.1052836264926,20.4892108105139,41709.3877420312,23923.8800731311,462049965613.57,0.00680414005081318,21.6640776700441,0.00211280252691182,30.9757978470542,3.02372412926418,1.6328960526629,0.913657686097103
2008,YR2008,Greenland,GRL,56328,107.37322125158,..,60506.1946272328,42527.6668469766,3408192930.96277,0,..,..,..,..,..,..
2008,YR2008,Grenada,GRD,110896,..,..,14463.560012123,8307.49221491819,1603950951.10439,0,55.2711255385581,..,..,..,17.4857564898281,0.107298889306801
2008,YR2008,Guam,GUM,165693,78.2739373121511,..,..,31941.2706025874,..,0,..,..,..,..,..,..
2008,YR2008,Guatemala,GTM,13935174,65.1787305213103,11.4590303096883,9889.57209974855,3569.92861121538,137812907995.541,0.835430467135192,12.1303945509408,7.49006299314777,58.1415751954255,0.468231102914397,1.89952208705823,0.0280822474737684
2008,YR2008,Guinea,GIN,9898870,64.1842433909581,..,2629.5397474637,684.775780377366,26029472119.9759,0,7.8842017484721,..,..,..,5.48348837799648,0.913819001717021
2008,YR2008,Guinea-Bissau,GNB,1488054,45.1388893744724,..,2105.54284991215,608.958620496925,3133161459.98318,0,13.5358279609617,..,..,..,0.695948347275502,0.0692799259731268
2008,YR2008,Guyana,GUY,754606,..,..,9546.70875949436,4472.34517889699,7204003710.167,0,17.7534102801028,..,..,1.00888107540392,5.88393294374128,..
2008,YR2008,Haiti,HTI,9530774,36.1450381454244,..,3300.25849332968,1356.53400140048,31454017841.5056,0,11.2435441977217,..,..,..,0.285633151798952,..
2008,YR2008,Honduras,HND,8012587,135.748955193053,16.1305159842983,5566.70639487722,2175.14709403064,44603719292.4101,0.00328789149827597,23.4560272896675,4.56761569182611,39.7812904565168,0.953978556250972,8.65020371949481,1.39359072883753
2008,YR2008,"Hong Kong SAR, China",HKG,6957800,376.656806171877,..,54630.3763985044,36924.0883854556,380107232905.514,0,64.99281150665,..,..,..,30.570763400766,26.0300939713823
2008,YR2008,Hungary,HUN,10038188,158.453224115619,23.2735248156211,29384.0070385818,11929.7209867703,294962186846.607,0.240895210564367,24.940506777382,-0.000461817056334618,32.0217608196945,1.18049340457337,47.2364211896638,46.5432965874671
2008,YR2008,Iceland,ISL,317414,81.9027481853952,22.5812667805288,62831.1728631816,55360.8136015347,19943493903.1939,0,28.5044853118322,0.915711933754594,30.082324251794,..,6.59629631732958,-20.7102595354621
2008,YR2008,India,IND,1207930964,53.3682204392226,10.9771721522223,4450.39022919238,1086.50605251513,5375764159724.54,1.58498271088646,13.48050347245,14.1393149628036,26.2640061722715,2.63146078124112,3.6205232354017,1.60618945056937
2008,YR2008,Indonesia,IDN,240157903,58.5613996312961,13.3106178269489,8165.06155116624,2464.60193418272,1960904059994.01,4.60202331049434,8.29345199954898,3.76798866249423,27.1488842317179,0.578945804493387,1.82632902403998,1.15629148317163
2008,YR2008,"Iran, Islamic Rep.",IRN,75514204,48.2294027741438,6.19780918553488,15091.2506521463,5035.94008533618,1139603780361.31,30.5659738980313,..,5.51571547794339,2.30016678947893,2.68334192055637,0.487596567096289,0.0497824333954674
2008,YR2008,Iraq,IRQ,28971036,81.0555432665835,..,11511.9387643664,3781.78001712762,333512792372.255,55.3793146361864,6.89012573607488,..,..,2.36775982414374,1.40995173662765,0.0255291148087994
2008,YR2008,Ireland,IRL,4489544,160.039420132474,23.810941221499,62320.66630649,49461.1594281353,279791373492.304,0,72.5845118081134,..,35.9011036431113,0.57698781953157,8.45449268903961,21.1293465611675
2008,YR2008,Isle of Man,IMN,82029,..,..,..,68520.6825624937,..,..,..,..,..,..,..,..
2008,YR2008,Israel,ISR,7308800,75.380922305658,23.2083038024509,36827.9249156064,32554.0413211945,269167937623.184,0.00167170995232637,20.0450967225656,0.863122043334556,32.1629387801744,6.23951148308826,4.64409119960907,3.25866561641994
2008,YR2008,Italy,ITA,59211181,54.2142548956671,23.4579053302791,51806.3906176391,33550.6340800063,3067517571817.73,0.0935556302345291,10.3116179163406,..,21.7585490788879,1.53005124720846,-0.393031898243064,2.80055631903153
2008,YR2008,Jamaica,JAM,2725635,..,24.6847566179154,10490.4686134498,5639.58974873397,28593188419.2201,1.06917692280528,37.6554636366391,9.3992154284049,36.5994062033595,0.953354273523125,10.0413036123443,0.115812635925789
2008,YR2008,Japan,JPN,128063000,34.1294765412245,..,41645.5722078975,33557.6454041595,5333256913659.98,0.00254187890087445,6.26662546960436,..,..,0.907855045566342,0.48220858946511,2.22539209896608
2008,YR2008,Jordan,JOR,6989866,140.91292596092,17.152210648873,10641.5894255558,4489.95545537311,74383284111.6519,0.0047965442664046,39.2274054065081,6.4768698294783,38.0086105014351,5.99497156149729,12.4753075049094,0.0565704799710838
2008,YR2008,Kazakhstan,KAZ,16426525,94.2948046483658,..,24895.6645683245,8216.52181589585,408949256423.197,22.9379468470309,11.6240655886971,..,..,1.15466850608291,12.6039290016987,2.77585418935339
2008,YR2008,Kenya,KEN,39206351,57.5785986473131,..,4002.88364073792,1273.77226103073,156938461030.929,0,14.4461300236942,..,..,1.61585029427424,0.266291327300955,0.121929054122406
2008,YR2008,Kiribati,KIR,104222,95.441924758027,..,2172.35767589525,1361.83587176171,226407461.697155,0,40.1858307768581,..,..,..,-0.86226187796661,0.0182442616507667
2008,YR2008,"Korea, Dem. People's Rep.",PRK,24764618,..,..,..,..,..,..,..,..,..,..,..,..
2008,YR2008,"Korea, Rep.",KOR,49054708,92.0833544961819,13.9077106392006,37064.1518484106,24934.5396367691,1818171146191.44,0.0327981749761399,17.2595119432907,3.55855136621312,26.7010559618775,2.38850767922871,1.02488987542862,1.78974400458647
2008,YR2008,Kosovo,XKX,1800858,76.7307430830911,..,7098.40301909042,2543.59926351696,12783215864.1531,0,18.36804835337,..,..,0.0163027941392356,10.4976732129649,0.804948320923404
2008,YR2008,Kuwait,KWT,2651421,92.6834562516721,..,77036.5083833055,39852.5129115699,204256216094.172,52.8912935555667,18.8197210232417,..,..,3.00607272121515,-0.00403837933985183,6.1681196442062
2008,YR2008,Kyrgyz Republic,KGZ,5318729,146.106082230139,..,4894.9427801376,966.409971184817,26034874118.0585,0.419785696717881,33.3915735422918,..,..,2.90487239077854,7.33453630196803,-0.00248911133844892
2008,YR2008,Lao PDR,LAO,6148969,81.8491820941317,12.1029400169726,4367.162880257,1381.73754223953,26853549168.651,0,9.35535062692534,9.03501545734409,42.9506597425376,0.273820907156906,4.18200303606929,-0.310881993970516
2008,YR2008,Latvia,LVA,2177322,95.7681628438571,15.3140959762102,28726.9722869522,12506.6945041012,62547868753.7712,0.0525767547664309,25.4644534085355,..,38.8249763063566,1.7043587604961,4.20174399569372,1.00432907941391
2008,YR2008,Lebanon,LBN,4925354,106.625673176194,16.4183940002292,14955.1413563252,7701.29823027979,73659365299.9419,0,106.783869525442,6.9348782697101,38.6538526112572,4.01624119377376,14.8805177180667,3.38810688016846
2008,YR2008,Lesotho,LSO,1966541,161.126590593391,38.2585681635357,2589.16635854686,971.881366821351,5091701799.9031,0,25.5500852821556,16.1664906411618,28.2370287033611,1.547920805645,0.623122767576779,..
2008,YR2008,Liberia,LBR,3821003,..,..,1463.12408187297,591.185378141907,5590601506.20888,0,111.282998686593,..,..,0.292064439140811,16.4273509506381,-6.43105446118192
2008,YR2008,Libya,LBY,6235430,103.242158045544,..,21915.1976208274,13403.0004645911,136650680700.835,64.8164362995569,5.24952106375358,..,..,1.48985108130425,4.74139501074499,6.79062148280802
2008,YR2008,Liechtenstein,LIE,35473,..,..,..,..,..,..,..,..,..,..,319.097324077722,..
2008,YR2008,Lithuania,LTU,3198231,126.759707831841,20.4676019676961,30445.7809464936,12324.5197331387,97372640442.2852,0.120394867137278,19.5120066985559,..,33.1697475939713,1.13081118398085,3.61122070655171,1.1598669405821
2008,YR2008,Luxembourg,LUX,488650,292.21348078343,23.5557107740178,135812.22230327,110094.791529429,66364642428.493,0,180.846010830249,..,30.3212034408207,0.364912794964823,12.0948257128755,19.5535706264632
2008,YR2008,"Macao SAR, China",MAC,540700,126.607131209269,30.2359136380078,102474.668562926,58146.3285846714,55408053291.9742,0,82.1533921982223,..,84.7950304542529,..,18.9404463569425,4.01709395240104
2008,YR2008,Madagascar,MDG,20923840,74.357353960806,11.3914508381925,1794.40235887329,490.963935389518,37545787852.6873,0,26.9212246710028,32.2822534128052,16.8140742164968,0.962892092840992,10.5779307609142,0.41582876391471
2008,YR2008,Malawi,MWI,13976417,..,..,1378.42886690465,465.55147298007,19265496648.6968,0.0912165620723904,3.39280894000854,..,..,0.593494429088422,2.5237027903489,0.239559342753925
2008,YR2008,Malaysia,MYS,27570059,176.668324785148,14.6629582608718,22898.0027575442,7976.11785374773,631299287007.657,7.12611467503542,26.437652194967,3.38818125052661,15.8614068868305,1.82484376549945,3.28081949125174,6.67211346811612
2008,YR2008,Maldives,MDV,336170,..,11.5788828140298,18344.4866455436,9396.49733610486,6166866075.63239,0,90.9608770585787,33.0285128537131,8.5983652990208,..,7.97903444514319,..
2008,YR2008,Mali,MLI,14940782,53.6430193090625,10.1603761011566,2523.1996127255,787.156518987615,37698575356.2162,0,12.9846393002353,8.54584988011887,30.2887247943946,1.46571486807421,2.33379628946697,0.759740573991262
2008,YR2008,Malta,MLT,409379,185.749523785473,25.6644468820694,36286.3762693845,20064.4610845081,14854880430.7844,0.00671337918398488,194.173143973141,..,36.8910089867541,0.613354639613187,162.420238733848,176.922329057742
2008,YR2008,Marshall Islands,MHL,52030,122.046793997271,19.3324931787176,3903.30558742877,3146.26177205458,203088989.713919,..,40.0330028972002,8.70300577298563,7.92917892923719,..,3.8845475551006,..
2008,YR2008,Mauritania,MRT,3183269,94.1202110004251,..,5813.35608368305,1514.2655013629,18505476207.1497,5.46163646578312,..,..,..,3.059333957503,6.58359348707617,0.0573328725361802
2008,YR2008,Mauritius,MUS,1244121,113.492663899724,16.7369969878264,17750.5936228988,7563.03143738425,22083886288.7145,0,44.0747729993801,11.4343619246862,52.657385487778,0.15595207103506,3.72959175354516,0.517650805960516
2008,YR2008,Mexico,MEX,110374288,56.3652818862573,9.57877153289673,20992.5602618229,9826.3421836048,2317038892195.8,6.04436562265737,4.98962343035122,1.48674151443651,21.7907172960995,0.37317675556547,2.56307995916969,0.0592348387622863
2008,YR2008,"Micronesia, Fed. Sts.",FSM,108936,111.186554275186,4.37141560420798,3601.90031821178,2759.97734131572,392376613.064719,..,..,6.6239869631635,5.71586081411732,..,..,..
2008,YR2008,Moldova,MDA,2868833,134.4216013477,20.4459489526716,9563.69814290939,2249.22589719372,27436652834.4172,0.104253032464958,29.8804709405931,5.07744202885753,50.3028804549388,0.6085356171256,12.0005134783383,0.515787060360446
2008,YR2008,Monaco,MCO,31836,..,..,..,163243.752211148,..,..,..,..,..,..,..,..
2008,YR2008,Mongolia,MNG,2643201,121.198013401183,21.6518153563662,9379.85489687765,2576.71295838607,24792841843.2819,1.36774431978469,20.4152166155909,7.408533475345,25.2711853569131,0.823306745414827,15.02161500005,0.111013805823665
2008,YR2008,Montenegro,MNE,616969,132.48054069386,..,20239.0055766337,6149.68558098863,12486839031.6101,0,39.7167042186608,..,..,1.87218246206494,21.4776806860127,2.4285609414222
2008,YR2008,Morocco,MAR,31606767,77.8344716425602,24.0687710934063,6901.95068359375,2648.58569335938,220776760915.46,0.0061644205483407,21.5862597511481,6.55152235698816,40.2156398575995,3.18350142755722,2.42213508852785,0.310273289446115
2008,YR2008,Mozambique,MOZ,21819036,64.981416499828,..,1141.94256161019,460.94729485679,24916085861.7049,0.481285902978786,11.7692910607452,..,..,0.647887786238704,4.96426075394528,0.385067277683341
2008,YR2008,Myanmar,MMR,48390793,..,..,3254.738978881,714.620419027129,157499400196.062,2.15334545377525,3.05670787476752,..,..,..,2.71127181000311,..
2008,YR2008,Namibia,NAM,2047056,119.644498184785,29.70119351839,10286.5124067605,4036.38187484707,21057066941.3334,0,13.2584209936919,36.292364928698,19.3105230282713,3.1372615742466,8.71835372051848,0.0831679490002941
2008,YR2008,Nauru,NRU,10009,164.285714285714,..,7339.57869508137,5045.18472364491,73461843.1590694,..,20.8236715348589,..,..,..,..,7.73973169929159
2008,YR2008,Nepal,NPL,26990037,46.0362063511913,10.4400864087645,2852.60983167965,666.865095417138,76992044903.5975,0,12.5576256327684,17.4574678117991,37.3106296073429,1.3995740545118,0.00793215735192788,..
2008,YR2008,Netherlands,NLD,16445593,130.152049980117,21.7043170648197,63678.4032834996,46227.211156219,1047229103290.3,0.0767004716623707,29.3057261267014,..,27.4493135051414,1.29710010302488,20.4123384575226,28.4569417097359
2008,YR2008,New Caledonia,NCL,253825,67.9174783843244,..,..,..,..,0,20.7074968787496,..,..,..,19.2594082159786,0.702974444115463
2008,YR2008,New Zealand,NZL,4259800,64.2611448527979,31.4531634367708,41561.1820713151,35739.3584607571,177042323387.388,1.05778347154292,16.7070373279026,2.87065929911299,23.9575785953177,1.15276441116352,1.94246279372292,0.628962247134386
2008,YR2008,Nicaragua,NIC,5576593,96.7939847302055,13.2016760492309,5809.09964464617,1736.65740610408,32394984414.6363,0.241718443242608,18.3230073819726,4.37544372394988,50.0098821838069,0.502058376769716,7.38263377911966,0.222432294636317
2008,YR2008,Niger,NER,15361915,39.7112440540383,..,1300.55418500177,429.195542798877,19979002842.8915,0,10.0757973681926,..,..,0.73944643123804,3.87903143663185,-0.469439860915455
2008,YR2008,Nigeria,NGA,157595014,..,..,7215.76946222422,2098.28339220668,1137169289420,15.529944090028,7.84509801316895,..,..,0.489084134608938,2.41373918254011,0.309672667388067
2008,YR2008,North Macedonia,MKD,1971493,111.570054713298,18.5239461061968,16038.1078627458,4392.5507164151,31619017384.6484,0.0021136756246601,22.6193686068144,4.65400875176148,37.4167470147593,1.74234086894233,6.17271448582765,0.112887575437221
2008,YR2008,Northern Mariana Islands,MNP,57150,100.851970181044,..,..,18451.3905458787,..,..,..,..,..,..,..,..
2008,YR2008,Norway,NOR,4768212,74.7852799340995,27.7643980954451,86379.6624832291,75535.2118003041,411876543208.483,9.87352536152341,19.4277825247935,0.171170874617334,21.2777067890798,1.37033371660879,4.42620837691604,7.81344807980259
2008,YR2008,Oman,OMN,2626529,94.7619029877161,..,46586.3955926767,22007.7338963517,122360519029.637,37.9131008037865,11.0395903114393,..,..,4.96024822382651,4.22877879574812,0.837186427669253
2008,YR2008,Pakistan,PAK,189499113,34.3489608135242,..,4233.34830715497,1258.05188934452,802215749225.919,1.0846584932923,6.94645875675996,..,..,3.45937100362745,2.68936656124595,0.0242329829902633
2008,YR2008,Palau,PLW,19009,126.283114552247,16.3648685564413,17574.0751337338,14045.7297946023,334065594.217146,..,63.5536713826849,10.6597935806051,18.1254460161978,..,2.35823849904737,..
2008,YR2008,Panama,PAN,3500648,164.586286421944,..,21867.81875743,10288.1549774225,76551535997.5598,0,33.6032416950956,..,..,..,9.29189971900206,0.945907615746109
2008,YR2008,Papua New Guinea,PNG,7183002,..,..,3233.91811872812,1934.03201558753,23229240314.6603,8.52783686957129,18.1151061165155,..,..,0.337014470677837,0.410070468415145,0.668614943267615
2008,YR2008,Paraguay,PRY,5613574,80.7775746572591,8.09407229978406,11751.1391651711,4788.66318778074,65965889287.9862,0.157606646082066,6.296215519283,7.00933229852384,39.2712612384166,0.683124275184385,1.83503669212255,0.186406410239394
2008,YR2008,Peru,PER,28719041,58.4337673899053,16.5121709207613,11151.530521564,4778.52642172313,320261262261.549,1.51772504698259,7.46832770264706,2.55073932874984,37.1307427037663,1.24669488192926,5.74335697642786,0.6103657975377
2008,YR2008,Philippines,PHL,92699095,67.6810707730401,13.0335136905172,5987.03757861835,2264.9462907288,554992965268.913,0.237100244347381,13.2906209764923,22.1904462253782,21.4128153902692,1.25032908798354,0.737800589215242,1.08467363760969
2008,YR2008,Poland,POL,38125759,80.5746815569207,18.1987400991461,25553.9058406534,10187.2017910883,974262055589.444,0.0547816525517377,12.5788810074867,..,38.2838245613222,1.74555706324845,2.7209993736918,0.871152948925892
2008,YR2008,Portugal,PRT,10558177,72.0757429221604,21.0759413054563,37291.504896966,20014.4749330004,393730309298.534,0.0298507363601294,15.933645711104,..,32.0140351898343,1.41594674624287,2.96892594201258,2.11782591939054
2008,YR2008,Puerto Rico (US),PRI,3760866,116.277994389108,..,41358.0689136668,28976.1310520159,155542155203.067,0,..,..,..,..,..,..
2008,YR2008,Qatar,QAT,1426938,89.4328416546905,..,109206.297312914,61213.7206556875,155830615475.095,32.6040710093919,..,..,..,2.01050092711317,3.27806417009269,3.1732219887841
2008,YR2008,Romania,ROU,20537875,65.1752009979412,16.7854444924841,27039.7122195334,8318.00342795388,555338229600.749,0.909321004650877,13.2634365455802,0.0334122602489394,34.6176949882816,1.39998436558161,6.37741866098849,0.146047453140388
2008,YR2008,Russian Federation,RUS,142742366,53.3824660408908,15.8180678239761,34342.2265625,9093.7001953125,4902090772495.31,12.3954143055606,8.10979844463401,25.166167632881,16.3548590318037,3.14948602002222,4.50269424864822,3.35145708975151
2008,YR2008,Rwanda,RWA,9804269,37.6045108548055,..,1641.77767401672,538.325372065592,16096429954.2543,0,..,..,..,1.30649717514124,1.97476605952382,..
2008,YR2008,Samoa,WSM,190107,73.8864270586579,..,6182.76327854773,3925.8743329936,1175386578.59487,0,37.8032334018496,..,..,..,7.15667986967314,..
2008,YR2008,San Marino,SMR,31662,..,17.6709153182375,85120.2868772716,61572.7435735639,2695078523.10817,..,..,1.55034520076211,28.2686095724169,..,..,..
2008,YR2008,Sao Tome and Principe,STP,173793,..,..,4873.1813112046,1214.14114724792,846924799.618182,0,16.5495820340754,..,..,..,42.0928084101522,0.0503074738999969
2008,YR2008,Saudi Arabia,SAU,23287877,96.1026308742185,..,54407.7081673247,21629.8405734551,1267040015652.55,54.085800995618,15.4826232336972,..,..,7.35343646797829,1.05925699592349,0.672882172418145
2008,YR2008,Senegal,SEN,12048959,62.7617698176319,..,3359.70567090311,1138.66883930214,40480955880.7791,0,16.1120037617743,..,..,1.29196686871926,2.70404739796078,1.08741923796769
2008,YR2008,Serbia,SRB,7350222,75.7432462868839,20.3574730802867,17983.3557621585,5735.94772695749,132181657156.844,0.512169486154177,15.4085004328344,6.1725879108916,41.9612214034953,2.05019989253683,7.48017377130846,0.60585499707263
2008,YR2008,Seychelles,SYC,86956,208.842968505327,22.084701660805,21990.3685269705,12473.2921769121,1912194485.63125,0,72.2465621904704,12.3901802732582,35.9641575503658,1.15019319695979,18.3570766112751,1.32299249421212
2008,YR2008,Sierra Leone,SLE,5894722,21.2566155636984,..,2404.65198784353,882.54147817868,14174754975.085,0,4.32707542262246,..,..,0.603658478631646,1.27696981909264,-0.108917263927015
2008,YR2008,Singapore,SGP,4839396,437.326714891057,13.7543914469361,87329.5937792686,44601.5799302699,422622486817.018,0.0247658429846694,92.8234448341221,..,21.7398301296379,3.85002679403201,7.02328608228286,4.11346846459169
2008,YR2008,Sint Maarten (Dutch part),SXM,33145,..,..,..,..,..,..,..,..,..,..,..,..
2008,YR2008,Slovak Republic,SVK,5379233,162.464472991641,16.4538900641944,29556.2617975695,14497.1114407172,158990018818.125,0.00898207738807562,19.3273867049268,..,31.6866780702238,1.46010645649302,4.60268632841724,0.519539085952341
2008,YR2008,Slovenia,SVN,2021316,135.387093664802,22.3180566696238,41278.6090856341,22175.2369557321,83437113002.5377,..,23.0709909536112,..,32.0247665289261,1.50018334060673,1.94695512755549,2.40002642873854
2008,YR2008,Solomon Islands,SLB,508790,87.3526158028726,..,2489.78306207696,1911.18969015528,1266776724.15414,0,21.0901067493555,..,..,..,9.68358178998539,0.486209082030175
2008,YR2008,"Somalia, Fed. Rep.",SOM,11663084,..,..,919.132083452828,304.741448811117,10719914696.4053,..,..,..,..,..,1.47118001648448,..
2008,YR2008,South Africa,ZAF,51114599,65.9745237996233,24.322809870073,14297.6887802632,6009.71963138635,730820628629.955,1.37926877732773,9.68503896737707,3.15525949950371,31.3488237357307,1.03941759302272,3.12686614310453,-0.670475565675138
2008,YR2008,South Sudan,SSD,8817647,97.2662973183488,..,..,2289.18415375563,..,58.2776601424041,..,..,..,5.76128903307145,..,..
2008,YR2008,Spain,ESP,45954106,55.8281315172523,12.7731852373898,44926.348951812,27112.526293889,2064550201924.56,0.00337447126882851,13.172274106819,..,22.3949438535643,1.36762048450666,4.36076294618522,4.4457654186766
2008,YR2008,Sri Lanka,LKA,20629378,63.369043608222,13.2773344349014,8897.82686006864,2708.58594222506,183556633674.909,0,12.3111003459365,14.3097915310111,44.6347386162181,3.24360178402603,1.84752962305149,0.151545569984415
2008,YR2008,St. Kitts and Nevis,KNA,46835,..,20.0366033565581,25898.7823620981,18325.7612670282,1212969471.92886,0,74.8980737134697,34.2734958671507,14.3556830393885,..,19.2570726755219,0.239281479885531
2008,YR2008,St. Lucia,LCA,168808,..,18.6849027299701,21651.233776084,10583.4310172598,3654901471.27318,0,57.9889477919785,45.5261753594387,16.4901067370642,..,13.6063864155208,-0.459289614051672
2008,YR2008,St. Martin (French part),MAF,35958,..,..,..,..,..,..,..,..,..,..,..,..
2008,YR2008,St. Vincent and the Grenadines,VCT,111028,..,22.6447081848728,13850.3936790063,7019.9950843874,1537781509.39271,0,42.214078614758,16.745714455795,45.9731017145805,..,21.4509743987017,0.0308347470955501
2008,YR2008,Sudan,SDN,33623980,36.7410978273835,..,4446.40966796875,1381.62561035156,188712858640.32,17.885274592108,4.54908596540245,..,..,4.97892177814511,2.54980980762297,..
2008,YR2008,Suriname,SUR,537245,109.166838523407,..,21515.8119551093,8129.11464659446,11559262393.8227,10.4429452069185,19.5699422561353,..,..,..,-6.54973190348526,..
2008,YR2008,Sweden,SWE,9219637,92.8083687095596,28.2612586025479,56262.4700751994,48428.6587081751,518719550816.701,0.0182062873540388,22.9241503760283,..,36.3582912962057,1.17073406588482,8.05196630424181,6.75547044867012
2008,YR2008,Switzerland,CHE,7647675,116.778000147488,9.58714189428991,75355.202488789,82481.0680560935,576292098193.45,0.000960013727719588,32.5687107388706,0.957741975124474,31.8371670044775,0.722484412265189,0.527253063961103,5.33859451841949
2008,YR2008,Syrian Arab Republic,SYR,21636564,74.2279600990172,..,8903.77225264131,1423.59559425951,192647038185.698,5.19652182902386,14.4345185514685,..,..,3.5523398057458,2.7885874585822,..
2008,YR2008,Tajikistan,TJK,7338403,114.480149093579,..,2308.09430040334,726.185491338269,16937726138.3628,0.0958394628921368,12.3621019313268,..,..,1.02218713975002,9.42813566158299,..
2008,YR2008,Tanzania,TZA,42570728,49.0265445510865,..,2493.25927734375,752.540466308594,103082121917,0,13.0980335376868,..,..,0.698278989715238,4.94943766923668,..
2008,YR2008,Thailand,THA,67619830,140.437011540931,15.3848864043407,15891.7823409885,4805.76393990836,1074599620294.65,1.90791786682769,27.1622039625307,5.27668416447944,36.8602362204724,1.25266188719419,2.93824905393328,0.802963067396853
2008,YR2008,Timor-Leste,TLS,1032429,135.250768661926,..,3530.88221940661,1042.86833768293,3645385198.89975,..,82.3416490657469,..,..,3.64703161141095,6.12128417638544,..
2008,YR2008,Togo,TGO,6368812,62.3076674472105,10.3419113725329,1941.15486668393,610.405413708475,12362850408.795,0,14.0835269865873,21.2921932214377,43.0295629383596,1.72218624355757,1.11146694137374,0.238276418042321
2008,YR2008,Tonga,TON,107020,72.6563791156237,..,5758.56828665219,3833.60152751942,616281978.037517,0,25.5850187023966,..,..,..,6.24719241143554,0.0668845566449129
2008,YR2008,Trinidad and Tobago,TTO,1308587,..,29.48840531425,35825.3333456362,18285.2735441992,46880565486.7661,9.42207714451534,4.52970253960358,3.71922605661372,13.0777925971369,0.493375226495272,10.0489432656806,2.5115182397802
2008,YR2008,Tunisia,TUN,10542635,114.343660218696,20.4998082253244,11990.1962371716,3760.11828478704,126408262506.873,5.93514843614258,20.2505066254313,5.91360619672392,32.402272295521,1.29062492574542,5.79738619600755,0.0940783034562862
2008,YR2008,Turkiye,TUR,71051678,50.7612500066681,17.441498301686,19839.5845462269,8447.93976396947,1409635772832.29,0.122000589848402,7.13371970286109,0.919375391430309,35.2325811277678,2.18178699504167,2.56004537243285,0.328726797356875
2008,YR2008,Turkmenistan,TKM,5345029,94.7240751970891,..,7944.99590073106,3504.34843278483,42466233494.2887,22.0912039942029,..,..,..,..,6.62635738831615,..
2008,YR2008,Turks and Caicos Islands,TCA,27427,..,..,22689.3160133769,38854.1075698814,622299870.298888,0,..,..,..,..,..,..
2008,YR2008,Tuvalu,TUV,10321,..,..,3933.37396710875,3230.22109521715,40596352.7145294,..,104.786119412952,..,..,..,5.29515256931844,..
2008,YR2008,Uganda,UGA,30539553,56.2582682050634,..,2110.10049271503,722.565167003452,64441525832.5968,0,14.4697446358913,..,..,1.34734497189712,5.04737190164171,..
2008,YR2008,Ukraine,UKR,46819175,94.1718921417534,17.0917178616882,18883.986328125,2567.69409179688,884132659139.896,0.684740010329571,18.8718974404003,3.74104110256889,31.3380609323094,2.67292227463357,5.68814936936009,0.423687387605607
2008,YR2008,United Arab Emirates,ARE,6302664,148.513544025723,..,80285.1852028705,47922.6988207823,506010546511.465,26.67204274176,..,..,..,3.6680226492701,1.60487460715228,5.01476163556332
2008,YR2008,United Kingdom,GBR,61806995,56.4365501052604,26.3157861887622,48833.0712359377,44508.2874631479,3018225389714.24,0.996222101169364,19.0046771852674,..,30.0859035170168,2.4871500848402,8.60551599075423,12.1108919197481
2008,YR2008,United States,USA,304093966,29.8677957945319,10.2761909366076,60798.4338401606,53442.7136899777,18488436873043,0.521498895801413,6.50947359001983,1.1172866963218,2.47368331367082,4.44659552156261,2.30937902080946,2.32624445049071
2008,YR2008,Uruguay,URY,3302177,65.2080950071821,17.8002013250049,22249.3835165533,13165.83628166,73471402512.5413,0.00375759126029811,12.2112027171882,4.21178377346034,47.7619174068819,1.86952468832085,6.88302281006264,0.0815202266074842
2008,YR2008,Uzbekistan,UZB,27494774,79.7479920348578,..,5115.64391465594,1904.45855506712,140653473297.94,4.39931830334527,13.5823647372098,..,..,..,1.85438789059302,0.00870313281923931
2008,YR2008,Vanuatu,VUT,226896,105.774852580058,..,3381.38564426088,2875.08524058992,767222877.140216,0,62.3124248214357,..,..,..,6.38080367466041,0.0822470559519866
2008,YR2008,"Venezuela, RB",VEN,28053696,51.8290123789932,..,..,4665.9531880382,..,22.6737847784336,4.89344332494079,..,..,1.79355285179574,0.659274461280102,0.242757326837176
2008,YR2008,Viet Nam,VNM,85175788,154.317479627758,..,6659.13561432065,1856.00519883979,567197123348.626,7.24340907549005,15.093265511461,..,..,2.15637292727254,9.6630390545572,0.302631977906583
2008,YR2008,Virgin Islands (U.S.),VIR,108397,863.195098963242,..,63057.6263123638,50174.7528938473,6835257519.3813,0,..,..,..,..,..,..
2008,YR2008,West Bank and Gaza,PSE,3591977,79.4799190194791,..,4984.80579890695,2685.98601828464,17905307779.1404,0,14.4475221987879,..,..,..,0.70458524841322,-0.0584854400967694
2008,YR2008,"Yemen, Rep.",YEM,25111941,81.244718850294,..,..,2244.04491655237,..,33.8268519294838,13.2032218724079,..,..,4.44582924481359,5.7769623200871,0.854160869673081
2008,YR2008,Zambia,ZMB,13021324,59.4548891205874,13.2593037824586,2908.14362510668,1053.58612301068,37867880381.0486,0,8.11389460035963,9.91179921044728,31.8751831987609,2.08008787697224,5.24050811284723,..
2008,YR2008,Zimbabwe,ZWE,12959149,109.523540063377,..,2954.09932377926,803.044944654991,38282613297.6547,0.0219835646063037,..,..,..,..,1.16794929832503,0.181077410593029
2009,YR2009,Afghanistan,AFG,27466101,..,8.48175836115538,2565.02208584099,488.830652491949,70451155676.9393,0.00524173800288766,20.56213709976,4.84404133508532,2.9995269655763,2.08741255278385,0.45188914562189,0.00199023835938649
2009,YR2009,Albania,ALB,2927519,73.3213575646169,..,11430.6220336089,3459.24695646692,33463363185.2088,0.923660115710382,39.642493941357,..,..,1.5172171395597,10.9068201480963,3.19931312776844
2009,YR2009,Algeria,DZA,35490445,64.2847547238993,..,14104.42817214,4336.10054052949,500572432299.784,19.9046263657492,9.69229223143841,..,..,3.5129603834668,1.82742164668261,0.142647040630019
2009,YR2009,American Samoa,ASM,55528,161.333333333333,..,..,12342.0575384016,..,0,..,..,..,..,..,..
2009,YR2009,Andorra,AND,83888,..,..,57203.9708883731,35604.4007343193,4798726709.88385,..,..,..,..,..,..,..
2009,YR2009,Angola,AGO,22414773,102.263183257986,15.7996845751465,10933.2712187989,3494.80724466172,245066792516.81,29.7782995191992,24.2244343951653,8.5665592264303,12.0462530217566,4.70961004832072,2.69909240017807,0.00826523478622457
2009,YR2009,Antigua and Barbuda,ATG,84173,..,..,28405.6900929523,17746.700856041,2390992152.19408,0,93.4927003188428,..,..,..,6.05699272043589,1.02695800142176
2009,YR2009,Argentina,ARG,40854831,34.0571269054879,12.3830415594157,25747.1976809995,12285.3784651865,1051897409980.83,2.12453488071178,6.9318030569493,13.684638787432,29.4587083664878,0.886508576686385,1.20643922647566,0.213692689034262
2009,YR2009,Armenia,ARM,3066000,57.2742357441995,16.5058632324214,10143.2350796867,2716.97436280471,31099158754.3195,0,21.3654568635684,3.47576747800208,40.5723070133092,4.15704990783508,8.78869421378729,0.604079510817501
2009,YR2009,Aruba,ABW,101604,137.556575933708,..,34986.1484622772,26204.0597361984,3554732628.36121,0.00109429704736333,87.3538979150305,..,..,..,-0.41563759901472,0.0590642903863021
2009,YR2009,Australia,AUS,21691653,45.5936120867789,21.9501151705037,52407.9115378584,53430.5274781651,1136814231533.92,0.553069182846371,9.80133485766446,2.03227599400238,22.6594410837082,1.92365517034008,3.10519028312049,1.23034079079379
2009,YR2009,Austria,AUT,8343323,87.6004931021953,25.3973668580862,58810.4422020872,42372.4758254763,490674515064.845,0.0534302351399535,23.3019938170049,6.29257962492607E-05,27.0585957935521,0.838531947457704,3.58137196898673,3.89645864576921
2009,YR2009,Azerbaijan,AZE,8947243,74.7440416836369,14.1067089869809,19242.3900077231,5118.43395494687,172166339299.871,26.6788300895754,13.0369102959482,2.79582892549494,17.8122466924039,3.32542168167072,6.54746236391725,6.21516853999691
2009,YR2009,"Bahamas, The",BHS,362810,76.5210439633098,11.2520687319925,32630.263065979,30581.3342198488,11838585742.9678,0,35.5333020769468,50.5005803389666,28.3920964517286,..,6.65159948547179,2.17287426517437
2009,YR2009,Bahrain,BHR,1178415,117.963725409489,1.3631667858969,50665.7507489219,22206.9371985225,59705280668.7909,14.4351176966592,24.2916622704141,4.87769177625031,1.2119579854565,3.61053524967651,1.12105291032725,-7.81006334081949
2009,YR2009,Bangladesh,BGD,150873714,40.092796223023,7.49811626276927,3942.13631207203,901.729626251937,594764746496.571,0.0809215445999961,5.26056268475041,24.3464619816995,28.7583222780065,1.02893954845227,0.879517142536145,0.1764615276053
2009,YR2009,Barbados,BRB,274123,..,24.7074140343927,22840.8841002763,22572.5926053677,6261211672.22004,0.195379735576456,45.725531663617,7.32777556528052,39.6081719236947,..,7.970079027098,2.86178287485099
2009,YR2009,Belarus,BLR,9504583,108.63564482836,18.6294706290955,22236.8387691136,5200.77418555423,211351879738.658,0.730286719935005,11.7631755885125,16.4481143807248,28.8359359233049,1.37257698145111,3.68858496262614,0.201088324900962
2009,YR2009,Belgium,BEL,10796493,135.13840572229,23.6951482292977,55258.7071019666,39293.637546825,596600244415.433,0,36.0638937561044,..,25.118105170169,1.16353003394252,15.948905674901,6.87390904168329
2009,YR2009,Belize,BLZ,312614,89.5808843860925,17.805730436574,12033.9096816588,5997.68447156383,3761968641.22207,2.97041788271908,29.9814632511105,23.3912513487257,30.7003191689446,1.02025947294782,6.44782371601601,0.0273250566383459
2009,YR2009,Benin,BEN,9509423,44.7026290629806,..,2758.07243150648,936.565651071554,26227677415.8337,0,7.39026447429159,..,..,..,-0.193121764606275,-1.25604474307577
2009,YR2009,Bermuda,BMU,63565,..,..,108962.816946419,121727.584908744,6926221459.19911,0,34.719238052085,..,..,..,-1.06291792617825,0.164908922352459
2009,YR2009,Bhutan,BTN,693988,101.559411565244,8.77362894561627,9019.11861272397,2148.56480375034,6259160087.80709,0,11.645076234456,0.988474265165795,10.385370363654,..,1.37452904839501,..
2009,YR2009,Bolivia,BOL,10016275,68.6270739127592,..,9011.55629962953,2422.57579390007,90262226075.0718,1.99901854108232,9.99048892666852,..,..,1.76136075631536,2.43967814560444,0.0173010458510148
2009,YR2009,Bosnia and Herzegovina,BIH,3879794,73.7474942255023,18.9462859848687,11826.6991802051,3877.53540078456,45885156519.1645,0,13.541114776492,0.00776435772686413,43.3055463113987,1.37658621151299,0.786371182353609,-0.530758839670932
2009,YR2009,Botswana,BWA,1990673,88.4807886337378,27.6868140219818,13489.9509168296,5179.4138607146,26854081061.458,0,16.1809682733339,26.510235799395,13.9234612877889,3.26282073750534,2.06256005196384,0.077291549318192
2009,YR2009,Brazil,BRA,192079951,22.1059756060711,..,16939.4407809047,8246.09612122851,3253726955163.58,1.33048498208149,4.37099248283079,..,..,1.53862567601211,1.88848240446291,-0.273058441443156
2009,YR2009,British Virgin Islands,VGB,27218,..,..,..,..,..,..,..,..,..,..,..,..
2009,YR2009,Brunei Darussalam,BRN,384952,90.2870882587894,..,87875.8283546044,32855.6021602466,33827975876.7617,16.6918809538917,19.7189410907835,..,..,2.94107203176036,2.73305999823298,..
2009,YR2009,Bulgaria,BGR,7444443,92.6926456036375,18.5864986441581,21251.30543262,6288.72543188686,158204131968.73,0.0216533526362494,22.9113395647301,0.011501066098081,42.7612622601279,1.73951150062383,7.4901573261348,0.694387783187893
2009,YR2009,Burkina Faso,BFA,15710066,40.2959836735924,11.127631728475,1779.32305627973,533.470084831931,27953282649.4762,0,7.58155864662665,11.630171902393,36.6734294270087,1.35276497598007,0.599468939611006,-0.155649531760581
2009,YR2009,Burundi,BDI,8947646,..,..,988.19632868896,252.582019875886,8842030927.60846,0,12.7607286440394,..,..,..,0.0196229518082158,..
2009,YR2009,Cabo Verde,CPV,506141,80.4609561325344,16.8835936399048,6994.5740991365,3159.58698693977,3540240729.11105,0,43.5065211065661,14.8142572204512,33.779757829677,0.449908484432209,6.80241863090143,0.102383918123199
2009,YR2009,Cambodia,KHM,14276810,102.2879490147,8.02652016530332,3587.60889588362,1117.25834194514,51219610560.8403,..,21.2304413970131,16.6958031387876,35.4708878559858,1.09246347000704,7.42542554520067,0.150950789227578
2009,YR2009,Cameroon,CMR,19113974,42.1761073594765,..,4286.57718166156,1290.89961351149,81933524799.2723,3.18641938368574,11.5387159334901,..,..,1.23383418917622,2.671669501987,-0.236528339442344
2009,YR2009,Canada,CAN,33630069,58.4743918224897,12.3043859548638,51552.4223837895,40376.4153847836,1733711521883.99,1.33142171181656,11.0833255457811,1.32307272047618,14.6680996060615,1.37755563107525,1.52413118076926,2.74540930097107
2009,YR2009,Cayman Islands,CYM,52618,..,..,80631.8445943625,84001.4219797545,4242686398.86616,0,..,..,..,..,474.06347248168,116.021791342153
2009,YR2009,Central African Republic,CAF,4529047,31.4942464896799,7.90850338381283,1402.68164770801,492.215398914836,6352811108.50702,0,..,..,..,1.74797074081845,2.04509891475672,..
2009,YR2009,Chad,TCD,11893754,64.8597511917067,..,2474.70758351267,871.485311273077,29433563220.2341,14.6756159361222,..,..,..,5.70148439592454,3.04360891943899,..
2009,YR2009,Channel Islands,CHI,157511,..,..,..,67617.8205403696,..,..,..,..,..,..,..,..
2009,YR2009,Chile,CHL,17009731,66.6860309631418,14.6058605645306,23013.5817893814,11116.4093443103,391454835583.877,0.0241963153528489,10.7923230855768,0.886803803931116,45.8374302878868,2.27650789887703,7.42256247898025,3.37977957918854
2009,YR2009,China,CHN,1331260000,44.4197644331119,10.1348503814718,9518.43214737204,5237.76666540352,12671507980510.5,0.899050539990343,5.82886228080683,3.70843900518133,60.110209827704,1.89352379603523,2.52538984334254,0.845733374735046
2009,YR2009,Colombia,COL,44271541,35.1561285074585,12.6752273841946,13586.7518430982,5046.97121757727,601506441278.546,3.27049268265203,6.06505617115996,4.26925718799465,26.9381315099051,3.88696383706353,3.45627065154005,1.5075829387455
2009,YR2009,Comoros,COM,641947,37.8969223253542,..,3107.45297029798,1250.90035344227,1994820111.92388,0,15.8435753462477,..,..,..,1.52866108214525,..
2009,YR2009,"Congo, Dem. Rep.",COD,66412044,63.0860045505312,7.90960875850895,1108.57506967795,383.515898271062,73622736304.7552,1.37907393656144,13.2582662297983,14.0363178636069,12.9912445234204,0.651615938486403,-1.30701676006767,0.187023779812315
2009,YR2009,"Congo, Rep.",COG,4281219,135.552365681975,8.22388188953649,8138.45033818822,2211.31572382028,34842488218.4079,32.0193923725837,38.6575063946926,4.45703295555136,12.7277938210155,..,12.2288862499697,-0.924618679683344
2009,YR2009,Costa Rica,CRI,4499791,69.7593177251535,13.1830719885207,17932.6147807275,9883.67567046297,80693018596.7846,0.0442489217587359,18.309505798027,4.01517548258788,32.8342240775026,..,5.25151067245965,0.892145374810749
2009,YR2009,Cote d'Ivoire,CIV,21997940,66.6729037469185,10.5012658369382,4151.05360874982,1473.9183699329,91314628222.062,1.55323608726763,11.6941390623645,34.6229252895672,22.9071206425867,1.25173572577555,1.17339078576713,0.0279710000277269
2009,YR2009,Croatia,HRV,4305181,69.7015578897439,20.2770052051942,29024.7588699632,12099.5521781656,124956840416.547,0.257276727386522,25.5088475883087,1.44283314174551,44.777566539924,1.77217858246391,4.92586080575553,2.20593762077161
2009,YR2009,Cuba,CUB,11294719,32.9139819587629,..,..,6561.25305093006,..,0.987366610395309,..,..,..,3.38096005154639,..,..
2009,YR2009,Curacao,CUW,146833,144.702341659916,..,33397.3971262631,20952.8997952543,4903840012.24059,..,..,..,..,..,..,..
2009,YR2009,Cyprus,CYP,1109371,102.7910918992,23.2492377292522,42253.5625,26183.685546875,34142356870.6697,0.00868111599731847,55.1060188850943,0.00995378599360114,32.9840028439389,1.81681950779024,252.667773383487,247.10288366675
2009,YR2009,Czechia,CZE,10443936,113.049254784875,13.6005403617534,38175.1422773334,16272.8084766719,398698742735.364,0.0244055189347667,17.8186999215129,..,28.1886256652076,1.31349218921279,2.54701925348654,1.60412630691447
2009,YR2009,Denmark,DNK,5523095,89.3948566562728,32.9767812920754,59516.5093273659,50635.9118061988,328715335083.428,0.914832469823829,34.9402824575426,..,38.211971088443,1.34441225473678,1.17142791849018,1.91273135196306
2009,YR2009,Djibouti,DJI,911527,..,..,..,..,..,0,42.857832436752,..,..,..,9.2325515288363,..
2009,YR2009,Dominica,DMA,68864,..,..,17534.0339616963,8582.71481435718,1207463714.73825,0,53.8379481747025,..,..,..,11.0100917882515,-0.259126122196386
2009,YR2009,Dominican Republic,DOM,9695265,50.6509376792025,12.6456822680505,13992.4103270189,5294.64953374426,135660126109.185,0,16.8999604560365,8.83307023464952,57.1409812614421,0.667461170274579,3.51548540591409,-0.974830230236662
2009,YR2009,Ecuador,ECU,14825954,57.3473460627608,..,11403.5277978831,4909.33681705683,169068178569.136,8.82457083402611,6.60094256932435,..,..,3.24319951406484,0.513570185696715,..
2009,YR2009,"Egypt, Arab Rep.",EGY,87501636,56.5534446363462,15.6613605833813,12728.0814586737,3135.09661303014,1113727950775.21,6.24755741424533,18.7446795240837,4.88347381999178,21.9016401623874,2.03264504307225,3.54835118019574,0.301987334484744
2009,YR2009,El Salvador,SLV,6048279,66.0711911744487,14.9770305233268,8494.49847423621,3337.81150878211,51377096737.2549,0.138481519538933,12.9312146850993,4.940023562172,38.5643140194923,1.07887821146881,2.09486399547314,0.0168166339234684
2009,YR2009,Equatorial Guinea,GNQ,1135673,122.212077110801,12.7630966475237,38706.6052512135,12627.862381545,43958046505.4614,24.4384804506248,..,0.424899391492722,1.85803749012918,2.47492960390331,10.8879553596521,..
2009,YR2009,Eritrea,ERI,2887885,27.9721416148149,..,..,702.430936480778,..,0,..,..,..,..,4.9011804838025,..
2009,YR2009,Estonia,EST,1334515,116.759079859802,21.7176782492491,29284.4047394108,14274.8511086787,39080477390.8148,0.956769785029067,36.8824391116744,..,35.1664176771011,1.79897241682054,9.50544171137007,6.9419617553849
2009,YR2009,Eswatini,SWZ,1105153,..,25.6692045363626,7988.59750005303,2973.83456912379,8828622492.9761,0,21.9384316455358,63.7375749518927,4.13767638455383,2.09112187510159,1.86388312281576,0.199036847784564
2009,YR2009,Ethiopia,ETH,88007636,..,6.58118138102551,1262.46398002755,385.632419711374,111106470417.376,0.00356799829063055,12.205182265873,24.8147605185449,10.8894427108421,1.20460157802807,0.682729366934427,..
2009,YR2009,Faroe Islands,FRO,48791,96.8608080332117,..,51533.5447770645,42378.2165335393,2514373183.21775,0,22.3256856236623,..,..,..,..,..
2009,YR2009,Fiji,FJI,907239,..,21.7493556647548,9536.81721085631,4164.29314800857,8652172509.56007,0,44.2505682601175,18.3527813935025,34.6434776493917,1.78657925681224,10.7423905992561,0.118291742920062
2009,YR2009,Finland,FIN,5338871,70.1279335295898,18.884089470933,52599.1487066911,42412.5133513534,280820069654.841,0,18.9865392906982,..,36.1388607614067,1.56084541207723,-3.48204515637954,-1.54078598446618
2009,YR2009,France,FRA,64706436,52.1991123027613,20.7468106096774,48404.9657826363,35052.8510772683,3132112820496.35,0.00767614972487918,13.7202968177538,0.00852309152540363,22.7006613671978,2.09877791453034,0.682311492843145,3.28577610304877
2009,YR2009,French Polynesia,PYF,269481,51.6750777052154,..,..,20499.7723032831,..,0,28.0599788018941,..,..,..,0.331741593749197,0.118367348347798
2009,YR2009,Gabon,GAB,1661556,83.5045774235636,..,17911.1458491661,6264.83611480154,29760371852.557,24.5730772701098,15.6124204768131,..,..,..,5.24757097949021,2.01011460172126
2009,YR2009,"Gambia, The",GMB,1871422,41.7773944257977,..,2745.32540574768,681.433469086571,5137662361.47514,0,13.0942039760918,..,..,0.482205427892009,2.72023911271176,..
2009,YR2009,Georgia,GEO,3814419,78.1930390303569,23.5093961970421,10553.0896395853,2887.25607935922,40253905629.9375,0.116317204104687,21.4262407079848,0.720348335573971,50.0611995104039,5.60659705141182,6.13732507746039,-0.227548106981534
2009,YR2009,Germany,DEU,81902307,66.1391275757126,11.8345449223527,52484.8550055388,36940.4078672661,4298630707514.13,0.0184514937131976,13.7287171295224,..,25.2987173088305,1.2847898688108,1.63004671127687,2.8672281295853
2009,YR2009,Ghana,GHA,24862664,71.5947385281523,12.6124615220586,4269.16005861557,1311.63053760125,106142692099.579,0.266591066260126,18.0923669147686,15.8926655284012,29.3476148542127,0.336757870912986,9.10808669100415,0.0264888255489596
2009,YR2009,Gibraltar,GIB,30823,..,..,..,..,..,..,..,..,..,..,..,..
2009,YR2009,Greece,GRC,11107017,46.3779593986083,20.0467212280259,39886.2135496664,22878.1346644397,443016851961.775,0.00447852445632241,17.8492673176233,0.00225588504009836,30.8221573028638,3.26904009456305,0.846404808815716,0.747048667850224
2009,YR2009,Greenland,GRL,56323,85.7573657356888,..,61035.5672997071,42899.7441985862,3437706257.0214,0,..,..,..,..,..,..
2009,YR2009,Grenada,GRD,111254,..,..,13463.580293958,7733.12990600058,1497877162.02401,0,58.0133179925569,..,..,..,14.0935303304599,0.203827134703128
2009,YR2009,Guam,GUM,166173,72.0173985086993,..,..,31988.7229358255,..,0,..,..,..,..,..,..
2009,YR2009,Guatemala,GTM,14215611,58.0406869738673,10.5046855717088,9740.70936130832,3516.19227725255,138470135144.418,0.412561078443355,11.970769976785,6.96082102119944,56.3923809937834,0.395326073511874,1.34627822535543,0.0229059043221565
2009,YR2009,Guinea,GIN,10143534,69.8153454158123,..,2537.30645758746,660.756701330284,25737254320.9579,0,6.082116381535,..,..,..,1.3552372021911,-0.741710616424923
2009,YR2009,Guinea-Bissau,GNB,1526377,43.5957474099206,..,2102.92720552345,608.202131879882,3209859719.18527,0,13.4807181353974,..,..,1.55025769160365,2.12209420424558,0.151656794302418
2009,YR2009,Guyana,GUY,752094,..,..,9924.52660770631,4649.34144792756,7464176914.49627,0,13.9853114408984,..,..,0.981015648111865,5.18058909263255,..
2009,YR2009,Haiti,HTI,9689581,33.0964998246108,..,3437.3806965318,1412.89653523429,33306778686.8813,0,10.8226230678216,..,..,..,0.478313239983432,..
2009,YR2009,Honduras,HND,8189899,96.9050060188904,14.1619701907107,5313.75573967791,2076.30859895638,43519122818.6324,0.00155437298676852,19.4404099214212,3.36856150630209,39.6375668582222,1.07491069621038,3.38987200238321,-0.0738005193204814
2009,YR2009,"Hong Kong SAR, China",HKG,6972800,348.397554309339,..,53172.3001900618,35938.5902369431,370759814765.263,0,58.7615547305116,..,..,..,25.3568166432836,27.070300445045
2009,YR2009,Hungary,HUN,10022650,145.30587733019,23.3408896848246,27445.959458479,11142.885928524,275081245566.525,0.148972460616952,27.4873488134664,-0.000516836550533186,33.4586785024698,1.12823884115794,-2.28280495631194,-2.8625648664468
2009,YR2009,Iceland,ISL,318499,89.00144405735,19.845839486137,57406.4697506817,50581.0846203691,18283903209.1224,0,35.1949363679803,0.944180819725769,31.1905418861905,..,0.481270991693296,17.1968427375415
2009,YR2009,India,IND,1225524753,46.2728696428837,9.80972540638804,4731.36160463896,1155.10163274172,5798400761878.85,0.638793187629364,10.8742030373291,11.4110733590522,23.7764019046758,3.12938472737472,2.65159033235479,1.19947294730463
2009,YR2009,Indonesia,IDN,243220028,45.5121213687054,11.0577865188848,8435.4557468629,2546.21969707767,2051671782944.75,2.12191492904716,6.52500619698199,2.20373674076832,30.194991127126,0.571133891996423,0.90391941965406,0.416828151323883
2009,YR2009,"Iran, Islamic Rep.",IRN,76457825,43.6995802243585,7.35847804149632,15055.1494647199,5023.89314362941,1151083983122.4,17.5512587993854,..,6.00145828536342,3.51532159029856,3.04770554917662,0.720530462050838,0.0230810049014276
2009,YR2009,Iraq,IRQ,30058206,78.6873788189898,..,11470.5178061755,3768.17284328983,344783187144.691,39.1145928006965,9.63347044469756,..,..,2.89914007639814,1.43142990859109,0.0643932993979226
2009,YR2009,Ireland,IRL,4535375,173.591474874665,22.0623763090019,58547.2673956109,46466.3794269222,265533812864.369,0,79.4709404368173,..,33.0713593505776,0.601169019780089,22.827608853053,23.0563519005374
2009,YR2009,Isle of Man,IMN,82939,..,..,..,69192.0258221691,..,..,..,..,..,..,..,..
2009,YR2009,Israel,ISR,7485600,61.67564796397,21.2463629157645,36403.1626371602,32178.5727387015,272499514236.726,0.00103859148443182,18.3889010741449,0.900151948159681,34.3556039583306,5.97664891131294,2.15877755898524,0.820559461576995
2009,YR2009,Italy,ITA,59555454,45.1414765721604,23.8588080046118,48774.3916833748,31587.0638416305,2904781040277.21,0.048036487144922,9.41127917112389,..,21.5039455460271,1.54748909606347,0.751632233908177,0.831378509234316
2009,YR2009,Jamaica,JAM,2736995,..,24.955970204174,9992.97699539021,5372.14234169511,27350728071.498,0.645410398235614,37.3846722538127,8.08970899373695,36.9731840728141,0.947227444976472,4.00285728105842,0.0445478812669032
2009,YR2009,Japan,JPN,128047000,24.3901665338555,..,39279.498871012,31651.0837739562,5029621991936.48,0.00121214539684085,5.2305194682688,..,..,0.972969565505525,0.231146374633735,1.39289559918143
2009,YR2009,Jordan,JOR,7141753,112.151998187109,16.5303515829394,10938.5027244703,4615.23067817324,78120084647.9938,0.00223180513092879,34.6552486951474,6.42086171812793,37.5630363620278,6.39138388037152,9.83417874476547,0.295031102247678
2009,YR2009,Kazakhstan,KAZ,16619846,75.7660674636533,..,24901.3527260084,8218.39912556048,413856647497.939,15.4811753728879,12.3021142303962,..,..,1.10303324145897,12.3805834457831,3.63596825287881
2009,YR2009,Kenya,KEN,40408891,45.9451918127805,..,4012.19428382397,1276.73503486074,162128321485.866,0,11.1777401739835,..,..,1.36507571681354,0.274534230856511,0.108597015011445
2009,YR2009,Kiribati,KIR,106467,97.6360324868749,..,2137.96593927055,1340.27593200253,227622819.656318,0,44.6456844698953,..,..,..,3.56373391370914,0.036226615927322
2009,YR2009,"Korea, Dem. People's Rep.",PRK,24878332,..,..,..,..,..,..,..,..,..,..,..,..
2009,YR2009,"Korea, Rep.",KOR,49307835,83.1246099057162,13.1076929082204,37176.1939270969,25009.9148311999,1833077636085.29,0.023956728591914,15.7080418813588,3.73523161652049,27.3061736700471,2.49990153790778,0.917731561520283,1.77002494333053
2009,YR2009,Kosovo,XKX,1794681,77.7553766977497,..,7481.45889832785,2680.86121521141,13426832137.1099,0,22.7556928173972,..,..,0.481597270513536,8.03740783578854,0.290918521617942
2009,YR2009,Kuwait,KWT,2795484,88.8110649851457,..,67896.2680451995,35124.0853941026,189802930980.066,38.854853146546,23.7888996829727,..,..,3.97180632341079,1.05086514387032,8.0984476336136
2009,YR2009,Kyrgyz Republic,KGZ,5389643,133.379153167955,..,4969.96132720374,981.220904665529,26786317277.4343,0.240382537421539,29.5211564912122,..,..,3.17610058298534,4.03784480909439,-0.00569715358321543
2009,YR2009,Lao PDR,LAO,6241642,76.930826218652,12.7571661741676,4625.07173324518,1463.3379666846,28868041983.2359,0,9.1308868448077,9.48239453851424,45.7700401291964,0.217194753335539,5.45905949594973,0.0430471364551999
2009,YR2009,Latvia,LVA,2141669,88.8320494963692,13.5525592416215,24520.6791475489,10675.425174228,52515178389.2518,0.0511686185788562,26.4487759234491,..,37.2923343609195,1.41593498753712,-0.583936207217178,-0.753840707481598
2009,YR2009,Lebanon,LBN,4992287,90.3978388619092,16.8563060057445,16264.3506182706,8375.48851252821,81196306155.0343,0,87.437956799918,6.46835170477305,43.6412994116122,4.02886758468434,13.5696589141535,3.18018566480796
2009,YR2009,Lesotho,LSO,1980883,158.894737585637,39.9862447006721,2538.19341751854,952.747929746529,5027864191.47438,0,27.2015271996166,15.63336465356,28.0264704268199,2.722681670282,5.24720669313801,..
2009,YR2009,Liberia,LBR,3943028,..,..,1492.99817384053,603.256211077605,5886933603.40207,0,80.2752278796841,..,..,0.381841359773371,7.22870048206176,-5.09049724058324
2009,YR2009,Libya,LBY,6366686,107.620930501039,..,20518.9642412838,12549.0854345521,130637802369.482,49.9122829981053,8.95926464599819,..,..,..,2.25461670882223,1.91584862565857
2009,YR2009,Liechtenstein,LIE,35742,..,..,..,..,..,..,..,..,..,..,664.573767394696,..
2009,YR2009,Lithuania,LTU,3162916,105.040251236614,16.9918375683176,26217.5449293891,10612.9204044582,82923892337.8837,0.0715728904991753,18.6986802165616,..,32.15995367113,1.07973512828669,-0.96067117365502,1.61221673852097
2009,YR2009,Luxembourg,LUX,497783,263.532701541684,23.8391085158098,129002.240187517,104574.349049084,64215122127.2626,0,171.37213824156,..,29.5003599554543,0.371311757115607,50.0394903092505,15.1803141767306
2009,YR2009,"Macao SAR, China",MAC,535000,113.55459255005,29.3044609837739,104911.140336462,59528.8350159491,56127460080.0072,0,83.2974840569952,..,83.139710227327,..,-1.91124126911204,-2.74844080254795
2009,YR2009,Madagascar,MDG,21547280,62.4116975958196,8.34414896120855,1673.15551466723,457.789754866068,36051950358.079,0,22.0308149555777,40.8995281203209,18.8747594029611,0.738132953446095,13.4485427881281,0.272268580003497
2009,YR2009,Malawi,MWI,14395788,..,9.94018426717949,1449.72601522136,489.631418790158,20869948373.2115,0.0373878734787395,3.42135814106529,6.52820101118947,29.4136733261495,0.6745044979156,0.545293920588433,-0.0147616713694813
2009,YR2009,Malaysia,MYS,28124778,162.558970452699,14.9405015311626,22106.6417311801,7700.46111294033,621744391014.975,3.92901312526175,27.5703065709192,2.05902158010095,15.6724138418151,1.87148694418887,0.056692316075743,3.33277868629928
2009,YR2009,Maldives,MDV,348275,..,9.1006679916955,16230.0089361263,8313.4098369723,5652506362.2294,0,82.7818151153528,32.316593542974,10.6696498802636,..,6.73534012537353,..
2009,YR2009,Mali,MLI,15435539,40.5413815805662,10.9208418582829,2575.54549773621,803.486738927624,39754932976.5817,0,9.79127331518068,9.90219156424231,29.2142231232951,1.41866425479876,5.34101259306611,-0.848768279233481
2009,YR2009,Malta,MLT,412477,163.556848449111,25.8974681017708,35511.3563931618,19635.9157805971,14647617750.9822,0.00417915639073977,209.439400796458,..,36.0726672870316,0.676723897394339,16.5416498198438,-69.8517311621053
2009,YR2009,Marshall Islands,MHL,52019,128.862235449735,18.4019656084656,4047.22680617884,3262.26955535477,210532691.230617,..,48.791527484164,7.30976867405845,8.89940443624974,..,9.68877973310476,..
2009,YR2009,Mauritania,MRT,3284448,82.0086176018151,..,5639.78745018612,1469.05426880813,18523588611.1889,2.65898185019521,..,..,..,3.13532417025639,-0.0651602023733604,..
2009,YR2009,Mauritius,MUS,1247429,102.458019804655,17.8083501073991,18290.4070077862,7793.0308214588,22815984123.3157,0,41.5156517484078,2.17488623571699,50.6630273686224,0.167777183674029,2.77057948666431,0.408425441112601
2009,YR2009,Mexico,MEX,111999721,54.5917421313503,9.23460485817914,19385.5437230088,9074.1188145564,2171175488410.28,3.43604404491316,5.46736636077267,1.47368192260173,24.6210074569182,0.478488795822754,2.08311648626813,1.23623342865785
2009,YR2009,"Micronesia, Fed. Sts.",FSM,107957,111.048565106106,4.48612755397216,3674.48835418326,2815.59835156937,396686739.252563,..,43.182563483354,5.15755894889915,4.48521701290611,..,..,..
2009,YR2009,Moldova,MDA,2865213,110.363326850495,17.6853133213094,9001.23432081622,2116.94357544097,25790453592.0488,0.0709039203172028,27.5787871503569,4.34868030131682,45.9838799332963,0.457886649076119,4.85271053589236,-0.0878767857310407
2009,YR2009,Monaco,MCO,32364,..,..,..,142375.532007071,..,..,..,..,..,..,..,..
2009,YR2009,Mongolia,MNG,2691115,107.813757166177,16.5402944039128,9095.9769892529,2498.72967493254,24478320115.4333,1.34708748725095,21.5759067132914,6.10019662858001,30.15785385002,0.629698225139809,13.6044846187851,1.17380607898793
2009,YR2009,Montenegro,MNE,618294,99.8255760432413,..,18985.0166440648,5768.65709477479,11738321880.9254,0,36.7122934290549,..,..,1.84376127299691,37.4226485249522,1.10585547106955
2009,YR2009,Morocco,MAR,32030778,62.3709560152269,21.5414840021135,7063.72705078125,2710.66650390625,229046549271.15,0.00325837372650423,21.4829645759149,6.89380914389546,39.9119811867135,3.28865184646812,1.94782744330848,0.473554357342385
2009,YR2009,Mozambique,MOZ,22391745,67.898572768141,..,1178.70909947834,475.788178051193,26393353584.6986,0.0778446405127864,13.5027116393288,..,..,0.687406495551449,7.58405403589617,0.281403353040872
2009,YR2009,Myanmar,MMR,48660459,..,..,3578.17424704515,785.634853168658,174115601243.196,0.716107930719796,2.61859582950618,..,..,..,2.92355415980151,..
2009,YR2009,Namibia,NAM,2077394,123.762844292976,29.0723052633118,10166.2899453939,3989.20711387651,21119389734.8215,0,12.974780956441,35.757694960575,22.6024316974064,3.37436368373618,9.27473594549885,0.715429495204461
2009,YR2009,Nauru,NRU,10016,145,..,6926.97979734746,4761.56658392323,69380629.6502322,..,19.7948591669772,..,..,..,..,7.45648633405334
2009,YR2009,Nepal,NPL,27173035,47.0794477633688,11.844036864345,2961.83900365912,692.400000816919,80482154910.7944,0,12.0301919733869,16.1475157552238,37.9433010709878,1.43935498107438,0.297715388957693,..
2009,YR2009,Netherlands,NLD,16530388,115.109660363107,20.8039697035576,61029.7298855714,44304.4119317351,1008845114543.69,0.0342324179411298,29.9513261468798,..,27.4177315437349,1.38580992838475,23.1185529746283,34.6855527063222
2009,YR2009,New Caledonia,NCL,257250,56.0771570332275,..,..,..,..,0,17.4980806264151,..,..,..,13.5826748807157,0.669824164898818
2009,YR2009,New Zealand,NZL,4302600,55.0143501856026,29.6147937834688,41132.3368456501,35370.585185302,176975992512.094,0.544779024480274,15.5329488077884,2.79839686329253,24.5275553927471,1.21981164874631,-0.0430577448192452,-1.70353500508098
2009,YR2009,Nicaragua,NIC,5656601,86.9936104453444,13.1376609454229,5538.3658931707,1655.72028962416,31328326049.6753,0.136614559984771,17.2978848427078,3.60142431194324,49.4300125117365,0.502751000926974,5.22852820149836,-0.350657226696479
2009,YR2009,Niger,NER,15943675,49.5122567031625,..,1277.69230957636,421.650901333136,20371110933.8849,0,11.4108129145641,..,..,0.735262361389119,8.62089060209857,-1.29203024264596
2009,YR2009,Nigeria,NGA,162049464,..,..,7581.40572117009,2204.6072560373,1228562733482.15,8.67398818858118,7.09045007619549,..,..,0.505855627592204,2.90024873175983,0.517050437752081
2009,YR2009,North Macedonia,MKD,1958782,87.1767537660809,17.1295782664692,16084.2946742803,4405.20045750867,31505626890.676,0.00119783763076804,20.4443190738418,4.11427762128818,39.1096353879806,1.68816456224776,2.76045082206623,0.787115133236459
2009,YR2009,Northern Mariana Islands,MNP,55325,84.5283018867925,..,..,15710.5807282039,..,..,..,..,..,..,..,..
2009,YR2009,Norway,NOR,4828726,67.4643154601855,25.8473541139282,83642.0695747773,73141.3073299889,403884636049.536,5.99263870550393,18.6789959048697,0.194261508136429,24.5463414802761,1.59690979918941,2.2258474686508,2.56925382856682
2009,YR2009,Oman,OMN,2684659,91.6279353346997,..,48304.1178923167,22819.1977324647,129680084836.669,30.5131215016084,12.8111912053691,..,..,6.07257047519031,2.72158933688519,0.132257141651151
2009,YR2009,Pakistan,PAK,194376534,33.3268872863988,..,4270.43882264229,1269.07432116444,830073097004.25,0.525570260608523,5.64351183320305,..,..,3.26522399322955,1.24801305527951,0.0378994554853914
2009,YR2009,Palau,PLW,18709,111.737676211137,15.4324623584718,16688.7234642116,13338.1300928439,312229327.291936,..,63.6427736598229,9.84525204382303,18.2059763588214,..,1.47000359769063,..
2009,YR2009,Panama,PAN,3564381,137.046021377188,..,21822.98771721,10267.0633132424,77785442782.4569,0,29.4758607663042,..,..,..,3.9059104779012,-0.625377467581049
2009,YR2009,Papua New Guinea,PNG,7406438,..,..,3349.64345389883,2003.24109727039,24808926563.4075,4.00467749044639,17.4913788567729,..,..,0.447943023146847,3.61496051286185,0.0558987815054482
2009,YR2009,Paraguay,PRY,5671236,70.8419818624334,8.32758281681303,11601.2854565092,4727.59685811389,65793627727.2317,0.111570934639677,6.83742765070099,5.94097849463498,36.3965848488077,0.753483712105124,0.860674450934396,0.298473269783879
2009,YR2009,Peru,PER,28896811,48.1119296153519,14.4565268077693,11204.3768755244,4801.17153740507,323770760944.8,0.697970782680752,6.83377143299211,2.1487660087508,39.2863764919829,1.52962572422539,5.32237544034606,0.339929521545956
2009,YR2009,Philippines,PHL,94384250,60.8865907869758,11.6989355673304,5965.30730902221,2256.72554835463,563031056381.58,0.157110268663192,13.2236791201387,19.616130838908,24.9945017812448,1.2023233937147,1.17324821246427,1.07806931059977
2009,YR2009,Poland,POL,38151603,74.9685965264269,16.0096652913108,26204.410367111,10446.5289138524,999740261175.103,0.031855529279931,12.3889899075633,..,36.2693234313512,1.79268764302392,3.18105494953636,1.34522901288415
2009,YR2009,Portugal,PRT,10568247,61.4926935267759,19.0930961617924,36092.8109314685,19371.1318876855,381437740848.059,0.0046028735659451,15.257431814995,..,29.6123184638877,1.53406376621365,2.35133912553896,1.49076690124265
2009,YR2009,Puerto Rico (US),PRI,3740410,105.262196842682,..,40772.3514249612,28565.767919549,152505310993.439,0,..,..,..,..,..,..
2009,YR2009,Qatar,QAT,1608903,80.1441629727012,..,108435.74676157,60781.8017337781,174462598271.93,23.0165618959946,..,..,..,1.99221317692269,8.3076413079166,3.2869410637497
2009,YR2009,Romania,ROU,20367487,58.4700583666529,15.2721052302458,25761.7373850906,7924.87058070212,524701851288.247,0.572798400996102,12.805401374914,0.0319838176331318,33.4641364205051,1.27806961233722,2.66364407064905,0.00777036819083138
2009,YR2009,Russian Federation,RUS,142785348,48.4350610278181,12.9563524123295,31654.00390625,8381.8681640625,4519727990645.02,9.19214468199248,8.93089732644798,25.5306609565158,22.4827369434322,3.92406340302834,2.99212552042529,3.53990636193426
2009,YR2009,Rwanda,RWA,10060432,36.8056280084816,..,1699.94452992694,557.397804859216,17102176347.102,0.00204063580811224,..,..,..,1.32690239867659,2.0912940636988,..
2009,YR2009,Samoa,WSM,191513,75.9793921615973,..,6104.12751491364,3875.94291686166,1169019772.76366,0,38.4894749725183,..,..,..,1.57134083023162,0.158470105052639
2009,YR2009,San Marino,SMR,33066,..,16.9391091891892,73093.8317013426,52873.2681862909,2416920639.03659,..,..,0.695933061025461,25.8398820911948,..,..,..
2009,YR2009,Sao Tome and Principe,STP,177853,..,..,4919.19529822865,1225.60541902997,874893641.37586,0,14.6474951231695,..,..,..,7.72419866486855,0.0748958123002938
2009,YR2009,Saudi Arabia,SAU,24217654,84.8583415624843,..,51760.7643987566,20577.5453445336,1253524282984.6,34.6315417084598,20.6332968186213,..,..,9.61719999229391,0.10169038708409,0.507406391207103
2009,YR2009,Senegal,SEN,12337389,52.3072908773365,..,3371.46166688616,1142.65317233964,41595034082.963,0,13.473596903344,..,..,1.33587587609685,2.05299535843601,0.542452234357428
2009,YR2009,Serbia,SRB,7320807,63.5017226157541,19.2408906576394,17488.1952473271,5578.0119741931,128027702183.999,0.335048938768352,14.8452685349697,4.52565792120141,43.4870151042107,2.07489736839956,6.23823937763422,0.0999428633518568
2009,YR2009,Seychelles,SYC,87298,221.933825358009,..,21361.1307875284,12116.3783687977,1864783995.48965,0,77.4319436032833,..,..,1.02087833561425,19.7733389965627,0.627023623329887
2009,YR2009,Sierra Leone,SLE,6055646,23.0753395976546,..,2376.58254518958,872.23959352481,14391742583.4471,0,5.88754277478986,..,..,0.695771445150757,2.79329478350427,-0.0105048724081795
2009,YR2009,Singapore,SGP,4987573,358.192811828842,12.9549265300847,84843.5194001734,43331.8746638962,423163246585.281,0.0062081095239493,84.6201491456896,..,26.2079275762546,3.88242334748021,12.0710944143275,16.5024847089141
2009,YR2009,Sint Maarten (Dutch part),SXM,33491,..,..,50980.9400838983,37548.9474627441,1707402664.34984,..,..,..,..,..,..,..
2009,YR2009,Slovak Republic,SVK,5386406,136.714352092364,15.5330498765119,27891.8969419417,13680.7537106597,150237081039.457,0.00458673613083437,16.2027532895987,..,30.2510691207777,1.51744260464589,1.7025214117002,2.7911653186399
2009,YR2009,Slovenia,SVN,2039669,114.482301023638,21.525274565425,37802.0880186755,20307.6188322273,77103747066.9639,..,22.3402168608505,..,32.8302458042513,1.60495226217918,-0.694282375481298,0.680339610470097
2009,YR2009,Solomon Islands,SLB,518141,71.8849530192377,..,2514.89101043351,1930.46287614922,1303068143.03703,0,20.380629703129,..,..,..,6.03099456453907,0.370394755851927
2009,YR2009,"Somalia, Fed. Rep.",SOM,11961201,..,..,956.220325392405,317.03818481457,11437543512.304,..,..,..,..,..,3.66276197282804,..
2009,YR2009,South Africa,ZAF,51728516,49.5875353278801,21.8948743019224,13910.7017093394,5847.05811084505,719579955942.789,0.593295688910259,8.52282584666952,2.66335536568958,32.0836647491743,1.08950470906387,2.31217470344994,0.397659891384057
2009,YR2009,South Sudan,SSD,9243556,94.8357640879963,..,..,2293.80166888543,..,35.188657039956,..,..,..,4.96846263299849,..,..
2009,YR2009,Spain,ESP,46362946,46.8366899971109,10.1892841498989,42852.220888454,25860.8142592652,1986755203031.46,0.00165951114306765,12.2542243094508,..,20.0294572888051,1.35835383696039,0.505306851587762,0.898572249419809
2009,YR2009,Sri Lanka,LKA,20756435,49.1491415308235,12.8003204769597,9156.31906483165,2787.27350976338,190052541508.439,0,10.4950232524767,18.9176449833647,37.5407612815374,3.16189871004304,0.960390452698523,0.0475440818167586
2009,YR2009,St. Kitts and Nevis,KNA,46916,..,18.8689389392214,24973.8045286303,17671.2547069735,1171671013.26522,0,69.6574557079171,27.8664595595511,11.2299854928623,..,17.2637807805493,-0.0877094603791187
2009,YR2009,St. Lucia,LCA,169869,..,19.1338695705866,20907.3343580129,10219.8024011561,3551507980.06129,0,55.3917845822594,48.4619702351781,13.4836774756254,..,9.63093050790719,0.903205734660389
2009,YR2009,St. Martin (French part),MAF,36502,..,..,..,..,..,..,..,..,..,..,..,..
2009,YR2009,St. Vincent and the Grenadines,VCT,110508,..,22.4310790663974,13723.7838252622,6955.82358345268,1516587902.96207,0,41.7086896747081,15.2286382025801,43.5728599736948,..,15.3014273138421,0.0721631184979654
2009,YR2009,Sudan,SDN,34569113,32.7808783344833,6.46948438245235,4188.0546875,1301.34729003906,183489844612.545,9.59675943554232,4.69765136599604,12.737957456998,24.739593726304,5.45391875825013,3.3441756822644,..
2009,YR2009,Suriname,SUR,543568,87.9206617785298,..,21906.4105447498,8276.69079768793,11907623766.9886,4.70070969381809,14.7597292724196,..,..,..,-2.41006768189509,..
2009,YR2009,Sweden,SWE,9298515,81.958313967393,27.7335908439338,53411.2005853182,45974.3911151254,496644849810.59,0.0167686492033472,22.6786289371377,..,38.3478558079501,1.1657412674695,2.06323507354771,6.09581376397913
2009,YR2009,Switzerland,CHE,7743831,109.775984598968,9.34852798609863,72709.8138293408,79585.5216989959,563052510335.878,0.000203202550011871,33.1617384611334,0.991544962918451,31.6387101240987,0.73179337674355,8.59932509165806,8.0662349469249
2009,YR2009,Syrian Arab Republic,SYR,21976969,59.9438252393676,..,9284.10162126587,1484.40523742854,204036413523.41,2.96166778457661,13.9205130332753,..,..,4.02770775856936,4.74859703108017,..
2009,YR2009,Tajikistan,TJK,7490230,85.9781370434108,..,2349.50030269416,739.212878526331,17598297652.2489,0.049879787862125,9.43865441204416,..,..,0.954768508640922,2.993500899093,..
2009,YR2009,Tanzania,TZA,43633982,43.5326006456317,11.5341744643449,2560.81103515625,772.929565429688,108513627413.436,0.000397968642983594,12.1650518999979,5.21519268707408,31.8476119395419,0.757193066304469,3.24017488387777,..
2009,YR2009,Thailand,THA,68121080,119.269418854589,14.1942308395144,15665.9031153449,4737.45679763314,1067178239392.66,1.00735619758168,22.9433574343756,4.55694869591237,38.2537551238403,1.54034760915174,2.27590224065624,2.12852421618342
2009,YR2009,Timor-Leste,TLS,1058782,157.686439820937,..,3792.3582606223,1120.09693594876,4015280663.8982,..,120.554478040524,..,..,5.01870958866419,6.59681588921818,..
2009,YR2009,Togo,TGO,6551865,62.210419994299,10.3162178582799,1989.82990346963,625.711511370434,13037096900.4961,0,14.2095333158433,18.2928623889665,34.2723498434252,1.63801256321406,0.980635149082811,0.744319401730974
2009,YR2009,Tonga,TON,107203,74.3406648891028,..,5453.87514548883,3630.76081551536,584671777.221839,0,28.1771443693545,..,..,..,0.0790635732994994,-0.152941422505418
2009,YR2009,Trinidad and Tobago,TTO,1310106,..,26.8274060612857,34212.2683057008,17461.9640940055,44821697980.9085,6.48871343601529,5.98836900525391,4.3956836434703,15.4543640729906,0.709658644481144,3.69859111717232,..
2009,YR2009,Tunisia,TUN,10650681,93.0168787876722,20.0481618073119,12229.7752536693,3835.25011939301,130255434928.525,3.44832785220984,18.8833141322353,5.81118656945109,33.144828702978,1.2949496088007,3.50988118042442,0.177241554553131
2009,YR2009,Turkiye,TUR,72039206,47.0391385732199,18.0494564920438,18612.1925231905,7925.30110421185,1340807571289.78,0.0864578771745911,8.09090825076868,0.798102780479259,35.6457193437964,2.47155127527395,1.31290302296241,0.23750010421207
2009,YR2009,Turkmenistan,TKM,5451592,104.95217927132,..,8264.86534322735,3645.43522420841,45056673786.2155,10.2736499740055,..,..,..,..,22.5235632084151,..
2009,YR2009,Turks and Caicos Islands,TCA,28588,..,..,17512.1977777876,29988.5997375172,500638710.071393,0,..,..,..,..,..,..
2009,YR2009,Tuvalu,TUV,10461,..,..,3638.18761780626,2987.80397939993,38059080.6698713,..,106.726292442388,..,..,..,6.23669078552393,..
2009,YR2009,Uganda,UGA,31451151,47.0638780748379,..,2188.29916246327,749.342865535423,68824527391.806,0,9.63130354167661,..,..,1.43231723283534,3.3491615513943,0.114814964528155
2009,YR2009,Ukraine,UKR,46623731,87.4761626200316,15.7892363802239,16092.7958984375,2188.17016601563,750306202906.028,0.534186376625519,21.8062775927572,2.2014835494774,33.8707404084495,2.8403538702613,3.9234187670663,0.094609594928208
2009,YR2009,United Arab Emirates,ARE,6707058,153.461944358373,..,71488.9909603622,42672.1987890808,479480808732.625,18.418263242659,..,..,..,5.45710777311036,0.447367365845778,1.07392165844339
2009,YR2009,United Kingdom,GBR,62276270,54.6537301085991,24.0083878145831,46241.8039957358,42146.5095879962,2879767070925.52,0.61738163928542,19.7564878016244,..,30.8747132301833,2.64772453259797,0.598804602454409,-1.9922098932577
2009,YR2009,United States,USA,306771529,24.7595311689876,7.90351822026163,58714.9736915861,51611.3217087719,18012082254562.6,0.259640404387642,6.42350344634806,1.01714941859297,3.01001928093296,4.87576835879774,1.11260034220261,2.15910759776953
2009,YR2009,Uruguay,URY,3310091,53.3944192683736,18.1226990530545,23138.0820687014,13691.71420689,76589157212.87,0.0050131491539772,11.0508253516415,3.3721533568865,40.545274927451,1.82261337958887,4.89964589428753,0.276412848145381
2009,YR2009,Uzbekistan,UZB,27939328,68.673142199791,..,5439.55068123847,2025.04298646098,151977390655.745,1.45083569447794,11.8835713336535,..,..,..,1.81985173937585,0.0128157739100032
2009,YR2009,Vanuatu,VUT,232731,108.489179063187,16.4961980492278,3396.73599458141,2888.13715784739,790525764.754927,0,60.2395035484382,23.0568047337278,38.5355029585799,..,5.42349577313271,0.0085040399180229
2009,YR2009,"Venezuela, RB",VEN,28438298,38.5209296583297,..,..,4455.4532320933,..,9.95847654408777,4.69756856869852,..,..,1.23107041540807,-0.344767329112459,0.750786197785796
2009,YR2009,Viet Nam,VNM,86460018,134.706317721758,..,6914.33863589545,1927.13427057454,597813842917.616,3.46240247909829,13.1613873564504,..,..,2.26520866993266,7.16881988884276,0.660286042393412
2009,YR2009,Virgin Islands (U.S.),VIR,108404,508.402761247322,..,58895.3056899496,46862.8076001874,6384486718.0133,0,..,..,..,..,..,..
2009,YR2009,West Bank and Gaza,PSE,3689099,75.1511928466305,..,5270.66331643219,2840.01594969395,19443998769.9867,0,13.5657488491624,..,..,..,3.7160419011341,0.85723515356792
2009,YR2009,"Yemen, Rep.",YEM,25927724,68.0713910145084,..,..,2257.46902086832,..,20.6195697250514,13.3615264318289,..,..,5.65364869262807,0.51412085018398,0.286021505182075
2009,YR2009,Zambia,ZMB,13490389,56.1213809555165,11.6875158255642,3065.84420108998,1110.71918102486,41359430886.098,0,7.83068739065494,8.0381274886717,28.2692401376976,1.73163534710359,4.53277977632725,1.75855937096606
2009,YR2009,Zimbabwe,ZWE,13142790,61.7764909650234,9.19687186017256,3299.41379594873,896.915532877845,43363502643.257,0.00718429697951017,12.1866060064645,41.7324728600422,30.5240375466963,..,1.08574826151022,..
2010,YR2010,Afghanistan,AFG,28284089,..,9.16975191897818,2848.58606111495,542.871030476037,80569661676.7348,0.00514945564866915,20.265307705621,4.55485875517243,3.03014411712629,1.94583569418812,1.20311798981139,-0.00787080516982061
2010,YR2010,Albania,ALB,2913021,75.5325329687378,..,11829.0532917923,3579.82413181046,34458280649.1101,1.30954317181467,37.9739916118188,..,..,1.55859189302349,9.01744998049889,0.383786491965863
2010,YR2010,Algeria,DZA,36188236,63.4912159928425,..,14496.4211312996,4456.6102741643,524599909054.858,21.9939993236664,8.62668153968768,..,..,3.18998154667367,1.29390467487817,0.12331355471923
2010,YR2010,American Samoa,ASM,55228,157.940663176265,..,..,12446.3086265015,..,0,..,..,..,..,..,..
2010,YR2010,Andorra,AND,80706,..,..,58285.0577756981,36277.2814831059,4703953872.84549,..,..,..,..,..,..,..
2010,YR2010,Angola,AGO,23294825,90.9940631355109,14.5589920536317,11077.1301919405,3540.79159568381,258039809323.47,37.7085091832735,20.5252473526572,3.78238688013654,6.01395098603046,4.1775845224338,-3.37761927933748,1.40290172346783
2010,YR2010,Antigua and Barbuda,ATG,85320,..,..,25826.6086383235,16135.397384487,2203526249.02176,0,93.5448372387701,..,..,..,7.21860114712015,1.12933610463932
2010,YR2010,Argentina,ARG,41288694,34.9710132635696,12.8530426903255,28056.2570212342,13387.1553748458,1158406210935.09,2.30522041977185,6.47688840245536,15.6701983126057,28.603677016809,0.814878118220695,2.67516171886535,0.227738014604062
2010,YR2010,Armenia,ARM,3044800,64.642975973633,17.070051399012,10438.5641904169,2796.08143428043,31783340246.9814,0,24.6984519353069,3.60305493308548,42.5034250628179,4.26564605593771,5.7160373406455,0.296525003373898
2010,YR2010,Aruba,ABW,101838,135.464654677581,..,33951.6246182745,25429.2180974853,3457565547.87583,0.00156960653691674,91.2717594666044,..,..,..,7.61167220218675,0.111568034073333
2010,YR2010,Australia,AUS,22031750,40.3905070860606,20.411751894265,52739.2681556133,53768.349733441,1161938371187.43,0.706854443143111,9.57234846678221,1.89193448823862,24.3574252354247,1.85259869583961,3.08482804330762,1.56768207893318
2010,YR2010,Austria,AUT,8363404,99.6448825546716,25.495733887384,59730.5512005635,43035.4073531933,499550730832.998,0.0599149361185314,23.4648624767135,7.71843578489121E-05,27.3572932618905,0.826388366920392,-5.64539670207833,-3.67537288373104
2010,YR2010,Azerbaijan,AZE,9054332,74.9859884610856,12.1577769928176,19925.3900662137,5300.11048729062,180411096889.001,25.5154476387508,12.1398329447781,1.45708683191714,13.5532203730705,2.79100435652891,6.337255132933,5.71136321488284
2010,YR2010,"Bahamas, The",BHS,367478,78.6756024311196,10.7623149322092,32711.4592459383,30657.4319059659,12020741620.7789,0,36.3981612082696,36.8765521800723,39.8785352085347,..,8.63699216304667,1.490217873642
2010,YR2010,Bahrain,BHR,1228543,115.561486449616,1.12828093917582,50704.8479679819,22224.0736166249,62293086037.1284,17.3156329535965,22.8989835351546,4.64281446208437,0.5842012851509,3.27782374844849,0.581105356633959,1.24614919064793
2010,YR2010,Bangladesh,BGD,152201981,37.8028426708321,7.83468474946733,4125.46390163202,943.66422864236,627903778372.382,0.110401376114165,5.92860360165761,24.2953521742327,29.741042800864,1.18438401700177,1.06896766308322,0.0576376267544818
2010,YR2010,Barbados,BRB,275243,..,19.7340998695553,22243.4579670705,21982.1839041348,6122356101.2304,0.274995862501036,35.295950245858,8.39279584407183,44.6875815315954,..,7.49770509942005,5.71360475876536
2010,YR2010,Belarus,BLR,9483836,115.917972989303,16.3214383764955,24012.6133040213,5616.0941173307,227731686506.756,0.772806204282758,13.732025978818,11.1744632246922,32.3107528843912,1.3413834329232,2.43465600372626,0.0884122246221823
2010,YR2010,Belgium,BEL,10895586,150.162563621427,24.4613514281372,56240.2030936239,39991.5646206286,612769969464.046,0.0276859283389536,38.5975660352153,..,25.3790832801508,1.09018110220613,26.0596407490286,13.8772681684325
2010,YR2010,Belize,BLZ,320245,94.8581591507411,18.8492959701734,11913.6635959061,5937.75398343789,3815291198.27093,3.81365912702217,29.516352693978,20.8600772393868,32.4250340167151,0.876347006335822,5.51460930694585,0.0640986132326549
2010,YR2010,Benin,BEN,9797484,51.4308599492924,..,2733.57399641151,928.246655329144,26782147492.6578,0,9.35493469951965,..,..,..,0.561144747750256,-1.48290580289325
2010,YR2010,Bermuda,BMU,63725,74.595080341836,..,105968.875104213,118382.908990645,6752866566.01595,0,36.3959603653747,..,..,..,3.35684080299419,-0.209518087593427
2010,YR2010,Bhutan,BTN,701632,105.010666693593,12.1941395950822,9985.28455483655,2378.72810760985,7005995172.77908,0,12.2334398238576,0.673453894455458,12.2570047284549,..,4.40487201345335,..
2010,YR2010,Bolivia,BOL,10182345,75.5116262512877,..,9230.39808115934,2481.40700850945,93987097749.7024,2.81120414194023,9.44801020149545,..,..,2.78500726887326,3.16542867647895,-0.14659422904556
2010,YR2010,Bosnia and Herzegovina,BIH,3811472,80.9682159626823,19.6856764045362,12142.9120522116,3981.20985692032,46282369285.467,0,13.0556657229642,0.000682464036391064,44.8598060372402,1.28034144398166,2.5840244914247,0.472626529148479
2010,YR2010,Botswana,BWA,2033111,94.6390020873926,23.8833642056949,14545.0198074427,5584.5034321846,29571639765.7295,0,12.6022674251655,19.4992747801255,15.3880099074646,2.75907988033428,1.7280613479871,0.00709298723056364
2010,YR2010,Brazil,BRA,193701929,22.7721781132208,14.2495759566254,18062.158110224,8792.63334959864,3498674867853.39,1.49436765608812,4.42986479368203,2.09409954608024,25.9148644945797,1.53940698128362,3.73001226987179,1.21163296181241
2010,YR2010,British Virgin Islands,VGB,27675,..,..,..,..,..,..,..,..,..,..,..,..
2010,YR2010,Brunei Darussalam,BRN,392332,95.3715460226132,..,88586.5133683924,33121.3178241724,34755323962.8481,20.3808570661645,12.6305748894309,..,..,2.85048790060089,3.50710078835613,..
2010,YR2010,Bulgaria,BGR,7395599,103.380522321192,17.8714315570459,21724.3762726863,6428.71742590538,160664775437.903,0.0253291596859351,19.6744459168467,0.0144206661891117,44.6552337034384,1.64246152423714,3.63569636783254,1.16247983327653
2010,YR2010,Burkina Faso,BFA,16176498,49.0732385398039,11.3100646526483,1873.97146230828,561.847221302489,30314295612.087,0,11.2026515192246,10.9926877583874,36.1769059745359,1.22478599330692,0.384492219825665,0.00675705143768911
2010,YR2010,Burundi,BDI,9376444,..,13.855957125156,991.038897704986,253.308577749924,9292420726.15253,0,12.1960083084159,3.48121458463159,17.0510378724711,..,0.0384119130803942,..
2010,YR2010,Cabo Verde,CPV,509784,85.5484498816191,16.8224328489103,7072.12150207342,3194.61667734233,3605254387.81299,0,44.6494469436988,14.479944428232,33.5219944558513,0.451425943343675,6.36802137795552,0.00229071476908208
2010,YR2010,Cambodia,KHM,14500726,109.998400607758,8.14393451068597,3711.53750580157,1155.85236856699,53819988410.352,0,22.0648865785288,14.9305953814065,35.2904915372417,1.21559876300051,10.169807189939,0.149037313827289
2010,YR2010,Cameroon,CMR,19668066,47.2385853965951,..,4286.58302947378,1290.9013745759,84308797938.1703,4.14191421736693,11.0625253928104,..,..,1.28837517696819,1.94952386693621,1.82124841311325
2010,YR2010,Canada,CAN,34005902,60.2081215044483,11.7328092981826,52558.4408142168,41164.3399119626,1787297187601.06,1.36035981724265,10.84287636825,1.21743813600159,15.2721874202784,1.19433833839121,1.83725638740881,2.2469818215615
2010,YR2010,Cayman Islands,CYM,54099,..,..,76294.7641308594,79483.0963975025,4127470444.71536,0,..,..,..,..,504.372474529354,598.033925775709
2010,YR2010,Central African Republic,CAF,4492995,34.4304819543042,8.40789219651707,1479.41367757692,519.141456408484,6646998256.28472,0,..,..,..,2.40996017514635,2.8712892233531,..
2010,YR2010,Chad,TCD,12312575,63.7311691270791,..,2717.40540184377,956.953018715651,33458257815.6066,20.0317465897842,..,..,..,4.31747390688638,2.22641001271938,..
2010,YR2010,Channel Islands,CHI,158621,..,..,..,64722.9832990297,..,..,..,..,..,..,..,..
2010,YR2010,Chile,CHL,17181464,69.7176801370338,17.471006271607,24116.7694715614,11649.2897090856,414361406471.93,0.0177167005915164,10.7650805463373,1.12684487912967,45.0587564323215,2.25424093293149,6.84144686828522,3.94418393499588
2010,YR2010,China,CHN,1337705000,49.8540722338977,10.0382796581446,10476.3123630451,5764.86534987407,14014215429607.2,1.22257362123247,6.00301167665069,4.43867415603878,63.3745507832784,1.73351986212832,3.93541996731512,0.935857767198173
2010,YR2010,Colombia,COL,44777319,34.2646031687681,12.1421652023674,14037.0642668639,5214.24547620131,628542104500.866,4.39207978728564,5.81130562691507,4.63035589008967,27.2931720418141,3.63691504613462,2.24433595561184,1.91367777814971
2010,YR2010,Comoros,COM,654836,39.5501058029898,..,3161.37481152565,1272.60650664705,2070182036.08021,0,17.5110886172676,..,..,..,0.91966985988271,..
2010,YR2010,"Congo, Dem. Rep.",COD,68563038,80.9975153909582,7.45327769625285,1158.01422439658,400.619567973092,79396973271.8431,1.80606291179953,12.6286947249265,14.2715523116767,13.8605435011586,0.821258594589643,11.3498081290486,0.0297992993214271
2010,YR2010,"Congo, Rep.",COG,4462290,124.064754399607,6.90293864613017,8583.66179834288,2332.28508055953,38302788206.1274,40.9410251641332,28.899907161415,1.99738555836874,5.48091679178278,1.6625904477394,11.5772952217296,4.50919501634504
2010,YR2010,Costa Rica,CRI,4555962,67.512089684107,12.9525420562371,18660.9198222783,10285.0856660419,85018441595.3465,0,18.3511772206068,4.12335139762291,33.0421735011605,..,5.06371170213526,0.84366849196
2010,YR2010,Cote d'Ivoire,CIV,22488065,67.472940081257,10.213762113664,4338.65248394142,1540.52927270246,97567899071.286,1.97607516845206,11.9471612771368,42.3748189924548,21.1865520920662,1.12710510056221,1.02606239201511,0.126211043582518
2010,YR2010,Croatia,HRV,4295427,72.6467039932668,20.2809334043279,28702.0030009381,11965.0049285028,123287358644.311,0.283128862746704,25.3235780573164,1.41410633528139,47.2360083451037,1.66618616230333,2.61983048198582,0.756580003382636
2010,YR2010,Cuba,CUB,11297409,40.2919413008332,..,..,6716.49048497058,..,1.34124170669609,..,..,..,3.32685611242383,..,..
2010,YR2010,Curacao,CUW,148703,143.932211823816,..,33004.554021481,20706.437408421,4907876196.65628,..,..,..,..,..,..,..
2010,YR2010,Cyprus,CYP,1127816,108.901699269523,23.0541633071918,42102.45703125,26090.048828125,34921714550.0819,0.00549581724887354,57.1397492315865,0.0162941639736035,32.6059799581783,1.85292455056688,125.272737889578,127.860313792661
2010,YR2010,Czechia,CZE,10474410,126.756480116798,13.5150877074659,39097.3886218756,16665.9317825137,409522078354.86,0.0217719950834572,18.856802825552,..,28.5148052973637,1.18289778802227,4.81502985527419,2.48586521574467
2010,YR2010,Denmark,DNK,5547683,94.3877282319057,32.7637143283641,60190.6346060499,51209.4492757775,333918560363.195,0.983292205895114,36.4129642847924,..,37.202357830265,1.39710181036952,-3.56794135328115,-0.178015977877783
2010,YR2010,Djibouti,DJI,930251,..,..,..,..,..,0,40.3045199373809,..,..,..,3.23415329697175,..
2010,YR2010,Dominica,DMA,68859,..,..,17516.7879573152,8574.27308682238,1206188501.95276,0,62.9431545440263,..,..,..,10.9887086593887,-0.300979023529633
2010,YR2010,Dominican Republic,DOM,9820175,56.0573964175321,12.2208185463529,14975.0010126958,5666.45633430206,147057130569.85,0,14.9476627294068,8.17577925469009,57.0961873763077,0.6675317048534,3.38320513554667,-0.378245382421573
2010,YR2010,Ecuador,ECU,15076695,65.7773849135062,..,11665.6978598204,5022.20374387205,175880168594.665,11.1941478463167,6.57198191790989,..,..,3.07257396611835,0.243419054034351,..
2010,YR2010,"Egypt, Arab Rep.",EGY,89196072,47.9363500745898,14.1300762473065,13128.9878334085,3233.84521246786,1171054144075.82,7.41778712942652,17.5924993369799,4.84635486712129,24.2306206456445,1.95296705174529,2.91601657550141,0.536798027515332
2010,YR2010,El Salvador,SLV,6068249,73.5372876725398,15.8120807115382,8648.92982717672,3398.49346060363,52483859774.8353,0,14.0807796315034,4.77072267433361,40.4658642366356,1.08955372746629,-0.613406192808089,0.609308249331085
2010,YR2010,Equatorial Guinea,GNQ,1189085,144.668225001248,7.5861592239033,33668.8740654852,10984.3243932426,40035153118.1574,33.0485071859477,..,0.569288289216861,2.12038385419376,..,16.7581567258275,..
2010,YR2010,Eritrea,ERI,2945186,37.4714654565691,..,..,703.877374381654,..,0,..,..,..,..,5.72501513985957,..
2010,YR2010,Estonia,EST,1331475,143.671762256978,20.1886259760194,30070.2990791103,14657.939813612,40037851466.3584,0.720826423519741,39.3947960689894,..,36.1779717568128,1.70034915217706,13.2770330129027,6.35832533723738
2010,YR2010,Eswatini,SWZ,1111650,..,16.2869148362489,8245.64153332215,3069.52175725884,9166267410.51757,0.170197299227968,21.2912722615981,47.1791600524978,4.1685733946741,2.36677016665611,3.11096766561026,0.0895828385385156
2010,YR2010,Ethiopia,ETH,90538514,..,8.1634410798229,1381.19044652656,421.898622378633,125050930579.511,0.00585567747283122,15.7508399501998,29.0889182541031,9.24512381574798,1.15394252706819,0.963030625359937,..
2010,YR2010,Faroe Islands,FRO,48657,97.1824434582361,..,51479.1939803423,42333.5215714088,2504823141.50152,0,23.8785952213007,..,..,..,..,..
2010,YR2010,Fiji,FJI,910419,..,21.8225644147626,9784.30356200221,4272.359150902,8907815864.61449,0,45.7250215521521,19.4848606600633,40.3566694906763,1.60512894075313,5.67141021084985,0.186594480869886
2010,YR2010,Finland,FIN,5363352,75.4612085231229,18.60088122585,54017.9458623339,43556.5385834368,289717257976.64,0.0351012330705767,19.3296157396175,..,36.6633145020557,1.49172644486325,4.89959763196754,6.00835826470699
2010,YR2010,France,FRA,65026211,56.587555247796,21.9860264776611,49130.422942344,35578.1968010183,3194765248768.1,0.00891753895773517,14.485142916651,0.00660016021020468,22.0130627591866,1.96864375039496,1.46961673029144,2.74203422300758
2010,YR2010,French Polynesia,PYF,270580,54.0438821122259,..,..,19913.0252687915,..,0,25.7607152772957,..,..,..,1.05647287708659,0.621087153205899
2010,YR2010,Gabon,GAB,1719879,89.1576627248353,..,18530.5760936058,6481.49612073562,31870348681.2947,33.5096734280311,15.8647471796458,..,..,1.87162256589575,3.64540417621404,2.62401108023918
2010,YR2010,"Gambia, The",GMB,1926630,41.0125150279466,..,2824.21259222517,701.014524591061,5441212706.55878,0,13.4452788480712,..,..,..,2.40659689644853,-0.000948978973779724
2010,YR2010,Georgia,GEO,3786695,81.6733870603639,21.1106596234593,11294.3685917112,3090.06513662318,42768329074.3899,0.108975029413952,21.9955102931784,1.27886065141964,50.2079965121982,3.65484993224496,7.41065931415781,1.5323699956036
2010,YR2010,Germany,DEU,81776930,73.8852351200263,11.3044209753524,54738.7083006711,38526.7371042695,4476363516994.4,0.0190328024560215,14.5320637149141,..,25.1471245755441,1.24181027958074,2.48154528887853,4.22956614760212
2010,YR2010,Ghana,GHA,25474995,75.3778157916824,13.3883874032931,4495.68916584106,1381.2279503506,114527659021.355,0.391372890188776,13.9157026223267,17.2999015093364,27.5063989433166,0.282687655236928,7.84948455261709,..
2010,YR2010,Gibraltar,GIB,31248,..,..,..,..,..,..,..,..,..,..,..,..
2010,YR2010,Greece,GRC,11121341,50.9225181997227,20.4346791237019,37566.7483686263,21547.724178239,417792618868.687,0.011192934454184,19.5772350783008,0.00111819300011182,31.569942972157,2.75678087939637,0.179789223267027,0.572388177171352
2010,YR2010,Greenland,GRL,56534,110.472368234124,..,61863.2826915137,43481.5161087805,3497378823.68204,0,..,..,..,..,..,..
2010,YR2010,Grenada,GRD,111586,..,..,13354.9085012616,7670.71165827663,1490220820.02178,0,58.8311985679408,..,..,..,7.21829642572972,0.306363886118673
2010,YR2010,Guam,GUM,166522,72.0347544958577,..,..,32644.1484056205,..,0,..,..,..,..,..,..
2010,YR2010,Guatemala,GTM,14500112,63.1251925746222,10.6050218415127,9825.0176796825,3546.6258162259,142463856757.376,0.470505869677804,11.9810987277779,6.95045455764513,57.0223694798017,0.441382604389834,2.71030706792051,1.21564221762193
2010,YR2010,Guinea,GIN,10396086,73.5465739340387,..,2594.83050344245,675.736917327708,26976081069.211,0,6.77569455195847,..,..,..,..,-1.47881353843054
2010,YR2010,Guinea-Bissau,GNB,1566347,43.5145876385454,..,2164.13349780236,625.904027290582,3389784011.88223,0,15.5886536574513,..,..,1.82387957578709,2.79117647230681,-0.156364258438999
2010,YR2010,Guyana,GUY,749256,..,..,10374.3947557656,4860.09110980566,7773077517.12589,0,17.2416036931716,..,..,0.905210395614708,5.76769722571896,..
2010,YR2010,Haiti,HTI,9803294,44.7215241260457,..,3205.49829961515,1317.58389339746,31424442247.6274,0,14.5898275402017,..,..,..,1.50093014768549,..
2010,YR2010,Honduras,HND,8365878,109.441838241682,14.4250984008607,5396.07227927744,2108.47314459603,45142882367.617,0.00202226357199669,20.6891975560489,3.81880821353984,40.6807268403482,1.07445720815541,3.83460574737835,-2.29302017561404
2010,YR2010,"Hong Kong SAR, China",HKG,7024200,404.770560908659,..,56355.4117939379,38090.0213994329,395851683522.978,0.000638697278003601,66.0165767560087,..,..,..,36.174608362048,43.0508043330449
2010,YR2010,Hungary,HUN,10000023,157.838960085896,22.6349958124257,27801.833816111,11287.3686666108,278018977603.287,0.152616225507853,27.0578332598236,-8.31306101038606E-05,37.1823452382833,1.02413363369774,-15.8854380283338,-18.7280158500921
2010,YR2010,Iceland,ISL,318041,92.4901528110187,19.9772165308916,56211.8345417402,49528.4864575422,17877668069.4896,0,37.3507946532998,1.10464846212212,34.3938556993704,..,1.84577695426495,-17.8964399111793
2010,YR2010,India,IND,1243481564,49.2552064974161,10.3880397905312,5059.2827108398,1235.15939133951,6291124777993.23,0.815747227430213,11.6960771017817,13.4578911382621,21.6756344322562,2.88946327164641,1.6350340943491,0.95296916878089
2010,YR2010,Indonesia,IDN,246305322,46.7012738758737,..,8848.22473702066,2670.8129098953,2179364842980.24,2.31580791993823,5.71206661717747,..,..,0.617587091951932,2.02517914569356,0.554325077703534
2010,YR2010,"Iran, Islamic Rep.",IRN,77420842,43.7706437371399,..,15729.9131707266,5249.06133369759,1217823122264.54,20.2248363529261,..,..,..,2.7865480606164,0.74916862626536,0.0490599319872263
2010,YR2010,Iraq,IRQ,31045366,73.4974796202443,..,11816.841015026,3881.94327045302,366858154275.294,43.2562312170542,9.16647445674977,..,..,2.70935227972459,1.00796493975113,0.0901696182315683
2010,YR2010,Ireland,IRL,4560155,190.08027278672,21.8577885441949,59209.0996763251,46991.6464673949,270002671934.492,0.0084342457466574,88.5535748068072,..,32.7374406906088,0.574574154033988,17.0242973051905,7.58707639659288
2010,YR2010,Isle of Man,IMN,83873,..,..,..,70747.8417587183,..,..,..,..,..,..,..,..
2010,YR2010,Israel,ISR,7623600,65.6330798689153,21.9636729125929,37722.4099869836,33344.7213294093,287580564776.768,0.000829577584663044,17.9623135191733,0.912791832354706,34.9879718850584,5.78907528727422,2.91418894955553,3.31418221282222
2010,YR2010,Italy,ITA,59819407,51.6621118138339,23.7379559387907,49301.6959141674,31928.5543621096,2949198213679.82,0.0632419734880662,10.0273214081085,..,23.0630084558176,1.49431312454622,0.462974196548407,1.43257791223537
2010,YR2010,Jamaica,JAM,2748568,..,24.2781717255923,9805.90172806302,5271.57221477938,26952187700.8987,0.242284268785806,33.7233674363149,8.81265423565815,42.3385474640747,0.874179484221201,1.4052035043033,0.123478983501388
2010,YR2010,Japan,JPN,128070000,28.4984726938389,..,40881.7972423185,32942.2020783835,5235731772823.73,0.00158079099188119,5.19933592951231,..,..,0.94903257605427,0.12920448958805,1.38314848349735
2010,YR2010,Jordan,JOR,7297043,114.222677694125,15.4990908124012,10953.537631697,4621.5742854131,79928435100.6111,0.00222485703710613,37.3797021863637,6.12520642546164,44.5171252707659,5.74149982771799,6.22247566973912,0.104853355574702
2010,YR2010,Kazakhstan,KAZ,16836810,74.1382658957842,15.7123804629521,26374.8407672795,8704.70655484556,444068182778.938,14.3876480168855,10.4611849356467,17.2483560902822,14.7409661352686,1.01441556484772,5.03630628288047,2.56058545124234
2010,YR2010,Kenya,KEN,41598567,50.3942873502834,..,4211.52462957784,1340.16467408856,175193389475.644,0.0166382187818553,12.9087837593285,..,..,1.3699852575929,0.392164287395035,0.00347506554220945
2010,YR2010,Kiribati,KIR,108704,85.6972485309313,..,2119.64018013945,1328.78764145125,230413366.141879,0,39.0704512386198,..,..,..,-3.99041060819927,0.0360976354669028
2010,YR2010,"Korea, Dem. People's Rep.",PRK,24987258,..,..,..,..,..,..,..,..,..,..,..,..
2010,YR2010,"Korea, Rep.",KOR,49554112,88.0278677123124,12.8831799569136,39574.0500732947,26623.0487122927,1961056909625.65,0.0438448106743931,15.079281844594,4.01320534152715,28.1069200606659,2.36122792330691,0.796207328344812,2.36593643919556
2010,YR2010,Kosovo,XKX,1788743,82.1774799739022,..,7877.10199850556,2822.63359634011,14090111060.1128,0,24.0273557838666,..,..,0.722607027057869,9.17015887398439,0.937475267253871
2010,YR2010,Kuwait,KWT,2943372,97.0280216600064,..,62956.2152904125,32568.4981754501,185303561311.772,48.1906069290048,21.4825405820749,..,..,3.7561481418781,1.13036730425536,5.10313303294466
2010,YR2010,Kyrgyz Republic,KGZ,5467059,133.232850492333,..,4876.47964886483,962.764789828724,26660001952.6433,0.293982876159289,29.2309415019656,..,..,3.8461743536872,9.86092233978431,0.367429503723931
2010,YR2010,Lao PDR,LAO,6334194,84.7203378916677,13.0271390929762,4946.10563678173,1564.91068311647,31329592647.869,0,10.8544498760916,7.36220290238339,41.9792734124492,0.204567128983702,3.90935018167503,0.469097646727878
2010,YR2010,Latvia,LVA,2097555,110.86235386272,14.1617549792208,24119.7307848939,10500.8666223014,50592461906.5082,0.0638161948318141,27.077238708019,..,38.6234214082669,1.10611728003503,2.0239348136408,0.438144497936529
2010,YR2010,Lebanon,LBN,5041288,95.0966529416243,16.8444766850707,17390.7584012958,8955.54336184707,87671821639.3519,0,75.6273570362919,6.9395996160702,45.9466269025093,4.12394687168443,11.1327936305686,1.26587188982053
2010,YR2010,Lesotho,LSO,1996251,150.102435487333,30.2987604299489,2651.37804898226,995.233432451681,5292816081.65889,0,22.0616563956465,8.65047637369756,24.0379424414902,3.16252874160214,0.425490583298807,..
2010,YR2010,Liberia,LBR,4058890,..,..,1538.85083488512,621.783295071575,6246026265.20687,0,23.9187167319347,..,..,0.456866734486267,103.337387099033,75.9995435435436
2010,YR2010,Libya,LBY,6497839,98.077213074239,..,21115.5259846154,12913.9334939386,137205288248.347,54.526429982548,8.67262993551265,..,..,..,2.36664960687642,3.61099788672512
2010,YR2010,Liechtenstein,LIE,36022,..,..,..,..,..,..,..,..,..,..,587.838615656588,..
2010,YR2010,Lithuania,LTU,3097282,131.626507396009,16.2409988579148,26887.4913057701,10884.1161852582,83278142846.5182,0.0803743997861436,20.0997955088646,..,33.6316450618587,0.890423906680536,3.00969561169119,0.291594214465576
2010,YR2010,Luxembourg,LUX,506953,293.671876906939,23.8178404378116,131432.059616316,106544.057363484,66629876918.67,0,188.393937143528,..,29.7415040199457,0.441009496679635,69.6063943388728,41.3646479280174
2010,YR2010,"Macao SAR, China",MAC,537000,119.938411439898,34.3855448950517,130758.2806979,74195.0577762344,70217196734.7722,0,92.9310680476661,..,89.3080698353046,..,12.8496394988665,-0.991640937305436
2010,YR2010,Madagascar,MDG,22183340,57.8748945101807,8.53531911755595,1635.24511473059,447.417143030687,36275198363.4076,0,22.2610991634123,10.2088043930128,39.733302062849,0.570214687272478,9.13867133828111,0.436228786477777
2010,YR2010,Malawi,MWI,14826463,..,10.5634650209755,1504.37514113215,508.088650552846,22304562368.1155,0.0823566866553219,3.15943775565628,5.84806283837549,30.4768645093848,0.510085444003662,4.2449454815948,0.417643113935846
2010,YR2010,Malaysia,MYS,28655776,157.944764886771,13.332195307231,23307.9698543785,8118.92270511981,667907963161.822,4.63501988366743,26.3984780536509,2.36540720280442,16.7426847999726,1.49021010582112,4.26864663854031,6.01896152119895
2010,YR2010,Maldives,MDV,360792,..,8.84762793030511,16730.0144200167,8569.52494600725,6036055362.62667,0,87.3704033435168,31.6393745382911,9.77437823196257,..,8.36376433060736,..
2010,YR2010,Mali,MLI,15945198,48.8166953660615,10.8423156054931,2632.26468220172,821.181286587872,41971981546.1135,0,11.1139717383362,10.0900747156167,30.0366378505794,1.37456680820104,2.92612695500016,-0.212109621147107
2010,YR2010,Malta,MLT,414508,178.232955302139,25.1397909368056,37527.338314073,20750.6479461598,15555381949.8898,0,203.350609320935,..,36.6723108735516,0.646212685652893,101.626395981622,36.6001996301011
2010,YR2010,Marshall Islands,MHL,52044,144.804965859714,17.7219137181875,4269.35843273854,3441.31888402121,222194490.273445,..,39.501396313915,7.64232815265414,9.15712284013565,..,-5.80799077083683,..
2010,YR2010,Mauritania,MRT,3390965,93.4207451334608,..,5605.76388754436,1460.19179652873,19008949140.9268,2.43044511982911,..,..,..,..,2.31890567703789,0.297625878993955
2010,YR2010,Mauritius,MUS,1250400,111.508202075575,17.7662208332399,19045.6542832867,8114.82056038003,23814686115.8217,0.09058786343855,46.0729529349677,2.17614814928958,55.0626120569337,0.148689589780391,4.23808594970717,1.26849591486492
2010,YR2010,Mexico,MEX,113623895,59.2733845293851,9.67531745474176,20058.3854859755,9389.06722084275,2279111886328.01,4.0853189393579,4.96832530079524,1.10065720397234,25.5309651960052,0.433229899207479,2.76223720216686,1.61887286165735
2010,YR2010,"Micronesia, Fed. Sts.",FSM,107540,108.037859484793,4.762256547508,3764.95289087757,2884.91733583068,404883033.884974,..,39.7557302448601,4.75000158534661,4.12716807180821,..,..,..
2010,YR2010,Moldova,MDA,2862354,87.9378518951573,15.1606407229695,9649.9509930271,2269.51116145996,27621575824.6951,0.0410121464400827,21.5695168859035,4.38163146111165,47.7923521204452,0.262879174562087,4.25879212676733,0.099785198459184
2010,YR2010,Monaco,MCO,33163,..,..,..,141814.78664157,..,..,..,..,..,..,..,..
2010,YR2010,Mongolia,MNG,2738622,103.350031656557,19.5931192505774,9507.118823625,2611.67326563924,26036404766.9935,1.51728063526244,17.7275998663899,6.44376932967057,28.5429829316243,0.762997245666295,23.5263365544641,0.866907412438582
2010,YR2010,Montenegro,MNE,619428,98.8684992495822,..,19476.2433855105,5917.91788713074,12064130487.8,0,35.8178717151682,..,..,1.81434774678489,18.328887946631,0.655904553744374
2010,YR2010,Morocco,MAR,32467016,69.541979610144,21.0889640861636,7210.63671875,2767.04223632813,237062164034.805,0.00546877446444964,21.9178812265717,6.4671138107805,46.2094679737503,3.39079610106242,1.2299824583835,0.575002423711051
2010,YR2010,Mozambique,MOZ,22999235,73.8373532681892,14.3466100305842,1224.23020471309,494.162859074785,28156358172.2946,0.14400760317542,12.7818118953876,4.68405110283772,35.6578493145761,0.869180245993684,11.0275561357338,2.08435907859492
2010,YR2010,Myanmar,MMR,49024382,..,..,3893.79030665874,854.932478027749,190890663421.535,0.976336261487368,2.33799061119027,..,..,..,1.81897202342465,..
2010,YR2010,Namibia,NAM,2109811,108.072477173606,25.5423159777691,10614.6201576671,4165.12990200988,22394842369.4677,0,12.0228826754504,25.5705764734956,23.5983920609203,3.51474397546307,2.51525326747705,0.0429111780673649
2010,YR2010,Nauru,NRU,10043,100,..,6908.3570297951,4748.76539924078,69380629.6502322,..,23.215708442018,..,..,..,..,8.17617415084816
2010,YR2010,Nepal,NPL,27341952,45.9849057742707,13.3961154418188,3085.31407004502,721.265221364302,84358509208.0955,0,9.62717765378047,16.2862355152101,41.4712109291627,1.36781608986268,0.548294665887946,..
2010,YR2010,Netherlands,NLD,16615394,130.081707935343,20.8014655797158,61518.5540088717,44659.272839058,1022155013167.68,0.0313299442533534,31.4181453732481,..,27.0545477833459,1.31752879372712,6.47724170250418,19.8378209072474
2010,YR2010,New Caledonia,NCL,261582,68.1684823937939,..,..,..,..,0,19.4856746026654,..,..,..,15.3677037012268,0.811389205178929
2010,YR2010,New Zealand,NZL,4350700,58.1047406012087,26.0863599795934,41270.9285099133,35489.7631519026,179557428668.08,0.660975990307668,14.8523034696626,2.91886444410091,26.6328760199916,1.20991906751486,0.194915236759351,0.703436535022952
2010,YR2010,Nicaragua,NIC,5737450,100.364058423919,13.6783665497108,5701.12790180564,1704.37875049059,32709936280.2147,0.0252340770771501,17.6363757470672,3.91595611979254,52.266906622164,0.505472679188859,5.59335824334059,0.172401938098475
2010,YR2010,Niger,NER,16548835,51.9459863027627,..,1336.56410237447,441.079166112039,22118578797.1182,0,12.2871245657009,..,..,0.87650323651909,10.146689915564,-2.60335030032835
2010,YR2010,Nigeria,NGA,166642886,..,..,7962.6395731076,2315.46676509663,1326917238640.46,12.0986066267503,6.65223092270627,..,..,0.539231118131693,1.64207369186652,0.248431518621124
2010,YR2010,North Macedonia,MKD,1946298,97.8810691156562,16.8656928030442,16731.1595676008,4582.36517512347,32563822404.1024,0.0054810597393639,19.1731050230817,3.68228564283705,41.120158794661,1.38215461102863,3.20438209801498,1.00545501334295
2010,YR2010,Northern Mariana Islands,MNP,54091,92.6157697121402,..,..,16293.3059496259,..,..,..,..,..,..,..,..
2010,YR2010,Norway,NOR,4889252,68.2395193584281,26.7437669626856,83256.7880722557,72804.3956188398,407063417595.852,5.61799364871918,20.0730588034886,0.208463452677979,24.9271604171231,1.50762795492815,5.01894398780264,6.9462684851041
2010,YR2010,Oman,OMN,2757446,96.3865546218487,..,48191.6145135737,22766.0503620721,132885774673.996,32.5688653439524,12.5683793517407,..,..,5.64885516492993,1.91196478591436,2.30532212885153
2010,YR2010,Pakistan,PAK,199239047,31.9890020462315,..,4228.7817715945,1256.69482201323,842538450143.46,0.72864364053068,6.98898196780247,..,..,3.04189326480607,1.02791108080423,0.0238930864479718
2010,YR2010,Palau,PLW,18396,120.658686278989,16.6097615779589,16524.0426937512,13206.5122645,303976289.394247,..,67.5233359090936,9.04942577232944,17.8415708938783,..,1.42799947877429,..
2010,YR2010,Panama,PAN,3628535,145.448718647896,..,22739.1106156183,10698.0717490512,82509658737.6425,0,31.9559291907546,..,..,..,8.43207037866722,0.471701085088049
2010,YR2010,Papua New Guinea,PNG,7633523,..,..,3579.17141222267,2140.50939027384,27321687296.1442,4.61457234233034,21.5296087127901,..,..,0.32514450867052,0.249749808529939,0.0495525111572138
2010,YR2010,Paraguay,PRY,5737971,81.2575233746789,8.87121347922402,12738.5765601697,5191.05014254362,73093582883.5335,0.143936547562155,7.74721227783143,7.91791290050589,40.1802857065193,0.750544858772042,2.76173378510708,0.961812966460912
2010,YR2010,Peru,PER,29086019,51.6728089370033,15.4665717565933,12059.0180183322,5167.39259325937,350748827202.554,0.792083877152532,6.31957014394232,2.1212741465191,39.0643842988826,1.47697203873093,5.73087732837535,0.295721213936397
2010,YR2010,Philippines,PHL,96337125,66.1042785137797,11.63527559371,6273.03927731515,2373.14312064664,604326568988.619,0.174056441360051,14.3012675165478,21.4610760795689,24.3625818425957,1.17013220060251,0.513698049517659,1.30161776589735
2010,YR2010,Poland,POL,38042794,82.2258523219922,16.5370235494052,27112.1333797381,10808.3975674238,1031421305065.9,0.0346450541991475,13.4960113619811,..,38.3979344984324,1.83851836437415,3.94489462074706,2.01584721673083
2010,YR2010,Portugal,PRT,10573100,67.6892401927983,19.8714612760875,36703.1141882821,19698.6836791397,388065696624.126,0.0338886834591529,15.8624003692205,..,31.488105294114,1.48615299877848,3.77376819569615,-1.45418274743221
2010,YR2010,Puerto Rico (US),PRI,3724465,104.153228306599,..,40777.6892825687,28569.5077088001,151875076513.802,0,..,..,..,..,..,..
2010,YR2010,Qatar,QAT,1616832,87.1111970364642,..,129044.708988673,72333.8027430124,208643614923.574,26.6026039782648,..,..,..,1.47390908321736,3.77775259249383,1.50709022215407
2010,YR2010,Romania,ROU,20246871,69.9549354932718,16.2393386961731,24903.0077613835,7660.70667630517,504207985656.73,0.651277335844004,11.0411542227469,0.0159337157425112,36.2901757261222,1.22697660697606,1.88971859139686,0.13853522797548
2010,YR2010,Russian Federation,RUS,142849468,50.3555054872589,13.048348846076,33063.5859375,8755.1201171875,4723115750188.2,8.57128659193273,8.16029221515388,25.5836898417345,21.1228195029639,3.58508572012112,2.8308286983175,3.45043565164625
2010,YR2010,Rwanda,RWA,10317553,37.2788790923351,..,1779.15851051568,583.371416419483,18356562227.6466,0,15.7608111623137,..,..,1.21679268178848,3.52981463633808,..
2010,YR2010,Samoa,WSM,193023,78.5698016774915,..,6427.31156227699,4081.15535978003,1240618959.68539,0,42.6942792052538,..,..,..,0.0494567694984404,..
2010,YR2010,San Marino,SMR,33270,..,15.5920229527836,68669.2526491343,49672.6977770842,2284626035.6367,..,..,0.722736915673785,24.7364535239097,..,..,..
2010,YR2010,Sao Tome and Principe,STP,181802,..,..,4882.04796466341,1216.3502521663,887566084.071738,0,19.8414320851789,..,..,..,26.6286088078235,0.0290622318713135
2010,YR2010,Saudi Arabia,SAU,23978487,82.5496850227537,2.52961210191147,54911.547517012,21830.1424272816,1316695828286.55,37.9011314342465,17.2794160212585,1.64333158314583,2.95138303055989,8.56567729417753,0.923670092367435,0.739642832260858
2010,YR2010,Senegal,SEN,12635413,52.4578551962948,..,3403.56707165919,1153.53431121583,43005475623.6144,0,13.4558820407571,..,..,1.2153093310459,1.68778336701059,0.0493936452946721
2010,YR2010,Serbia,SRB,7291436,73.7088615865295,19.4313895022311,17841.5052482398,5690.70327182682,130090193661.205,0.53158669566208,16.2009114907287,3.93042832213957,45.0964792594221,2.00369125521031,3.88925451665989,0.442414978599928
2010,YR2010,Seychelles,SYC,89770,198.162692424328,..,21708.7554506566,12313.5566919249,1948794976.80544,0,72.0225298696578,..,..,0.737915363270446,16.2787980957365,0.626671133761484
2010,YR2010,Sierra Leone,SLE,6222714,27.9541259241389,..,2459.76814418708,902.769891411394,15306433667.587,0,7.23298062163648,..,..,0.600434938929684,5.59265918271249,-0.000780507551831757
2010,YR2010,Singapore,SGP,5076732,369.685555787646,12.7858239691039,95456.1893079996,48752.0515441859,484605490857.98,0.0380589445820771,83.7756282517247,..,26.2028791087813,3.38139843984389,23.0694716770802,14.7648092950008
2010,YR2010,Sint Maarten (Dutch part),SXM,33794,..,..,52140.59965779,38403.0705201664,1762039424.83535,..,..,..,..,..,..,..
2010,YR2010,Slovak Republic,SVK,5391428,155.108497681586,15.0118814047322,29758.1740140117,14596.1477776887,160439052608.015,0.00461386183404766,15.024703761322,..,31.0186687112031,1.24987774042242,2.32222893370545,1.36067959467328
2010,YR2010,Slovenia,SVN,2048583,128.606575425363,22.0180158109209,38056.1815241775,20444.1201295876,77961246515.3441,..,23.1619756235642,..,33.5895767621115,1.61704968465109,0.667761282375457,0.417530796976249
2010,YR2010,Solomon Islands,SLB,532968,96.1485545423385,..,2682.28532344354,2058.95691648883,1429572244.26505,0,31.0922480515488,..,..,..,18.4740701129879,0.255140664883022
2010,YR2010,"Somalia, Fed. Rep.",SOM,12261756,..,..,995.225555512318,329.970504936941,12203212926.6565,..,..,..,..,..,4.16696585149836,..
2010,YR2010,South Africa,ZAF,52344051,50.4060871625999,22.5206038762429,14164.9958363115,5953.94506512821,741453264470.679,0.707879978156825,8.52960433665508,3.39536417630363,34.7504320319507,1.00348106887351,0.884904611686012,-0.0386457158286991
2010,YR2010,South Sudan,SSD,9745953,90.9434483661131,..,..,2295.07026096006,..,43.7092935094988,..,..,..,4.14063254299941,..,..
2010,YR2010,Spain,ESP,46576897,52.6933699734019,12.3552539351712,42695.5274189933,25766.2515825743,1988625182955.12,0.00221763143856513,12.5480071969067,..,24.3315880023482,1.3816644927099,2.51885825626411,2.90254863909206
2010,YR2010,Sri Lanka,LKA,20879089,..,10.9318686871294,9832.18622338643,2993.01411511147,205287091222.659,0,9.52800376886007,15.6738049907421,42.6002290397855,2.70074784039336,0.814446069624814,0.0724810085435613
2010,YR2010,St. Kitts and Nevis,KNA,46846,..,16.3117664253712,24997.5672513428,17688.0690103409,1171036035.4564,0,71.9423137275553,27.8778870111315,14.7640121876205,..,15.7969193594166,0.102207914488765
2010,YR2010,St. Lucia,LCA,170906,..,18.2143708337914,20849.0551242245,10191.3146827694,3563228615.0607,0,64.6580535494041,44.918220725043,14.8921085422867,..,11.7530170243607,-1.08691324146507
2010,YR2010,St. Martin (French part),MAF,36856,..,..,..,..,..,..,..,..,..,..,..,..
2010,YR2010,St. Vincent and the Grenadines,VCT,109959,..,21.6672659337995,13175.7230154228,6678.04200697308,1448789327.05288,0,42.0830525307987,16.426430490461,45.779766771291,..,13.3089028738841,0.12138748601976
2010,YR2010,Sudan,SDN,35414399,32.728309950035,5.86247467546648,4219.8369140625,1311.22314453125,190569326775.598,11.493125709502,4.70584193963802,13.8987071979323,24.9711880180732,..,3.50004539535845,..
2010,YR2010,Suriname,SUR,549923,90.9613941465855,..,22772.4754543689,8603.90786745855,12523108019.2929,5.82683537587144,11.4550710147586,..,..,..,-5.85344056449596,..
2010,YR2010,Sweden,SWE,9378126,85.0914849272733,27.8145320559063,56003.2704715511,48205.5492512742,525205726894.285,0.0203671152425583,21.2726503261811,..,38.6301672103762,1.19449893581106,0.126859666003955,4.48965687882698
2010,YR2010,Switzerland,CHE,7824909,120.065123269341,9.36400803894522,74290.2619629278,81315.4228307049,581314539446.072,0.000301351052291844,32.4037828804663,1.00970153866023,32.4149966912146,0.687220165933277,2.95077318898271,12.3745642113407
2010,YR2010,Syrian Arab Republic,SYR,22482421,64.0101646947258,..,9546.56048805399,1526.36894402751,214629791994.395,3.83125650391356,17.6998870329674,..,..,4.05614173609585,2.3931861526359,..
2010,YR2010,Tajikistan,TJK,7652141,73.493044509473,..,2449.27358745359,770.604105393791,18742186838.7707,0.0500741640314768,14.1144782852653,..,..,0.95285512473335,1.6649590356128,..
2010,YR2010,Tanzania,TZA,44758488,47.6404394295683,9.91226158242781,2654.80346679688,801.29931640625,115389618835.616,0,12.2907278894344,5.21519268707408,31.8476119395419,0.896024084275438,5.66396796617806,..
2010,YR2010,Thailand,THA,68579447,127.250522638251,14.9326475542288,16730.3697884488,5059.35747831657,1147359508197.33,1.3337808366326,22.1847074129879,4.51695191546723,40.2231279384078,1.5225558657538,4.32320928209171,2.38382157051221
2010,YR2010,Timor-Leste,TLS,1084679,134.400510427226,110.172582159249,4047.24946392086,1195.38066079604,4389966501.27621,..,125.082684669539,0.205804743481455,1.45987250116485,2.9926287139941,3.43944724816262,2.94814881887793
2010,YR2010,Togo,TGO,6732590,66.7974885937104,10.5077932539488,2049.78055930203,644.5632812645,13800332095.7513,0,15.2726119110144,17.6402561476912,35.8650235048264,1.65885798813081,2.63493273204289,1.60912247610576
2010,YR2010,Tonga,TON,107400,70.7976681214649,..,5488.75040326595,3653.97801722796,589491793.310763,0,22.6835795368389,..,..,..,1.27041874988286,0.843719411191768
2010,YR2010,Trinidad and Tobago,TTO,1317714,..,26.2440184613642,35145.1253639062,17938.0949459463,46311223723.7743,7.31966084875628,5.70134726647224,4.09638709621941,15.9871959687509,0.635217366605715,2.47947454143897,..
2010,YR2010,Tunisia,TUN,10765980,100.151009836799,19.199750829309,12458.2710366551,3906.90625867605,134125496815.208,4.12711827435362,19.1882599479282,6.22529725018046,32.7902700788581,1.23617052057621,2.88814231758981,0.16026754675428
2010,YR2010,Turkiye,TUR,73142150,46.9433366709891,18.8149823249259,19897.4464836887,8472.57809050119,1455342015326.93,0.0855344494299421,7.17568348583237,0.906285748235696,38.8849619147588,2.27171515093383,1.16274364749147,0.1893819195057
2010,YR2010,Turkmenistan,TKM,5564356,96.8630558404027,..,8842.33283585112,3900.14237925855,49201887769.1652,10.1728023386414,..,..,..,..,16.0841101892421,..
2010,YR2010,Turks and Caicos Islands,TCA,29739,..,..,17000.2227766463,29111.8729223189,505569625.154683,0,..,..,..,..,..,..
2010,YR2010,Tuvalu,TUV,10614,..,..,3506.0602338093,2879.29645720352,37213323.3216519,..,117.993287632822,..,..,..,1.41793409770446,..
2010,YR2010,Uganda,UGA,32390802,38.2692490371291,..,2244.60595194584,768.624091660131,72704586957.4991,0,11.647392008682,..,..,2.46009387698207,2.03900471067451,0.139518194191979
2010,YR2010,Ukraine,UKR,46456003,95.72973045329,14.997505767077,16811.794921875,2285.93383789063,781008765492.42,0.466160187976772,21.9808670400728,2.4532487645335,31.3753768727433,2.74199654235065,4.56840018285092,0.490053158662663
2010,YR2010,United Arab Emirates,ARE,6869838,135.485709128426,..,70913.778039508,42328.8508165469,487166167099.378,22.6797378677807,..,..,..,6.03859220826788,2.85854032456409,0.654781128723139
2010,YR2010,United Kingdom,GBR,62766365,59.0511802227821,25.167235102012,46917.8912974837,42762.720840223,2944865490208.19,0.639286356112083,19.9519724365083,..,28.5238479563882,2.56799960467203,2.67286674184503,2.17913913486089
2010,YR2010,United States,USA,309378227,28.2198952346731,8.56322576078511,59789.4129069749,52555.7695134023,18497542558530.8,0.293762700279441,6.7678743197913,1.15831308826566,2.76090604437923,4.90402300595835,1.75453268550496,2.32459848849916
2010,YR2010,Uruguay,URY,3318580,51.6990372012256,18.1364190222771,24879.8350192618,14722.3780081191,82565722898.2219,0.0173337959445058,10.0573231702704,3.50751069521674,39.8992255202149,1.87580785777619,5.22300143125049,-0.375953602619639
2010,YR2010,Uzbekistan,UZB,28385506,49.2689977994484,..,5760.80511957791,2144.6400056546,163523368286.61,1.36556852378151,8.17858108105905,..,..,..,3.34115466012917,0.00592549128872053
2010,YR2010,Vanuatu,VUT,238248,103.823312203828,16.1945350483107,3359.84954476432,2856.77377649901,800477434.34101,0,59.8344206394733,15.829399764285,47.0688180148489,..,9.40930036151551,0.144531554146045
2010,YR2010,"Venezuela, RB",VEN,28813101,46.1368935240203,..,..,4332.02681796507,..,11.6928975467648,4.11605154941066,..,..,1.01348862784929,0.402601927997842,0.636075440254329
2010,YR2010,Viet Nam,VNM,87455152,113.977687539714,..,7274.73310698016,2027.58184375924,636212889630.382,3.39330269400776,11.8076504572022,..,..,1.81539587772715,5.4347392933443,0.611408170501234
2010,YR2010,Virgin Islands (U.S.),VIR,108357,586.401480111008,..,59272.2456856343,47162.7375570431,6422562725.75828,0,..,..,..,..,..,..
2010,YR2010,West Bank and Gaza,PSE,3786161,68.4976501575169,..,5432.24363072522,2927.08101953403,20567348977.1502,0,15.9498959090581,..,..,..,1.85860711452246,0.59992543820889
2010,YR2010,"Yemen, Rep.",YEM,26754387,64.3856367797178,..,..,2356.19960422096,..,22.1800547456639,12.2249801647331,..,..,4.68555712379286,0.610357927076417,0.230554817559858
2010,YR2010,Zambia,ZMB,13965594,65.0147025206122,12.8348424007125,3266.50749293828,1183.41712409199,45618717444.334,0,7.19922979875186,7.74718422810692,29.7900716301186,1.38259276517524,8.53319643791576,5.40522950216442
2010,YR2010,Zimbabwe,ZWE,13356548,83.1234047851259,17.4350010424397,3885.39378454343,1056.20884563889,51895448582.156,0,13.677948482249,30.8951171705444,28.9591504369077,0.816251453246969,1.01750672670554,0.359403208067896
2011,YR2011,Afghanistan,AFG,29347708,..,8.91679399623322,2757.05258747725,525.42698276582,80913174277.9269,0.00660239543706919,23.3342231741652,3.83063551304399,2.62242485497438,1.82134545354632,0.293025179616803,0.00638658307616622
2011,YR2011,Albania,ALB,2905195,80.6989985298954,17.9067230671409,12153.1140578808,3677.89457937717,35307166195.385,2.4548890851063,39.018229865346,3.44894327789941,55.5716221628347,1.52826633776627,8.08329285826067,1.55768308259941
2011,YR2011,Algeria,DZA,36903376,62.2200899610479,..,14641.9640935685,4501.3543013352,540337906323.456,25.0260096148481,7.41720738770702,..,..,3.9628827473348,1.17767329101171,0.244543995641295
2011,YR2011,American Samoa,ASM,54895,157.543859649123,..,..,12521.8095058644,..,0,..,..,..,..,..,..
2011,YR2011,Andorra,AND,77783,..,..,60470.4662377044,37637.5045137987,4703574275.36736,..,..,..,..,..,..,..
2011,YR2011,Angola,AGO,24218352,89.0369443425845,14.3382952931909,11037.6388778577,3528.16824373399,267313423592.843,38.6184358197859,19.4359431844007,2.39795754931545,3.63132953630561,3.25566035129376,-2.40838836782517,1.66675842401136
2011,YR2011,Antigua and Barbuda,ATG,86332,..,..,25023.9174488179,15633.9091131821,2160364841.19134,0,96.2939106265455,..,..,..,5.4088284644018,1.86451233826546
2011,YR2011,Argentina,ARG,41730660,35.2061549999644,12.6636277012315,29425.7593876084,14040.6189124444,1227956360246.09,2.74533146547491,6.06355901253364,15.326104507233,29.6538870401866,0.764287095310235,2.04465997872008,0.280670980642015
2011,YR2011,Armenia,ARM,3027900,69.4355736620453,17.2194190488079,10990.177099035,2943.83687119315,33277157238.1681,0,26.4943080024236,3.93438997571247,39.5142850755695,3.85394644115574,6.44066805582743,2.16011751666573
2011,YR2011,Aruba,ABW,102591,154.437786862887,..,34837.9402869986,26093.0542083227,3574059131.98348,0.00192689765446378,95.6950870944951,..,..,..,18.5057800383246,0.118599643184502
2011,YR2011,Australia,AUS,22340024,41.7219860149689,20.2598123616431,53257.0473237603,54296.2321324814,1189763715381.94,0.877828805391789,9.04752095555548,1.80835018628577,23.9731054752223,1.75526613878209,4.67434620832808,0.588096441869602
2011,YR2011,Austria,AUT,8391643,105.775098372378,25.6466391466356,61272.2584397775,44146.1956805294,514174918630.35,0.073845969443668,24.1821008320436,5.88159655056126E-05,27.476370869658,0.795931958980622,5.35812778038962,8.89261300943974
2011,YR2011,Azerbaijan,AZE,9173082,80.5080450059522,12.2247609538804,19358.0778100345,5149.20665913206,177573235113.827,29.7979549979878,13.4672212264775,1.81140611877118,12.0919377234187,4.67013555547022,6.80050011965746,5.38648577832649
2011,YR2011,"Bahamas, The",BHS,371729,88.3336891598687,13.011020858055,32535.6625139135,30492.6738528071,12094449290.6346,0,37.5953904741099,36.5449857469711,47.0651777887241,..,6.61957509346653,5.20362128802586
2011,YR2011,Bahrain,BHR,1195020,167.529641035854,1.07176697647209,53132.3284162611,23288.0449398313,63494195104.0003,23.3980559518896,16.9622472421568,3.60640828838549,..,3.59149722735675,2.61026038592024,2.98721897026294
2011,YR2011,Bangladesh,BGD,153591076,47.4208498356898,8.68592470557816,4352.42643359325,995.579947155662,668493859146.43,0.148237511200664,6.00557786935067,24.5558809408626,30.9639724586857,1.21766894947597,0.983399364184761,0.231273005643062
2011,YR2011,Barbados,BRB,276139,..,21.3445063127969,22102.4817004397,21842.8635599786,6103357194.27772,0.44650222837092,32.1253056882909,7.7374407515748,49.4274095663658,..,8.11486529224277,9.89232085218343
2011,YR2011,Belarus,BLR,9461643,157.974255073313,14.5090725642403,25404.7566082412,5941.68999156239,240370737529.069,1.17084554095057,14.6147212263829,17.5670409656775,28.9364604040203,1.22449510976582,6.48031997656593,0.203198120392521
2011,YR2011,Belgium,BEL,11038264,160.765516888126,24.7537791878132,56585.3025000677,40236.9596308558,624603507515.608,0.0465608455427308,38.2736092095115,..,24.7338089533503,1.04450113453523,31.0366884311298,24.4891457051935
2011,YR2011,Belize,BLZ,327298,106.914960208874,18.3208816753347,11641.7717375703,5802.24344531492,3810328606.16329,5.39177359139515,27.914152321625,23.6938441386,27.8371839307928,0.842255994312455,5.20581667105349,0.0345613284991013
2011,YR2011,Benin,BEN,10093623,47.2170288118403,..,2732.01249647957,927.716412836707,27575904170.7536,0,8.56825163487872,..,..,..,1.50844050539908,0.558551504308062
2011,YR2011,Bermuda,BMU,63733,76.2704368073774,..,101989.927295974,113937.835700983,6500124036.35431,0,37.3002341253784,..,..,..,-4.08488216132165,-5.33386965912019
2011,YR2011,Bhutan,BTN,709377,102.795600221106,12.4317424973806,10714.686566371,2552.48871073094,7600752212.39253,0,13.0685717021183,1.01647002573215,14.9260602794986,..,1.57461513860453,..
2011,YR2011,Bolivia,BOL,10348929,82.4803954243518,..,9554.44502529396,2568.5205166368,98878273201.1704,3.57882129837961,10.8448605621295,..,..,1.68412265690433,3.58442251378885,0.00114662120307311
2011,YR2011,Bosnia and Herzegovina,BIH,3741798,87.8363477136556,20.3056652821355,12487.7008428301,4094.25329541877,46726454038.3001,0,12.055897904802,..,44.8791530610084,1.13643026444417,2.52952738058176,-0.0258820479857456
2011,YR2011,Botswana,BWA,2073535,98.9614677801469,24.0453261607064,15236.7188843522,5850.07858575461,31593869891.8653,0,12.5072814369751,21.9532791538898,13.3064025490446,2.40443003238577,1.94040749024403,-0.0642505722991314
2011,YR2011,Brazil,BRA,195284734,23.9344051765103,14.8512987833721,18627.8104527933,9067.99212019529,3637727009276.17,2.04628720532789,4.48093295110698,2.34163909665299,25.7882026457057,1.41185115924524,3.91517954138648,0.61414966468268
2011,YR2011,British Virgin Islands,VGB,28710,..,..,..,..,..,..,..,..,..,..,..,..
2011,YR2011,Brunei Darussalam,BRN,399389,99.5379309038179,..,90279.6634042123,33754.3640783713,36056704487.345,24.1925755555505,12.5223743293015,..,..,2.24224141990167,3.73105568458092,..
2011,YR2011,Bulgaria,BGR,7348328,117.41810388629,17.8827151475731,22321.1253679157,6605.30851691027,164022950532.565,0.0367278516384984,19.1257501780803,0.0118717093568538,45.9286258443515,1.31400025609446,3.64730034700454,0.85360430450213
2011,YR2011,Burkina Faso,BFA,16661908,57.4972531038508,12.2194913583116,1939.86659989406,581.603658737407,32321878819.7076,0,12.916474230733,10.6920719189527,35.0201949794231,1.15090587793045,1.19074493368624,0.847435464555522
2011,YR2011,Burundi,BDI,9717978,..,15.5318060779053,994.691231245018,254.242110648215,9666387502.032,0,14.5152373199101,6.38754671281565,22.7725674091442,..,0.150057243665302,..
2011,YR2011,Cabo Verde,CPV,511447,90.5564501122747,17.9870830152484,7325.78441834692,3309.20121643898,3746750463.41027,0,44.9276198727116,17.4299301776528,39.9687329085996,0.476996486976338,4.99538224029443,0.0688302242130933
2011,YR2011,Cambodia,KHM,14722584,109.790505166814,8.12593534301176,3921.97911563308,1221.38839852454,57741666976.1537,0,25.6851358182622,15.6310197793698,39.284568735445,1.1985526648033,9.59845134883877,0.181910498426629
2011,YR2011,Cameroon,CMR,20232304,51.521987603918,..,4307.85195558527,1297.3064962694,87157770352.3957,5.25804310748538,12.5518067711338,..,..,1.13588889236589,2.13270391251932,0.610802753796491
2011,YR2011,Canada,CAN,34339221,62.4987387708328,11.8039212812623,53681.1296700569,42043.6419795513,1843368175269.74,1.65206257737853,10.7480108085918,1.27494511990595,14.4621086576047,1.19329189549638,2.13783310760835,2.79339652325596
2011,YR2011,Cayman Islands,CYM,55606,..,..,75094.8308085917,78233.0182694571,4175723161.94255,0,..,..,..,..,743.700693196734,742.553391700505
2011,YR2011,Central African Republic,CAF,4565021,34.4756183327299,7.54040362400078,1517.14839091011,532.38295493852,6925814264.62087,0,..,..,..,2.04840124780659,1.5138934301082,..
2011,YR2011,Chad,TCD,12754997,57.5437561870898,..,2741.07083398912,965.286963557057,34962350264.3188,24.3983730486377,..,..,..,3.75931302180558,1.68950609671276,..
2011,YR2011,Channel Islands,CHI,159706,..,..,..,65006.4871287216,..,..,..,..,..,..,..,..
2011,YR2011,Chile,CHL,17351816,72.4816428077334,18.9360959954426,25366.2690249825,12252.8441074615,440150832727.996,0.0202996901928584,11.0929432182301,1.06364772834254,43.9686886763831,2.26361278130337,10.4897738058645,6.71948573808971
2011,YR2011,China,CHN,1345035000,49.9458272253643,10.1512000219484,11405.0172845617,6275.90956436258,15340147423340.5,1.54520918045373,5.85121519825334,4.7209375352172,62.1317488921056,1.65908251595704,3.65069190228423,0.631154502779283
2011,YR2011,Colombia,COL,45259614,39.4704235545367,14.5758811869672,14852.3699513061,5517.1011086899,672212530981.313,6.932640671944,5.5708519263711,3.55024244450256,26.1473323912308,3.07710698956258,4.37269536127322,2.5136348394277
2011,YR2011,Comoros,COM,668056,40.00094857244,..,3227.21653582919,1299.11099021922,2155961370.05991,0,17.7493689376698,..,..,..,2.25967654324554,..
2011,YR2011,"Congo, Dem. Rep.",COD,70849311,83.4133637998303,..,1205.73984565432,417.130434045991,85425837309.8549,2.44284320183572,13.7490530613455,..,..,0.904759163497381,6.04729215599495,0.344325525903669
2011,YR2011,"Congo, Rep.",COG,4609724,124.591742710141,8.11448977021998,8492.42098392103,2307.49384399715,39147716827.6844,48.6661331517592,28.0478905303902,3.18446973106151,9.70887398539055,..,1.90783479461617,0.638502229703231
2011,YR2011,Costa Rica,CRI,4609833,68.6391465074016,13.2089868676909,19254.9142153099,10612.4694861141,88761938961.9047,0,18.080467143745,4.9564626707149,33.5728936530062,..,6.39172539644787,0.947210573551154
2011,YR2011,Cote d'Ivoire,CIV,22982000,64.7159030611345,7.57148126100708,4017.40782040208,1426.46463864534,92328066528.4805,2.38568766510419,10.4180555406473,40.9560774166569,21.5329778753545,1.00705786228658,0.822954277239134,0.0416739417953873
2011,YR2011,Croatia,HRV,4280622,77.783952809242,19.6485230269156,28769.3294749331,11993.0713179162,123150624675.647,0.422234790549554,26.1774330508663,1.50495583401808,46.1743079806902,1.73660237614066,1.98600595263882,-0.0960353505908187
2011,YR2011,Cuba,CUB,11301571,46.9604290476881,..,..,6902.16397571139,..,1.84020872037107,..,..,..,3.08450500072474,..,..
2011,YR2011,Curacao,CUW,150831,172.923417836707,..,32704.3556352667,20518.0985782641,4932830664.8229,..,72.6123536823754,..,..,..,2.40614386605524,-0.978099512108922
2011,YR2011,Cyprus,CYP,1146493,110.617131287039,23.1497754364522,41212.859375,25538.78125,35067237479.2639,0.0100066330418738,58.7604227243562,0.0255654677807828,31.7832586552564,1.73783209097559,151.736934875441,178.512694986211
2011,YR2011,Czechia,CZE,10496088,136.750855542438,14.4031469799321,39708.1626280195,16926.2846674435,416780369262.004,0.0306168472969245,19.5478202972081,..,29.864481840324,1.06914296806992,1.80994155301699,0.689707293951698
2011,YR2011,Denmark,DNK,5570572,102.012930474308,32.8089690985065,60729.0557255127,51667.5313210425,338295577410.981,1.3683944127568,37.9856337005367,..,36.7945685608892,1.3123392890178,3.93792637361731,3.81132554606203
2011,YR2011,Djibouti,DJI,948558,..,..,..,..,..,0,39.6059430937871,..,..,..,6.37538483893525,..
2011,YR2011,Dominica,DMA,69053,..,..,17475.0411061698,8553.8384670104,1206704013.50435,0,60.3410278983014,..,..,..,9.48510899097882,-0.300778395983913
2011,YR2011,Dominican Republic,DOM,9945621,59.0692578401698,12.3149237686754,15258.0858148503,5773.57403459156,151751138699.977,0,15.0508397608227,7.22900666888651,57.1468087327626,0.602928060143009,3.79217588020774,-0.13667364264503
2011,YR2011,Ecuador,ECU,15326227,70.0356837525249,..,12449.0785549218,5359.45724615639,190797403873.563,16.0118572281981,6.01322061626026,..,..,3.10647440690889,0.817966548837347,..
2011,YR2011,"Egypt, Arab Rep.",EGY,91093059,45.2556341623514,14.0086354022318,13082.4263680701,3222.37650111856,1191718237009.77,9.74186285549743,14.0723106994384,4.58857946051187,27.6119049629398,1.83702551137618,-0.204542848807527,0.265053971263949
2011,YR2011,El Salvador,SLV,6090127,79.2766437025052,15.3440335085472,8943.06191543327,3514.069144355,54464382833.8519,0.000375231029418766,13.9167877570401,4.39977143694422,34.6103767520029,1.08806149544119,0.603930846788838,-0.472935030650104
2011,YR2011,Equatorial Guinea,GNQ,1241835,114.37734663649,7.01579011279278,34341.9342607505,11203.9073679091,42647015932.6991,33.9272042714921,..,0.487154976854778,1.90519353406387,..,9.24740468952516,..
2011,YR2011,Eritrea,ERI,2998485,47.3937901188684,..,..,751.374899794668,..,0,..,..,..,..,1.8886183675912,..
2011,YR2011,Estonia,EST,1327439,166.7460724339,19.4461104284907,32456.1208864878,15820.922342204,43083520653.4385,0.895652000201936,40.6251031658384,..,37.0847395020064,1.67245488569073,4.80240449251588,-5.88420125980856
2011,YR2011,Eswatini,SWZ,1117833,..,16.6438996974831,8350.89190932865,3108.70225253092,9334902555.68058,0.298564481507319,6.32253325212353,47.9348926769622,5.29876709587818,2.21867209215692,2.08998856482498,0.008417262600918
2011,YR2011,Ethiopia,ETH,93149970,48.232935411689,9.20935861701915,1492.5339647204,455.909628648555,139029494037.686,0.00817466949683841,19.4908365118683,29.6593225906755,15.5556916050988,1.09070647415251,1.96735663905254,..
2011,YR2011,Faroe Islands,FRO,48543,105.846453473678,..,53440.3360261046,43946.251738291,2594154231.7152,0,23.9853455303048,..,..,..,..,..
2011,YR2011,Fiji,FJI,912989,..,22.9170933190503,10020.6957855059,4375.5808542034,9148785024.5132,0,45.3105198060205,17.5513767381849,44.1601386643198,1.61040391811109,5.74582849158733,0.0318118900868962
2011,YR2011,Finland,FIN,5388272,78.7159444486606,20.0526169335458,55053.3906850323,44391.4535667984,296642643533.22,0.0362541272728247,19.7712302158023,..,37.5587933178353,1.49199362525613,-2.18405747554129,-1.29020213761769
2011,YR2011,France,FRA,65340830,60.6056354816406,21.8260251212647,50085.6829779109,36269.9561530888,3272640096893.57,0.0108192692036986,15.3278842264926,0.0167026997318427,22.191082722039,1.88794614981494,1.54005293306163,2.24648761891166
2011,YR2011,French Polynesia,PYF,271727,56.2319854247632,..,..,19241.6437951625,..,0,27.1131458550299,..,..,..,2.15733093027309,0.453875069247706
2011,YR2011,Gabon,GAB,1781985,90.4983773331323,..,19153.0878201525,6699.23394606512,34130515199.1944,37.4261753637161,15.8396856356031,..,..,1.46243422997043,6.16978545780463,0.139534984106801
2011,YR2011,"Gambia, The",GMB,1983784,42.6397020468894,..,2519.83983255672,625.464360270983,4998817942.38871,0,14.9850970290452,..,..,..,2.55921826982754,-4.13316673791453
2011,YR2011,Georgia,GEO,3756441,85.4659350932986,22.6614046515192,12288.6828861156,3362.1030031968,46161712229.403,0.143424766442677,21.2217443164499,1.43358149264751,52.2903463975881,3.0291791684272,7.56100540937968,1.18080164196375
2011,YR2011,Germany,DEU,80274983,78.433002901442,11.7508036302609,57858.4222602355,40722.4849268242,4644583863347.23,0.0301021983000363,14.780054613015,..,25.7043622215038,1.18233731589884,2.55089499875415,2.82218944381668
2011,YR2011,Ghana,GHA,26095088,86.2954538549695,14.8657903615734,5005.36732498187,1537.81834019283,130615500817.727,5.08048685091895,13.922229136943,16.6259706738689,27.43673851655,0.43515452267479,8.2558797134245,0.0644309781095213
2011,YR2011,Gibraltar,GIB,31660,..,..,..,..,..,..,..,..,..,..,..,..
2011,YR2011,Greece,GRC,11104899,56.2929957941907,22.4592713947757,33906.4917435676,19448.255802525,376528166256.652,0.015063918086912,21.1258501119355,0.00457487933755747,31.5849669464968,2.52021146748907,0.38562256563474,0.642083826469392
2011,YR2011,Greenland,GRL,56890,130.547942353994,..,61170.9203658321,42994.8790874739,3480013659.61219,0,..,..,..,..,..,..
2011,YR2011,Grenada,GRD,112079,..,..,13397.8500405513,7695.37616017287,1501617634.69494,0,62.1073105907453,..,..,..,11.0347999232425,0.801007986756356
2011,YR2011,Guam,GUM,166543,77.7889245585875,..,..,32665.3787483379,..,0,..,..,..,..,..,..
2011,YR2011,Guatemala,GTM,14792126,65.0470510420457,11.0178435441484,10032.088632465,3621.37409769184,148395919094.589,0.592110785237876,11.2584547184974,6.42041726338716,56.2452482961773,0.459619447723005,1.87038244023626,-0.56065443901872
2011,YR2011,Guinea,GIN,10656810,85.9546732708386,..,2673.40873029955,696.199991395571,28490008891.1435,0,9.6307558774073,..,..,..,14.0905035719922,0.0120852382999326
2011,YR2011,Guinea-Bissau,GNB,1608076,48.6174602066373,..,2278.40566106623,658.953470528116,3663849461.82474,0,12.4758179177747,..,..,1.51613050510836,2.16270009395862,0.0741779757836415
2011,YR2011,Guyana,GUY,746153,..,..,10958.8598838438,5133.89539813637,8176986178.90967,0,19.8123565411353,..,..,0.878175345601621,6.68583866568761,..
2011,YR2011,Haiti,HTI,9914904,44.1635704019387,..,3330.99820416355,1369.16921255852,33026527418.454,0,12.7805379047379,..,..,..,0.91476918408797,..
2011,YR2011,Honduras,HND,8540583,122.216902597337,14.7879787886259,5488.43371596332,2144.56265540491,46874423691.1832,0.00286503605284088,20.9022314961393,3.56829588088569,40.666290125806,1.13130910330426,5.88681418228473,0.170936430065883
2011,YR2011,"Hong Kong SAR, China",HKG,7071600,421.854706554386,..,58672.8294901182,39656.3392885062,414910781022.32,0.00668432568577963,66.6210720449687,..,..,..,38.684029536737,38.5917866315641
2011,YR2011,Hungary,HUN,9971727,166.754347209897,21.0755779468166,28415.1173442897,11536.3578996772,283347792830.222,0.227052369950292,28.4969085630304,..,37.7577497591768,1.03876980779352,7.45442145492381,6.41668614682833
2011,YR2011,Iceland,ISL,319014,100.133252648313,20.3516970395823,56813.742648754,50058.8302502676,18124379297.3496,0,39.1486770919933,1.2365201842809,33.426317711306,..,7.19083904863256,0.156242537640417
2011,YR2011,India,IND,1261224954,55.6238800135298,10.1773871997608,5249.54925694026,1281.61054354933,6620862520105.21,1.34852705756453,11.8639553301796,14.8246284585373,24.9818820796394,2.70448222276966,2.0020634629993,0.691587282543152
2011,YR2011,Indonesia,IDN,249470032,50.1800131841104,..,9274.96955181702,2799.62468790318,2313826950890.82,2.96041980198707,6.00016047748887,..,..,0.653776702606807,2.30298429381592,1.01196597045047
2011,YR2011,"Iran, Islamic Rep.",IRN,78383598,41.2194147918578,..,15947.766097961,5321.75870744453,1250043286820.61,22.3514589221281,..,..,..,2.38163454250427,0.679834574763516,0.0409529909546553
2011,YR2011,Iraq,IRQ,32161424,72.1713282233655,..,12267.5848940673,4030.01686860986,394542999234.094,50.9263659501053,7.50795434366509,..,..,2.30344021962536,1.12086339764167,0.197039386905308
2011,YR2011,Ireland,IRL,4580084,186.304879179038,21.6788892286331,59899.917652844,47539.9181739968,274346654443.109,0.00518125344429736,91.2655575254647,..,30.337062389443,0.539508228229788,9.83474085171317,-0.632037343089578
2011,YR2011,Isle of Man,IMN,84382,..,..,..,71727.5055082703,..,..,..,..,..,..,..,..
2011,YR2011,Israel,ISR,7765800,68.9094378497374,22.1945785362431,39075.375376272,34540.6749784398,303451550097.053,0.00535645069325495,18.2815421117485,0.924183115782131,34.8122209124143,5.63236402188698,3.22758725723671,2.76055131539156
2011,YR2011,Italy,ITA,60026841,54.4722149449288,23.6907780327076,49473.0149235634,32039.5032494316,2969708800607.37,0.101021789830648,10.0452784804403,..,23.6593297000762,1.46829220552997,1.49396922230512,2.24851647742716
2011,YR2011,Jamaica,JAM,2760494,..,23.3643683011714,9932.48380946963,5339.62170188798,27418561961.138,0.526914868641309,31.6120568161597,9.20229077638358,43.0912813655434,0.925165752936644,1.19599317121359,0.20132001442481
2011,YR2011,Japan,JPN,127833000,30.1949607286296,..,40967.3431400832,33011.1342301291,5236978375626.26,0.00234602321423817,5.07752413256303,..,..,0.974823565427991,-0.0136482744839263,1.87441744713933
2011,YR2011,Jordan,JOR,7480424,118.699679501801,14.6082372225069,10977.4820450868,4631.67703841605,82116220149.6362,0.00229864970418629,34.5918783057415,5.30116921258243,38.9312695099651,5.40164163067694,5.03335872688489,0.104474036696787
2011,YR2011,Kazakhstan,KAZ,17066002,73.1178570509129,18.2578342106765,27946.1603432944,9223.3021336315,476929228310.983,18.3529532976804,7.94838253855299,23.8871669875109,13.3070295454573,0.93651358475802,7.14351039762779,2.68792070928199
2011,YR2011,Kenya,KEN,42758461,58.4022059745625,..,4307.10611556858,1370.58000874482,184165228865.401,0.0288123870707702,13.3847967882304,..,..,1.37974304585955,3.09471103381268,0.183465809424059
2011,YR2011,Kiribati,KIR,110647,93.4313938880945,16.3463881353238,2150.38301837654,1348.06011226744,237933429.834309,0,42.3226944344765,17.388314590616,0.0677679909292858,..,-0.177954446979993,0.0342717647671512
2011,YR2011,"Korea, Dem. People's Rep.",PRK,25097874,..,..,..,..,..,..,..,..,..,..,..,..
2011,YR2011,"Korea, Rep.",KOR,49936638,101.68061646213,13.2807179687412,40719.2273771671,27393.455357272,2033381317173.28,0.0596703107786387,14.7789293936381,3.82393979177076,26.3733911146482,2.37114288990647,0.747683727442323,2.26819838801717
2011,YR2011,Kosovo,XKX,1791949,86.1517494661872,..,8359.93621479336,2995.64952029477,14980579340.1627,0,27.479783995635,..,..,0.804774182927632,8.44148689449377,0.111257377474034
2011,YR2011,Kuwait,KWT,3132814,99.1164927646913,..,64844.5019019408,33545.346271839,203145763381.427,58.3689295808333,18.8978960100233,..,..,3.50139726568748,2.11573865053542,6.99362447437768
2011,YR2011,Kyrgyz Republic,KGZ,5546587,136.179840420492,..,5092.85165751678,1005.4831781815,28247944796.511,0.386664882614064,29.4318120494595,..,..,3.39883593465625,11.0646449339785,-0.061668995081316
2011,YR2011,Lao PDR,LAO,6426590,91.6986958680216,13.1464121849439,5266.87866924206,1666.40086189871,33848069786.9643,0,10.0610695661833,7.77325096273813,42.3408953302611,0.212126552452257,3.43702755895922,0.00409995097996788
2011,YR2011,Latvia,LVA,2059709,129.734758014485,15.0349474767828,25308.7322074626,11018.5152421583,52128623506.3006,0.0951786230834513,28.5535647433841,..,39.3816669554211,1.1073762662641,5.71773309105869,0.405738234879601
2011,YR2011,Lebanon,LBN,5096020,102.139882412503,16.3773329137847,17353.1960845294,8936.20027462737,88432234310.6836,0,76.9634271254491,5.8999278307441,38.4357503703422,4.07375676942933,7.85693989450406,2.34588672949454
2011,YR2011,Lesotho,LSO,2014009,149.796606699153,30.2137479334564,2749.31958166573,1031.99721564343,5537154381.35101,0,20.6947647719035,8.57773990418397,25.0926793801166,2.25552295756199,2.37160157638289,..
2011,YR2011,Liberia,LBR,4221178,..,..,1601.03374045996,646.908727016597,6758248402.48728,0,23.7582400550023,..,..,0.535918803418803,86.9894467611897,-9.27068265221018
2011,YR2011,Libya,LBY,6343203,63.0054352895288,..,10741.9206751908,6569.59477578957,68138183452.6324,36.3305559734441,9.18967760202827,..,..,..,..,0.271957657313899
2011,YR2011,Liechtenstein,LIE,36312,..,..,..,..,..,..,..,..,..,..,460.213518331784,..
2011,YR2011,Lithuania,LTU,3028115,149.645306927215,15.6660449989807,29240.7487851392,11836.7200384033,88544350007.5117,0.111619814532788,21.7734468732336,..,34.6995948522402,0.797082443059276,4.35509015104087,1.88802594853189
2011,YR2011,Luxembourg,LUX,518347,308.714453874162,23.9870478540645,129885.369760706,105290.249021891,67325691759.3528,0,196.753821756186,..,30.1737628748704,0.376775588804359,14.3333707152268,17.3686289508045
2011,YR2011,"Macao SAR, China",MAC,549600,122.886868700544,37.4212339996345,155385.324208541,88168.9713699088,85399774185.0143,0,96.0684044662175,..,90.0877410769448,..,4.76089394778049,0.989424005445517
2011,YR2011,Madagascar,MDG,22822300,56.4830925951893,8.71032363773385,1614.55137773785,441.755158414121,36847775908.1465,0,22.0417701309687,11.1654394880459,45.2753221832925,0.623191026336477,7.05979214971634,0.366447713241427
2011,YR2011,Malawi,MWI,15265022,..,10.6177069783918,1533.22889572405,517.833736624232,23404772824.2634,0.112587609355475,2.88555492927313,6.42493255099641,34.1711526291811,0.468557773532063,3.72017249057544,0.00811411740390533
2011,YR2011,Malaysia,MYS,29162039,154.937684607226,14.794353171378,24115.8181203958,8400.32248683558,703266428543.889,5.48169161167852,25.9059631661562,2.21498336200713,15.390008575173,1.55285313376988,5.07446032143377,6.07762932650602
2011,YR2011,Maldives,MDV,373674,..,12.0781339785612,17581.7676697752,9005.81391375104,6569849452.23556,0,96.5778384182092,27.6036340768565,17.7062398209598,..,15.2659407539778,..
2011,YR2011,Mali,MLI,16469049,43.1814699132908,10.5499687208031,2623.34627008963,818.399030995547,43204018266.0733,0,9.97394037966677,11.071622649712,31.1339676517375,1.2410333300729,3.60372353519049,0.0283709100957735
2011,YR2011,Malta,MLT,416268,192.027341380783,25.4110072200576,37739.4436925333,20867.9310851632,15709722747.0035,0,211.571266052478,..,36.0402518551833,0.571705680644883,79.7489301790045,-44.72240084824
2011,YR2011,Marshall Islands,MHL,51907,153.240162507255,17.0381021474173,4259.11601606604,3433.06297801838,221077935.04594,..,40.1348702294607,7.71026263213657,8.99190026809612,..,-2.5425891687052,..
2011,YR2011,Mauritania,MRT,3502811,98.485329604158,..,5653.21719956693,1472.55245572229,19802151392.0322,2.80489508955736,..,..,..,..,8.70335489423716,0.0216272063290697
2011,YR2011,Mauritius,MUS,1252404,115.552473002804,17.7589045999642,19790.5300586052,8432.19129317694,24785739007.5174,0.109303420945243,49.0767333239874,2.08575901015008,57.1207622785477,0.152035252096647,3.71075064331171,1.35137879534321
2011,YR2011,Mexico,MEX,115243504,62.1623872764498,9.61707214710222,20457.6001664624,9575.93437788582,2357605526614.11,5.72990793071681,5.04112107568509,1.07946381622073,23.0299762239472,0.447386999972132,1.9442261568419,0.941634038320862
2011,YR2011,"Micronesia, Fed. Sts.",FSM,107698,108.539986244713,5.03691996545424,3901.67577698307,2989.68205288365,420202677.829523,..,36.234852110655,4.55627748533175,4.53802477125381,..,..,..
2011,YR2011,Moldova,MDA,2860699,98.6175965326556,15.2403272229961,10217.3087761255,2402.94446306051,29228644998.5535,0.0658151040070292,21.8344798925116,4.39098494636468,50.6912459554758,0.272949600366091,4.43147611475958,0.42463162835325
2011,YR2011,Monaco,MCO,33946,..,..,..,148272.711991792,..,..,..,..,..,..,..,..
2011,YR2011,Mongolia,MNG,2786317,126.999228633482,18.4669910953464,10960.0959283864,3010.81642672623,30538301606.8939,1.92131227140389,18.1567750882905,8.49100817100338,36.2378086451483,0.837270236688781,43.9121127615061,0.908399393303569
2011,YR2011,Montenegro,MNE,620345,106.752728264703,..,20110.5703706069,6110.66013917018,12475491776.5541,0,37.7787489735329,..,..,1.74896930267889,12.3507061996589,0.399243703602114
2011,YR2011,Morocco,MAR,32912588,76.8258714906247,21.4534608701431,7503.79296875,2879.53930664063,250159007579.871,0.00726865921109118,22.2323185106475,6.12099482821757,46.7564554249971,3.29749523520352,2.29046840496639,0.225309506784887
2011,YR2011,Mozambique,MOZ,23649039,84.4062119333019,16.799529512575,1275.52959822581,514.869957191994,30165049214.0964,0.208892298436241,17.8984404059323,5.25028460578696,36.391355782707,0.813112431836901,25.0623636819297,0.571768783830999
2011,YR2011,Myanmar,MMR,49419820,..,..,4078.61220919965,895.512538762631,201564281228.449,1.00643883600724,3.08229703419387,..,..,..,4.20127651183029,..
2011,YR2011,Namibia,NAM,2146325,102.189147754138,29.5505904195561,10965.2729759535,4302.72451368462,23535039520.1135,0,11.7522877923361,23.8556360778728,27.6805565077124,3.5745889549471,6.41681322346953,0.10763822764079
2011,YR2011,Nauru,NRU,10098,130.30303030303,..,7881.13125592445,5417.44487923767,79583663.4223251,..,32.2498695624989,..,..,..,..,13.7534663756406
2011,YR2011,Nepal,NPL,27464494,36.296758890097,11.6246777452046,3176.65040602417,742.617252662576,87245096016.3483,0,7.62785981637523,14.4618636324548,39.6320792127141,1.35067285523943,0.435814930594323,..
2011,YR2011,Netherlands,NLD,16693074,141.757099325776,20.6643770778933,62318.1416226231,45239.7318887962,1040281349648.93,0.0513023587099409,33.6783723259836,..,26.3322476596314,1.27726127378573,39.0408469194559,42.1978547497182
2011,YR2011,New Caledonia,NCL,266543,66.8445220722878,..,..,..,..,0,19.1664022257419,..,..,..,16.9845017608185,0.392862562138081
2011,YR2011,New Zealand,NZL,4384000,59.1724105593848,25.6377455807193,41814.8851834052,35957.523248516,183316456644.048,0.77791212195698,15.0686023786323,2.70678912969153,27.4955935218963,1.16234930052697,0.818121298166467,-0.0713998448977898
2011,YR2011,Nicaragua,NIC,5819051,111.827453935999,14.5197030493667,5976.25284495841,1786.62863418308,34776120093.7081,0.0519123138385869,18.8688137796574,4.03713736620461,50.259881151226,0.526411336509848,9.5791738556055,0.0787777834969159
2011,YR2011,Niger,NER,17176283,50.2463951569345,..,1318.10130997844,434.986264873953,22640081122.8604,0.897289901092115,10.7248948540844,..,..,0.976041978774068,12.1645061403035,0.105992853406793
2011,YR2011,Nigeria,NGA,171379598,..,..,8153.53178680367,2370.97657091803,1397348999902.63,15.5113433318503,6.74538249852237,..,..,0.579227031040921,2.133117701613,0.197062854040486
2011,YR2011,North Macedonia,MKD,1937398,113.19191013947,16.999651001969,17201.3074960957,4711.13027870081,33325778740.3208,0.0202744088961322,22.9647086646921,2.8499245852187,43.5422322775264,1.26218709982742,4.83981702288781,0.324050075747791
2011,YR2011,Northern Mariana Islands,MNP,53608,105.075445816187,..,..,15226.1308805108,..,..,..,..,..,..,..,..
2011,YR2011,Norway,NOR,4953088,69.5987336334833,27.5519417038651,83092.4342216441,72660.6754124944,411564138834.015,7.50443616793107,17.6918235171508,0.188196915560074,23.1548034830692,1.44252755140788,2.05367635776007,2.59218504442575
2011,YR2011,Oman,OMN,3076763,101.641731939942,..,44440.3092616125,20993.9079436935,136732299244.687,40.4074409203453,12.9902844525244,..,..,6.45275108066004,2.10218875218974,1.57796884333742
2011,YR2011,Pakistan,PAK,203746065,32.3626382751438,..,4246.06710882497,1261.83161907857,865119465149.014,1.01863575475154,5.75098513498001,..,..,2.91924318438144,0.575055145839944,0.0268879479955328
2011,YR2011,Palau,PLW,18078,135.599929518963,17.4624572426455,17670.9138744537,14123.1262308557,319454781.022374,..,70.9053667069267,8.44722901984385,21.7125982413996,..,4.18940712246433,..
2011,YR2011,Panama,PAN,3693505,158.20839556043,..,24999.4605922405,11761.4988389067,92335632694.7433,0,36.3738377265765,..,..,..,12.3168354603605,3.97503475841009
2011,YR2011,Papua New Guinea,PNG,7859346,..,..,3514.83277391807,2102.03192060639,27624286902.3619,4.85140837264189,18.9096694544446,..,..,0.356925097321889,0.202496658911332,1.74711188424855
2011,YR2011,Paraguay,PRY,5814626,78.4921238489902,9.36683510463148,13109.4665717904,5342.19015717538,76226645174.4636,0.198340645226439,7.07662350036467,7.51708440261709,39.0588273295208,0.844603850849582,1.95875255092925,0.293923886685125
2011,YR2011,Peru,PER,29304086,55.9882802838607,15.9688951461688,12726.5999815198,5453.45718713631,372941380346.054,1.03123460325427,5.86726818758915,1.39271121704135,36.1512506374944,1.37118305528699,4.47262658184166,0.199458596195133
2011,YR2011,Philippines,PHL,98248614,60.7958366999075,11.8490007825541,6388.31296959977,2416.75212064542,627642895061.402,0.225427511195249,13.3186115623654,19.500261123493,22.6689027664379,1.15341455205701,0.856963002985963,1.00319099190428
2011,YR2011,Poland,POL,38063255,86.9236892837618,16.6696825635336,28521.6612623568,11370.313427173,1085627265652.71,0.0482151843545218,13.6946480113304,..,38.0201588259223,1.79131485643585,3.57128957712437,0.905752239575174
2011,YR2011,Portugal,PRT,10557560,73.0075756700531,21.3595814303725,36127.2949766154,19389.6395896162,381416084353.315,0.0714397773870135,17.434922970973,..,31.476270334491,1.48992161044294,4.23648756430888,6.4730596539198
2011,YR2011,Puerto Rico (US),PRI,3693464,108.558400106824,..,40972.5364074959,28706.0207514856,151330588209.776,0,..,..,..,..,..,..
2011,YR2011,Qatar,QAT,1624761,98.7216351018991,..,145590.759374614,81608.4080652473,236550187792.257,29.9468705202351,14.4600967411274,..,..,..,0.559389030984015,6.02504101836901
2011,YR2011,Romania,ROU,20147528,76.271356441629,17.2153737430501,26150.8560702105,8044.57194920892,526875104898.536,0.928598823680941,11.3589861307623,0.00552503810567518,39.3927242652839,1.23556866931776,1.23042689104897,0.0295021307137619
2011,YR2011,Russian Federation,RUS,143018195,48.0353994077919,13.9542036796753,34444.64453125,9120.8203125,4926211105919.62,10.6778918258558,7.30889764785308,25.6131535605617,19.520419842001,3.43304383760131,2.69236118071968,3.26751290531222
2011,YR2011,Rwanda,RWA,10573733,39.71610247751,..,1874.21498172873,614.539650123021,19817448801.3994,0,15.9477376398278,..,..,1.09493104282603,1.62859755954292,..
2011,YR2011,Samoa,WSM,194713,81.600955014363,..,6616.7710962495,4201.45663738908,1288371350.46403,0,39.1313503441355,..,..,..,2.0416002953816,0.0807440198712573
2011,YR2011,San Marino,SMR,32620,..,16.1530355640829,64214.1187563371,46450.0251706982,2094664553.83172,..,..,0.699907650357687,21.9939200707959,..,..,..
2011,YR2011,Sao Tome and Principe,STP,185649,..,..,4876.47315792145,1214.96130276731,905312365.29496,0,21.9907740878679,..,..,..,14.1981181119688,0.131265118796407
2011,YR2011,Saudi Arabia,SAU,25091867,84.3594342438995,2.29968681414688,58645.4459416531,23314.5576023168,1471523729723.65,49.1612188808623,13.9224942357425,1.28488720660743,2.16352133723479,7.17239914861776,0.688133631504519,0.503910121850217
2011,YR2011,Senegal,SEN,12958897,57.5768785989578,..,3362.87940537332,1139.74447892639,43579207837.654,0,13.8142929590304,..,..,1.29386015954483,1.90106996405963,0.26675539666373
2011,YR2011,Serbia,SRB,7236519,75.7493613069523,18.3137738004771,17986.6586186398,5737.00120175811,130160796840.3,0.890629908467004,16.0233311641438,3.24946457561837,45.599333556585,1.92573079525961,9.6203440965999,0.6044703898074
2011,YR2011,Seychelles,SYC,87441,210.075382747992,..,24406.4129764105,13843.7116081878,2134121157.07031,0,69.0781377671493,..,..,0.855504063317464,13.5270690867223,0.747794752809121
2011,YR2011,Sierra Leone,SLE,6387251,43.7807969332619,..,2590.52839483651,950.760763054593,16546355080.4479,0,12.0215743999903,..,..,0.530893039714345,19.5505875068329,..
2011,YR2011,Singapore,SGP,5183688,379.098631377539,13.1057219512653,99296.7561111269,50713.5326393594,514723403092.175,0.153787333426844,84.8762306170928,..,25.2696208754276,3.19387456850782,17.5960314065854,11.41917173355
2011,YR2011,Sint Maarten (Dutch part),SXM,34267,..,..,53786.2462000327,39615.1371367338,1843093298.53652,..,121.560634996419,..,..,..,-5.17904034375746,0.12479111959895
2011,YR2011,Slovak Republic,SVK,5398384,169.178076311066,16.0042157471556,30481.377866428,14950.8735178599,164550182572.079,0.00792826107571999,14.9770782127796,..,31.3334251508823,1.06939130819127,5.44765747649664,2.70595092722508
2011,YR2011,Slovenia,SVN,2052843,140.332355750319,21.6954700360199,38226.1255489903,20535.4155754108,78472234250.3658,..,23.8649552667406,..,33.6364990511162,1.30187924610493,1.71085960342006,-0.0273839960125082
2011,YR2011,Solomon Islands,SLB,552945,107.247515572534,25.158528855184,2777.47851512924,2132.02844199392,1535792857.54814,0,28.6258532351494,30.0655537559663,20.3312947179686,..,11.2842365456827,0.347033736453064
2011,YR2011,"Somalia, Fed. Rep.",SOM,12348830,..,..,1054.36214979106,349.577449077722,13020138946.2043,..,..,..,..,..,3.50997923598382,..
2011,YR2011,South Africa,ZAF,52995205,54.6363504358971,22.8746700130453,14434.2611456048,6067.12482726885,764946628434.862,0.964145883537292,8.3109685792115,3.88135336207692,33.4021197540778,1.00265340405471,0.903381424332556,-0.0334784964578338
2011,YR2011,South Sudan,SSD,10288109,93.226859754919,..,..,2073.23981819145,..,50.3820140463065,..,..,..,6.09441532228387,..,..
2011,YR2011,Spain,ESP,46742697,58.5118228859632,11.8256931383282,42271.8346788238,25510.5579678829,1975899560026.35,0.00288179859277689,13.6004764206522,..,23.2953072336012,1.32573618168037,1.73938048405349,2.86797656922818
2011,YR2011,Sri Lanka,LKA,21009048,..,10.8476049114201,10618.4926000405,3232.37350382301,223084420721.896,0,10.4729990672724,16.6414539375545,42.9157494812705,2.68531865302989,1.41088360121529,0.0885565905859459
2011,YR2011,St. Kitts and Nevis,KNA,46886,..,18.0751717114443,25380.0087348215,17958.6813977053,1189967089.54084,0,71.6168532687718,14.5303840882764,28.9674908234902,..,10.5862643242429,0.423768176667469
2011,YR2011,St. Lucia,LCA,171801,..,18.0488000991829,21637.8686925992,10576.8979743596,3717407479.25723,0,62.8224249717228,45.7476881692737,14.7700033618895,..,6.19533348387191,0.360344628388566
2011,YR2011,St. Martin (French part),MAF,37069,..,..,..,..,..,..,..,..,..,..,..,..
2011,YR2011,St. Vincent and the Grenadines,VCT,109349,..,21.3847933703678,13168.8964291743,6674.58198966102,1440005655.63378,0,41.1536413171775,16.2819092035785,42.8583399656133,..,11.8576076339128,0.205229709458563
2011,YR2011,Sudan,SDN,36140806,27.512339023518,3.85621016052459,4467.6259765625,1388.21813964844,184445320301.139,15.1004983871528,6.78451651914144,7.92062872480413,18.2444477531458,..,3.15234852962884,..
2011,YR2011,Suriname,SUR,556269,..,..,23829.5332856393,9003.28597674886,13255630651.2693,9.41801678852129,17.2587521649352,..,..,..,3.28538383339053,1.63701560805453
2011,YR2011,Sweden,SWE,9449213,86.3907448060188,27.1369948907058,57340.5039813247,49356.5905257047,541822635646.885,0.0295942454553409,21.7161193036451,..,38.0554723488314,1.10855139297702,1.22329216394859,4.16693926785189
2011,YR2011,Switzerland,CHE,7912398,125.556273159907,9.32195218858645,74800.8886353533,81874.3362425008,591854401636.592,0.000356657639592002,31.794268866492,0.949123224182077,32.0293369036483,0.694782257657599,2.90052077420682,6.05287651670465
2011,YR2011,Syrian Arab Republic,SYR,22878098,50.6960943456553,..,9648.82426718361,1542.71957174916,220746747169.405,18.8708007318397,..,..,..,..,1.19065657189387,..
2011,YR2011,Tajikistan,TJK,7824785,79.7842446734572,..,2572.48074895498,809.368229154093,20129108777.2117,0.0703343870138553,13.7979253418897,..,..,1.09380663999495,2.23653413214552,..
2011,YR2011,Tanzania,TZA,46029367,56.1661241821809,9.79398200038448,2779.70776367188,838.999267578125,124242489748.378,0,13.0086469554291,5.68395519043429,32.5962319515549,0.903150747306732,3.54720849735785,..
2011,YR2011,Thailand,THA,69007208,139.675407224576,16.3618347937093,16766.3477057883,5070.23740191942,1156998843533.66,1.77251079433152,23.6347272324486,4.42951625213283,39.451193937507,1.39063450331731,0.667087644548593,1.93511494399753
2011,YR2011,Timor-Leste,TLS,1110207,140.766344089557,135.484450909514,4189.79980348341,1237.48380284894,4651545070.42591,..,147.346188929327,0.3952844067781,1.4103017863055,1.96949347659248,4.70566335701583,-3.16536257677267
2011,YR2011,Togo,TGO,6916474,77.732312664143,11.4052385672697,2111.47483429916,663.96334052788,14603960793.0845,0,18.1389913766647,18.3211624255415,38.8056725568876,1.52606374846498,13.4388023170829,23.3512319745803
2011,YR2011,Tonga,TON,107570,78.8578648859134,..,5847.44389420769,3892.76791192676,629009539.699921,0,26.5406724320854,..,..,..,1.8451444721178,3.77076970017204
2011,YR2011,Trinidad and Tobago,TTO,1328019,..,25.6437422012934,34769.7620251376,17746.509252615,46174904594.8612,9.46888642049548,14.0353530465652,4.61088848617882,14.3644129082757,0.566437190906244,0.161394418487235,0.264269974014507
2011,YR2011,Tunisia,TUN,10886035,100.106379304237,20.1748559350054,12068.7136257667,3784.7412903401,131380438935.073,5.01344964105154,16.2003704969076,5.05199757954434,28.7213333145701,1.48625780102894,0.899077534980039,0.0442823716662091
2011,YR2011,Turkiye,TUR,74223629,53.651583897618,18.550815026453,21760.4291923634,9265.85910238578,1615138023254.75,0.123984127335917,7.37059372785136,1.1120347964269,39.3218513722342,2.0275060358965,1.91686136260632,0.280741653032813
2011,YR2011,Turkmenistan,TKM,5683417,111.062833823441,..,9929.68934634645,4379.74943394339,56434565235.7443,14.0634051116026,..,..,..,..,11.6000011402509,..
2011,YR2011,Turks and Caicos Islands,TCA,30846,..,..,17147.424764127,29363.9475927366,528929464.27426,0,..,..,..,..,..,..
2011,YR2011,Tuvalu,TUV,10780,..,..,3687.43927331262,3028.2511217061,39750595.36631,..,123.354239787811,..,..,..,-0.303818658053084,..
2011,YR2011,Uganda,UGA,33354543,39.7552255606122,..,2384.4653273154,816.516366587228,79532751291.9507,0,15.2205037982867,..,..,2.538786699798,3.2086060344385,-0.0425038977122548
2011,YR2011,Ukraine,UKR,46307853,104.805073904259,17.8400492744471,17783.95703125,2418.12084960938,823536885927.983,0.604564339662443,20.4637188774202,2.52676441636657,35.3044449600028,2.25828771122262,4.256089748054,0.113385490721017
2011,YR2011,United Arab Emirates,ARE,7104538,144.176786868982,0.305542656542035,73190.3973792075,43687.7782783233,519983959415.68,28.5990789001782,..,0.00887635235479143,6.98900466481873,5.46631452753061,1.938861867408,0.590434083601286
2011,YR2011,United Kingdom,GBR,63258810,63.3240615708901,25.7274940192641,46949.0207981339,42791.0934313474,2969939186355.2,0.82160437614263,20.830108181603,..,34.7365380440536,2.49903987829525,1.00957357920277,3.02115058943336
2011,YR2011,United States,USA,311839461,30.8424862411943,9.5389309882013,60245.4843994565,52956.6630340962,18786919382810.4,0.370845235110237,7.06972577537402,1.22890096386127,2.95682257561704,4.82244197600452,1.68911277121237,2.79886929155041
2011,YR2011,Uruguay,URY,3326825,53.2470340109018,18.1987734882966,26099.3215293803,15443.9961926395,86827875346.9805,0.0333775517732152,11.306899193345,3.7908884901791,36.5475214406709,1.71974893241654,5.34359480768242,0.355953468218835
2011,YR2011,Uzbekistan,UZB,28823196,49.6542884929351,12.3662567573144,6100.25100998284,2271.00936223002,175828730509.933,2.07023379383746,8.23883797779751,6.70513161428554,26.8950322706775,..,2.68375111593279,0.00605089201935558
2011,YR2011,Vanuatu,VUT,243474,96.9987664175314,16.4423481605108,3390.96103912602,2883.22689591881,825610848.040169,0,55.594051432966,15.0936258747872,49.84324042391,..,7.93578473613464,0.103421462615146
2011,YR2011,"Venezuela, RB",VEN,29185212,49.6381215967995,..,..,4455.41063337951,..,23.1450195251423,5.94093460755277,..,..,1.13040534078431,1.85002511047875,-0.0805732541711497
2011,YR2011,Viet Nam,VNM,88468314,125.260577940829,..,7652.61895672271,2132.90453762087,677014296785.697,4.58244433557524,12.0154083781979,..,..,1.55654936250578,4.30487434902161,0.550421350144082
2011,YR2011,Virgin Islands (U.S.),VIR,108290,679.232772910253,..,54443.0686942498,43320.176769501,5895639908.90031,0,..,..,..,..,..,..
2011,YR2011,West Bank and Gaza,PSE,3882986,67.2495329024414,..,5805.32115329251,3128.10811061384,22541980763.7387,0,14.6545669432764,..,..,..,2.13515604683715,-2.13251833869234
2011,YR2011,"Yemen, Rep.",YEM,27582897,63.0594579549043,..,..,1994.83663337222,..,23.3981676874913,10.4887792334813,..,..,4.92646180284206,-1.58233916831705,0.176759339243773
2011,YR2011,Zambia,ZMB,14437796,72.7954324384283,14.7159433183957,3335.64339500657,1208.46424569634,48159338865.8523,0,7.49556488741103,7.08120612124028,23.9123597918165,1.3176391076812,4.72516156867912,-0.00596772773671698
2011,YR2011,Zimbabwe,ZWE,13595424,89.4659437238642,17.9284072728539,4358.92582649309,1184.93421020563,59261444795.7241,0,15.3216818843704,22.2823212118451,33.5440167133541,1.407162104666,2.44028634205117,0.302643702601177
2012,YR2012,Afghanistan,AFG,30560034,..,7.7078006029517,2985.31914452845,568.929021458341,91231454557.6403,0.109823883946021,18.2504471777066,4.22465221404652,3.11921399249902,1.17541612009987,0.285440893554571,-0.0445104966004486
2012,YR2012,Albania,ALB,2860708,76.9683583166821,17.5879265953551,12463.5700560026,3771.84781862015,35654634567.7671,2.86635104305394,35.1357278455244,3.89082209684152,55.4050821080103,1.48708257655216,7.49597513325321,0.679201782001219
2012,YR2012,Algeria,DZA,37646166,60.7576393340605,..,14697.5396133853,4518.43978956464,553306016077.079,22.6025382987382,6.43747987362783,..,..,4.10589825804389,0.660551953898791,-0.0182449057354063
2012,YR2012,American Samoa,ASM,54489,176.40625,..,..,12068.2667374983,..,0,..,..,..,..,..,..
2012,YR2012,Andorra,AND,76834,..,..,58172.1323929474,36206.9954432018,4469597620.27972,..,..,..,..,..,..,..
2012,YR2012,Angola,AGO,25177394,81.9394785486361,13.2204079061426,11519.9933863364,3682.35229322763,290043412365.186,34.3328389540912,15.9670486353345,2.51380816250954,3.74830079439273,3.23665949921649,-1.02012839058611,0.61743942912247
2012,YR2012,Antigua and Barbuda,ATG,87260,..,..,25592.9066121735,15989.3900199779,2233237030.97826,0,91.4021919166243,..,..,..,9.14709758740785,1.87023588457372
2012,YR2012,Argentina,ARG,42161721,30.5265423717108,12.9528415127413,28825.9666865361,13754.4254235596,1215352364993.03,2.55649872416885,5.96931835780132,13.8779429492198,29.5741968351551,0.784824735364742,2.80667189982932,0.193202129776025
2012,YR2012,Armenia,ARM,3024100,75.9616759606704,17.4916420766113,11796.2741177994,3159.75860786889,35673112559.6373,0,27.3599003384372,4.36176967098316,42.1518751304778,3.58376691873744,4.67672759828402,0.220597623585612
2012,YR2012,Aruba,ABW,104110,156.645197205944,..,33972.3401082566,25444.7336646687,3536860328.67059,0.00149030629815309,98.9057774004783,..,..,..,-12.0331802180755,0.106809694816931
2012,YR2012,Australia,AUS,22733465,43.0198495527558,21.028478984604,54403.8836902433,55465.4462872577,1236788785736.22,0.679385653265247,8.6298176121192,2.01991247140562,22.1807221392851,1.67028165223311,3.70774989384992,0.371194931441452
2012,YR2012,Austria,AUT,8429991,105.840791389706,26.1830994283732,61376.7207131054,44221.4599530893,517405203220.992,0.0843342386593595,25.0819091405863,4.93778078778624E-05,27.5620151760576,0.783538525853244,1.2830027920872,4.53454843230153
2012,YR2012,Azerbaijan,AZE,9295784,78.263069540422,12.7786393685483,19523.3737161356,5193.17501119552,181485065016.474,25.8177819240506,17.5636247805318,2.57045415337795,13.6250436813539,4.65861825196324,7.59651867931835,6.43060644190108
2012,YR2012,"Bahamas, The",BHS,375469,84.2515204656543,12.039369463826,33667.5547098911,31553.4919490645,12641123099.3681,0,39.4485149807843,34.7835930472095,43.7749867014443,..,4.90812842804373,1.4775939330622
2012,YR2012,Bahrain,BHR,1208964,178.824020821684,1.13708147282797,54516.8406594787,23894.8804447088,65908897751.0461,20.0940234657871,44.979963788375,3.76490438269747,..,3.8444905725653,4.83265436536461,1.61421306281119
2012,YR2012,Bangladesh,BGD,155070101,48.1109227490467,9.02456269019499,4592.04840919812,1050.39140404066,712089410611.241,0.165239328703379,6.19989112307358,23.4235997424692,29.0913888500862,1.18089723364654,1.18850391920183,0.216830926771848
2012,YR2012,Barbados,BRB,276938,..,19.5805148703885,21286.3318932135,21036.3003366556,5894994181.84277,0.421754818765643,31.2021505424944,8.36324130695416,47.1640103361762,..,9.16515225346744,0.692618505831969
2012,YR2012,Belarus,BLR,9446836,153.085269313372,14.6629750334495,25879.1319400701,6052.6373706236,244475915260.204,1.04464650090861,15.8792092644362,16.0193930552237,28.9907310754216,1.22921872178113,2.22818019245943,0.236732727471606
2012,YR2012,Belgium,BEL,11106932,160.383301425059,25.7069678443471,56356.8251292135,40074.492800399,625951424446.066,0.0447323666928789,41.2715816806335,..,24.9689908325236,1.0370296665755,2.36956900950954,8.32532392138687
2012,YR2012,Belize,BLZ,334414,111.166652365429,18.3628959510632,11843.4153404212,5902.74234696881,3960603897.65161,3.61620294980385,31.017538574291,23.4187404898623,34.3988635663483,0.796165416080834,10.1300443506209,0.0456801452414566
2012,YR2012,Benin,BEN,10397657,50.7367367791134,..,2779.7264808532,943.918771531001,28902642501.7287,0,9.14640090559893,..,..,0.702056157787745,2.52705777310103,0.362013827732768
2012,YR2012,Bermuda,BMU,63646,73.7823030616219,..,96711.0739703323,108040.575659203,6155273013.91577,0,35.861915288032,..,..,..,0.746514450097399,3.76952774959536
2012,YR2012,Bhutan,BTN,717279,94.0450271469571,13.588728073627,11143.9445354588,2654.74798946027,7993317392.44933,0,15.0807008676733,1.16596918336519,19.5311000024364,..,1.2354733641673,..
2012,YR2012,Bolivia,BOL,10515807,84.9487611684942,..,9884.46163420335,2657.23884915853,103943090844.187,3.58582706729094,11.2484631864378,..,..,1.84560643919497,3.9135501461408,..
2012,YR2012,Bosnia and Herzegovina,BIH,3670113,88.1451088628529,20.4775399413527,12626.9786875839,4139.91732773657,46342438632.0247,0,12.1640466625049,..,44.580282810513,1.14557192089501,2.27539881306156,0.34597720087617
2012,YR2012,Botswana,BWA,2108617,111.875280620952,28.0365776616041,14957.6189142932,5742.91924452636,31539889522.2001,0,12.4144253622889,34.1859512870742,13.310207647794,2.34377212582193,1.05040106491218,0.0572048052980735
2012,YR2012,Brazil,BRA,196876111,25.1142736103322,14.3324110911528,18832.2195524356,9167.49818450433,3707614146981.68,2.04370817642662,5.06806538268729,2.45039146368987,24.9622552036471,1.37865646470437,3.75496210868766,0.0845059525005484
2012,YR2012,British Virgin Islands,VGB,30345,..,..,..,..,..,..,..,..,..,..,..,..
2012,YR2012,Brunei Darussalam,BRN,405557,105.640902140819,..,89718.4636049982,33544.5389457877,36385950944.2523,20.2405416655378,16.3908696482781,..,..,2.15903448896045,4.54055753809902,..
2012,YR2012,Bulgaria,BGR,7305888,123.971322714174,18.3853352646645,22618.9040490702,6693.4277325127,165251179665.254,0.0377761581591458,21.2594967393904,0.0649943213071678,45.3830921372859,1.32981896505284,3.29319904868212,0.755068617690576
2012,YR2012,Burkina Faso,BFA,17172287,61.2386079818398,13.889962428562,2003.6646118745,600.731343697818,34407503766.8525,0,13.0547976647035,11.6436445691094,36.6262898512117,1.17602847916222,2.62145990530181,0.580810617324136
2012,YR2012,Burundi,BDI,10071028,..,14.5331459203268,1002.27452805218,256.180393931874,10093934835.7003,0,13.050527940533,5.75146839636194,29.1810498239716,2.5271777075949,0.0259911934949934,..
2012,YR2012,Cabo Verde,CPV,511955,90.649916554117,16.281082729264,7397.82220702474,3341.7421054836,3787352067.99735,0,50.1823306354451,16.908241030199,36.595455705843,0.506009716198007,6.69129799994045,0.578048342305272
2012,YR2012,Cambodia,KHM,14945085,116.740233418212,8.73743328155956,4159.16354123446,1295.25271477893,62159052652.6501,0,26.8359479005237,12.7926199040944,35.3572710893234,1.21900137646164,11.1524912445112,0.202956808596862
2012,YR2012,Cameroon,CMR,20809529,50.0360127271229,11.3444056049257,4382.11120797355,1319.66961634054,91189670263.5506,5.26170344833076,12.4576881262548,11.7679320496592,29.9075314662285,1.17534857560788,1.7488404761216,-0.936199840542629
2012,YR2012,Canada,CAN,34713395,62.5955489395005,11.6644273631038,54034.8034751988,42320.6431330726,1875731476781.95,0.873035162318975,11.270417189731,1.28395568716654,14.0522886301585,1.11840459807104,2.70016900895675,3.40459380103088
2012,YR2012,Cayman Islands,CYM,57136,..,..,73982.6776694492,77074.3886285602,4227074271.32165,0,..,..,..,..,500.805925798403,542.265729813604
2012,YR2012,Central African Republic,CAF,4610848,33.0594485943314,8.17237728051962,1577.98053252253,553.729578314912,7275828382.42044,0,..,..,..,1.70284520206217,2.79010478789883,..
2012,YR2012,Chad,TCD,13210998,54.3851887421013,..,2886.27474563711,1016.42152061894,38130569892.0624,20.5311950776099,..,..,..,..,3.24047414068829,..
2012,YR2012,Channel Islands,CHI,160767,..,..,..,60861.9006460501,..,..,..,..,..,..,..,..
2012,YR2012,Chile,CHL,17519119,68.156142891334,18.9910595562318,26670.4971338402,12882.834417927,467243613076.906,0.0339242699071752,10.0221452442687,1.08933696650787,43.2793842662065,2.04588028294284,11.9097449981544,7.46559379368073
2012,YR2012,China,CHN,1354190000,47.4802130784317,10.0894667610088,12217.8543175465,6723.19443752823,16545296138278.3,1.28348679227813,5.56715173433748,4.70879547674531,61.3276392597704,1.70094267160117,2.78099138181613,0.748972766092931
2012,YR2012,Colombia,COL,45715810,38.835151018669,13.2269907142761,15279.4790008058,5675.75617978305,698513758899.827,6.20532168790636,5.80435628373406,2.61246082507443,24.4342633844524,3.15600586340429,4.05728041313345,-0.163532931446517
2012,YR2012,Comoros,COM,681630,40.8104424089423,..,3263.16316392712,1313.5812493744,2224269907.42765,0,17.1134530309456,..,..,..,1.02133818400059,..
2012,YR2012,"Congo, Dem. Rep.",COD,73254618,66.7056747465748,8.64379961433928,1267.23827814087,438.406058243633,92831055980.1874,2.05735950238427,8.72235862067147,9.49948207814888,24.2341675752877,1.10722925521469,9.62926566877035,1.40041209988104
2012,YR2012,"Congo, Rep.",COG,4740450,97.444435145443,7.27824633563993,9079.68656400891,2467.06102906839,43041800172.356,38.0875246076633,17.9780029747407,3.64276493238981,9.84326541436208,..,-0.391399397519283,1.24587799510727
2012,YR2012,Costa Rica,CRI,4663934,67.0485392950976,13.1052960652648,19960.7933253035,11001.5192856576,93095822656.8559,0.0649850267861909,17.8541242474348,4.87051798653138,32.845579018228,..,5.70866124854743,1.8918674692721
2012,YR2012,Cote d'Ivoire,CIV,23467078,70.3010893191249,10.619351578358,4234.18055593319,1503.43433046682,99363845372.1675,2.01610713884301,10.7855589813626,39.1846632070888,23.6423163407011,1.10066387533087,0.909737108884904,0.0393937839336467
2012,YR2012,Croatia,HRV,4260368,79.0075493058138,20.129351556673,28259.3454882464,11780.4742767284,120395211219.069,0.424759009341811,28.2754290551399,1.49721575637547,48.6560719659461,1.65593775106979,2.54586969790822,-0.151476856698532
2012,YR2012,Cuba,CUB,11303175,45.8662036340766,..,..,7109.24834185635,..,1.66617403150143,..,..,..,3.93759997812444,..,..
2012,YR2012,Curacao,CUW,152088,183.236460764441,..,32320.8769567577,20277.5112566223,4915617534.59936,..,78.959470429123,..,..,..,2.31350889001072,0.383183543822259
2012,YR2012,Cyprus,CYP,1165397,112.344273297273,23.3347688877135,39190.3828125,24285.49609375,33858336017.0224,0.0105936802654269,61.6552811249822,0.0189997964307525,32.7868629978964,1.65475170209627,289.858110901793,313.375518970436
2012,YR2012,Czechia,CZE,10510785,145.480195396935,14.8219229571973,39347.0492956846,16772.3539223328,413568375531.342,0.0305352758913579,21.1544819049236,..,30.8946813048652,1.05560770651415,4.48424380759869,1.54617016095562
2012,YR2012,Denmark,DNK,5591572,104.362280505171,33.5146741563207,60497.6919146995,51470.689845427,338277200174.86,1.2608873326792,40.1093093719535,0.0252684942887911,36.7832545291461,1.35329314051826,-5.00312031968255,-3.34724261393109
2012,YR2012,Djibouti,DJI,966747,..,..,..,..,..,0,36.8971064434735,..,..,..,8.1261509172004,..
2012,YR2012,Dominica,DMA,69118,..,..,17431.1288003063,8532.34388117289,1204804760.41957,0,54.6623321994909,..,..,..,10.823245661111,-0.309637155541356
2012,YR2012,Dominican Republic,DOM,10070411,58.5062536731089,13.0522728344989,15487.2776356321,5860.29893321013,155963251061.923,0,14.9905132460624,6.6278358274656,54.6586827024178,0.653151461976632,5.64036946601582,0.451606033243165
2012,YR2012,Ecuador,ECU,15572194,67.0029290916898,..,12961.0267423765,5579.85624282158,201831622871.475,13.9638597674194,5.71534958854666,..,..,2.95181465866835,0.646739602691481,..
2012,YR2012,"Egypt, Arab Rep.",EGY,93161001,40.7117692721084,12.3849047590613,13076.8052395914,3220.99194203067,1218248266002.38,8.38345897037217,13.6921956171255,4.23888896851217,27.2796067246643,1.64817579267929,1.00234071774049,0.0756314563802472
2012,YR2012,El Salvador,SLV,6113975,77.6485716222883,16.1824358287957,9165.42034804478,3601.44222914588,56037150872.4371,0.000341986807496248,14.9852840657828,4.37199880113448,42.5466655423892,1.04880962679117,2.01123945886672,-0.167837501700867
2012,YR2012,Equatorial Guinea,GNQ,1293483,116.675422472364,8.74221905302396,35711.4919273537,11650.7196270884,46192207712.6692,34.9943032804264,..,0.464193649798712,2.99494086416823,..,4.4007560526439,..
2012,YR2012,Eritrea,ERI,3036988,..,..,..,..,..,..,..,..,..,..,..,..
2012,YR2012,Estonia,EST,1322696,169.156067773865,20.1620993799871,33768.572369804,16460.6843479001,44665555599.2502,1.01314866161022,43.1614324114205,..,37.4826888249707,1.87984897526434,7.6916567949516,5.51466331799555
2012,YR2012,Eswatini,SWZ,1123863,..,29.0584014944038,8645.84478287802,3218.50138205493,9716745055.21964,0.42623661227343,6.76156319557964,60.9660426584412,17.9554575488932,1.91455696202532,0.557730516305156,-0.173991363764985
2012,YR2012,Ethiopia,ETH,95798767,45.3979041835072,9.37759471496754,1576.76875736149,481.639999909808,151052502799.353,0.00581501263991497,14.5913104835379,38.3117968694539,21.672551524934,0.868361507077892,0.643172898229037,..
2012,YR2012,Faroe Islands,FRO,48291,117.157793662648,..,57523.3238940741,47303.8655939098,2777858834.16873,0,..,..,..,..,..,..
2012,YR2012,Fiji,FJI,914918,..,22.8925761402836,10140.6936395636,4427.97844455038,9277903143.32227,0,45.2417288451919,19.2549061747731,43.7237739205993,1.49096169403815,6.9816643965711,0.0491095714498971
2012,YR2012,Finland,FIN,5413971,79.4303765882482,20.2018185629161,53957.6680986279,43507.9345371578,292125250313.596,0.0475826843159529,21.2755813146545,..,37.7796743697479,1.53160526604717,1.91512248449208,3.25276883628837
2012,YR2012,France,FRA,65657659,61.6589570771102,22.608974141338,49935.6269081617,36161.2918253465,3278656363487.31,0.0126937537821637,16.2815171854618,0.00425615041017285,21.9810743178428,1.87154409463222,1.22790071519382,1.93867452581188
2012,YR2012,French Polynesia,PYF,273084,57.8806819793666,..,..,18968.4422157904,..,0,26.5762440104027,..,..,..,2.58568836654249,0.721231259639763
2012,YR2012,Gabon,GAB,1846889,92.3428089420545,14.0605243295111,19450.4027067379,6803.22668079211,35922734804.6445,38.2761163072887,15.5292481410952,15.5872708138459,7.4605799553371,1.61980464787095,3.94472371225415,5.30409133285957
2012,YR2012,"Gambia, The",GMB,2043094,47.7006731141985,..,2574.93509664061,639.139881889048,5260834446.33585,0,15.7189640956859,..,..,0.792325301857297,2.91048196914862,-0.705846180785972
2012,YR2012,Georgia,GEO,3728874,89.7348800946338,23.0885041402301,13193.9596974054,3609.780798626,49198613272.7027,0.130105358248411,23.7701463486359,1.25346058068196,51.4725727243639,2.91212426772649,5.73087327277528,1.28398529111547
2012,YR2012,Germany,DEU,80425823,79.3316495670315,11.9144565745477,58017.5855783147,40834.5088218456,4666112068608.89,0.030322053441343,15.7021417122356,..,25.2456504873853,1.21725965761789,1.8196411156431,2.75497631091479
2012,YR2012,Ghana,GHA,26734268,93.1680351286831,15.3681810131246,5339.71321903045,1640.54072088003,142753324240.703,4.78155703124787,18.1616222379666,12.6549033892758,26.7843167624701,0.593208552483374,7.98251565917851,0.00264103483011321
2012,YR2012,Gibraltar,GIB,32029,..,..,..,..,..,..,..,..,..,..,..,..
2012,YR2012,Greece,GRC,11045011,62.3942117351318,24.9543887136577,31250.2268565956,17924.6620496886,345159099383.593,0.018570397878743,21.5133077854993,..,31.061821287203,2.47639628901893,0.695897838082299,0.283996540447178
2012,YR2012,Greenland,GRL,56810,100.978401084907,..,62111.1033086807,43655.7004664255,3528531778.96615,0,..,..,..,..,..,..
2012,YR2012,Grenada,GRD,112775,..,..,13161.3955324377,7559.5628483956,1484276381.17066,0,65.2096401821853,..,..,..,6.22764121735725,0.86875642369043
2012,YR2012,Guam,GUM,166331,76.7521367521368,..,..,33404.9317636913,..,0,..,..,..,..,..,..
2012,YR2012,Guatemala,GTM,15089647,61.9594193352042,11.0095522577245,10126.8283621986,3655.57315791242,152810265215.166,0.521031752267051,11.4274166588698,5.56457262960952,56.6995065247235,0.475870730886697,2.82256297187213,0.350011950646217
2012,YR2012,Guinea,GIN,10921581,86.6743318322581,..,2762.90350938513,719.505916794546,30175274472.934,0,13.7577097407486,..,..,2.24508735704069,7.92820721970247,0.0263156359594457
2012,YR2012,Guinea-Bissau,GNB,1651417,44.1280665609795,..,2180.60762289148,630.66862302825,3601092498.77258,0,8.97590208736084,..,..,2.33372193259001,0.631297914892102,-0.0141856311075039
2012,YR2012,Guyana,GUY,746288,..,..,11534.9985588659,5403.79899428921,8608431004.49892,0,20.2828728833391,..,..,0.825543220373685,6.8398706440639,..
2012,YR2012,Haiti,HTI,10069771,40.2582414988129,..,3296.24782448974,1354.88546124499,33192460751.8599,0,12.1454769039165,..,..,..,1.13794476642421,..
2012,YR2012,Honduras,HND,8715076,121.188215808285,14.7474723155071,5600.6077605497,2188.39378817891,48809722279.3804,0.00263152834451521,21.0317479732021,3.66427105184634,41.0173066052094,1.13179437578958,5.83610988955542,1.24342384027815
2012,YR2012,"Hong Kong SAR, China",HKG,7150100,430.568530415663,..,59015.3332811946,39887.8339456509,421965534493.869,0.00100349590596334,66.6804910225249,..,..,..,28.5144344855168,33.5540895994695
2012,YR2012,Hungary,HUN,9920362,166.17569860957,22.9290319408291,28179.656464434,11440.7622718825,279552393162.825,0.237336346667221,28.4704962988383,..,37.5020603196177,1.0292472545828,8.30549850772091,6.22951436381401
2012,YR2012,Iceland,ISL,320716,102.433137099998,21.2266695560633,57173.0434212296,50375.4116888351,18336309793.8831,0,41.4252430330333,1.21029872132636,33.6498239718473,..,6.85345908435807,-21.44660680697
2012,YR2012,India,IND,1278674502,55.7937217287511,10.8367717209692,5460.43768570052,1333.09626557668,6982122438465.14,1.31387208215422,12.3352800495446,14.8663024955806,26.004921087417,2.61816634758562,1.31293453035323,0.467994186384699
2012,YR2012,Indonesia,IDN,252698525,49.5828982992627,..,9708.61182531081,2930.518445323,2453351888053.6,2.51944833801451,6.30635508064202,..,..,0.711549473406383,2.30978031853073,0.815426294179616
2012,YR2012,"Iran, Islamic Rep.",IRN,79370580,44.0893466807452,..,15159.2948206531,5058.64637811835,1203202022306.23,18.4120723402826,..,..,..,2.68660846849974,0.723850091355471,0.210557349509393
2012,YR2012,Iraq,IRQ,33654842,73.6086845912812,..,13357.0143882353,4387.90469058707,449528208827.787,49.6110993818029,7.39624626576441,..,..,1.89956836613945,1.55961531280073,0.224768089197753
2012,YR2012,Ireland,IRL,4599533,190.355682317985,22.3408807114637,59405.0460751524,47147.1604669421,273235469789.184,0.00580802788099242,95.41635161523,..,29.9872044452125,0.509289132793347,25.5993064499855,14.0742001470538
2012,YR2012,Isle of Man,IMN,84335,..,..,..,77009.2978612012,..,..,..,..,..,..,..,..
2012,YR2012,Israel,ISR,7910500,69.9650250827043,21.604603015683,39299.3515506546,34738.6587001,310877520441.453,0.00329138463969431,20.0837915515456,0.777477831878223,34.3939013100421,5.51022054656508,3.42096752579402,0.863313153792917
2012,YR2012,Italy,ITA,60191247,54.8844952702204,24.9107338882362,47795.9579360541,30953.4147447427,2876898309730.64,0.108313381680821,10.4270033559666,..,23.7714706175413,1.41946238544527,0.00166359418160288,0.323974042039378
2012,YR2012,Jamaica,JAM,2772430,..,24.3328930330882,9829.03510015044,5284.00852557589,27250311782.7101,0.49393788378898,33.3160938493118,9.74956956990899,45.0404608406789,0.929536056664277,2.79145695894721,0.607050152931269
2012,YR2012,Japan,JPN,127629000,30.4709109171752,..,41596.9238038796,33518.4449368599,5308973788165.35,0.00248638665620751,5.12825241525425,..,..,0.956761841659896,0.00872020150189608,1.87540729067941
2012,YR2012,Jordan,JOR,7587127,117.855587685189,14.9212805170996,11086.0299443995,4677.47613977192,84111117113.9621,0.00247522898810274,34.6616796209715,5.6506341135271,47.039154779099,4.65572090662121,4.89480688682321,0.0171055558115106
2012,YR2012,Kazakhstan,KAZ,17306106,73.7237324891671,13.3120981512973,28881.2417563728,9531.91477617058,499821831247.413,16.1210271615703,9.50749719043613,10.8743131178909,13.6368541998005,1.04690637071706,6.56164821145973,0.861680959224887
2012,YR2012,Kenya,KEN,43888303,51.6236920232481,..,4387.93790075409,1396.30178709756,192579148133.479,0.0230878177338188,13.0890499623609,..,..,1.48957729008126,2.44725940988928,0.422671549301055
2012,YR2012,Kiribati,KIR,112284,96.1287092438882,16.8334056030768,2242.01379114528,1405.50280446236,251742276.524957,0,40.9261718464769,13.5745567289698,0.34144520186686,..,-1.15262125678328,0.0325684017906351
2012,YR2012,"Korea, Dem. People's Rep.",PRK,25211728,..,..,..,..,..,..,..,..,..,..,..,..
2012,YR2012,"Korea, Rep.",KOR,50199853,101.51727207905,13.4735488568588,41537.6728611117,27944.0564190045,2085185071589.9,0.0569097069190274,15.8255974077623,2.49506271891902,22.4710812684515,2.39205949733254,0.711120351080011,2.29144770759927
2012,YR2012,Kosovo,XKX,1807126,81.3639162574412,..,8431.66232694657,3021.35142613995,15237076214.2456,0,26.6599437921511,..,..,0.703950801287396,4.7552615607391,0.327888240608418
2012,YR2012,Kuwait,KWT,3337109,101.011435104032,..,64908.262639237,33578.3309651964,216605947427.762,57.4129637304674,17.198571497767,..,..,3.41374157981372,1.65046109668041,3.87325496724333
2012,YR2012,Kyrgyz Republic,KGZ,5652076,139.675937840309,..,4993.39431683528,985.8472865972,28223044176.7211,0.358817908971423,34.9803269950476,..,..,3.20725902845126,3.95036874399421,-0.244235443236106
2012,YR2012,Lao PDR,LAO,6518978,98.1851264313662,13.6053412560259,5608.96956337059,1774.63585203672,36564749186.2825,0,13.5582142755845,6.78185541771616,40.6414632423907,0.199455064976167,6.06067602678934,-0.165398136119021
2012,YR2012,Latvia,LVA,2034319,133.211503650958,15.4465961149387,27496.5454583635,11971.0107466522,55936744860.3127,0.137675372248078,27.8808108905756,..,40.1572045310148,0.942934638140067,3.98573894005036,0.594861324349586
2012,YR2012,Lebanon,LBN,5235742,88.5455019230591,15.1980266225285,17323.3013764282,8920.8056984673,90700336595.223,0,60.4914960900159,6.01639554826864,38.5449517577992,3.99214379436289,7.06847166156729,2.34045077387163
2012,YR2012,Lesotho,LSO,2034354,150.208575358438,38.0837569942997,2894.22705048142,1086.39034816283,5887882377.05508,0,19.8978156681774,13.616665290164,27.452994471261,2.14823978786685,2.28650169667391,..
2012,YR2012,Liberia,LBR,4373043,..,..,1668.97289588776,674.360011422232,7298490239.55171,0,23.5645610546723,..,..,0.567439252336449,82.7471577822006,49.7337171256485
2012,YR2012,Libya,LBY,6179328,98.2243189168448,..,20601.0026641,12599.258882136,127300352590.348,57.6300935046394,7.72425711745601,..,..,3.74560382719202,1.53985903839829,2.71101638984816
2012,YR2012,Liechtenstein,LIE,36657,..,..,..,..,..,..,..,..,..,..,540.366945866089,..
2012,YR2012,Lithuania,LTU,2989139,156.638925650513,15.6846191314427,30920.330402208,12516.6184065667,92425165498.1257,0.0974715128859943,24.444176822281,..,33.7632641916258,0.769173393857888,1.5855600934776,0.987827428539901
2012,YR2012,Luxembourg,LUX,530946,311.786835204686,24.4278271542178,128895.405145048,104487.744312565,68436499780.1424,0,218.403424352654,..,30.4830929252742,0.358937251707305,4.7244838569188,-22.4122807694915
2012,YR2012,"Macao SAR, China",MAC,567900,123.711349167944,36.7996606579371,164239.261923457,93192.885853941,93271476846.331,0,96.3452873739625,..,90.5587611893817,..,8.25528889419514,2.36700400516769
2012,YR2012,Madagascar,MDG,23462438,52.6517140811255,8.36825554307769,1617.79082882481,442.641500123543,37957317018.2707,0,22.6979668919054,11.7166255414892,50.4281770491733,0.592764957720632,7.03680533355538,0.314617008219966
2012,YR2012,Malawi,MWI,15709577,..,9.31571514240387,1518.14803849238,512.74031797451,23849463508.095,0.144130794366265,3.79234191736043,6.97055561597017,36.7096211045518,0.543771636934602,6.71383402433854,-0.0517748318344853
2012,YR2012,Malaysia,MYS,29662831,147.841754766013,15.613146742555,25006.3587781537,8710.52671359902,741759394361.74,4.89957757600977,26.6915235414965,2.0441340567163,14.6485051367886,1.41333070740643,2.82905738174529,5.37358924098178
2012,YR2012,Maldives,MDV,386818,..,..,17390.1474995422,8907.66134868182,6726822075.47791,0,95.0109927739256,..,..,..,7.89895747225905,..
2012,YR2012,Mali,MLI,16957033,49.4252356223808,10.9251185657684,2520.52931087437,786.323471336853,42740698701.964,0,9.52438280840645,11.137233100803,34.8388083460873,1.19640574526633,2.68901249459022,0.107800910508752
2012,YR2012,Malta,MLT,420028,199.213865142839,25.2954089121167,38935.700353788,21529.3982167566,16354084348.2009,0,211.866083897577,..,34.7702731465059,0.519475728040563,34.5864895796676,-85.8896019771636
2012,YR2012,Marshall Islands,MHL,51419,157.517100166021,16.3862307692308,4244.04434413749,3420.91444796671,218224516.131205,..,39.1657158836821,7.24951200789595,11.0238595593061,..,11.8283407902975,..
2012,YR2012,Mauritania,MRT,3619034,110.788122743421,..,5716.25195328296,1488.97177557214,20687310171.4974,2.34921054003086,17.2681006444884,..,..,2.11497466612287,20.6013054045892,-0.0397728439342386
2012,YR2012,Mauritius,MUS,1255882,117.447639083027,18.3641906733303,20425.707017688,8702.82242878289,25652277780.788,0.09302537199132,49.4520261830707,1.84685308939191,58.483395001392,0.14279440115901,4.97804411127418,1.52435026697256
2012,YR2012,Mexico,MEX,116818208,64.2579318900113,9.35241106341689,20898.9357195292,9782.51776305354,2441376219862.59,5.40265415074589,5.1233379832962,1.05070741165737,22.9847172823725,0.455502051174913,1.45258915052409,1.49586892354318
2012,YR2012,"Micronesia, Fed. Sts.",FSM,107890,113.059773722122,4.95863347967933,3828.74704775533,2933.79998441501,413083518.982322,..,35.5593741793991,3.68559437407188,4.1910113618774,..,..,..
2012,YR2012,Moldova,MDA,2860324,96.3064098336294,15.5953463406884,10158.3854676883,2389.08666147529,29056273754.48,0.0520121651564088,22.1887614955609,4.42724554092234,49.5266477853448,0.27407991661782,2.88432657387508,0.305426301214479
2012,YR2012,Monaco,MCO,34711,..,..,..,146472.677860476,..,..,..,..,..,..,..,..
2012,YR2012,Mongolia,MNG,2839705,109.588564338415,15.3121421817773,12078.9185320062,3318.16496597089,34300565349.9306,2.12988232376644,22.2001020748125,7.09428246132164,35.6786677898278,0.924305618490081,34.7559826095308,0.525960827220767
2012,YR2012,Montenegro,MNE,621418,108.779987603414,..,19576.4932347548,5948.3791195297,12165185272.9549,0,40.1860279662586,..,..,1.65646177250839,15.1805596099333,0.684076220098081
2012,YR2012,Morocco,MAR,33355241,78.2221018956072,21.9652841035134,7628.64404296875,2927.45043945313,257819736151.026,0.00528452503464482,21.9596198671258,3.9349099281997,46.5173097263246,3.46275007931538,2.65758712641507,0.336236851197832
2012,YR2012,Mozambique,MOZ,24337846,105.934588060511,18.6287778325246,1338.51594866104,540.2945177803,32576595027.0564,0.239401568530512,31.6986326108659,5.47677210846395,34.2814499653323,0.833531162295525,33.767102801243,0.0530384834916942
2012,YR2012,Myanmar,MMR,49837446,..,4.52409369741194,4340.99945069174,953.123081936485,216344325709.879,0.771527109079778,4.4890688984803,3.63403275189766,11.2008568570155,4.12480380212694,2.22540068514517,..
2012,YR2012,Namibia,NAM,2194654,100.2134087743,32.9327514470187,11266.6089486464,4420.96741373862,24726308395.5825,0,9.97643752335669,36.3113296356118,18.0574558128797,3.16654259121144,7.98613044962652,0.0854913088403127
2012,YR2012,Nauru,NRU,10267,120.408163265306,..,9639.56633771324,6626.18317072945,98969427.5893019,..,21.564074924761,..,..,..,..,8.12733513527196
2012,YR2012,Nepal,NPL,27534915,37.921906058758,12.040804546654,3316.50073452021,775.310578479839,91319565822.4515,0,8.38789950562113,15.2213726693912,40.032974935541,1.24370217046399,0.42369151125933,..
2012,YR2012,Netherlands,NLD,16754962,149.393223058131,20.3223179669174,61480.8126014961,44631.8745388789,1030108678867.19,0.0544334924427504,35.2733778948366,..,25.5532698432451,1.22552534668627,30.9042384931276,38.0561138159163
2012,YR2012,New Caledonia,NCL,271633,63.7533913097757,..,..,..,..,0,21.0650176942579,..,..,..,27.7749506773296,1.06876616231141
2012,YR2012,New Zealand,NZL,4408100,56.9087671962042,26.8561025302167,42570.3332823343,36607.1493914827,187654286141.858,0.607739113456127,14.4703883261433,2.86524292800365,29.1623324962469,1.11637221213693,2.17878824315978,-0.0513544106445334
2012,YR2012,Nicaragua,NIC,5901287,115.177288474198,15.0091410767164,6275.7876907774,1876.1759720149,37035224314.3447,0.0462955853539498,18.9821185817935,4.15183516514754,50.3687510852825,0.665903553721293,7.36516075625111,0.601973948622303
2012,YR2012,Niger,NER,17836769,45.08596447308,..,1403.18971067857,463.066265496402,25028370732.5504,2.66870372209961,9.60247642492689,..,..,1.62398436872309,8.92367913404553,0.0231665686469678
2012,YR2012,Nigeria,NGA,176200625,..,..,8265.9055121162,2403.65387896924,1456457717425.82,13.0904727134596,5.67735268087796,..,..,0.504264930204985,1.52378233769127,0.32978864028031
2012,YR2012,North Macedonia,MKD,1929821,112.214834702155,16.4166504179317,17190.0669173829,4708.05168535923,33173752128.5707,0.0230402748269549,24.0187129836313,3.05667666268329,41.3857635679015,1.22531966171625,3.46744163927686,1.76914356164864
2012,YR2012,Northern Mariana Islands,MNP,53234,114.879356568365,..,..,15457.4258192247,..,..,..,..,..,..,..,..
2012,YR2012,Norway,NOR,5018573,68.4985528389766,26.8725432287815,84237.1495663816,73661.6785830334,422750284410.805,6.46713141316121,19.2844262107973,0.180127667734372,22.8484539272608,1.39318999611811,5.44056216851406,5.33614066904135
2012,YR2012,Oman,OMN,3547106,102.0747604043,..,41964.0828578552,19824.1215485946,148851050089.595,37.5396768679582,13.1250136648935,..,..,10.5832031528957,1.5612029028198,1.0125354446914
2012,YR2012,Pakistan,PAK,207667125,31.3189732760076,..,4292.02110293486,1275.48806898966,891311682885.811,1.0633112529615,6.03701697524052,..,..,3.09577353673779,0.343453048660945,0.0307868274119822
2012,YR2012,Palau,PLW,17765,143.64119233429,18.0813749553139,18279.8892705019,14609.8376964301,324742232.890467,..,75.0108536114742,9.94914710039936,21.8891755267607,..,10.0359146686676,..
2012,YR2012,Panama,PAN,3759256,153.208620289839,..,26926.8852947452,12668.2945402358,101225055105.583,0,34.5730207360874,..,..,..,8.13045858557062,-0.247623298830176
2012,YR2012,Papua New Guinea,PNG,8081390,..,..,3577.4517726759,2139.48096660428,28910782981.1853,3.56540758499502,19.7767671256262,..,..,0.519471738934463,0.135226482435046,0.435829189335883
2012,YR2012,Paraguay,PRY,5897008,74.7649574561086,9.45777834925342,12834.8015915131,5230.26244858989,75686927663.5652,0.21578841647676,7.4927816509662,6.56907677923659,37.1360747629967,0.964506788033691,2.61172771954696,-0.659171646394476
2012,YR2012,Peru,PER,29550366,52.6198952632294,16.5466871023417,13395.3993805891,5740.04346272472,395838954412.583,0.846764293465381,6.35245907392955,1.39014241376656,35.070966445297,1.48351279277452,7.36173683394684,1.19822706853072
2012,YR2012,Philippines,PHL,100175512,57.8420055133082,12.3059271151495,6697.55620962768,2533.74141964959,670931122448.233,0.158243887624787,13.2481961705725,18.9849739785619,23.9078920997788,1.10670418975985,1.22763000703119,1.59331540680599
2012,YR2012,Poland,POL,38063164,88.8299033066583,16.0052569222101,28952.9157305301,11542.2353368014,1102039579729.35,0.0514476768766974,14.477606241239,..,35.371125619421,1.80404649861118,1.52886091421625,0.325003390246338
2012,YR2012,Portugal,PRT,10514844,75.9411067187813,21.0111817015375,34804.6333340481,18679.7626789594,365965289984.716,0.0566415168053355,18.0875013095957,..,31.4574894496421,1.40383146309083,7.21535195239496,2.1180578626419
2012,YR2012,Puerto Rico (US),PRI,3661045,103.311186552821,..,41347.4542013586,28968.6942131352,151374890466.613,0,..,..,..,..,..,..
2012,YR2012,Qatar,QAT,1722438,105.746286433535,..,143830.55475292,80621.7554942834,247739213067.51,28.3389822463275,18.106264906466,..,..,..,0.211888706229028,0.984892820487182
2012,YR2012,Romania,ROU,20058035,76.5943239913672,17.1587053558134,26767.5666532405,8234.28553425194,536904788795.532,0.944058149450528,12.3944327545986,0.0516601876628813,40.0148429063098,1.17392522752233,1.70143772893217,-0.115817034940724
2012,YR2012,Russian Federation,RUS,143378447,47.1513903857957,13.7546730412872,35740.69921875,9464.0107421875,5124446085120.64,9.61307623916807,7.75560611944932,26.4850299716335,20.9180424497271,3.68924043459907,2.29079869889368,2.21086639112147
2012,YR2012,Rwanda,RWA,10829901,40.5408629987193,..,1988.01219478847,651.852818665834,21529975256.3518,0,13.5781905076674,..,..,1.04224962789709,3.52219420805752,..
2012,YR2012,Samoa,WSM,196498,82.7339794775292,20.5386088010733,6311.96070235073,4007.91092846814,1240287654.09051,0,36.2483565674993,6.62498054018338,44.9450015526648,..,2.69957638721683,1.46581490251986
2012,YR2012,San Marino,SMR,33469,..,18.0162574059247,58176.3777973964,42082.5554467713,1947105188.50106,..,..,0.562412409497671,22.6690226449406,..,..,..
2012,YR2012,Sao Tome and Principe,STP,189439,..,..,4919.55294386577,1225.6945255615,931955190.132987,0,18.8249274536086,..,..,..,9.95129371315347,0.178370497299888
2012,YR2012,Saudi Arabia,SAU,26168861,81.74067854616,2.48458615351606,59471.7001909394,23643.0358324647,1556306655730.37,47.4093852263553,11.9076016880261,1.43292978868658,2.20779647936644,7.61580760228465,0.669626013751334,0.585373514250604
2012,YR2012,Senegal,SEN,13310495,61.9753040040375,..,3405.10864460824,1154.05677992367,45323681588.5148,0,14.4376153427467,..,..,1.11347959476351,1.56368019565039,0.317027994417264
2012,YR2012,Serbia,SRB,7201497,82.0766814348254,17.8145603317234,17993.8893372708,5739.3075023532,129582940080.688,1.09069028770519,17.2823766536979,2.85397470469536,45.9138292696544,1.91798161392813,2.82759932149649,0.72546959694695
2012,YR2012,Seychelles,SYC,88303,222.178254853141,..,24919.955210328,14135.0010570653,2200506804.93759,0,97.3161424110961,..,..,0.936679584641367,56.2882654419862,17.2240389259102
2012,YR2012,Sierra Leone,SLE,6551080,53.3813447139398,..,2792.92626544926,1025.04366004502,18296683399.0594,0,11.4520642374519,..,..,0.517911005474655,11.7630516727995,..
2012,YR2012,Singapore,SGP,5312437,369.212965787665,13.5806687357042,101187.825333454,51679.352717333,537553947250.979,0.142898804490871,88.9079377434182,..,23.7200404038523,3.10816619008299,18.7435244231802,6.94033167730648
2012,YR2012,Sint Maarten (Dutch part),SXM,35023,..,..,53357.003462797,39298.9873567827,1868722332.27754,..,132.160707202358,..,..,..,1.37020456734856,-0.278460928203094
2012,YR2012,Slovak Republic,SVK,5407579,176.968958181431,15.4994966810736,30907.039248956,15159.6570420004,167132256394.83,0.00771268380260719,15.8337256802772,..,30.4145438006302,1.0769371641209,1.87551069035637,-1.30084216110805
2012,YR2012,Slovenia,SVN,2057159,143.656448572975,21.7020526038348,37033.7667541886,19894.8697964548,76184346582.2799,..,25.23426036619,..,33.6889142060728,1.17717193840362,0.072644638587861,-1.22644542216861
2012,YR2012,Solomon Islands,SLB,573606,104.823434628967,26.1766182645394,2743.45849913875,2105.91423758379,1573664255.85698,0,27.204282684599,31.6828308157426,18.5277417217127,..,2.01494633587355,0.214422380431701
2012,YR2012,"Somalia, Fed. Rep.",SOM,12461160,88.5736460782288,..,1114.80414892809,369.617204753385,13891752868.4567,..,..,..,..,..,2.45906325256211,..
2012,YR2012,South Africa,ZAF,53782567,55.5826171933345,23.345765990089,14563.7624041032,6121.55783860713,783276527270.763,0.9800580532574,8.42533103927333,4.07158676068872,34.1686224193955,1.03352274081458,1.06492249485696,0.66732642552189
2012,YR2012,South Sudan,SSD,10756240,71.6198113947489,..,..,1069.19619080938,..,3.55150590979899,..,..,..,8.77114861951039,1.34937246395858,..
2012,YR2012,Spain,ESP,46773055,60.5540346961864,11.7062948133333,41034.0481566356,24763.568274484,1919287791302.97,0.00442660598571279,14.0282741042636,..,23.9090888081112,1.41695174735802,1.44631700014204,-0.225547061635353
2012,YR2012,Sri Lanka,LKA,21169458,..,10.1110307052301,11447.6937738135,3484.79049033884,242341472541.607,0,8.99726626924376,20.3123652385863,46.1516827599138,2.15519951243996,1.3359173422599,0.0907426170632058
2012,YR2012,St. Kitts and Nevis,KNA,47033,..,17.9218354818135,25114.0572603244,17770.4963640576,1181189455.12484,0,75.6917229252005,12.2093853265074,24.4548752917328,..,13.793834368349,0.706017626002816
2012,YR2012,St. Lucia,LCA,172587,..,17.1543882729725,21515.89963362,10517.2777635533,3713364570.06757,0,60.9151232122524,39.2333044679518,21.9057191398087,..,7.38092558879021,-1.21363261080574
2012,YR2012,St. Martin (French part),MAF,37276,..,..,..,..,..,..,..,..,..,..,..,..
2012,YR2012,St. Vincent and the Grenadines,VCT,108736,..,21.8446859298012,13397.9632982701,6790.68325958275,1456840937.20069,0,43.3403966593141,16.2494596277544,44.9406938587258,..,18.1986473300916,0.235936119175339
2012,YR2012,Sudan,SDN,36923178,21.8561745247301,6.89440699516488,4145.931640625,1288.25854492188,153080968306.52,3.69537931902747,8.41706887073113,21.1484069451148,42.363125391892,..,6.14212434699966,..
2012,YR2012,Suriname,SUR,562633,..,..,24193.8412373922,9140.92898611536,13612253476.9177,7.99471670842876,15.8576247242972,..,..,..,3.40245351551791,-0.0687668295180723
2012,YR2012,Sweden,SWE,9519374,85.2980605424359,26.7821006606265,56682.0187013753,48789.7906883637,539577335093.386,0.026228031109986,22.4553908206614,..,38.2714420020302,1.13574610579856,0.777373680569339,3.18244928737728
2012,YR2012,Switzerland,CHE,7996861,126.453860464505,9.16907474215597,74883.6158924249,81964.8864937809,598833867469.113,0.000416318750538044,34.8028030254422,0.94201390457359,31.7888687470441,0.669001710434324,5.81910221569192,7.91042882234772
2012,YR2012,Syrian Arab Republic,SYR,22759763,35.3686903315942,..,7144.37244952745,1142.29080150598,162604223734.974,13.5972766904663,..,..,..,..,..,..
2012,YR2012,Tajikistan,TJK,8014084,83.1759445401528,..,2700.09546037358,849.519080831738,21638791827.4526,0.0871854413002674,13.9939710690762,..,..,0.999142722822931,3.16697499395782,..
2012,YR2012,Tanzania,TZA,47374260,54.3689490815138,10.4330040159572,2822.4853515625,851.910705566406,129833592573.948,0,12.9766620782114,5.86568734820012,38.6273359786525,0.91379934806313,4.53878496380622,..
2012,YR2012,Thailand,THA,69436098,137.67493851024,15.4409356720887,17869.6376607459,5403.87846036273,1240797911836.04,1.64099046582139,23.189744879331,4.93824909585906,39.0998959169357,1.38988888346862,3.24456444314608,3.58703858071375
2012,YR2012,Timor-Leste,TLS,1134885,128.500488863095,147.640190474883,4297.91482204398,1269.41625561248,4877639062.81539,..,91.2227259153439,0.322291626601414,1.63474415276897,2.87728369527749,3.47958024159337,1.09143179209008
2012,YR2012,Togo,TGO,7100736,75.7132085684163,11.3616620355597,2186.30951971437,687.495464571464,15524406713.7785,0,16.6188012665834,19.738795867018,42.425609149917,1.62464311756716,2.24458540176674,7.76398213728032
2012,YR2012,Tonga,TON,107460,77.9722872799652,..,5907.26711603507,3932.59350453286,634794924.289129,0,30.9077216967444,..,..,..,-0.178618753397925,1.58005031666778
2012,YR2012,Trinidad and Tobago,TTO,1335194,..,24.961173338278,36903.6898574094,18835.6674122954,49273585275.4739,7.63529240284805,14.3251333714761,4.44292052010942,15.1816705105317,0.641229257894688,-7.01485652796411,0.697737620752942
2012,YR2012,Tunisia,TUN,11009647,101.550723929668,20.1154877238471,12436.3958115735,3900.04620132702,136920327837.703,5.06594682844413,17.4854189069294,5.87188847154765,30.506959519857,1.43987394498013,3.28518933963283,0.0284186252887531
2012,YR2012,Turkiye,TUR,75175827,53.3277612968607,18.1051408438054,22517.7148287875,9588.32066531438,1692787834404.26,0.111617756938834,7.98258161222934,1.0971610445984,37.6837065778339,2.00944811786941,1.55241965245755,0.463783112120977
2012,YR2012,Turkmenistan,TKM,5808546,109.333652637251,..,10794.2335233663,4761.0792759807,62698801955.2154,12.1349569552354,..,..,..,..,8.90000000898042,..
2012,YR2012,Turks and Caicos Islands,TCA,32127,..,..,16024.6915652254,27441.3335987017,514825265.915996,0,..,..,..,..,..,..
2012,YR2012,Tuvalu,TUV,10934,..,..,3558.15237041254,2922.07629963849,38904838.0180907,..,81.4680684385925,..,..,..,3.36770368726284,..
2012,YR2012,Uganda,UGA,34337438,43.5021371397314,..,2405.09455932767,823.580468285493,82584785315.0513,0,16.8832085554755,..,..,1.17612274538488,4.41438584859015,0.169695930451866
2012,YR2012,Ukraine,UKR,46210056,102.622788356626,17.6333154227001,17848.740234375,2426.92944335938,824791255865.669,0.512858516672917,20.0874350736346,2.53681390968548,34.3594597408498,2.35345197687142,4.47720109403357,0.536716461425431
2012,YR2012,United Arab Emirates,ARE,7391448,156.637694501481,0.346927730438243,73644.0532143257,43958.5681120856,544336189842.921,27.0648520266069,..,0.00791003525148463,8.16658357553433,5.07555649376756,2.43554239157448,0.645634720621836
2012,YR2012,United Kingdom,GBR,63711000,61.9688704472535,24.9984898716856,47328.2100308702,43136.7006795996,3015327589276.77,0.656341548365418,20.7313586753391,..,34.4338036760909,2.41781748358099,1.71895853790766,0.442088097187156
2012,YR2012,United States,USA,314339099,30.6818353657295,9.763916029528,61134.530608776,53738.1476714593,19216973269350.6,0.205925846170308,7.1024669149444,1.23034186155648,2.99887887333399,4.4617099699335,1.54020811932936,2.32090958851109
2012,YR2012,Uruguay,URY,3335401,55.0611541633768,17.7918744529499,26953.2811065384,15949.3176985435,89900000756.0293,0.0328611652405814,16.7877001393883,3.74333340556551,36.0867676316933,1.60724459656554,11.7901578728278,7.65934977830552
2012,YR2012,Uzbekistan,UZB,29261903,44.2393191333204,13.1744077704128,6435.56467226429,2395.84036755728,188316869190.024,2.00160011940789,8.29173551216401,7.86914705152287,26.4304564680556,..,1.10230120247607,0.00457076715246505
2012,YR2012,Vanuatu,VUT,248883,104.451629665983,17.3819159040388,3350.77088958974,2849.05448321427,833949911.313763,0,59.8629674720767,16.3889653808653,56.6161310205259,..,8.07506480226511,0.0519634962032068
2012,YR2012,"Venezuela, RB",VEN,29553826,50.6485838828706,..,..,4647.37303726595,..,17.9387823718967,5.79400426289773,..,..,1.34147173233053,1.33819275777321,0.887565874439633
2012,YR2012,Viet Nam,VNM,89510356,123.224116745985,..,7979.86828926858,2224.11404253256,714280851405.542,4.10988392212901,11.0981781413662,..,..,1.71831331991755,4.27832287681174,0.613526225164208
2012,YR2012,Virgin Islands (U.S.),VIR,108188,157.177794081683,..,46422.4151236223,36938.1682086351,5022348247.39445,0,..,..,..,..,..,..
2012,YR2012,West Bank and Gaza,PSE,3979998,66.9293273483831,..,6009.10925822042,3237.91619995789,23916242829.4988,0,14.4698139331825,..,..,..,0.515918270255689,0.27581227712067
2012,YR2012,"Yemen, Rep.",YEM,28433647,61.3616371825683,..,..,1981.45800046603,..,17.0272517537375,11.0687970556636,..,..,4.57388404478979,-0.0402221829314871,0.0240555922978125
2012,YR2012,Zambia,ZMB,14913629,75.367709855907,14.8923642974021,3474.55252844092,1258.78938578996,51818187350.1798,0,9.11278669520964,8.39749644467387,29.8019159987846,1.3578688500397,6.78938124085044,-2.75220694473532
2012,YR2012,Zimbabwe,ZWE,13817887,74.1627003825153,17.8355813060669,5003.48706186748,1360.15230034275,69137618826.8468,0.0176585171987541,12.3607191879503,19.4925004739446,35.8140731121903,1.85949988315027,2.04309866557655,0.286156451659999
2013,YR2013,Afghanistan,AFG,31622704,..,7.12277329012108,3046.57993117128,580.603833333096,96341095375.7699,0.0672901618424767,11.9424039644066,3.70364318441929,2.53572312974553,1.07694976762403,0.239801184405551,0.00266706976667088
2013,YR2013,Albania,ALB,2816902,75.7506185619748,16.4764962744668,12873.4832044649,3895.89975621942,36263340585.6236,3.03392407525612,33.3066170566694,3.56489156410578,54.1747897421577,1.40898210141146,9.80035898039468,0.222314388528176
2013,YR2013,Algeria,DZA,38414171,59.151008157244,..,14778.1914257233,4543.23444006767,567691972498.468,20.8724313901278,6.34186755743402,..,..,4.42382453876042,0.736559065111634,-0.118305028335498
2013,YR2013,American Samoa,ASM,54006,173.824451410658,..,..,11871.7937192729,..,0,..,..,..,..,..,..
2013,YR2013,Andorra,AND,75194,..,..,57332.1585611366,35684.1861967511,4311034330.8461,..,..,..,..,..,..,..
2013,YR2013,Angola,AGO,26165620,77.3498013716078,12.6117526343152,11626.1877218484,3716.29718727282,304206409978.552,29.0014846107501,16.3779477587447,2.64070688268218,4.29590842617571,4.45523942155109,-4.78350487024797,0.619144042172059
2013,YR2013,Antigua and Barbuda,ATG,88064,..,..,25206.8458285339,15748.1952024226,2219815671.04401,0,93.7082622942453,..,..,..,7.00759321793992,1.81136196798751
2013,YR2013,Argentina,ARG,42582455,29.3339290021037,12.4529027558077,29227.6601818437,13946.0950832252,1244585524448.65,2.25387298647688,5.92159618620855,10.7173488501633,29.1654831374073,0.83773642721392,1.77920553648531,0.161219624584565
2013,YR2013,Armenia,ARM,3022000,77.5550481598824,21.5862138744907,12194.0189523843,3266.29882999873,36850325274.1053,0,28.4532555874988,4.25547508355948,41.7077225047561,3.99724455730484,3.11193185351156,0.272112276625972
2013,YR2013,Aruba,ABW,105675,155.731904417046,..,35621.7848546409,26680.1411206342,3764332114.51418,0,101.8619717844,..,..,..,9.97445713517423,1.80415365081521
2013,YR2013,Australia,AUS,23128129,41.100511881056,21.8526958939392,54895.0052588984,55966.1509270561,1269618763083.48,0.538515503941203,8.47683673465666,2.17214104977525,23.0232082690577,1.63819651223089,3.43950309398958,-0.0486005822677706
2013,YR2013,Austria,AUT,8479823,104.985374015367,26.7741686943731,60863.0547666965,43851.3675497404,516107931660.893,0.0749501568832041,27.4838924656919,..,26.9827986061823,0.757180192579996,-0.302633479129545,2.58591288955827
2013,YR2013,Azerbaijan,AZE,9416801,74.6758447629851,13.3883331614589,20398.6462250349,5425.99559780578,192089992170.555,22.5837832214089,16.7890506479908,2.84488002416106,14.8616056046859,4.54092330961466,3.53211598676051,1.99282070892544
2013,YR2013,"Bahamas, The",BHS,378953,84.5484138879077,11.7717003713497,32402.9163503108,30368.2631244189,12279182359.6993,0,41.0442278502764,39.9527235994216,40.8051086145648,..,3.64907926264642,2.64566914551373
2013,YR2013,Bahrain,BHR,1253191,184.58950884485,1.02928468252976,55376.4005147894,24271.6278814506,69397206737.5295,20.8660137007827,45.9796958066674,3.9122896481387,..,4.14139762975071,11.0211306090707,1.57184116147975
2013,YR2013,Bangladesh,BGD,156532141,46.2964027228174,8.96241331541821,4822.72621378266,1103.15695907123,754911659700.223,0.136547577119521,6.37660053473414,20.565611702415,28.5948509646907,1.11372942922328,1.73532012481503,0.364587069118824
2013,YR2013,Barbados,BRB,277665,..,19.0400677230378,20854.5676341718,20609.6076272963,5790583522.14232,0.345790863079305,38.883916554247,8.42935406201342,49.7761991861827,..,1.83669980165651,0.464006179692832
2013,YR2013,Belarus,BLR,9443211,119.815965235724,13.3549628478795,26147.6253584645,6115.43288098707,246917543408.931,0.832270804096301,17.0136572343197,12.1096264457318,31.119261197284,1.27079665150066,2.97388136295762,0.347158048781215
2013,YR2013,Belgium,BEL,11159407,157.573622782434,26.0756081287063,56263.1752679668,40007.8997891411,627863671927.576,0.0397728832079876,41.7926475258274,..,24.2971837563981,1.0045200869807,-5.65561784857252,-2.36008708619108
2013,YR2013,Belize,BLZ,341627,108.672614067831,18.4715397684085,12064.797259406,6013.07879895362,4121660493.33908,2.37815923726399,32.2251731898986,20.6079630472768,32.3952420036143,0.874010589302631,4.53263160783493,0.0336344102049957
2013,YR2013,Benin,BEN,10708834,59.2001918331875,..,2893.0467015352,982.399206290516,30981156880.988,0,10.191335338466,..,..,0.687239683496254,2.87863747120321,0.468048586494
2013,YR2013,Bermuda,BMU,63574,76.2701066974999,..,96549.7874807583,107860.394791964,6138056189.30173,0,35.1668401937501,..,..,..,0.849151218045336,0.78220498141683
2013,YR2013,Bhutan,BTN,725273,95.0525382780424,13.302594743585,11212.479426698,2671.07460201171,8132108591.23954,0,15.4694500098704,0.936627575553491,23.0348307887382,..,1.05127659163372,..
2013,YR2013,Bolivia,BOL,10682608,81.2309075267174,..,10391.38337536,2793.51457098676,111007075176.687,3.31838837807072,11.5640334518464,..,..,1.84124031434345,5.7066221190291,..
2013,YR2013,Bosnia and Herzegovina,BIH,3610859,87.9312380280562,19.7515439048604,13135.7719791089,4306.73175072214,47431420472.7132,0,11.7902795468478,..,43.8605113417975,1.08705579799922,1.72337931811156,0.474512253818773
2013,YR2013,Botswana,BWA,2140682,125.78303991122,26.7403906303594,16369.4252971454,6284.97678002618,35041734083.9438,0,13.6244979235141,26.9460417076808,10.5678365152119,2.1471710497407,0.470417841005353,0.593011269204602
2013,YR2013,Brazil,BRA,198478299,25.7859573281452,14.1253057439527,19241.5059814525,9366.73824670239,3819021377397.02,1.82332429100899,5.26579550666131,2.72537336773419,24.7108975278465,1.32944608382557,3.04150922966082,0.632618133978494
2013,YR2013,British Virgin Islands,VGB,31703,..,..,..,..,..,..,..,..,..,..,..,..
2013,YR2013,Brunei Darussalam,BRN,411202,110.939599584216,..,86606.6518910199,32381.0739795231,35612828470.8911,16.496289516532,18.5242984273356,..,..,2.27750759504916,4.28670084809197,..
2013,YR2013,Bulgaria,BGR,7160005,129.688682986482,19.6862822353302,22954.4918743089,6792.73549964735,164354276592.511,0.0340056163950494,21.6851486117848,0.0422148589721535,45.5479404923072,1.45404283053363,3.56335772880844,0.629782596622149
2013,YR2013,Burkina Faso,BFA,17695409,64.0358513024234,14.9486419589637,2057.0639319853,616.741331164082,36400587615.628,0,14.3076211061517,11.6968986494454,36.3091778056783,1.23609025726906,3.64766773141753,0.433692992751068
2013,YR2013,Burundi,BDI,10439341,..,13.4877674722013,1014.5231007912,259.311117203355,10590952601.5367,0,14.8950176741889,5.03959817943316,31.532277298565,2.4824131147541,4.7612156740524,0.00680131325790297
2013,YR2013,Cabo Verde,CPV,512225,86.1698600308418,16.270355465039,7440.66242650114,3361.09387702205,3811293311.41454,0,48.97103756859,16.0158920002063,37.3075949313817,0.48366416567439,4.40125011545419,1.61526428930478
2013,YR2013,Cambodia,KHM,15170208,124.887552768657,9.28638425469543,4419.3988680186,1376.29557595926,67043200062.8067,0,26.6787922405259,15.1932279140412,38.0488940654104,1.22920405585317,10.4430587644193,0.314373611599016
2013,YR2013,Cameroon,CMR,21402376,49.6745363462134,11.5221169764532,4473.57231896434,1347.2130636706,95745076833.6667,4.19597685270569,13.3798271447592,10.8042038496379,32.562679777001,1.16504114303499,1.62296806273401,-0.467147407899601
2013,YR2013,Canada,CAN,35080992,62.2310749013405,11.6235045990299,54712.178423981,42851.170527104,1919357493594.25,1.25009355545576,11.3315402356553,1.29257841724839,13.9246650302045,1.00236720047397,3.62980398357006,2.9494588328472
2013,YR2013,Cayman Islands,CYM,58655,..,..,72988.7055776283,76038.8787807923,4281152525.65579,0,..,..,..,..,792.31979140556,432.859393823318
2013,YR2013,Central African Republic,CAF,4642419,38.3992875721315,..,996.896355923912,349.821171688973,4628010583.77193,0,..,..,..,2.83390827023391,0.109532467338194,..
2013,YR2013,Chad,TCD,13691079,51.5308164549816,..,2864.1130140853,1008.61711429294,39212797540.77,15.7791942816497,..,..,..,4.29488547231355,2.91179134022524,..
2013,YR2013,Channel Islands,CHI,161777,..,..,..,60780.669022098,..,..,..,..,..,..,..,..
2013,YR2013,Chile,CHL,17687006,65.1432879523879,17.4587728968776,27291.3576525957,13182.7329619856,482702406549.607,0.0371419227856785,9.78331161114825,1.05004335009537,48.8635338997746,1.99462247217943,7.61396398974862,3.3609095254431
2013,YR2013,China,CHN,1363240000,45.9160413795571,9.7321625039509,13080.8288162668,7198.06876478162,17832309075487.5,1.07614082250695,5.51787422462456,4.11621496859936,57.9789535041869,1.7143409229625,2.98598708261986,0.748947440588956
2013,YR2013,Colombia,COL,46151584,37.9866487978457,14.0221143464507,15912.2471293239,5910.80592301166,734375410017.75,5.87412217837008,6.01912804011774,2.06796958511695,21.9723771263381,3.27226285651869,4.24252457969381,2.00267124573746
2013,YR2013,Comoros,COM,696192,39.2433304149929,..,3337.59859719238,1343.5451171047,2323609442.57656,0,..,..,..,..,0.379103082802071,..
2013,YR2013,"Congo, Dem. Rep.",COD,75789395,72.5557545139014,8.47036896300207,1342.74156112016,464.526715460494,101765570558.653,1.5624595976329,8.28684525073352,10.5398226954743,25.79961292677,1.07353188499408,4.86537109127196,1.148322197215
2013,YR2013,"Congo, Rep.",COG,4857099,93.0028633915235,8.62436076479203,8798.49382506314,2390.65754938662,42735155559.2203,29.6858074019147,19.437472668344,4.50743031994788,9.81737707929779,2.04447551898046,10.4621010083708,7.14286245933201
2013,YR2013,Costa Rica,CRI,4716147,64.0664105879442,13.416824749449,20232.2670799446,11151.1437869768,95418345692.2794,0.0577584252152377,18.3214839827651,5.06985742398358,32.6529186413442,..,6.29127735209415,1.57789817811827
2013,YR2013,Cote d'Ivoire,CIV,23939775,58.3526792527234,10.6359292433206,4597.18635239866,1632.32712787006,110055606909.495,1.32089224861062,9.72315067795621,39.8346267139162,20.8158764335591,0.995019119922897,0.953203642314205,-0.0149705499529389
2013,YR2013,Croatia,HRV,4233922,80.9188132002026,20.5989831959733,28397.8562080945,11838.2152450357,120234308152.288,0.380362350794203,26.1966527448687,0.858098615949653,49.6503209711661,1.60780875391152,1.59393965737626,-0.047883219838117
2013,YR2013,Cuba,CUB,11298167,44.3238969253902,..,..,7307.82004410741,..,1.44283922428397,..,..,..,3.51272878104423,..,..
2013,YR2013,Curacao,CUW,153822,166.406148932184,..,31753.384552981,19921.4771792975,4884369118.70865,..,80.9045849299892,..,..,..,-0.0497229528681824,-0.525958345894553
2013,YR2013,Cyprus,CYP,1183895,120.926200639389,23.5211674986721,36650.72265625,22711.71875,31627925746.2401,0.00316216169680669,73.2254058814408,0.0342065505544312,31.5056583335709,1.60700908951525,108.090316098148,141.287285029674
2013,YR2013,Czechia,CZE,10514272,145.502230624961,14.986384060872,39317.5535692377,16759.7808635642,413395452601.536,0.0274970082447114,20.8281322088031,..,31.3837356256195,1.00870446252121,3.45386726376292,3.63224095093192
2013,YR2013,Denmark,DNK,5614932,103.612813249189,33.7961426931306,61085.0312821103,51970.3909324806,342988296866.922,0.967648067154255,39.9044674678356,0.0257481595917746,36.2580901887808,1.22352490397164,0.197410828523168,2.0335771765947
2013,YR2013,Djibouti,DJI,984824,347.720317058403,..,4469.07409933135,2140.13769442336,4401251430.7999,0,70.4362429909415,..,..,..,13.9893763417185,..
2013,YR2013,Dominica,DMA,69715,..,..,17282.6368040368,8459.6586988024,1204859024.79342,0,55.8664049209018,..,..,..,7.09315981024728,0.810986825562844
2013,YR2013,Dominican Republic,DOM,10193833,56.8137658014945,13.5308948006543,16054.7677297656,6075.03399972737,163659621091.02,0,14.6912935439189,5.9701093944905,54.9883938585443,0.611824773045351,2.55757225532805,-0.624406352228974
2013,YR2013,Ecuador,ECU,15807128,63.4333003342414,14.1232339115654,13689.1520460125,5893.32172683036,216386178602.782,12.2978605117168,5.71014230510427,8.79548121279959,24.3307528673829,2.83298697009902,0.752903273859877,..
2013,YR2013,"Egypt, Arab Rep.",EGY,95333553,40.373038056332,13.4980649322726,13058.0748239258,3216.3783902629,1244872668304.69,7.82863019779494,12.0197989679639,4.15497092684764,26.4666024175187,1.61005697699419,1.45343420769727,0.104356589980649
2013,YR2013,El Salvador,SLV,6138839,80.4511944908271,17.0547352184716,9327.56424468351,3665.1547327058,57260415160.2687,0.000303211604748274,16.4289074459951,4.55758812907278,42.7808746172568,1.07998923193894,1.11490857279595,0.300453455010604
2013,YR2013,Equatorial Guinea,GNQ,1346218,106.893284926066,8.51634994295938,32894.3693189101,10731.6455729191,44282992075.7645,29.0020263766332,..,1.2429064463978,2.08863430945449,..,2.65594378481707,..
2013,YR2013,Eritrea,ERI,3074360,..,..,..,..,..,..,..,..,..,..,..,..
2013,YR2013,Estonia,EST,1317997,164.601632156916,20.239593208473,34484.2236457273,16809.5326683781,45450103312.3977,0.908405977818845,44.9679105280411,..,37.1815138690222,1.88381591331462,4.31393930629533,3.3446202743642
2013,YR2013,Eswatini,SWZ,1129990,85.2034551274939,..,8951.05749805891,3332.11983927912,10114605462.2316,0.405654265154514,5.8007131194754,..,..,1.95189144736842,1.83246466722921,-0.109450648807337
2013,YR2013,Ethiopia,ETH,98438751,41.4717870807625,8.76472537696952,1696.86515591049,518.324662208106,167037286563.249,0.00790396796314875,13.7727494362345,33.1935474097003,17.3452968378907,0.806417193723534,2.82040845857162,..
2013,YR2013,Faroe Islands,FRO,48246,114.062282820929,..,60948.7676649487,50120.7530887167,2940534244.76312,0,..,..,..,..,..,..
2013,YR2013,Fiji,FJI,916352,..,23.4756627490463,10604.1558725865,4630.35126544718,9717139442.15643,0,43.9129150265257,20.497569402261,48.354733386877,1.38677744785356,5.81824859099488,0.107125713329625
2013,YR2013,Finland,FIN,5438972,77.485171771574,20.7270868858018,53183.4286685126,42883.6384986417,289263179392.037,0.0522484933642708,21.0763432833751,0.00127901771439534,38.4025068747202,1.54007184381097,-1.83489440736896,-2.69891154508427
2013,YR2013,France,FRA,65997932,61.8192338733962,23.2041011683014,50066.5304324783,36256.086680981,3304287470958.63,0.0109314252317,17.7078105216738,0.0133915630832777,21.80026262226,1.84711648361859,1.18823404938295,1.14970730816793
2013,YR2013,French Polynesia,PYF,274728,56.0619675585513,..,..,18930.1268887012,..,0,25.0856698926017,..,..,..,1.64472839380472,1.07869263796959
2013,YR2013,Gabon,GAB,1913059,90.6350361478645,16.0588356014227,19836.4554852011,6938.25753862236,37948309694.0634,30.2411289292074,16.8957965176263,15.4538925936448,11.2329058026924,1.60404717948982,1.84153865698512,1.34288470625275
2013,YR2013,"Gambia, The",GMB,2103820,45.4619193623296,..,2572.44728941685,638.522368532214,5411966056.42096,0,14.2488301029255,..,..,0.754494266076443,4.96800325180048,-0.35194419263689
2013,YR2013,Georgia,GEO,3717668,93.8139137895532,22.0625986684055,13913.0018245661,3806.50600649051,51723921667.1311,0.110437873003737,25.9484671963076,1.16737614583061,46.6180042307592,2.52250044602568,5.97432640298838,0.726650367491467
2013,YR2013,Germany,DEU,80645605,77.5860288576931,12.0952178281376,58089.1708538296,40884.8926759028,4684636327455.46,0.0270022581641135,16.0912702167089,..,25.3703560716301,1.16213791467872,1.76515036525359,2.45055772926148
2013,YR2013,Ghana,GHA,27386193,60.7593219028775,10.6718365010487,5593.77481886917,1718.59704769958,153192196788.091,3.51474407100181,11.6982523375266,12.6353606469267,26.1977792618781,0.400294579040699,5.13479660884921,0.00106610279762286
2013,YR2013,Gibraltar,GIB,32407,..,..,..,..,..,..,..,..,..,..,..,..
2013,YR2013,Greece,GRC,10965211,62.9547272215374,24.7308046940324,30762.4432227813,17644.8766635021,337316680813.317,0.0141521711708186,22.6285881969963,0.00583737084816998,30.5633062868484,2.39130807647224,1.24506178790059,-0.294858705684757
2013,YR2013,Greenland,GRL,56483,95.9116681587586,..,61659.6415225985,43338.3839246907,3482721532.12093,0,..,..,..,..,..,..
2013,YR2013,Grenada,GRD,113487,..,..,13386.3189064112,7688.75297701343,1519173173.73188,0,64.8571001738049,..,..,..,15.4729269608086,0.716385715987248
2013,YR2013,Guam,GUM,165966,79.5332468975736,..,..,34044.3190415455,..,0,..,..,..,..,..,..
2013,YR2013,Guatemala,GTM,15387337,56.6852490208198,11.1022993574743,10297.8395710411,3717.30462628413,158456327851.546,0.418795559663063,11.2462634269344,4.50003691988077,56.2087872193934,0.471272593167646,2.87216286478145,0.138282491071341
2013,YR2013,Guinea,GIN,11191873,80.4264477180461,..,2802.56007024474,729.833143236326,31365896381.0502,0,9.86974027299805,..,..,2.38618429535759,0.00226821971801587,-0.0103860587088096
2013,YR2013,Guinea-Bissau,GNB,1695973,39.9574617805787,..,2192.45628322206,634.095456089352,3718346660.02497,0,11.2973323001114,..,..,1.9570423918299,1.76984840814073,0.000165989410418443
2013,YR2013,Guyana,GUY,750021,..,..,11896.9069854942,5573.3421790463,8922930074.16731,0,16.0128075121236,..,..,0.843693300095089,4.81209139842568,..
2013,YR2013,Haiti,HTI,10222362,40.3325097562551,..,3387.47180169748,1392.38204736859,34627963021.7439,0,11.7693256253893,..,..,0.0303030932089833,1.0865204500402,..
2013,YR2013,Honduras,HND,8889278,116.306049247436,15.0632419077525,5644.13384802045,2205.40126728067,50172274844.2635,0.00240288964006385,21.7960928031353,3.0478120877286,39.629004317285,1.3795353155606,5.77862113948416,0.418511672368979
2013,YR2013,"Hong Kong SAR, China",HKG,7178900,442.620019127299,..,60601.6097817011,40959.9813033996,435052896461.854,0.00265792478709432,65.2796463312067,..,..,..,27.8775202185389,30.2246653343849
2013,YR2013,Hungary,HUN,9872734,164.476024791467,22.8744366474572,28891.0217544976,11729.5720798501,285233372770.368,0.194311507285997,29.6474694444221,..,36.9518681881404,0.943669886878651,-2.74986395257086,-2.77530304133652
2013,YR2013,Iceland,ISL,323764,97.6980221861272,21.4977898516127,58671.930709837,51696.0876528983,18995858974.3397,0,41.6537675994009,0.871177057830502,33.3828618237457,..,2.90937107233191,3.24492823469817
2013,YR2013,India,IND,1295829511,53.8441319466777,11.0016256942917,5732.24189090876,1399.4537980287,7428008206430.01,1.19335415579377,12.2735612899417,13.2103336648118,27.3004252798172,2.5488248901417,1.5162764665975,0.0950572712594844
2013,YR2013,Indonesia,IDN,255852467,48.6373726752893,..,10121.8141535043,3055.24246006469,2589691121689.59,2.24228816443479,6.35141023423646,..,..,0.918769839183066,2.55135633401058,1.21768693403894
2013,YR2013,"Iran, Islamic Rep.",IRN,80414686,47.0867179194755,..,14734.740588719,4916.97291948475,1184889537733.29,21.2565665523955,..,..,..,2.18077190909837,0.609501593960532,0.0378105636605606
2013,YR2013,Iraq,IRQ,35281989,67.4100184095672,..,13712.9317142992,4504.82687537354,483819505901.655,45.3313602184612,8.67516266892767,..,..,3.31583096149399,-0.995279210263068,0.0967875256501275
2013,YR2013,Ireland,IRL,4623816,199.742586224446,22.4770470912618,60388.9413147986,47928.0346487005,279227353074.427,0.00425988559637562,110.715638559728,..,30.8868672043047,0.49161342312128,29.8612971089447,19.9510540433967
2013,YR2013,Isle of Man,IMN,84141,..,..,..,80383.8273088527,..,..,..,..,..,..,..,..
2013,YR2013,Israel,ISR,8059500,64.1340511293501,22.5019265338241,40148.7774492867,35489.5086561247,323579071852.526,0.0118850270586983,19.3414879256692,0.650357506941212,34.9071902267987,5.44373442389891,3.96752765564861,1.29262427598111
2013,YR2013,Italy,ITA,60311613,54.0341846317499,25.1831182980011,46833.3615309303,30330.0221599668,2824595576142.56,0.0998160374945312,10.3715247410976,..,23.6920994838047,1.39167747666985,0.907076904789878,0.941641633668746
2013,YR2013,Jamaica,JAM,2783687,..,24.0092921982884,9839.96506606095,5289.88438546111,27391382834.848,0.467457901037476,33.7464727963333,9.76776550500924,43.9087140699131,0.898967963739861,3.81898294324016,0.52417377841979
2013,YR2013,Japan,JPN,127445000,33.9787686509511,..,42492.2439560498,34239.8862473488,5415424030978.76,0.00279888580497218,5.87600837141337,..,..,0.940538501428935,0.204293384186424,2.98685341493344
2013,YR2013,Jordan,JOR,7991809,111.451527997628,14.9305149962785,10799.3538143329,4556.52023716712,86306373007.5702,0.00191267840155804,31.7136500222124,5.64353684795443,45.9401264152254,4.19373981956594,5.64977168714588,0.0454734007279055
2013,YR2013,Kazakhstan,KAZ,17556502,65.4076093299538,16.0301777644528,30177.4887221736,9959.72586930534,529811141105.818,13.575329365067,8.47471344667171,23.4269756367883,18.4751262075266,1.07808460394627,4.23069709209016,0.835429379101565
2013,YR2013,Kenya,KEN,44986791,47.4646425127304,..,4443.371215682,1413.94142522583,199893012215.302,0.0251947780243645,11.9000034406993,..,..,1.39539650803677,1.81417037253291,0.322048258798951
2013,YR2013,Kiribati,KIR,113838,96.7814002828914,16.5529180207837,2382.37034452158,1493.49134858915,271204275.279648,0,41.1891792514426,11.8497310560753,0.775497578379195,..,0.415473344082877,0.0778055488072969
2013,YR2013,"Korea, Dem. People's Rep.",PRK,25329451,..,..,..,..,..,..,..,..,..,..,..,..
2013,YR2013,"Korea, Rep.",KOR,50428893,94.1675235855873,13.022218187832,42709.9751857887,28732.711152033,2153816768676.79,0.0461384584384727,14.8450338083955,2.76211907298202,21.6647383523871,2.39128707318548,0.889863368558993,1.97382019474095
2013,YR2013,Kosovo,XKX,1818119,75.1034836607029,..,8828.27683251638,3163.47189486431,16050857846.4579,0,24.2256405388559,..,..,0.721739287326993,5.51557702357753,0.592881266583918
2013,YR2013,Kuwait,KWT,3507844,97.6054913328151,..,62458.8089221249,32311.1800008536,219095758124.622,55.5579394462588,15.6076343937861,..,..,3.27153182701652,0.823130244872496,9.55858288432818
2013,YR2013,Kyrgyz Republic,KGZ,5777150,134.026785643922,..,5418.54061993935,1069.78404438716,31303721942.4826,0.308548395714406,29.5540936229287,..,..,3.19620405364784,8.34375023535304,-0.0960595437124326
2013,YR2013,Lao PDR,LAO,6611385,98.1791466159604,13.7388338387583,5974.47368943414,1890.27861294875,39499545733.2195,0,15.336234687213,6.62046593172305,42.5569217118097,0.189895181780941,5.68624628337024,-0.238427992268801
2013,YR2013,Latvia,LVA,2012647,129.677184929099,15.9028434483155,28375.1842887263,12353.5386135301,57109229533.1521,0.0896165354483561,27.3592912044336,..,41.8882976767609,0.972846248892055,3.39352198804719,1.69398684089814
2013,YR2013,Lebanon,LBN,5743436,86.1743285920565,14.0661144534751,16396.4969302163,8443.53856528784,94172230742.894,0,60.556002421165,6.23970838841807,37.8109262641469,4.12908273269169,5.67636791033718,4.21436201282098
2013,YR2013,Lesotho,LSO,2056504,133.36548975517,35.9075271888776,2914.37515966739,1093.95323489272,5993424173.35662,0,16.9596135057172,13.6831291456437,27.8950343332326,2.02653187465999,2.13033827559342,..
2013,YR2013,Liberia,LBR,4470239,..,..,1774.5205777394,717.007280358975,7932531092.9132,0,22.9997703731877,..,..,0.496435611038108,62.9068538615833,10.296212250662
2013,YR2013,Libya,LBY,6304628,106.334360918106,..,16557.500941665,10126.314927806,104388884046.847,45.8016137051651,11.4814504273486,..,..,7.63933084825893,0.931638601844643,0.939203188782698
2013,YR2013,Liechtenstein,LIE,36984,..,..,..,..,..,..,..,..,..,..,18.068983064869,..
2013,YR2013,Lithuania,LTU,2961250,156.626637927418,15.7811714718234,32474.6413533554,13145.8069309969,96165531707.6236,0.0739349105055915,26.9097756623981,..,34.0845835676578,0.766528272772994,1.66003716547755,0.716698414525407
2013,YR2013,Luxembourg,LUX,543360,320.533506316768,24.5522669560732,129945.453783621,105338.955521681,70607161767.8682,0,230.937128089799,..,30.4849763231288,0.358492375793951,35.7329034711934,71.5004338219293
2013,YR2013,"Macao SAR, China",MAC,591900,121.375076167887,36.3721993887148,174569.523171267,99054.4980289716,103327700765.073,0,94.7924492629277,..,91.285524753858,..,7.32083901346214,4.38815533264674
2013,YR2013,Madagascar,MDG,24109290,56.3675817900932,8.78559177293247,1610.6023078966,440.674658903628,38830478115.7484,0,21.8290569505868,10.2928134297046,52.7470225059368,0.578559931839726,4.55464531104897,0.125613306127966
2013,YR2013,Malawi,MWI,16161816,..,9.7087435605189,1555.50607410511,525.357645516557,25139802956.5692,0.140975415777245,4.4338565477332,6.95166071403956,25.2659570642822,0.809790589117754,3.65269915582907,-0.0522952798275138
2013,YR2013,Malaysia,MYS,30174265,142.720991464873,15.310235280489,25736.3525554142,8964.80724896203,776575522140.495,4.34705959022544,26.9853731812903,2.08735802844071,14.5169756601437,1.49929579850642,3.49431175959971,4.147602038857
2013,YR2013,Maldives,MDV,400070,..,..,17986.8907361645,9213.32791442475,7196015376.81734,0,99.3470936089647,..,..,..,10.9503892160384,..
2013,YR2013,Mali,MLI,17459615,54.6032439863007,10.9601470024114,2528.53006767058,788.819448205749,44147161497.4523,0,16.4268784878572,9.48277617512303,29.9664856609537,1.16137913160626,1.95552894419919,0.0181355718206752
2013,YR2013,Malta,MLT,424810,187.432252850045,25.1421033281446,40919.7945400628,22626.4981391343,17383137918.5641,0,205.322406550772,..,33.929719737233,0.498340372182382,4.72416455228897,-81.2325793084236
2013,YR2013,Marshall Islands,MHL,50681,161.91974248927,16.4876357296137,4469.85358401607,3602.92811901896,226536649.491519,..,41.7886362126145,7.30334067771873,10.2999952910852,..,17.4614535003172,..
2013,YR2013,Mauritania,MRT,3734318,102.398824183169,..,5769.72870835599,1502.90142381083,21546001770.7305,1.92187619455113,16.4147480187084,..,..,1.99659728958967,15.5890028558149,0.257715862820658
2013,YR2013,Mauritius,MUS,1258927,136.552117959236,17.9161984393295,21061.0293432869,8973.51550099533,26514298488.0562,0.075948511699122,40.1089760542822,1.63839316247379,58.3881862112718,0.188733237769964,2.35929777878695,1.35016467516568
2013,YR2013,Mexico,MEX,118343573,62.6916747735807,9.88361012510879,20805.3480411912,9738.71059803658,2462179224703.12,4.59508453903103,5.2583980936016,1.05605642462188,21.4096410482971,0.48764287589738,3.83670268161454,1.35838090068791
2013,YR2013,"Micronesia, Fed. Sts.",FSM,108121,114.766672350061,5.54353621240611,3680.10650035034,2819.90328917215,397896794.924379,..,36.5877430189291,4.03092666597503,4.84043351737437,..,..,..
2013,YR2013,Moldova,MDA,2859558,95.6872968332383,15.4696360019738,11080.0634585341,2605.85029986142,31684084103.3587,0.0398922117138423,22.4607072460111,4.40163865689767,50.5384025269357,0.281261545863777,2.54698521289676,0.323901377330512
2013,YR2013,Monaco,MCO,35447,..,..,..,157167.975027858,..,..,..,..,..,..,..,..
2013,YR2013,Mongolia,MNG,2899011,100.311989662943,15.7312080369785,13210.0945665668,3628.90708069575,38296209459.5173,2.7278590828164,21.3584636453064,7.04963067374007,36.2028541959938,0.822311489894261,16.3700755246398,0.325745111204595
2013,YR2013,Montenegro,MNE,622587,103.785966371179,..,20201.3754091056,6138.25153608056,12577113711.8288,0,40.0325073523978,..,..,1.45226142609027,10.0960454055249,0.399105258496568
2013,YR2013,Morocco,MAR,33787571,73.8577565315318,20.6278690126796,7839.0322265625,3008.185546875,268447614492.459,0.00535817874110864,18.9424487225058,3.23651296013859,44.6737659730434,3.80578290120645,2.90386264044041,0.384225016912316
2013,YR2013,Mozambique,MOZ,25051611,109.38537659913,21.5406521425782,1385.83254864214,559.393953685688,34717337919.7215,0.260362393762375,26.454925702495,5.63903702693068,32.8955868554947,0.918079927497185,38.9428653441902,3.03695529204301
2013,YR2013,Myanmar,MMR,50262658,..,5.52956758874506,4666.95376141392,1024.69060474658,234573500811.761,0.661094841513687,8.18500093721188,3.08958104240476,13.4581437930728,4.11633459177026,3.74085607932619,..
2013,YR2013,Namibia,NAM,2252508,97.7249042303832,32.9807193333221,11593.5753768689,4549.26759093897,26114621285.0003,0,10.9142819142084,34.7691521273876,23.5460797908598,3.20641632429402,6.45232765797467,0.0436400025397086
2013,YR2013,Nauru,NRU,10517,179.347826086957,..,9798.48256139004,6735.42128061862,103050641.098139,0,65.4191307405949,..,..,..,..,5.83336394068167
2013,YR2013,Nepal,NPL,27589996,41.8653757376722,13.297885857998,3426.5579593796,801.039060847856,94538720393.0513,0,9.8008428143973,17.2043101572605,40.677090258555,1.3407258743985,0.334712330597339,..
2013,YR2013,Netherlands,NLD,16804432,150.651850226949,20.5597633296122,61281.288807752,44487.03063469,1029797250642.23,0.0489230990645562,37.6887893205401,..,25.3178900132446,1.1572088159419,36.6955717929323,45.5058287987352
2013,YR2013,New Caledonia,NCL,276822,58.8723435046881,..,..,..,..,0,20.155101179472,..,..,..,21.3449947193931,0.6049516193729
2013,YR2013,New Zealand,NZL,4442100,55.9861241102171,26.7013034406368,43338.4373782961,37267.6586997514,192513672678.129,0.453082035859237,13.692238841408,2.76634513456356,28.9254560605022,1.04392336294516,-0.0363955159235948,-0.740357947137363
2013,YR2013,Nicaragua,NIC,5983845,110.984207880382,15.0204349649964,6494.14961103199,1941.45628552626,38859984679.2257,0.0404742289870495,20.0683088244083,4.03777618761278,51.3688649700818,0.678614215031222,8.78722600899979,1.36665902388443
2013,YR2013,Niger,NER,18519898,46.2951491493291,..,1423.26169034701,469.690214200878,26358661332.5341,4.23042002083649,11.0195832845682,..,..,1.0452311825973,7.03516563238375,0.985431300000782
2013,YR2013,Nigeria,NGA,181049443,..,..,8581.207822956,2495.34106573749,1553622896613.43,9.88011499667836,4.65260839385826,..,..,0.469695304520636,1.06953936497778,0.235991858119629
2013,YR2013,North Macedonia,MKD,1922716,104.857229956305,15.6689580048257,17758.3012027338,4863.68088666968,34144169855.3156,0.0175104064661129,23.7509599665515,3.00690910737346,43.0223194903171,1.16943718855289,3.72036775399161,0.901137139415358
2013,YR2013,Northern Mariana Islands,MNP,52758,120.077720207254,..,..,16015.0349164338,..,..,..,..,..,..,..,..
2013,YR2013,Norway,NOR,5079623,67.9727925936832,25.0101364415185,84070.4583940478,73515.9144917472,427046234078.948,5.54926522150093,19.9579912290142,0.21385043332851,24.0679260003398,1.40525218139781,-0.260184320751091,2.39019478386689
2013,YR2013,Oman,OMN,3833913,112.543521763774,..,40854.4853548905,19299.9400516869,156632542510.424,35.9895065337986,14.2181264418151,..,..,9.74727260107489,1.79286446946825,1.03816034516663
2013,YR2013,Pakistan,PAK,211073978,30.8902743401844,..,4407.14705841377,1309.70080446386,930234061250.392,1.06026413011729,4.97994968735833,..,..,3.08802003540329,0.515353849332245,0.0819617524819475
2013,YR2013,Palau,PLW,17648,142.194634239769,18.4914270021077,17931.4312359519,14331.3395472642,316453898.45208,..,74.8867969009767,10.4769025422275,25.1950505152353,..,8.05009176476073,..
2013,YR2013,Panama,PAN,3825329,133.071568994167,..,28135.3278787268,13236.8306490828,107626885659.002,0.0148663619351819,33.9575526800271,..,..,..,8.09167357453305,1.19852190586727
2013,YR2013,Papua New Guinea,PNG,8302698,..,..,3615.28323843913,2162.10592595591,30016604913.2221,3.43617432270382,20.3143979037911,..,..,0.494549266247379,0.126069328063533,0.0424366471426363
2013,YR2013,Paraguay,PRY,5982445,73.369871384133,8.9293625662978,13700.7030515391,5583.12274473566,81963702467.1651,0.191256763032491,7.33558863002208,6.16301341683905,37.8179950429092,0.964167260244977,1.13236628162524,1.94906553246492
2013,YR2013,Peru,PER,29817919,49.7871424471444,16.4330066929626,14052.1376191683,6021.46142765232,419005501305.214,0.697556616786882,6.69377207528071,1.45088430698365,35.8652821516788,1.64306905104789,4.75734900182415,0.117777803065566
2013,YR2013,Philippines,PHL,102076336,55.8247812320298,12.7438220628562,7016.53846470436,2654.41506933978,716222537880.086,0.131161173186058,13.9679979798017,17.7967046403627,25.7281080251363,1.18950172893764,1.31642638378197,1.28457659774274
2013,YR2013,Poland,POL,38040196,90.4175072415629,15.6742591136229,29168.624211075,11628.2286809525,1109580182039.64,0.0680195690834472,14.8340391886397,..,35.418756575567,1.7900581767381,0.258983446617592,-0.597861935634351
2013,YR2013,Portugal,PRT,10457295,78.0305056874282,22.8736947705996,34651.7719455055,18597.7214623964,362363801506.875,0.0588929000862641,19.2840448870815,..,29.1701780540632,1.43957267155316,6.43654323197598,3.21396992782519
2013,YR2013,Puerto Rico (US),PRI,3631427,104.89224011713,..,41556.7852350074,29115.3549161996,150910431935.607,0,..,..,..,..,..,..
2013,YR2013,Qatar,QAT,1916426,102.383154379024,..,136453.930654184,76486.9151226864,261503860507.874,25.3595869913171,19.4502390895932,..,..,..,-0.422882374002756,4.03639083234145
2013,YR2013,Romania,ROU,19983693,81.3976131747183,17.7605860355839,26942.0436130341,8287.95844089676,538401528355.485,0.818028540119226,15.7323763411072,0.00813288416624638,39.5289372110652,1.29223076714816,2.03100513989555,-0.031890695428963
2013,YR2013,Russian Federation,RUS,143805638,46.287149400499,12.933492451261,36260.06640625,9601.537109375,5214401746699.24,8.68048261508321,8.65897321299827,25.4059133881191,21.0870664426205,3.85404258314373,3.01940211363344,3.77350748509683
2013,YR2013,Rwanda,RWA,11093340,42.6934924295362,..,2032.40480194092,666.408788783175,22546157485.5633,0,15.2879709610986,..,..,1.05488528481013,2.98932057367113,..
2013,YR2013,Samoa,WSM,198268,77.877751737476,22.6941862761697,6262.32372017912,3976.39289268132,1241618399.35247,0,37.0001280660562,8.02326523309463,47.4895228567043,..,1.72885382959682,0.0123696591718082
2013,YR2013,San Marino,SMR,33041,..,17.0662396360759,58467.9769550045,42293.4870685544,1931840426.5703,..,..,0.546645191634319,23.7076738783821,..,..,..
2013,YR2013,Sao Tome and Principe,STP,193148,..,..,5072.11200195866,1263.70423995281,979668288.954311,0,31.5946710685497,..,..,..,4.55447319839345,0.34085254859743
2013,YR2013,Saudi Arabia,SAU,27624004,80.2515014286783,2.65185423323901,57998.4644619155,23057.3494468535,1602149814289.81,44.4564985480281,12.2114093685665,1.52697055115829,2.92111201630388,8.89019141193183,0.437984195574321,0.642189868716794
2013,YR2013,Senegal,SEN,13710849,60.6267663596737,..,3385.42590686562,1147.3859217191,46417063409.7225,0,14.6526000759369,..,..,1.25170125603319,1.64581763022307,0.176167978091741
2013,YR2013,Serbia,SRB,7166553,84.3322563766638,19.9874009056267,18163.2800557557,5793.33614525565,130168109173.416,0.939643703344488,17.2032021889309,2.10019926898014,39.4382758670863,1.84757469294627,4.08141056622247,0.657677559944584
2013,YR2013,Seychelles,SYC,89949,196.517733268793,..,24770.6514591794,14050.3135581314,2228095328.10173,0,97.4327607994887,..,..,1.03655893266994,4.29723724959436,-5.10102526068887
2013,YR2013,Sierra Leone,SLE,6714051,53.3627646114117,..,3124.72832450941,1146.81973456475,20979585331.9007,0,12.1335658038887,..,..,0.469957196664839,5.72675143806855,..
2013,YR2013,Singapore,SGP,5399162,367.041780049019,13.2712500808714,104359.030680724,53298.9728558286,563451312808.197,0.11912189370539,94.8514343663304,..,23.7157932970913,3.03849114883637,20.9344810446532,14.7211671048662
2013,YR2013,Sint Maarten (Dutch part),SXM,35854,..,..,52801.4031054792,38889.7715088035,1893141506.94385,..,129.588203167668,..,..,..,4.62971054068815,0.336974330966685
2013,YR2013,Slovak Republic,SVK,5413393,180.903136491458,16.6590836493512,31090.9880191144,15249.8824513785,168307736905.758,0.00600611018293953,18.0206976190451,..,30.0487777270515,0.976653153261356,1.01266878582834,1.2878753912848
2013,YR2013,Slovenia,SVN,2059953,145.168789432403,21.8958895091008,36678.8746642096,19704.2186005128,75556757901.1626,..,25.8525076643189,..,34.9203194807504,1.05894724003693,0.217315881641324,0.067029385769997
2013,YR2013,Solomon Islands,SLB,594945,99.6074605551315,26.6063734780935,2783.59190841229,2136.72116177034,1656084087.95035,0,29.0584276989122,23.0916283200671,13.6840824425635,..,4.15538562986034,0.235234364603726
2013,YR2013,"Somalia, Fed. Rep.",SOM,12869594,83.3409991258378,..,1197.72166459747,397.108796344858,15414191548.3736,0,..,..,..,0.443857556653604,5.09591217775954,..
2013,YR2013,South Africa,ZAF,54678791,58.875027630051,23.8313913642654,14681.096638957,6170.87670863373,802744614772.334,0.949068014891185,8.7542913005113,4.11876794561719,33.5549809351205,1.02779402383821,2.05358095229684,1.62636588366822
2013,YR2013,South Sudan,SSD,11166275,50.8112465907463,..,..,1165.16202707495,..,13.3083956321822,..,..,..,6.56986369718549,-4.30359174766787,..
2013,YR2013,Spain,ESP,46604197,61.6687726441327,13.5446525722175,40594.914008768,24498.5559507945,1891893369662.68,0.010347316151723,13.9531980136029,..,26.3026830809136,1.26618872678062,3.4608559063245,2.42565242635193
2013,YR2013,Sri Lanka,LKA,20585000,..,10.1212570541042,12249.7223348096,3728.93586647848,252160534262.055,0,10.6400619846744,16.6316948608787,43.9522764911429,2.15404824269909,1.21148000445532,0.0845369432844417
2013,YR2013,St. Kitts and Nevis,KNA,47069,..,17.8401561949451,26532.1016561725,18773.8926898397,1248839492.85438,0,80.4222198036365,11.2641604556295,22.4814476709684,..,16.4870548666494,1.3200805676808
2013,YR2013,St. Lucia,LCA,173369,..,18.1628379053593,21029.2888872138,10279.4155096001,3645826785.08737,0,62.5351252316977,24.9260929017538,41.1070622664832,..,7.56598774359971,6.72663969508817
2013,YR2013,St. Martin (French part),MAF,37419,..,..,..,..,..,..,..,..,..,..,..,..
2013,YR2013,St. Vincent and the Grenadines,VCT,108135,..,20.3705811015244,13804.1837951887,6996.57386151332,1492715414.69273,0,43.5784972920105,16.7823071185208,45.7017603726356,..,20.0776834830317,-0.867213815396559
2013,YR2013,Sudan,SDN,37785849,26.8585245020134,7.68401639387585,4130.48583984375,1283.45922851563,156073922642.547,4.59958496637169,7.64162704905767,19.8898328548737,45.2279847864419,..,3.92312074519106,..
2013,YR2013,Suriname,SUR,569020,..,..,24624.0219854601,9303.46008775809,14011560990.1665,7.07724159024642,14.90022272454,..,..,..,3.62949532348678,-0.0169574063567566
2013,YR2013,Sweden,SWE,9600379,81.6402521329964,26.844295469932,56843.1649263734,48928.4994141291,545715926852.692,0.020164251116792,24.7890986888096,..,37.9892774831123,1.11768901606678,0.2546975094246,4.80208638490793
2013,YR2013,Switzerland,CHE,8089346,133.693708414477,9.25621409904931,75354.1550500884,82479.9215677304,609565832737.812,0.000268214621739725,34.9988053327539,0.929081640789834,31.2464633320368,0.712636242390875,-3.52948637026792,1.77653979217788
2013,YR2013,Syrian Arab Republic,SYR,21666917,44.7052547833532,..,5530.97472757035,884.329813332104,119839170351.364,8.17348065756745,..,..,..,..,..,..
2013,YR2013,Tajikistan,TJK,8216724,71.7437428882341,..,2828.38542075147,889.882383099979,23240062367.9387,0.0751868970455604,13.660202917304,..,..,..,3.351407966942,..
2013,YR2013,Tanzania,TZA,48824128,48.6316275295495,10.7219234484868,2924.86328125,882.8115234375,138638368792.753,0,12.4650107178071,5.37638556839461,34.8814731229567,0.972362603264413,4.57242839319348,..
2013,YR2013,Thailand,THA,69845114,132.462274174269,17.738624653295,18242.4256715363,5516.61164164135,1274144300664.98,1.43416971462893,24.3156481890843,3.99057919807736,44.301348536577,1.34525091985427,3.79126450872817,2.88377923731999
2013,YR2013,Timor-Leste,TLS,1158695,79.634121567732,93.8650327104015,4340.27851790544,1281.92864043187,5029059017.30444,..,41.4385782488239,0.34929171402434,1.85457267208161,2.27036904335364,4.00200675225529,0.907531547972225
2013,YR2013,Togo,TGO,7285442,82.1477877564195,12.1000763248412,2254.98838359616,709.09186114976,16428587079.3636,0,15.9023973322522,20.0134497256855,37.0721850700331,1.67620536115859,3.04894540679557,-0.343421437632374
2013,YR2013,Tonga,TON,107078,82.731581196292,16.9324739464013,5951.69432111238,3962.16964095596,637295524.516072,0,37.6738918754567,6.07434742112776,35.7666570189056,..,1.38770980540009,0.747224296074931
2013,YR2013,Trinidad and Tobago,TTO,1340557,..,24.2610872060137,37994.0686480473,19392.1974593783,50933214684.6203,6.44936933049536,13.7157496605562,4.61059312143765,14.7794836891159,0.76306904134769,-3.95638927717075,0.218848047556707
2013,YR2013,Tunisia,TUN,11141361,98.9549566862038,..,12587.9950645596,3947.58763533174,140247397280.477,4.28421078126965,16.709184760463,..,..,1.5597373837127,2.1744128074392,0.0442493015609402
2013,YR2013,Turkiye,TUR,76147624,53.0683530043043,18.3984701698244,24117.3121099839,10269.4489140773,1836476014441.7,0.0974218835401561,9.56829099517432,1.20486777186563,40.9522247526641,1.92395966496054,1.40962960980578,0.37789672353121
2013,YR2013,Turkmenistan,TKM,5939341,98.5928226795449,..,11633.2905987757,5131.16736462999,69094079818.2233,11.1133699718905,..,..,..,..,7.30000002103605,..
2013,YR2013,Turks and Caicos Islands,TCA,33653,..,..,15461.873511271,26477.5410719582,520338429.274804,0,..,..,..,..,..,..
2013,YR2013,Tuvalu,TUV,11001,..,..,3690.24204295331,3030.55285189857,40596352.7145294,..,84.4112252700125,..,..,..,0.8726977275,..
2013,YR2013,Uganda,UGA,35337042,43.1091548734687,..,2420.88808087266,828.988669729986,85547023791.0966,0,15.6686074316859,..,..,0.937840989830747,3.79031709675384,0.153470068957184
2013,YR2013,Ukraine,UKR,46126770,94.0016694501782,16.8986843392832,17889.091796875,2432.41625976563,825166033543.79,0.429728228604793,20.3318853819343,2.54641317838627,34.1484389816155,2.3928953083474,2.36694390135139,0.225723193076313
2013,YR2013,United Arab Emirates,ARE,7693031,157.398083989641,0.352793065363978,74237.2214478496,44312.6337162614,571109245952.172,26.2480640478396,..,0.214300856251924,8.26317834904874,6.03468625064444,2.38382217021709,2.15518399838704
2013,YR2013,United Kingdom,GBR,64139000,61.7195395154583,25.0275561855532,47820.2821627006,43585.1936238647,3067145077633.45,0.535996112164923,21.2399497021553,..,34.6390387452984,2.29232047399432,1.94762104828418,1.65364404767299
2013,YR2013,United States,USA,316726282,30.0079539684645,10.4835093346258,61958.7234416953,54462.6252412407,19623956113154.4,0.305650080049118,7.03638046076036,1.12079898671783,2.8443228914819,4.02370560438155,1.71066753395925,2.33207591223804
2013,YR2013,Uruguay,URY,3345337,49.7178464746233,17.859739728047,28119.4833341404,16639.4054750651,94069148018.5831,0.0356588037151128,16.4871246786996,3.55201787239715,33.7729249383841,1.68721815702608,1.60901257578737,-3.35554602069776
2013,YR2013,Uzbekistan,UZB,29724065,42.3779149727359,13.8004798918479,6797.77494784494,2530.68447898703,202057504405.115,1.81098984495042,7.95696759732385,10.9337745717362,32.7870762274779,..,0.945033981533171,0.00590483544846533
2013,YR2013,Vanuatu,VUT,254482,106.410757127713,18.2298178318362,3292.23424552549,2799.28262661802,837814355.269818,0,66.1295768452648,16.2838941821801,62.1758379500239,..,7.83052394467406,0.0504409776026187
2013,YR2013,"Venezuela, RB",VEN,29912198,62.4795214214587,..,..,4653.3645655649,..,16.7771388276982,8.30376764760164,..,..,1.66955178280415,0.828407125440933,0.0838062220143042
2013,YR2013,Viet Nam,VNM,90573104,130.846354866743,..,8324.19871250047,2320.08431444934,753948515703.971,3.17047517147024,11.4787031048652,..,..,1.74407703676771,4.16454517277325,0.9152640851623
2013,YR2013,Virgin Islands (U.S.),VIR,108041,142.241840556447,..,43563.8864931407,34663.6460602129,4706685860.60542,0,..,..,..,..,..,..
2013,YR2013,West Bank and Gaza,PSE,4076708,66.2713181162369,..,6142.20204342591,3309.63120243098,25039964208.0507,0,13.9194266087015,..,..,..,1.40253913684002,-0.25515830223208
2013,YR2013,"Yemen, Rep.",YEM,29312952,52.5118781367089,..,..,2014.7289059487,..,11.1124026574675,9.89199068546369,..,..,4.07952717554633,-0.330496410064222,0.0133365554067919
2013,YR2013,Zambia,ZMB,15398997,80.4562410213373,14.3471093166635,3535.22449043144,1280.77012176778,54438911322.4803,0,9.18156009869799,6.69366496203386,38.1379725868402,1.35973638684875,7.48932505567266,1.46044335265081
2013,YR2013,Zimbabwe,ZWE,14013808,58.6560737143829,..,5031.68744400391,1367.81831689463,70513101756.2815,0.00460692110876805,11.7740322238668,..,..,1.86822395642382,1.95306467023546,0.141355705927778
2014,YR2014,Afghanistan,AFG,32792523,..,6.8821029425122,3017.94254424696,575.146245808546,98965950294.897,0.0407438655716957,13.866416240527,3.80654923758403,2.55002617272127,1.29801287790022,0.209664794672203,-9.34458242055625E-05
2014,YR2014,Albania,ALB,2773767,75.0212023084129,18.2080954662381,13366.5595256489,4045.11934884933,37075721715.7806,3.12207615711342,34.3034957025688,2.90207301138316,55.5813290105694,1.34651599128914,8.64846635716115,0.568935441597854
2014,YR2014,Algeria,DZA,39205031,56.9235419669867,..,15073.7629403565,4634.10149179952,590967343363.326,19.3167294732848,6.42859959420727,..,..,4.96487829782902,0.628688968391006,-0.0077721359369468
2014,YR2014,American Samoa,ASM,53466,174.805598755832,..,..,12203.0894714284,..,0,..,..,..,..,..,..
2014,YR2014,Andorra,AND,73737,..,..,59929.2444670501,37300.6419409868,4419002699.26687,..,..,..,..,..,..,..
2014,YR2014,Angola,AGO,27160769,69.5801424481147,11.9996728280075,11721.664415634,3746.81619978613,318369419488.554,21.736607448329,17.360064013795,4.11500237486538,5.17411807390573,4.69845451564414,2.38352427018273,0.577903722972497
2014,YR2014,Antigua and Barbuda,ATG,88765,141.546161057996,..,25557.5249124716,15967.284996712,2268613698.85554,0,95.8330528096477,..,..,..,3.35554163274444,0.459278207983323
2014,YR2014,Argentina,ARG,43024071,28.4067936452275,12.6109666067191,28200.8152571318,13456.1319159151,1213313877880.72,2.09270565105548,5.97242272666433,10.7564308889433,27.5945343597424,0.878100924236765,0.962406650325519,0.364900179293752
2014,YR2014,Armenia,ARM,3013800,75.778866962639,21.5991745519839,12667.3757330249,3393.09252326884,38176936984.1905,0,28.8892312679277,4.0112838973233,44.1590742995108,3.94337826474581,3.50211415457343,0.248107582891757
2014,YR2014,Aruba,ABW,106807,156.491052766236,..,35746.8630679768,26773.8226808518,3818015203.70139,0,105.923041606213,..,..,..,7.46525460335849,-1.25763304681944
2014,YR2014,Australia,AUS,23475686,42.2993095385282,21.8026703321947,55489.068844146,56571.8062524437,1302643956617.56,0.488872500922202,8.87528706613201,2.38054360443514,23.487688566472,1.77241725032578,4.28599049307814,1.53022518868122
2014,YR2014,Austria,AUT,8546356,104.49673998926,26.8419027283415,60845.6597729815,43838.8345892137,520008669474.779,0.0769140310885635,28.2924201028739,..,26.8908280469502,0.75464957585912,0.389557041234778,-0.199601925490971
2014,YR2014,Azerbaijan,AZE,9535079,69.4832251953347,14.2125356482603,20709.201611232,5508.60265612676,197463873390.025,20.2463063109853,19.5161135983672,2.88475015396377,17.6083586400221,4.55501312398224,5.88846176710651,2.64098706297478
2014,YR2014,"Bahamas, The",BHS,382298,80.5370272284116,11.2869799983841,32712.6356664811,30658.5344563722,12505975190.0244,0,39.9729064196614,35.2333624781006,42.7631552669,..,2.25581446274834,24.0510306936826
2014,YR2014,Bahrain,BHR,1314562,168.57585814186,0.792383936021881,55065.8189472129,24135.4991304849,72387433086.8861,18.8709266924557,44.1028967139777,2.86746356194712,..,4.41851202803887,4.36728984042946,-1.13427159953711
2014,YR2014,Bangladesh,BGD,157964929,44.5140801968096,8.6353777373447,5068.63965672741,1159.40753475981,800667303501.53,0.0959581611484122,6.30642694754919,20.4469220851395,28.2187092026589,1.1364432719278,1.46870305074204,0.0241602997980794
2014,YR2014,Barbados,BRB,278348,..,19.6498849411095,20959.9650372142,20713.7670210437,5834164348.1785,0.293287641580527,36.7432067122067,9.4009030688617,44.3604876630535,..,13.4093775773811,-1.20263321244113
2014,YR2014,Belarus,BLR,9448515,110.651424367582,12.6977245264198,26564.4347246547,6212.91667418659,250994459962.421,0.734771849347757,17.3997791901068,8.34062244997476,32.3505333022932,1.04232763587955,2.36255232890544,0.0931317620524485
2014,YR2014,Belgium,BEL,11209057,158.571610953523,26.0083569098349,57002.9092185204,40533.9135027898,638948858596.221,0.048118822461714,45.1671618378532,..,24.082595328562,0.966272329768275,-2.82643623555084,-0.0777398081454568
2014,YR2014,Belize,BLZ,348923,107.112517468788,19.8625602469168,12272.2957895446,6116.49578852783,4282086263.77528,1.66821698471204,33.6213041202558,22.5596085896281,34.7282511329155,0.931313121713426,6.5987393918196,0.127890741797164
2014,YR2014,Benin,BEN,11030004,65.2682749404551,..,2987.38236326153,1014.4330062135,32950839416.3041,0,10.2811322457678,..,..,0.700924948797968,3.054209933397,0.130063529358156
2014,YR2014,Bermuda,BMU,63529,76.5167474588353,..,93042.2733051033,103941.982606956,5910882580.79991,0,36.1374289067432,..,..,..,-0.0534057831746824,1.86651900327258
2014,YR2014,Bhutan,BTN,733139,87.9342562013295,12.5052991179472,11744.5189124825,2797.81883971908,8610364850.97851,0,15.0307951950908,3.62438968973533,16.7947845659638,..,1.12656942719562,..
2014,YR2014,Bolivia,BOL,10848888,85.2644695625131,..,10790.8472899414,2900.90241586338,117068693673.678,3.03332355757079,12.7792485694391,..,..,1.89691504477836,1.98982485629696,-0.100354183765169
2014,YR2014,Bosnia and Herzegovina,BIH,3564829,90.5522780395662,19.7779011953067,13458.9083902112,4412.67617817734,47978706937.7683,0,11.7936348186169,..,42.9779242248782,1.02582688734534,2.93590253684149,0.0536750481326117
2014,YR2014,Botswana,BWA,2172044,119.497541791464,27.0928299660417,17052.1924105361,6547.12254115892,37038112212.1504,0,14.3163309031504,28.1010780933628,10.7320645029469,2.21199714449013,3.33019730942426,0.719886179919624
2014,YR2014,Brazil,BRA,200085127,24.685405813292,13.4900745186687,19183.1727445223,9338.34170840985,3838267554850.67,1.86374490964098,5.53933221075166,2.6458579719569,24.395124955259,1.330244423168,3.57135261310663,0.839026329666322
2014,YR2014,British Virgin Islands,VGB,32962,..,..,..,..,..,..,..,..,..,..,..,..
2014,YR2014,Brunei Darussalam,BRN,416750,102.421000963035,..,83310.6151819533,31148.7297405401,34719698877.079,14.6726548413146,16.0467714920778,..,..,3.08686095781185,3.35660901155102,..
2014,YR2014,Bulgaria,BGR,7073572,130.248377115245,19.5666207727537,23455.5804023134,6941.01853946718,165914736777.553,0.0309655080286577,26.3008480697414,0.0534493629177902,43.2814453591135,1.30960223173333,1.91587739023798,1.54580612111411
2014,YR2014,Burkina Faso,BFA,18229461,58.8235624937426,13.6638275123117,2083.19844698304,624.576885187665,37975584844.5378,0,12.6475016489198,10.8798519850203,38.5738339130981,1.27234195224905,2.56255154786841,0.498789565703348
2014,YR2014,Burundi,BDI,10799785,..,13.6898075514221,1022.29153627273,261.296721752002,11040528799.0652,0,12.2241749329523,5.98546228419045,36.7223922355748,2.29794559090695,3.38973967159169,0.00101004927364879
2014,YR2014,Cabo Verde,CPV,512326,91.3038524117221,15.5325588996425,7491.02198228243,3383.8422809791,3837845328.09483,0,48.8354550122033,17.4188129663224,38.8853604064,0.492596173932618,8.84407322092194,0.6096813255523
2014,YR2014,Cambodia,KHM,15396772,124.454908526693,11.08378844624,4702.73061823207,1464.53115866927,72406871106.3382,0,26.7430753443053,19.1041333285953,42.0378323976824,1.26114158531483,8.40902020300656,0.37231397098694
2014,YR2014,Cameroon,CMR,22059893,50.8323893087648,12.285343811226,4588.4864949903,1381.81938454907,101221521111.431,3.67835628658685,12.8907498835549,11.9676477497735,33.5134409504313,1.10497962306915,1.99484327731063,-0.0323943009239718
2014,YR2014,Canada,CAN,35434066,64.3786621564923,11.8083790792206,55723.4835404159,43643.2356440047,1974509593521.01,1.16512699520053,11.4674947448652,1.32851237236035,13.9611575017372,0.989925299438869,3.55390337011002,3.59849380304115
2014,YR2014,Cayman Islands,CYM,60160,..,..,73051.8114153598,76104.621790038,4394796974.74804,0,..,..,..,..,1009.0310578527,394.898962127557
2014,YR2014,Central African Republic,CAF,4623182,53.0950920179825,4.09850069582654,1001.85598053496,351.561554911625,4631762535.80156,0,..,..,..,2.02965439546462,0.18339589636816,..
2014,YR2014,Chad,TCD,14188678,40.8116269859319,..,2820.67795067436,993.321157708395,40021691183.8183,11.3679339086533,..,..,..,2.15784238896733,-3.72317778039931,..
2014,YR2014,Channel Islands,CHI,162726,..,..,..,61892.8083445708,..,..,..,..,..,..,..,..
2014,YR2014,Chile,CHL,17864195,65.6346281218887,17.0445012165024,27505.0495524158,13285.9540361192,491355568689.018,0.0299545823134528,9.68773604040783,1.10279124544562,49.2228191774955,1.9671068502734,9.83500371419039,3.88343183189126
2014,YR2014,China,CHN,1371860000,44.0684564812532,9.49826837509792,13968.581485524,7686.57792954381,19162938196730.9,0.888100390466572,6.10821914087602,2.83756414845501,38.4237460625426,1.73840928794394,2.51155883670463,1.15348889141033
2014,YR2014,Colombia,COL,46565429,37.4874656411103,15.6997483690587,16480.3631474161,6121.83982019825,767415180035.221,5.26376178203189,6.4912103468937,1.89144261816115,24.8854207922984,3.10825884811044,4.24107256687862,1.0226976953158
2014,YR2014,Comoros,COM,711503,39.2358244169194,..,3334.57512780965,1342.32802421364,2372560207.16195,0,16.8587195084343,..,..,..,0.407499039358216,..
2014,YR2014,"Congo, Dem. Rep.",COD,78403242,74.1131729382021,8.0863655024941,1392.75841334673,481.830241883776,109196774929.16,1.0574581164719,8.85719946900139,11.1210620203896,22.4731609362736,0.88969520971371,3.90992337722209,0.895891466704584
2014,YR2014,"Congo, Rep.",COG,4975880,104.197620103417,9.58092115661996,9159.25664414045,2488.68118548992,45575361950.4456,24.8226399767107,24.4598877339455,5.30645141883054,12.5846144328086,3.94035726748698,16.1339951694307,6.98100398130614
2014,YR2014,Costa Rica,CRI,4767119,65.1912420532368,13.0455889610236,20724.9217693423,11422.6735793176,98798168340.1452,0.0518301508258059,18.5958654556239,5.21498306134097,32.1297378346714,..,6.23293662208767,0.815916446435849
2014,YR2014,Cote d'Ivoire,CIV,24527395,53.6804175610344,10.11725754556,4907.57450294516,1742.53693001178,120370018325.665,0.691789500523942,8.13021542644647,41.1605307124011,21.0135970675904,1.0677761217949,0.899528920528967,0.033206184308329
2014,YR2014,Croatia,HRV,4201598,85.2166241319216,20.3827802988866,28456.7371595258,11862.7609491821,119563769935.989,0.332340412986531,27.3616367325655,0.000189110873875248,48.5729205429312,1.80811715937665,5.34793327281585,3.84224272224011
2014,YR2014,Cuba,CUB,11285775,39.2741528539069,..,..,7392.48324633027,..,1.25544342902406,..,..,..,3.53600476096013,..,..
2014,YR2014,Curacao,CUW,155909,164.359817499142,..,31128.647036239,19529.5285930905,4853236230.77299,..,82.838743112287,..,..,..,2.26501702747432,1.4330743011624
2014,YR2014,Cyprus,CYP,1201801,130.84436307939,24.7157220076717,36105.05078125,22373.578125,31066195226.5784,0.00228489772489687,81.3101112840232,0.00137750533783318,32.5752462290791,1.54260195978916,233.165753265091,271.536291467719
2014,YR2014,Czechia,CZE,10525347,156.415122826886,14.3234419623065,40158.0164275735,17118.0425571578,422677057731.912,0.0252681890510458,22.4873197649,..,29.853356341923,0.959115722257081,3.83510153423089,1.9317259372448
2014,YR2014,Denmark,DNK,5643475,103.210859225139,36.5850723841222,61552.7997775157,52368.3625969272,347371686724.415,0.834668694474792,39.8160158755395,0.0330426225712466,33.9471945125128,1.1497978040996,1.86415567840611,2.81142237397008
2014,YR2014,Djibouti,DJI,1002717,298.564535821251,..,4705.04926772184,2253.14082249768,4717832886.58224,0,62.8329021047625,..,..,..,6.88983261287099,..
2014,YR2014,Dominica,DMA,70373,..,..,17520.8546265613,8576.26367623609,1232995102.635,0,64.6014988239186,..,..,..,2.15759020953855,-0.305817395750408
2014,YR2014,Dominican Republic,DOM,10315528,55.6601041506633,13.4195317717898,16993.587444403,6430.27811051339,175297827103.188,0,14.9572488968879,5.99430641154564,52.6961296191207,0.651437855543241,3.55938801753347,0.263824173688809
2014,YR2014,Ecuador,ECU,16035124,61.4263766217565,14.0206757263498,14064.7992246727,6055.04172761485,225530799602.73,11.0826381316277,5.7198007269438,9.03131899728233,25.6165986016058,2.71279094772759,0.751953401658059,..
2014,YR2014,"Egypt, Arab Rep.",EGY,97528654,36.9201877934272,12.2201408450704,13136.365629827,3235.66246235257,1281172058328.89,6.82340013626772,12.9083091079812,3.40362837993991,20.5529235035822,1.68969483568075,1.50925042253521,0.0826910328638498
2014,YR2014,El Salvador,SLV,6162955,78.1044257477935,16.7087952005602,9451.744607867,3713.94992016222,58250676689.777,0.000268957154654745,16.7462191575034,3.91794058879163,42.782951873725,1.03525487674093,2.2408951362935,0.884545495003645
2014,YR2014,Equatorial Guinea,GNQ,1399828,104.379198671388,8.29890080834834,31765.8997056851,10363.4872473549,44466795853.2098,22.8648774988219,..,1.38297320479824,2.42783982422161,0.766177996343115,0.771291915530887,..
2014,YR2014,Eritrea,ERI,3095173,..,..,..,..,..,..,..,..,..,..,..,..
2014,YR2014,Estonia,EST,1314545,157.953944842229,20.7046889899527,35723.6266134228,17413.6867560212,46960314746.5419,0.967779937618074,44.5463731584284,..,37.3331060812653,1.89535477779564,6.58511618123403,4.20137785198439
2014,YR2014,Eswatini,SWZ,1136299,91.6200186943398,29.7662142682087,9084.49405780635,3381.79292071291,10322701513.3913,0.312695221324426,8.97789179172438,50.28484865358,16.9912983030491,1.82286935337352,0.601685882709023,0.0123438795860215
2014,YR2014,Ethiopia,ETH,101115610,40.7410841498626,8.81195539340994,1821.39161774962,556.362532243867,184171124477.639,0.0067708864607757,13.3119476462905,19.2231373714381,34.567844518568,0.768407756190907,3.33569111068815,..
2014,YR2014,Faroe Islands,FRO,48428,106.142539193387,..,64018.0937166287,52644.7898999399,3100268242.5089,0,..,..,..,..,..,..
2014,YR2014,Fiji,FJI,917585,..,23.9766794213578,11183.3135357123,4883.24300436251,10261640750.6665,0,39.9122488997758,19.6848796764859,47.4624290150026,1.53977309916003,7.77972455296746,0.789565083552131
2014,YR2014,Finland,FIN,5461512,74.6277719754196,20.735954919725,52710.7334867778,42502.4880199858,287880303466.839,0.0536121904628334,20.8301650576042,..,38.2932719663156,1.45927959000267,6.41537482088507,-0.0471545412293658
2014,YR2014,France,FRA,66312067,62.1992669379507,23.1556593525911,50326.567863089,36444.3949089146,3337258740017.21,0.0094716180532004,18.9248270269638,0.00506341828061402,21.8654004952023,1.85952906556899,0.176974174772525,2.15340597997565
2014,YR2014,French Polynesia,PYF,276387,56.2324578944225,..,..,18928.1858620128,..,0,25.808775065886,..,..,..,1.00664512234416,0.49755148446718
2014,YR2014,Gabon,GAB,1978399,73.5203290162438,15.1052288778108,20008.9899779322,6998.60545439576,39585765763.3511,22.1627532667092,13.8689058891962,15.6014806959465,12.9582177276415,1.14481839629997,6.93864724297156,2.6375525888143
2014,YR2014,"Gambia, The",GMB,2164528,58.2579307752264,..,2465.10971144823,611.879472952196,5335798993.50162,0,21.3343831537836,..,..,1.18750912674762,1.8718835765044,-0.994002029017464
2014,YR2014,Georgia,GEO,3719414,94.9506979383393,22.0531492339701,14475.3135356035,3960.35080091901,53839683818.7131,0.099561569009553,26.6126583697677,1.13609155772638,49.1871378633338,2.31346741070778,10.2241873429056,2.26288750580786
2014,YR2014,Germany,DEU,80982500,76.8483516336234,12.050213270698,59108.6977289315,41602.4661281668,4786770113833.19,0.0223645319543507,16.4148620651019,..,25.2489421599922,1.12769949450115,0.437762571704246,2.66057441329734
2014,YR2014,Ghana,GHA,28041592,63.8365624430783,11.2521859781818,5619.07233511591,1726.36930134647,157567733839.808,3.42103394358244,12.2383514427706,13.2266828854892,27.5309218050406,0.484989051455069,6.15120635162518,0.0117047761791094
2014,YR2014,Gibraltar,GIB,32813,..,..,..,..,..,..,..,..,..,..,..,..
2014,YR2014,Greece,GRC,10892413,66.4335364513677,25.3987231791514,31213.3765120298,17903.5252440012,339988988093.528,0.0144293246870193,24.9001749187805,0.00621241488991601,32.3455593658367,2.36784026258467,1.15314480305525,1.28949128463839
2014,YR2014,Greenland,GRL,56295,87.0885837878503,..,64799.3056628017,45545.1429414917,3647876912.28742,0,..,..,..,..,..,..
2014,YR2014,Grenada,GRD,114132,..,..,14287.9538720088,8206.62862112333,1630712751.32011,0,65.4537361516094,..,..,..,9.18674323761499,0.747533401366901
2014,YR2014,Guam,GUM,165486,78.3600713012478,..,..,34755.2691107298,..,0,..,..,..,..,..,..
2014,YR2014,Guatemala,GTM,15681725,55.0832735945126,10.7778148103957,10553.5642244297,3809.61587570091,165498091937.346,0.36376572238644,10.9228254716772,4.14095812042287,50.6888629493511,0.424656428368739,2.43302117698753,0.0342472611910454
2014,YR2014,Guinea,GIN,11472924,76.7719658952305,..,2834.96634347846,738.272274481308,32525353401.2862,0,6.93407256410753,..,..,2.27643791059905,-0.840221306496811,0.0375781368762241
2014,YR2014,Guinea-Bissau,GNB,1741122,46.8696583055238,..,2156.2021908175,623.610159103365,3754211070.88055,0,14.3946105502501,..,..,1.89380436110046,2.54152912247103,0.242003646135571
2014,YR2014,Guyana,GUY,754229,..,..,12030.0529344045,5635.71704117947,9073414794.663,0,14.7070214783464,..,..,0.951652170035393,5.75992305097648,..
2014,YR2014,Haiti,HTI,10373235,42.3515259071619,..,3434.63597400578,1411.76834802154,35628286097.8159,0,11.8066585322311,..,..,0.0355624820363801,0.653599798370867,..
2014,YR2014,Honduras,HND,9063122,112.97509728471,16.5426382431714,5705.16246265484,2229.24772232218,51706583428.8613,0.00205052417069276,21.9176454878119,2.99879892580054,44.2633853640006,1.19271597688079,8.62899693066618,1.9738698198319
2014,YR2014,"Hong Kong SAR, China",HKG,7229500,425.975871734797,..,61839.810843419,41796.8681867763,447070912492.498,0.0157873788944443,62.062068247546,..,..,..,44.5506957088126,48.3401041129192
2014,YR2014,Hungary,HUN,9833038,168.358355086413,23.0029515544783,30264.9492302161,12287.3779441033,297596395848.786,0.168537005640249,30.9621166727498,..,36.9496304305519,0.857233093600132,9.1265022330579,6.54117508292626
2014,YR2014,Iceland,ISL,327386,95.2879194201667,24.2416141347304,59133.2701459773,52102.5757919438,19359404780.0109,0,40.6882180109847,0.819828709309326,31.9218471783985,..,4.24755010057716,0.118294134724783
2014,YR2014,India,IND,1312277191,48.9221857470669,9.98465419071312,6079.84393523695,1484.31640682913,7978440521051.13,0.945192923172492,11.6870988479829,13.0409600244063,25.5570369274154,2.54398176462257,1.69565958990806,0.573112117006218
2014,YR2014,Indonesia,IDN,258877399,48.0801755855227,..,10504.3869411088,3170.72103011429,2719348369403.8,1.97502549820142,6.40666868474905,..,..,0.777855178232831,2.81997260412102,1.16607114019871
2014,YR2014,"Iran, Islamic Rep.",IRN,81502045,45.3514201413161,..,15262.8515760903,5093.20319702187,1243953615982.83,21.2353758265799,..,..,..,2.11655706144949,0.45545387401938,0.000744562670031216
2014,YR2014,Iraq,IRQ,36550059,68.9824868569036,0.91477329322806,13536.8227681431,4446.97343234862,494771670848.172,46.6038527995508,9.80458186405847,0.540770314701738,0.25347820668897,2.9506139914123,-4.45521124532956,0.105728304287085
2014,YR2014,Ireland,IRL,4657740,211.181602002085,22.4854573798423,65575.8061665793,52044.6201181887,305435055414.323,0.00393161333522517,117.186621798939,..,31.5501948591734,0.447668415911946,39.3649751606697,34.4088143275623
2014,YR2014,Isle of Man,IMN,83892,..,..,..,84778.5806639347,..,..,..,..,..,..,..,..
2014,YR2014,Israel,ISR,8215700,61.7133541160002,22.8049632869319,40872.5808449627,36129.3146105805,335796862447.96,0.0117966062119145,18.8932607928712,0.742876347892836,35.5514113652571,5.63057461102748,1.9201815482971,1.43658873461597
2014,YR2014,Italy,ITA,60320707,54.4545299332032,24.9693939747194,46825.6511245062,30325.0287793923,2824556381565.56,0.0967846101416793,10.6437130119821,..,24.6833472785557,1.27633070266495,0.783743281747353,0.942192984227304
2014,YR2014,Jamaica,JAM,2793749,..,24.0532304301892,9872.15913752129,5307.19165380801,27580334718.291,0.437195148150247,37.3898993988682,9.83659006411192,46.1242424120702,0.872784216786518,4.18835617241287,0.427937759590035
2014,YR2014,Japan,JPN,127276000,37.4314345686579,..,42674.6976301321,34386.9058552671,5431464815572.69,0.00369773020794163,7.27724718504423,..,..,0.957800914762225,0.403354543401035,2.81651208481112
2014,YR2014,Jordan,JOR,8791710,109.938805535022,15.4316440340028,10148.99809876,4282.11872849239,89227048074.8495,0.00161998790264992,31.952279295908,4.50355000275194,40.5016786834718,4.20345261907888,5.91204890205889,0.226283891512179
2014,YR2014,Kazakhstan,KAZ,17816285,64.9720346513507,14.1934327407655,30986.4379168995,10226.7100539683,552063209062.287,13.4439854013249,9.41597158544519,22.8159990033114,16.2478464058523,1.0416921334727,3.3006311188168,1.18941116451201
2014,YR2014,Kenya,KEN,46051440,46.170489362216,15.1870212655744,4558.55155266374,1450.59338202277,209927863314.401,0.0225273671136455,12.2627998870657,7.84333818213759,29.7972526764513,1.19943336712808,1.20220842439576,0.110006521071111
2014,YR2014,Kiribati,KIR,115326,104.187980044647,15.9191032007104,2381.34837325608,1492.8506819325,274631382.49413,0,45.8706549603732,3.17916536282323,6.74519764990735,..,1.31418451065811,0.0730701997413516
2014,YR2014,"Korea, Dem. People's Rep.",PRK,25451262,..,..,..,..,..,..,..,..,..,..,..,..
2014,YR2014,"Korea, Rep.",KOR,50746659,86.9342577972039,12.6305681932478,43806.9250985661,29470.6732991655,2223055089815.47,0.0403191275638592,14.5924078116562,2.18761843902678,21.8075519854852,2.41327231110109,0.595893048504325,1.79909760163781
2014,YR2014,Kosovo,XKX,1812788,77.0760521643276,..,9150.74997293883,3279.02499043758,16588369741.9438,0,26.2006984220064,..,..,0.758327843608571,2.82551916539146,0.502004492385352
2014,YR2014,Kuwait,KWT,3665876,100.037189841844,..,60065.6544076232,31073.1537300624,220193240917.2,53.239569150436,18.478261890968,..,..,3.58561842128005,0.298681408941651,8.05894469276632
2014,YR2014,Kyrgyz Republic,KGZ,5905848,125.126181075833,17.5486530868942,5513.7544695252,1088.58214229508,32563395806.3365,0.290808188479066,28.756709995884,10.7622040814075,33.3190919270467,3.37589282594698,4.59301012553734,1.50741371474532
2014,YR2014,Lao PDR,LAO,6703172,99.0597382933399,13.8301819353549,6341.2122967032,2006.31195444447,42506236713.3166,0,14.4174241796301,7.41489563465509,45.6890027231966,..,6.53385086120159,0.0531472794651221
2014,YR2014,Latvia,LVA,1993782,130.042252244959,16.1740602062131,29243.7412502629,12731.6771959342,58305644917.4316,0.0891082785579314,27.5753806411164,..,43.0176500406506,0.978038880665435,3.45179531513632,2.2926143900895
2014,YR2014,Lebanon,LBN,6346990,79.8171565925627,14.1095658840407,15205.873265402,7830.4151113336,96511525556.7738,0,58.1440203475445,5.29386652864262,34.0722748890513,4.71994151384666,5.95175528625723,2.57968878116838
2014,YR2014,Lesotho,LSO,2080089,126.292475360578,36.3284327200507,2930.61724036206,1100.04993684215,6095944684.88747,0,15.3818923794987,14.4708689449663,30.5423113031818,1.95379607639772,3.86963158626918,..
2014,YR2014,Liberia,LBR,4564293,..,..,1750.1438489328,707.157694930142,7988169318.67705,0,28.4650750664779,..,..,0.470258899676375,15.558740639735,-1.10149017934979
2014,YR2014,Libya,LBY,6427252,76.5248826381117,..,12499.0829968523,7644.24843947404,80334756189.685,28.6305298163822,13.1340258252318,..,..,15.4795763013832,..,-0.13525677863363
2014,YR2014,Liechtenstein,LIE,37248,..,..,..,..,..,..,..,..,..,..,140.293444143294,..
2014,YR2014,Lithuania,LTU,2937253,143.290115780694,16.0335026552639,33975.0843756963,13753.1895982305,99793418507.7672,0.0624235150052519,27.5474565612409,..,34.5737065941395,0.883731669079507,0.739699359398684,1.12971786878894
2014,YR2014,Luxembourg,LUX,556319,333.42885319668,24.7451571133867,130247.661687069,105583.937273429,72459248902.0886,0,247.050476361235,..,31.5860400286749,0.366856825936978,29.1553936951999,63.1069462039856
2014,YR2014,"Macao SAR, China",MAC,621700,118.580835443557,35.0697011421421,162813.439348589,92383.8434915276,101221115243.018,0,89.5138606409808,..,89.478878183395,..,4.41326860101837,2.47209224456336
2014,YR2014,Madagascar,MDG,24764348,61.9694322111234,8.44113338214288,1620.357889066,443.343869908205,40127106649.3759,0.0862831212415832,21.1066346673058,10.34143142884,46.632055830699,0.556391260884791,2.97751123297568,0.29354400585318
2014,YR2014,Malawi,MWI,16621538,..,10.9491092541785,1597.56484331405,539.562601918057,26553984750.6085,0.101801477666212,4.29667543495311,7.97560791032044,35.8611506256938,0.580771278154093,5.17606257562695,-0.0538102562371815
2014,YR2014,Malaysia,MYS,30696137,138.312231176843,14.8407907140268,26818.4317281659,9341.73055971278,823222254452.927,3.85543153552736,25.845762326831,2.06802524368789,14.9120557034558,1.45511301633341,3.14122940365348,4.75051317611129
2014,YR2014,Maldives,MDV,413617,165.97925116043,19.3230032774954,18765.3592118344,9612.07861806739,7761671581.1213,0,102.549820274827,16.0470623778825,37.5132385025403,..,9.01659145068896,..
2014,YR2014,Mali,MLI,18020267,51.078682187569,10.6352635051305,2609.16733048758,813.975661285204,47017891943.0635,0,15.4292492703944,12.9907901114881,37.4018419777024,1.51593383195421,0.844265987943503,0.00360199894501066
2014,YR2014,Malta,MLT,433481,181.301127112959,25.5760345951655,43161.5419815161,23866.0667851301,18709708379.6896,0,199.900492230781,0.946791722495162,34.3798124162573,0.476026297334065,1.31122389873341,-73.3010043980443
2014,YR2014,Marshall Islands,MHL,49796,149.853494623656,15.8567516129032,4491.99193864536,3620.77275283155,223683230.576784,..,39.3914921208313,7.06761947323926,10.8573022698031,..,4.86434681611556,..
2014,YR2014,Mauritania,MRT,3848514,91.610371363604,..,5837.8520312229,1520.64621634902,22467055272.0898,1.48326200444495,17.885888092108,..,..,2.19709519242621,7.62361704174833,0.42085462257845
2014,YR2014,Mauritius,MUS,1261208,135.099064765426,17.8701383969452,21827.4802326052,9300.07878638583,27528992689.2035,0.0823071655778768,38.0006710238012,1.36342473096384,56.643489803758,0.151017482159405,3.44327494440095,1.06667651107373
2014,YR2014,Mexico,MEX,119784261,64.0984090351215,10.2428550413982,21069.7661649129,9862.48125444199,2523826369506.89,3.9014361869158,5.59036861062088,1.14788131262508,25.4097865510019,0.495321031372806,2.08415748550878,0.409978312162392
2014,YR2014,"Micronesia, Fed. Sts.",FSM,108396,107.645357374787,12.7548894779716,3575.85071357893,2740.01667828088,387607913.949102,..,36.5990393345612,3.32844996431721,3.90166630720862,..,6.43620509110735,-0.163028575266726
2014,YR2014,Moldova,MDA,2857815,94.2282919690928,16.8287991530895,11641.1208436577,2737.80185056647,33268169763.8176,0.0299660461211061,22.9447917260451,3.78723525851342,47.0761213764869,0.293185445408591,3.67896919655633,0.434265141067924
2014,YR2014,Monaco,MCO,36128,..,..,..,165288.200345355,..,..,..,..,..,..,..,..
2014,YR2014,Mongolia,MNG,2963113,109.322311877187,12.9016342426866,13943.4277148653,3830.35892049593,41315951926.4775,3.63584891999233,20.4737278631792,6.15509921413352,32.5863473167173,0.85972525833079,2.7625883357052,0.87581295548265
2014,YR2014,Montenegro,MNE,623744,100.438431458711,..,20641.850118964,6272.09116381077,12875230160.6031,0,39.7384892959339,..,..,1.47227234869517,10.8522476721182,0.608822867355542
2014,YR2014,Morocco,MAR,34204780,71.8935667539398,20.3536177497918,7951.79833984375,3051.458984375,275747360357.991,0.00272007561344937,21.0761780516601,3.13700752304277,44.1917430742517,3.39845864113579,2.95925435484489,0.361972658247785
2014,YR2014,Mozambique,MOZ,25788475,116.356855242217,23.9653838768408,1449.92926632722,585.266716133984,37391464636.448,0.114254490571332,24.3737328288227,6.73654293588252,31.478888374164,0.96645825007793,27.8047100445849,0.539592359853299
2014,YR2014,Myanmar,MMR,50681634,..,5.84092892509683,5006.50667149767,1099.24387751605,253737938743.403,0.528936281376954,8.10417085949424,3.39939199418338,12.1728568403853,3.78953444074754,3.31904421353417,..
2014,YR2014,Namibia,NAM,2312139,103.080137009254,34.6286881018446,11982.6963648348,4701.95694189098,27705659590.2928,0,15.1298052473765,36.2668858256822,21.6109840491628,4.32586724007944,3.58316691192793,0.178744501097161
2014,YR2014,Nauru,NRU,10742,197.222222222222,20.0283114814815,11112.9673369473,7638.99065218892,119375495.133488,0,75.0863636402258,17.2764710537139,2.69548841607775,..,..,-65.6009307177482
2014,YR2014,Nepal,NPL,27672370,45.9826416115927,13.9949104858592,3621.73168937112,846.665541773599,100221899349.003,0,11.3746365429252,16.8006144298729,40.6210242207421,1.43375979820575,0.133746236524448,..
2014,YR2014,Netherlands,NLD,16865008,151.715891056501,21.5393728808314,62045.8563802085,45042.0669545832,1046403864219.07,0.0610565682264859,40.2894247844992,..,25.8777129056202,1.14761127983414,15.9879956344505,19.1434632328625
2014,YR2014,New Caledonia,NCL,281224,58.9577979346478,..,..,..,..,0,16.9167275715898,..,..,..,16.5212034418212,0.54821550593162
2014,YR2014,New Zealand,NZL,4516500,55.0986550961851,26.8264180769563,44255.5046637459,38056.2646732554,199879986813.809,0.427387592230975,13.8424545237844,2.78088654395903,28.8527275697542,0.998146779850979,1.61353184490058,0.705835469012474
2014,YR2014,Nicaragua,NIC,6066492,106.698200190796,15.3162602503007,6712.21749816316,2006.64869646533,40719613754.8668,0.0340990650048295,18.5237265434258,3.67288891101914,50.4236358766845,0.685091959091359,9.06363827053251,0.791216565221077
2014,YR2014,Niger,NER,19215909,45.7416008365932,..,1462.82122998491,482.74524741946,28109439638.6581,2.79681841817513,12.2153836088254,..,..,1.33859819740079,7.57591181433667,0.816178063759005
2014,YR2014,Nigeria,NGA,185896915,..,..,8884.77428661657,2583.6155695814,1651652130353.35,7.0738580847829,4.68538236231314,..,..,0.414718776586509,0.817478467870197,0.281145968044914
2014,YR2014,North Macedonia,MKD,1917557,112.537928969299,16.2352837077427,18452.282749234,5053.75001236367,35383303951.7728,0.0217970329673458,25.99721553442,2.86893544347838,45.2676066208562,1.09296080025624,0.535807905351314,-1.76469800490942
2014,YR2014,Northern Mariana Islands,MNP,52178,119.831730769231,..,..,16869.5270385638,..,..,..,..,..,..,..,..
2014,YR2014,Norway,NOR,5137232,69.1373772209037,23.412031718882,84830.2558016961,74180.3238731011,435792704672.659,5.54233636695862,21.3109573016949,0.219689290664239,24.6402984354206,1.46227942776465,0.646203788277676,4.44313434220797
2014,YR2014,Oman,OMN,4002439,102.27872108813,..,39639.9870514802,18726.2026946971,158656630134.339,31.6791185960483,14.2185539380898,..,..,8.86041181394662,1.3876575353227,1.46312859820216
2014,YR2014,Pakistan,PAK,214264647,29.4698256903998,..,4520.23463399286,1343.30778121043,968526478209.654,0.93400190583338,5.26289657273074,..,..,3.09657969704779,0.695308116834202,0.0449536779299272
2014,YR2014,Palau,PLW,17715,145.702065814239,19.1456384058262,18786.8332875028,15015.0026129107,332808751.688112,..,74.6322883692592,10.8391764281815,24.1694284557372,..,16.2302771563256,..
2014,YR2014,Panama,PAN,3892101,114.970604967371,9.95964875478762,28931.8044516019,13611.5490656071,112605505037.884,0.0277938429371604,31.8474081665513,5.56512747853458,36.0844922354199,..,9.6921652724572,1.66215850952901
2014,YR2014,Papua New Guinea,PNG,8523441,..,17.9099621510466,3998.61805004308,2391.3578028163,34081985031.0772,4.5168090264406,10.8119845695122,4.67368421052632,24.2829473684211,0.484413309982487,0.126824295087963,0.255197757867959
2014,YR2014,Paraguay,PRY,6069811,69.0837249630891,9.74517637879594,14219.3544308099,5794.47644689985,86308793937.0285,0.179139183622576,7.818025090033,6.23389704711045,41.5577807806569,0.986605391734507,2.5135375460501,2.36339192203888
2014,YR2014,Peru,PER,30115826,46.8531210912899,16.7209266789582,14244.5660212948,6103.91864749969,428986871742.827,0.701848750280175,6.8054753403832,1.43442261821385,36.0141411249846,1.60248762240244,2.12302965027806,0.416834553796102
2014,YR2014,Philippines,PHL,103767130,57.4681720875945,13.0155171797493,7340.361585912,2776.92005909479,761688254932.336,0.135190051391655,15.6041237574131,19.3673463929021,25.2950780380123,1.04312706559466,1.92937522802216,2.27035157811181
2014,YR2014,Poland,POL,38011735,92.0340197113178,15.6271982270924,30334.8786569618,12093.1622787394,1153081368765.59,0.0603215388253716,15.2803503293503,..,35.5627880061033,1.90822735552002,3.85089176515991,1.24839945713475
2014,YR2014,Portugal,PRT,10401062,80.220669072079,22.8746795754976,35097.4098263229,18836.8967978906,365050335642.993,0.0587105859995099,20.4305608778816,..,30.4356207515522,1.30668261277534,5.43851031792652,1.59217836503867
2014,YR2014,Puerto Rico (US),PRI,3585017,102.385456504805,..,41593.6798280708,29141.2038639816,149114049276.191,0,..,..,..,..,..,..
2014,YR2014,Qatar,QAT,2151745,99.0343138952759,..,128013.946689103,71756.0265797248,275453369718.544,21.5388184142326,22.4926664339819,..,..,..,0.504490726802349,3.27232907662344
2014,YR2014,Romania,ROU,19908979,83.3751429575201,17.9390645906369,28156.2475476815,8661.47397274241,560562141145.593,0.710972260249342,16.6970837197497,0.000424191749753262,37.6134123775382,1.3476637836228,1.9372882717301,0.134790521804441
2014,YR2014,Russian Federation,RUS,144237223,47.8013412628116,13.2553613058332,35853.24609375,9493.8125,5252793677571.37,9.08748946492807,9.06968278595819,25.1073881864702,21.64348983352,4.11299297822323,1.0698764102333,2.77200015190593
2014,YR2014,Rwanda,RWA,11364757,43.902733691075,12.9476292724141,2106.21454365589,690.610394944356,23936616478.515,0,15.3787212870199,3.70663078213477,25.2654886895854,1.10273875155611,3.81112336248267,0.0459745076459653
2014,YR2014,Samoa,WSM,200037,80.5007740440855,23.6829224193063,6247.90480904724,3967.23730470679,1249812134.28738,0,34.2992869795987,8.33474987079157,44.1254721938326,..,2.86810154101309,0.543364062735305
2014,YR2014,San Marino,SMR,32655,..,18.3455831269841,58743.5844219421,42492.8509160139,1918271749.29852,..,..,0.512280437578896,21.7582551320535,..,..,..
2014,YR2014,Sao Tome and Principe,STP,196767,..,..,5223.09572886388,1301.32146445028,1027732877.28136,0,52.691028147998,..,..,..,9.03727468460171,1.34128090864798
2014,YR2014,Saudi Arabia,SAU,28309273,78.000111117736,2.66292976817046,58872.2671400126,23404.7306039825,1666631082595.55,40.3219689900701,15.1452503320129,1.87676478477437,2.96700158920762,10.5350604637453,0.191711517264834,0.685507079690388
2014,YR2014,Senegal,SEN,14152102,58.4425289760992,..,3484.01219749797,1180.7987108505,49306095988.2355,0,14.0218887141639,..,..,1.21336600293871,2.03613121185767,0.13870430597181
2014,YR2014,Serbia,SRB,7131787,88.3815023270446,21.0521740873784,17922.510092839,5716.54047153506,127819524487.478,0.863046421127908,19.2947319442014,1.90370063500889,40.0834315931293,1.8702430512257,4.07119376860245,0.714086025588603
2014,YR2014,Seychelles,SYC,91359,213.354469426486,..,25379.4180707013,14395.6158118771,2318638255.5212,0,96.4127926823613,..,..,2.22757343262158,7.80896304548278,-5.54002946339032
2014,YR2014,Sierra Leone,SLE,6876385,51.1187772788807,..,2812.52832195116,1032.23789355905,19340027565.1401,0,18.7625977231795,..,..,0.747309962312162,4.88007878489104,..
2014,YR2014,Singapore,SGP,5469724,360.467319166237,13.5565571344028,107066.858613992,54681.9336458253,585626166165.556,0.104388992582944,101.772888139027,..,23.5744290205024,3.04786038477706,21.8184880782679,16.6667376868007
2014,YR2014,Sint Maarten (Dutch part),SXM,36672,..,..,52439.4736756048,38623.1999405819,1923060378.63178,..,103.30759726631,..,..,..,3.50338478659669,0.0894306655126558
2014,YR2014,Slovak Republic,SVK,5418649,176.756316098132,17.3884614229196,31901.9424982702,15647.6491763517,172865428816.309,0.00491177248757578,17.7411389303259,..,30.3059198480064,0.982206647396956,-0.356803047431846,0.274509536456396
2014,YR2014,Slovenia,SVN,2061980,146.471705096746,22.0340192699754,37655.1979898073,20228.7081986391,77644265151.0229,..,26.6832421828862,..,35.1834432530147,0.983232647144707,2.05875310395561,0.429501967278159
2014,YR2014,Solomon Islands,SLB,616908,93.4534070100296,25.5955725647382,2716.42200217839,2085.16067273086,1675782464.51987,0,25.1724117411329,24.6905311480293,15.5327047160531,..,1.5740038730018,0.0503965972855949
2014,YR2014,"Somalia, Fed. Rep.",SOM,13339491,81.7010414559322,..,1259.27432882615,417.516796906395,16798078575.9074,0,..,..,..,0.935247555486575,4.55624629490798,..
2014,YR2014,South Africa,ZAF,55594838,59.4995740550593,24.4319342244652,14643.3384782936,6155.00589462516,814094030479.901,0.692856799731489,9.00871713491312,3.37036463036154,32.7735923531276,1.02189399625968,1.51932743753979,2.01786455809686
2014,YR2014,South Sudan,SSD,11235073,64.6345178070809,..,..,1197.09491969479,..,26.3604396814303,2.85540314871998,..,..,8.57452320335879,0.00741877910985015,..
2014,YR2014,Spain,ESP,46460733,63.39926213895,14.0482352839264,41339.4111169417,24947.8512505913,1920659342281.46,0.00790863464865165,14.7538744484587,..,27.0019351196478,1.24625944103127,2.31642230011085,3.383939770939
2014,YR2014,Sri Lanka,LKA,20778000,..,9.74785981893202,12909.9663068885,3929.92062032185,268243279924.529,0,11.3046128127487,16.721170047355,45.4099395685278,2.41264701190051,1.08277813761066,0.0809674284938921
2014,YR2014,St. Kitts and Nevis,KNA,47089,..,18.4731785116894,28530.3072249013,20187.8061975481,1343463636.91338,0,77.7729676741743,13.1196460804875,24.8390563537526,..,16.4538142918271,0.567765394639592
2014,YR2014,St. Lucia,LCA,174138,..,18.1143266706191,21214.4773346334,10369.9382566513,3694246654.0984,0,64.7633702298114,25.5405358985817,39.8821197472604,..,3.84517869828728,-1.85621223553824
2014,YR2014,St. Martin (French part),MAF,37450,..,..,..,..,..,..,..,..,..,..,..,..
2014,YR2014,St. Vincent and the Grenadines,VCT,107535,..,22.4999159231874,14040.2460690452,7116.22071347207,1509817861.03478,0,43.5660693225006,19.5332892492952,35.6402046427453,..,16.1399244753356,0.670579830212882
2014,YR2014,Sudan,SDN,38823318,20.8451090041313,7.98231786209787,4207.50048828125,1307.3896484375,163349120543.47,2.65704566740931,7.35685521494279,15.4478924488119,47.1832621804219,..,2.52698516017578,..
2014,YR2014,Suriname,SUR,575373,..,..,24414.3554759734,9224.24378410547,14047360953.2772,6.48885277692169,19.1920198960783,..,..,..,-1.13866864622319,-4.26995563341621
2014,YR2014,Sweden,SWE,9696110,83.8229810483527,26.9323651387377,57574.0500485264,49557.6183647959,558244322416.018,0.0174025911395759,26.236297431252,..,38.0377745953687,1.1347022453612,-1.0454392642501,-0.287463104946154
2014,YR2014,Switzerland,CHE,8188649,120.213423375239,9.08733953158571,76189.6018443969,83394.3712888211,623889906953.519,0.000243487314364699,36.4512745772939,0.93400557417489,31.2634884594816,0.634898338463689,2.89084632358213,1.57657993352582
2014,YR2014,Syrian Arab Republic,SYR,20273659,54.2644225210945,..,5301.62535257941,847.659877206276,107483344543.95,3.75849764649316,..,..,..,..,..,..
2014,YR2014,Tajikistan,TJK,8425552,54.6071596053705,..,2943.08867917317,925.970961482804,24797146706.9848,0.0656854181326736,9.97861530908533,..,..,1.1283850454994,3.58397838530001,..
2014,YR2014,Tanzania,TZA,50351512,45.3560223433065,11.3637968874428,3027.56909179688,913.811218261719,147972144106.593,0,12.0916832114432,6.4634039177105,39.7217549533809,1.0157610032095,2.8329281892962,..
2014,YR2014,Thailand,THA,70216367,130.905495444398,16.4984954918647,18324.6144674875,5541.46599361845,1286687854582.61,1.25645532400063,23.859108093106,3.90636145574517,43.6865784272866,1.37997604796617,1.22145318013998,1.4095764599908
2014,YR2014,Timor-Leste,TLS,1181903,82.7357767711716,62.7906671811031,4445.3594272103,1312.96494988639,5253983643.09814,..,36.332283945384,0.569811028811428,3.84631319501507,2.04684585089477,2.34229136010836,0.875050694217059
2014,YR2014,Togo,TGO,7472450,70.9156517502517,13.166400071466,2322.40408294543,730.291049611232,17354048389.6056,0,14.3290222011376,19.9680370478662,44.6545485255929,1.81828886251592,0.844950465027458,5.61477578635592
2014,YR2014,Tonga,TON,106609,74.7304245935745,17.1045937580802,6096.86914784745,4058.815614369,649981122.982869,0,27.7558324152185,4.98524238463902,30.6450484729206,..,3.00261120308574,0.188183060289783
2014,YR2014,Trinidad and Tobago,TTO,1345343,..,25.0322361916549,39248.6570516023,20032.5402001718,52802906023.7738,5.58054269528671,14.0607715641775,4.60423528503137,11.881227946252,0.656301051048555,2.24404378789224,-0.0600785041483392
2014,YR2014,Tunisia,TUN,11274288,96.1071038558701,..,12824.0028914441,4021.59954703591,144581501910.974,3.35507824664457,16.1801718198563,..,..,1.8068874807375,2.03842746868013,0.0433532206893299
2014,YR2014,Turkiye,TUR,77181884,54.30677404128,17.9488969682071,24888.8521742576,10597.9801881716,1920968501406.7,0.0944984501615984,10.3438933935691,1.09936527930236,38.3863997154342,1.87196639443904,1.41530142282668,0.748134890224795
2014,YR2014,Turkmenistan,TKM,6075283,91.0934829576602,..,12544.3983464061,5533.03528846527,76210770019.1493,8.82992886177661,..,..,..,..,8.8000010883235,..
2014,YR2014,Turks and Caicos Islands,TCA,35050,..,..,16138.8487604249,27636.8210228067,565666649.052894,0,70.5040269341839,..,..,..,-7.26872638131726,0.287265903899729
2014,YR2014,Tuvalu,TUV,10984,..,..,3695.95345179619,3035.24325598472,40596352.7145294,..,92.837118645365,..,..,..,0.773974186046512,..
2014,YR2014,Uganda,UGA,36395539,36.0144010819085,..,2470.50380909598,845.978664791099,89915317733.6013,0,14.8883175103043,..,..,0.924476429892299,3.24589612959273,0.0828467074611251
2014,YR2014,Ukraine,UKR,45972380,100.691782483624,17.294347838416,16978.8125,2308.6435546875,741998415578.487,0.53740181709907,20.4083968652385,2.08030148537018,33.8218866559097,2.96736825853937,0.634438528402592,0.410474986498962
2014,YR2014,United Arab Emirates,ARE,8059440,159.515615057764,0.337474917482444,74145.1093706462,44257.6514761082,597568060266.161,22.9458647037024,..,0.255427820576315,8.26964020183599,5.64365135247024,2.60546065371654,2.7618049445814
2014,YR2014,United Kingdom,GBR,64620000,58.8210228333296,24.7140100668456,48964.2863514962,44627.8818268644,3164072184033.68,0.450978748469466,20.8686313591022,..,35.7256255251801,2.18448549185402,1.90870445734316,-3.69212237001965
2014,YR2014,United States,USA,319257560,30.0044781614855,10.9354320229891,63018.8033942192,55394.4510435329,20119229405758.1,0.292226566231044,7.1115990242305,1.12478096286749,2.9900675872247,3.67891817387645,1.43502130688419,2.20805687391019
2014,YR2014,Uruguay,URY,3356334,49.0876240632174,17.275289380084,28935.0974409271,17122.0364563225,97115851334.2966,0.0418304836494907,16.2128523773858,3.6949288309547,33.4605116921096,1.74099456885648,6.6430584199945,2.98873233353312
2014,YR2014,Uzbekistan,UZB,30222994,36.3570546649043,13.4703929819261,7145.10980664151,2659.99075095273,215946610815.468,1.40801898329424,6.50289536445458,10.3192224293057,34.3286313277715,..,1.00027476951682,0.00547991796395384
2014,YR2014,Vanuatu,VUT,260240,105.199318296807,18.3043648976114,3302.29177948687,2807.83422956759,859388412.693663,0,59.9433158770927,14.6934615972904,58.7766118446965,..,1.7146015060309,0.121642858291477
2014,YR2014,"Venezuela, RB",VEN,30254079,64.2074401112959,..,..,4421.60786723331,..,11.3021511747501,8.92358022247655,..,..,1.16181680999136,0.528670192739894,2.11281761609529
2014,YR2014,Viet Nam,VNM,91679578,135.410521454361,..,8751.88280634375,2439.28655744423,802368922391.051,2.85117967459122,10.9101904729929,..,..,1.82295771785959,3.94086189051961,0.492607736314951
2014,YR2014,Virgin Islands (U.S.),VIR,107882,164.291725105189,..,42853.8986599185,34098.7109972738,4623164295.22933,0,..,..,..,..,..,..
2014,YR2014,West Bank and Gaza,PSE,4173398,67.7398371659149,..,5990.42661523778,3227.84934482645,25000434455.1801,0,12.6944038516202,..,..,..,1.14163752860063,1.33995276604206
2014,YR2014,"Yemen, Rep.",YEM,30226309,48.2430405122774,..,..,1950.1625450589,..,9.0008580090252,10.2940684733093,..,..,3.96689083277903,-0.539237328374498,0.026804023110799
2014,YR2014,Zambia,ZMB,15895315,76.1934997276313,15.7610303316911,3585.57748507131,1299.01241762504,56993883582.1163,0,9.19366360462005,5.94897345970043,42.645345954442,1.6338689575111,5.55542791808588,-3.59603239690398
2014,YR2014,Zimbabwe,ZWE,14207359,54.6717592473918,..,5081.11240399225,1381.25404125871,72189188042.8709,0.0623369671683315,11.8760489796337,..,..,1.88778911739064,2.42393171156853,0.36912665658404
2015,YR2015,Afghanistan,AFG,33831764,..,7.58538233155396,2967.692067153,565.569730408751,100402257640.593,0.0136357996041316,10.7426793181858,4.57093222075209,2.65424107621047,0.994575822723645,0.88400046336123,0.0113046306689472
2015,YR2015,Albania,ALB,2731293,71.2794476606014,18.3812921492969,13876.81917653,4199.53912925398,37901659079.1223,1.45260618469079,34.1375428505284,2.91030192689484,54.627693961544,1.16230386432234,8.62740636982337,0.691450462502464
2015,YR2015,Algeria,DZA,40019529,53.2046225904145,..,15239.5171456469,4685.05902729002,609878298356.214,11.7459031918092,7.72567820523202,..,..,5.55074215961894,-0.286832290676438,0.0539336577697969
2015,YR2015,American Samoa,ASM,52878,162.407132243685,..,..,12727.4102651386,..,0,..,..,..,..,..,..
2015,YR2015,Andorra,AND,72174,..,..,62105.1542389675,38654.95287916,4482377402.04324,..,..,..,..,..,..,..
2015,YR2015,Angola,AGO,28157798,54.9793808779835,9.7095138707439,11392.9059344932,3641.72893919944,320799143936.46,12.7187303090272,18.072787911768,4.98051531420358,6.74055184527317,3.10542629308278,9.7795154502448,-0.765405437104048
2015,YR2015,Antigua and Barbuda,ATG,89409,130.071549851721,..,25734.1516444171,16077.6340769406,2300864764.37569,0,95.7280022858069,..,..,..,7.93223201859466,0.979177310684034
2015,YR2015,Argentina,ARG,43477012,22.4862260889792,12.3365069418291,28669.2061336796,13679.6264980954,1246451419104.46,0.693912054976671,5.42111948411949,8.04531805696767,28.0000349566416,0.850128597463815,1.97713461784426,0.147160030086657
2015,YR2015,Armenia,ARM,3004600,71.6820743427575,20.931220831047,13112.7600902915,3512.39350276709,39398598967.2899,0,29.58964244567,5.13354500581884,39.4839609596212,4.23922578573229,1.74473701796819,0.272443900178848
2015,YR2015,Aruba,ABW,107906,140.493001133496,..,36660.6310808381,27458.2201537506,3955902057.40891,0,101.123464138718,..,..,..,-0.907264375161604,0.348275716989721
2015,YR2015,Australia,AUS,23815995,41.4947506939901,21.7852484720567,55879.9958817103,56970.3613028094,1330837702518.83,0.197899254363141,8.87941324397382,2.73373894499153,21.3237157373142,1.95232628501993,3.456117831131,0.608694985244069
2015,YR2015,Austria,AUT,8642699,103.11758174626,27.2160274066387,60951.6892510507,43915.228020857,526787103738.366,0.0340776955534437,28.1986704778434,..,26.7259156350041,0.702576919833039,-1.80409511056007,-0.178036877215449
2015,YR2015,Azerbaijan,AZE,9649341,72.6015079073189,15.6031629275469,20678.7539572375,5500.50364628486,199536348388.484,12.069575141696,24.713201515388,3.0698194445191,23.6737853222746,5.46487679293858,7.62606837682972,6.04673255092313
2015,YR2015,"Bahamas, The",BHS,385346,69.6779752652565,12.7014255254443,32777.5849410742,30719.405417469,12630711246.7032,0,35.2551474091176,28.2604840121237,52.0633142555271,..,0.642663417838075,1.43530817057512
2015,YR2015,Bahrain,BHR,1370322,147.916060172904,0.990043144194505,54149.9131524721,23734.0551143019,74202817290.9218,9.82474436918962,48.2878067768114,5.34779521582646,..,4.6441113490364,0.199529633421541,9.81129730242477
2015,YR2015,Bangladesh,BGD,159383179,42.0859963070382,8.49834882820801,5352.71133299566,1224.38647668165,853132148522.175,0.0516183234195442,5.61254778537554,23.7259192945484,31.2852208869152,1.20851710681525,1.4507824552936,0.0306959081005989
2015,YR2015,Barbados,BRB,278990,..,21.0107447855883,20666.9651609374,20424.2087530019,5765876610.24991,0.105085270554838,37.4005097655282,9.15021772465383,48.3565263212477,..,12.083324294887,5.65441425032612
2015,YR2015,Belarus,BLR,9461076,115.914826201946,14.1730944598815,25513.2132958317,5967.05595058777,241382449996.074,0.439126030844868,19.6700828478005,14.1143339295219,28.0425503333105,1.13806602416355,2.92676775504253,0.188823726131776
2015,YR2015,Belgium,BEL,11274196,155.068682045926,24.4227242755175,57509.0245728702,40893.804537772,648368014803.355,0.0157279649794816,46.2588519295065,..,24.8461573066696,0.911829965009217,-4.23261410354123,1.58989584104312
2015,YR2015,Belize,BLZ,356333,104.070958799941,19.7057091458161,12348.7944978311,6154.62264230369,4400282989.79565,0.50187422826991,32.6976349853895,25.0391770942101,35.6687659951907,0.892830505973699,2.69569808214426,0.0214255990192674
2015,YR2015,Benin,BEN,11360681,56.7563131849476,..,2952.00218338705,1002.41886879614,33536755116.7638,0.0533746520369224,8.09057995685047,..,..,0.798485297889781,1.31501182124746,0.287134027474524
2015,YR2015,Bermuda,BMU,63464,73.2954985174785,..,93859.8769494621,104855.366822135,5956723230.72066,0,31.9550430418984,..,..,..,-2.15032691390736,-1.26930650355217
2015,YR2015,Bhutan,BTN,740618,89.6391604595496,12.1453454217218,12400.2983237391,2954.04081911097,9183884143.93099,0,14.6493444762155,5.00974434383251,19.267962819115,..,0.294858179551153,..
2015,YR2015,Bolivia,BOL,11014705,67.9328451905248,..,11144.6415727207,2996.01289811344,122754939254.254,1.14024731448316,12.3594596570743,..,..,1.75943591545975,1.68072787961335,-0.00541424261389995
2015,YR2015,Bosnia and Herzegovina,BIH,3518541,88.291992587588,19.7000106512728,14220.1489744552,4662.25869219448,50034177192.7287,0,13.7351114418629,0.000112324902521519,44.3309131575631,0.988857622509173,2.33529310215055,0.57749207263397
2015,YR2015,Botswana,BWA,2203273,112.900891016005,26.3110988512498,15994.9643042101,6141.20394726616,35241272987.4299,0,15.008808691168,32.5813822967567,13.1397589244798,2.82519449903662,2.79773267452093,1.35428804890156
2015,YR2015,Brazil,BRA,201675532,26.9536259372369,13.6296293653745,18357.0690615421,8936.1955889444,3702171668947.24,1.03926987894612,6.27114718487719,2.51705790007096,22.92229094537,1.36551715396161,3.59214973121732,0.173896141556891
2015,YR2015,British Virgin Islands,VGB,34498,..,..,..,..,..,..,..,..,..,..,..,..
2015,YR2015,Brunei Darussalam,BRN,422212,89.8961882533585,..,81910.1882959493,30625.1287744656,34583464420.8093,7.67941403200076,17.8010899176873,..,..,3.27929046083748,1.32471179544033,..
2015,YR2015,Bulgaria,BGR,6984225,126.73664221295,20.0778036414442,24562.750842738,7268.65445473873,171551778504.622,0.0148484893305972,25.2296234647971,0.0508622956603943,44.1140873247032,1.24593360652028,4.37575066215901,0.242721897816787
2015,YR2015,Burkina Faso,BFA,18777487,59.0891813101662,13.2802007030138,2101.70266192027,630.124750752312,39464694412.0733,0,13.1636749249188,11.1841544092553,41.3867311666089,1.25078088033268,1.95992715697747,0.119208424046411
2015,YR2015,Burundi,BDI,11047580,..,14.4989724758888,995.319068450023,254.402585226788,10995867034.2271,0,10.2190300887188,18.0765128889721,39.8873868030207,2.13131991459474,0.264702987630016,0.00370909128482167
2015,YR2015,Cabo Verde,CPV,512394,94.0084870167993,17.1355967777829,7560.13649202469,3415.06266730931,3873768577.6945,0,44.4533916080334,15.1450901815661,35.4546207082453,0.510089039086437,5.49024513305668,-0.90965576204428
2015,YR2015,Cambodia,KHM,15623251,122.109596815379,10.8884929321084,4968.57276699143,1547.32010444393,77625259450.4716,0,25.6353156792427,14.6308092507861,45.8874991586324,1.34520463175237,7.54029662001984,0.363036400720352
2015,YR2015,Cameroon,CMR,22763414,45.5401468279393,12.1109695914613,4698.66677843587,1415.00009710569,106957697125.582,1.89664344480798,11.5328064074706,11.4226831987567,34.5653569377344,1.09889864309409,2.15564021048479,0.17329141765164
2015,YR2015,Canada,CAN,35704498,66.1649020669781,12.3898109063213,55660.8675272614,43594.1941045394,1987343333305.37,0.0345891578218769,12.2057304187707,1.45111844764857,13.770325203252,1.15270937445521,3.85389453706152,5.39115744659581
2015,YR2015,Cayman Islands,CYM,61642,..,..,73315.3848584988,76379.2098777987,4519306953.44759,0,..,..,..,..,1709.82722352518,1509.00209121108
2015,YR2015,Central African Republic,CAF,4629320,53.1451477769621,5.44899138532923,1043.92171697157,366.322853938121,4832647682.81084,0,..,..,..,1.57531677890907,0.176904971713319,..
2015,YR2015,Chad,TCD,14647621,48.5114982079885,..,2822.57929900236,993.990730610869,41344071814.2322,6.2969962979888,..,..,..,1.52397076587984,3.84380092336452,..
2015,YR2015,Channel Islands,CHI,163454,..,..,..,61847.8212238857,..,..,..,..,..,..,..,..
2015,YR2015,Chile,CHL,18047625,59.3491104775309,17.5460829297571,27811.3745158617,13433.9202987032,501929257996.829,0.00702175038442219,9.35685175331957,0.964231376565413,48.5301801663254,1.9096233898132,7.32780348711267,6.53788833555535
2015,YR2015,China,CHN,1379860000,38.6971848362625,9.19468038601503,14856.7807604461,8175.33285077393,20500277500109.2,0.335243616051991,5.78963835594165,2.35971757879016,35.3105074514809,1.77677106896806,2.14957284731563,1.54590501792777
2015,YR2015,Colombia,COL,46969940,38.3607641184453,15.7972626545312,16821.3801400631,6248.51490534512,790099215895.953,2.62770808784162,7.63038128138902,2.21766054322096,25.951653084685,3.10996008410671,3.95939854860993,1.43708554781944
2015,YR2015,Comoros,COM,726682,37.8049520714563,..,3302.38635129322,1329.37048235986,2399784718.53046,0,16.7722768788346,..,..,..,0.511029838634196,..
2015,YR2015,"Congo, Dem. Rep.",COD,81035531,57.7539236163245,8.59028413261217,1433.21579814709,495.826633014883,116141403240.438,0.345534121829134,5.88605271749398,10.748099610843,24.7427724217789,1.22338305167721,2.90127515060918,1.26377667369909
2015,YR2015,"Congo, Rep.",COG,5097581,117.320721558581,12.1951444175552,8977.70681641417,2439.35189403696,45764587690.9234,12.2746700668843,33.122659810039,9.54129736806282,22.9517287641338,..,34.4182561027248,4.41851018246684
2015,YR2015,Costa Rica,CRI,4818038,60.753561939521,13.2539942158309,21254.7840932049,11714.7105980732,102406357442.857,0.0200960578384208,19.096700372671,5.15944890779346,30.6743512094051,..,5.23639457671538,0.733874239495728
2015,YR2015,Cote d'Ivoire,CIV,25246342,52.7153604615931,11.1757327994559,5110.86240809881,1814.71855088017,129030580269.806,0.366602851194199,7.75220052808382,25.8528778022824,33.724914550389,1.24391728133935,1.07914154751206,0.031449031168523
2015,YR2015,Croatia,HRV,4151725,90.6522705485118,21.416296612874,29466.6996894141,12283.7840620053,122337633768.033,0.188549002176531,30.0471460548522,9.20852709609098E-05,48.5243795754869,1.7487025038306,0.95816964866459,-0.166728589214487
2015,YR2015,Cuba,CUB,11275065,31.6138124793419,..,..,7727.91997207998,..,0.439949990553393,..,..,..,3.08379144526184,..,..
2015,YR2015,Curacao,CUW,157980,148.31381621544,..,30861.3205298178,19361.8129630226,4875471417.30061,..,81.02549709413,..,..,..,4.78739209486991,0.609108524202318
2015,YR2015,Cyprus,CYP,1219502,137.276426477193,24.0473874693333,37258.65234375,23088.44140625,32128323709.2323,0,87.0916869620973,0.0537641820262204,32.6265870772963,1.64766762744388,137.220682764776,195.132230487164
2015,YR2015,Czechia,CZE,10546059,154.018400997633,14.6856290224908,42066.5759800801,17931.5987670768,443636592213.908,0.0102914811209634,22.756007640144,..,30.3239632552545,0.941202924537164,0.898913491904098,1.9703845042454
2015,YR2015,Denmark,DNK,5683483,105.130362453899,34.1560427381574,62405.7161942122,53094.0133607574,354681827092.63,0.389980667105512,41.1400393433722,0.0402622363013438,36.5544388482468,1.11481302624419,0.61075067778712,2.48056772388888
2015,YR2015,Djibouti,DJI,1020313,268.363456254629,..,4961.8681860592,2376.12554719873,5062658614.52262,0,60.9170345348407,..,..,..,5.93271216592944,..
2015,YR2015,Dominica,DMA,70410,..,..,16920.9126555668,8282.59874702141,1191401460.07846,0,61.1410048538187,..,..,..,1.22782053461875,-1.97267748860013
2015,YR2015,Dominican Republic,DOM,10434829,52.3471238667007,12.9465157010045,17973.1870256815,6800.95309395474,187547133198.006,0,15.0997404864198,5.51428277176366,46.1907413245527,0.643674978238558,3.13851060913817,0.0315640630560297
2015,YR2015,Ecuador,ECU,16266225,47.8280397077826,16.3890534817574,13881.5700738105,5976.1596805651,225800742173.868,4.19483660505841,5.76061843665424,10.8575995073273,25.7661962615785,2.6720726618256,1.36067004574537,..
2015,YR2015,"Egypt, Arab Rep.",EGY,99597342,34.8459429600229,12.5192110970171,13425.9119599775,3306.98159414141,1337185145139.77,3.05526433674059,10.9474981791399,4.06163687662409,26.1078162409752,1.72314742829085,2.10258128401326,0.0551664961741479
2015,YR2015,El Salvador,SLV,6183676,76.5602707370519,16.7526849114951,9646.15432339854,3790.34089108162,59648692981.8958,0,17.0440873667016,3.59430504060365,43.058014196718,1.05682005889035,2.10997804482034,0.418938000677525
2015,YR2015,Equatorial Guinea,GNQ,1453923,98.8780591680756,11.4567349341023,27797.7942803179,9068.91003238645,40415852453.4227,12.576041460388,..,0.857850395219448,4.74339741022638,1.04143202034015,9.00761663149669,0.00960434037054116
2015,YR2015,Eritrea,ERI,3105546,..,..,..,..,..,..,..,..,..,..,..,..
2015,YR2015,Estonia,EST,1315407,148.507157123558,21.5659169044997,36356.4410152614,17722.1557669523,47823517006.562,0.577870298883675,42.2533436019617,..,37.3737347919436,1.98944501754528,-3.06910519292015,-2.46706523507048
2015,YR2015,Eswatini,SWZ,1142813,88.2620944023684,27.4288566420473,9186.65344720515,3419.82276559528,10498626985.9609,0.124269749067541,6.99783044487153,47.6140340515521,19.5271433827558,1.74960240174858,0.805945191942897,-0.0312548293119051
2015,YR2015,Ethiopia,ETH,103867135,39.6561241449515,8.35133826471763,1957.41454187301,597.912113218663,203311040471.687,0.00285682989554231,12.8350950557522,18.8010110653391,34.6279281050134,0.70541465068261,4.22926466080082,..
2015,YR2015,Faroe Islands,FRO,48899,105.610671594387,..,64008.8523742079,52637.1903526574,3129968872.24639,0,..,..,..,..,..,..
2015,YR2015,Fiji,FJI,918578,..,24.8700529864748,11674.0633525272,5097.53106864695,10723537766.2378,0,40.1339669465152,18.9092799651365,46.4721358597724,0.910147310120732,4.38599233241205,-0.724852404358108
2015,YR2015,Finland,FIN,5479531,71.9618253787014,20.5868919844713,52782.4873926277,42560.3456767103,289223275925.013,0.0321566445749805,22.4219423905922,..,37.8351168947388,1.45819060668341,7.5380054292281,-0.189552769024624
2015,YR2015,France,FRA,66548272,63.5046871956484,23.2974119760792,50682.8953586333,36702.4323733379,3372859106073.87,0.00512462065631857,20.0471268041716,0.00457786024708238,22.1810146979833,1.86973268204402,1.76596182973896,3.24523500644381
2015,YR2015,French Polynesia,PYF,277866,55.6304686354336,..,..,19166.9594761931,..,0,26.5992063712183,..,..,..,0.488319553216919,0.426973074226785
2015,YR2015,Gabon,GAB,2040989,73.9497814588281,12.8300685424387,20147.7116202405,7047.12654634355,41121257792.0831,9.98640233955356,14.9845501514269,20.7842119769457,10.6437045906334,1.18502560854907,0.289976985604188,0.114401492780119
2015,YR2015,"Gambia, The",GMB,2224529,44.5223730803813,..,2495.95741601525,619.536364296461,5552329654.69098,0,12.4580674212726,..,..,1.00885846696253,5.22255647330922,-0.163545679267682
2015,YR2015,Georgia,GEO,3725276,97.0163115086257,22.3477480606692,14936.8434116647,4086.6223465965,55643864277.2325,0.0409780341464866,31.3331961300177,0.714757209455836,45.1359379512356,1.96739841458037,11.3986492046024,2.07372503115173
2015,YR2015,Germany,DEU,81686611,77.7565815686922,11.9885456247591,59573.7089539686,41929.7549110722,4866374389150.05,0.0109585492863493,17.2643731401856,..,24.8057915660264,1.11541840455009,1.82239938063641,3.48197757364295
2015,YR2015,Ghana,GHA,28696068,76.5212709243242,11.6905632095875,5607.36635657413,1722.77282833606,160909366269.164,1.29146546233544,27.2084387263967,11.7491696092695,33.8168736756625,0.392915126090548,6.45737614178894,0.447898784556284
2015,YR2015,Gibraltar,GIB,33193,..,..,..,..,..,..,..,..,..,..,..,..
2015,YR2015,Greece,GRC,10820883,65.2716454619318,25.3959107582621,31347.976574604,17980.7298238137,339212786800.531,0.00565847532925373,26.6388595227257,..,31.9493924161827,2.47743424261411,0.652184629866422,0.813395818856685
2015,YR2015,Greenland,GRL,56114,83.1013810084573,..,63364.0536061164,44536.3549705377,3555610504.05362,0,..,..,..,..,..,..
2015,YR2015,Grenada,GRD,114676,..,..,15136.6966673773,8694.12438005692,1735815827.02816,0,65.0770423237156,..,..,..,15.4731884681937,1.91189024710986
2015,YR2015,Guam,GUM,164905,71.3398861872737,..,..,35165.7014644795,..,0,..,..,..,..,..,..
2015,YR2015,Guatemala,GTM,15971743,49.8934517710689,10.3582512654041,10785.9584615777,3893.50533299068,172270556556.994,0.123828267830097,10.2988726503419,4.32360222527135,52.3663317045616,0.405967931287061,1.93508794944894,0.249674981261298
2015,YR2015,Guinea,GIN,11767070,72.4427307469345,..,2869.85157178732,747.356966759448,33769744334.8314,0,6.61718760525954,..,..,2.5177315199509,0.605767981893699,0.0570284847522376
2015,YR2015,Guinea-Bissau,GNB,1786457,54.3703755891285,..,2230.39106612596,645.066837207039,3984497732.81818,0,14.5023119989093,..,..,1.47900420224188,1.61191900956541,0.203530914702295
2015,YR2015,Guyana,GUY,758781,..,..,12040.08253302,5640.41560569466,9135785864.48746,0,13.2750143931165,..,..,1.08486547097887,3.21740985101614,..
2015,YR2015,Haiti,HTI,10523242,41.9457381172044,..,3433.07529240973,1411.12684746796,36127082106.2484,0,11.8864095757652,..,..,0.0399858125348653,0.711667596569424,..
2015,YR2015,Honduras,HND,9237305,107.26440535424,17.3444720606978,5812.5348879105,2271.20265980349,53692157582.7701,0,21.9516053455099,3.31083254364408,47.6748167419945,1.35173104039659,6.27594328427599,1.7402437104323
2015,YR2015,"Hong Kong SAR, China",HKG,7291300,389.405949263639,..,62779.7484353718,42432.1619740441,457745979766.826,0.000197504854942892,57.6784970259385,..,..,..,58.5183725103253,25.3776953512224
2015,YR2015,Hungary,HUN,9797755,167.290738494524,23.2221491904117,31485.5675425634,12782.9412577973,308487876817.988,0.0838041826706206,31.5470352111111,..,36.4080129329585,0.904216708106145,-4.3672559097876,-6.50121888321001
2015,YR2015,Iceland,ISL,330815,94.8888027460231,22.4545104408711,60725.7271247657,53505.6964079339,20088981418.7794,0,40.554400657225,0.662835208033402,34.4571137785531,..,6.47308431453939,2.54557684006476
2015,YR2015,India,IND,1328024498,41.9229138658647,10.5697090519718,6488.14602910787,1583.99815907985,8616416873256.67,0.359940708852176,11.3577957628106,12.2883375942345,29.8330069498647,2.45745006060163,2.09211521443253,0.357212265552145
2015,YR2015,Indonesia,IDN,261799249,41.9376402415294,..,10893.6621142169,3288.22269725538,2851952560361.74,0.796675128718901,6.17275619999474,..,..,0.882266734481239,2.29761639380441,1.05414474550635
2015,YR2015,"Iran, Islamic Rep.",IRN,82619362,39.42258866118,..,14841.9048340737,4952.73355532178,1226228708255.88,12.2663527393474,..,..,..,2.55709080686915,0.500987695412685,0.0292505942690925
2015,YR2015,Iraq,IRQ,37560535,69.5917685983115,1.3211961488678,13516.0271989204,4440.14189252367,507669212666.001,37.2575416723352,13.6985295202768,1.26666568896347,0.553029007719317,5.41292532011925,-4.54159235443502,0.088562909713244
2015,YR2015,Ireland,IRL,4701957,223.702938290642,18.1286187339395,80954.6619818255,64250.1385181257,380645339588.078,0.00127546010473342,118.08923064972,..,31.1219923116465,0.329854616599638,74.8169261487244,59.8071791356445
2015,YR2015,Isle of Man,IMN,83593,..,..,..,84753.5187422732,..,..,..,..,..,..,..,..
2015,YR2015,Israel,ISR,8380100,58.897971915566,23.0629083299387,40967.3707596637,36213.1041481958,343310663703.058,0.00644720440273846,19.9690621842209,0.726741763156842,34.8350120943984,5.42297442402595,3.73553271836246,3.61433435084833
2015,YR2015,Italy,ITA,60229605,55.4356858148221,24.8391474255923,47311.8255262709,30639.8829751432,2849572563276.21,0.0462003289451814,10.8709497013091,..,24.2970681947879,1.20247316488401,0.720886367724088,0.835812592237998
2015,YR2015,Jamaica,JAM,2802534,..,23.5306406831333,9931.89875715182,5339.30718256806,27834483951.4757,0,34.8814247442826,9.70496766298393,47.3001495294198,0.872353476007681,6.18152374482186,0.228641916364949
2015,YR2015,Japan,JPN,127141000,35.4274083544798,..,43386.7100739513,34960.6393843385,5516229705512.24,0.00197604493943565,7.67811623967863,..,..,0.947283532698529,0.118161987748241,3.11399705562357
2015,YR2015,Jordan,JOR,9544729,95.3579122266791,14.9510256180555,9581.68922567813,4042.75678097555,91454627021.3176,0.000429911043278417,28.2430973181387,4.89678207259833,40.9031384724041,4.1851629472753,4.14720229174937,0.00255504453813112
2015,YR2015,Kazakhstan,KAZ,18084169,53.0497288072652,9.83571155339342,30893.7594851041,10196.1226255982,558687967573.976,6.77396398337604,9.29118245555613,19.2741595312015,18.1033503176884,1.1097215472116,3.56737402233377,1.7985819353918
2015,YR2015,Kenya,KEN,47088526,40.3273846919019,14.8394826531085,4679.62182831938,1489.11959777284,220356494132.985,0.00766330802518443,11.3502134924003,7.42762648599783,29.3991794632393,1.20316940776845,0.883799936312692,0.345109867871595
2015,YR2015,Kiribati,KIR,116815,109.889112537487,19.7306378783196,2615.8414365735,1639.85274740652,305569517.413333,0,51.2625924426545,1.13276758999648,10.7677497559019,..,-0.427973964466896,0.0636990845348734
2015,YR2015,"Korea, Dem. People's Rep.",PRK,25575350,..,..,..,..,..,..,..,..,..,..,..,..
2015,YR2015,"Korea, Rep.",KOR,51014947,75.3881774564907,12.5326130415401,44849.106767089,30171.7906545222,2287974804720.38,0.0184101263141833,13.618849059701,2.04789718824758,21.2460311369376,2.3763712275445,0.266636382581676,1.53891051822578
2015,YR2015,Kosovo,XKX,1788274,74.0204422546574,..,9824.99105955319,3520.62850699375,17569776062.0314,0,25.4967880193852,..,..,0.794280304031609,5.4536035105824,0.652427152840082
2015,YR2015,Kuwait,KWT,3834574,98.6999884455485,..,57763.5174574395,29882.2126495698,221498482190.844,36.4482994431389,26.052176356181,..,..,5.0074693972269,0.248414926379679,4.74721448643682
2015,YR2015,Kyrgyz Republic,KGZ,6040036,110.961570714633,16.801668055009,5600.2143342846,1105.65193844261,33825496186.795,0.0350561205770026,28.5899670226333,6.95145709121553,33.7695730009949,3.45165293268545,17.1312307587207,2.02091064162788
2015,YR2015,Lao PDR,LAO,6801645,85.798321703681,13.5061406202026,6703.74124348885,2121.01339097363,45596468110.0697,0,13.3266793032085,6.64937817164734,45.6327408943045,..,7.47075777292731,0.275169289274828
2015,YR2015,Latvia,LVA,1977527,126.380014406006,16.3739257773551,30599.6133134147,13321.9753140616,60511561516.8371,0.0345824404298269,28.5560530397186,..,43.817310478116,1.07352247572393,3.08543258338884,0.546788965890096
2015,YR2015,Lebanon,LBN,6472469,71.8390426347811,13.4650512835689,14980.020515614,7714.1099998804,96957718406.6759,0,59.2847748333387,5.3514867800058,36.5480338971633,4.48517082491055,4.32469174487594,1.32229331259664
2015,YR2015,Lesotho,LSO,2104611,129.722773082867,33.7701457139977,2986.95866729879,1121.19851342518,6286386067.74237,0,14.2095653068915,12.5290602959126,30.0420206447944,1.86575300076387,4.79809498524625,..
2015,YR2015,Liberia,LBR,4659431,..,..,1714.09047960464,692.590082351257,7986686317.47471,0,15.3082334955302,..,..,0.478622250970246,7.21023781604438,0.941709858247205
2015,YR2015,Libya,LBY,6531819,56.9049073326883,..,12195.3486990421,7458.48917756374,79657810344.0282,14.4264442000075,10.5534969170341,..,..,..,..,0.810591654517596
2015,YR2015,Liechtenstein,LIE,37494,..,..,..,167187.15730982,..,..,..,..,..,..,1282.60722939224,..
2015,YR2015,Lithuania,LTU,2911109,138.195575009601,16.7577252933798,35251.2986931775,14269.8039878287,102620372887.397,0.028369813462494,27.5012507180238,..,34.4718178121188,1.13486085095513,2.49622116332616,0.85851914689233
2015,YR2015,Luxembourg,LUX,569604,351.13197436149,23.3218593726636,130097.2561798,105462.012584423,74103917509.039,0,270.761173826755,..,26.7421411016079,0.415571527949753,75.6300240002581,53.1356881901997
2015,YR2015,"Macao SAR, China",MAC,642900,119.250436813256,29.22002817341,123194.067291275,69902.9605741233,79201465861.5605,0,83.4281837146957,..,83.6680441195626,..,1.08257865214181,-0.381698153651269
2015,YR2015,Madagascar,MDG,25426702,61.2203788365078,8.94531037344997,1627.5806134224,445.320069480568,41384007238.4686,0.065733337532039,19.8011730315692,12.384697354869,49.1514666889635,0.520469241195104,2.89727727453157,0.723516747433572
2015,YR2015,Malawi,MWI,17085587,..,10.5365817794286,1597.69145324855,539.605363240686,27297496323.6345,0.0421572569811812,4.43547093286085,7.5852717564003,33.2043470657835,0.450825277879302,2.34780401891061,-0.0553825453899281
2015,YR2015,Malaysia,MYS,31232798,131.37007244526,14.0568621293393,27699.6278860387,9648.6797937523,865136882439.813,1.86528956443024,24.9229351723325,1.72121831766999,22.7756756386674,1.50389842704146,3.27094402931735,3.49818703070403
2015,YR2015,Maldives,MDV,428154,143.720506661302,19.6501551005657,18829.4481529112,9644.90655028145,8061903544.46152,0,91.5354449669797,16.5712766230279,37.5557973677855,..,7.21577938190819,..
2015,YR2015,Mali,MLI,18593022,53.5751760102265,11.8533619980291,2686.56065074588,838.11986940103,49951281283.6524,0,15.5836326856792,11.2054655892827,44.3761769350296,2.36017445199795,1.7680955706499,0.528592605279503
2015,YR2015,Malta,MLT,444220,207.196019855244,24.3217053195006,46170.1721772127,25529.6813337717,20509713884.5614,0,209.438998372024,..,32.9320620105139,0.456932902032034,32.1027329494724,-58.1264198956739
2015,YR2015,Marshall Islands,MHL,48800,138.489820359281,17.3577109417529,4670.10918243675,3764.34426229508,227901328.102913,..,36.9722009452075,7.13142726371291,10.1997255381486,..,-2.9361124111434,..
2015,YR2015,Mauritania,MRT,3965959,77.3467864944966,..,5969.54239339806,1554.94897871782,23674960380.9786,0.513819837621705,14.3820677540846,..,..,2.15557240363879,8.13584950372229,..
2015,YR2015,Mauritius,MUS,1262879,133.135069083677,8.64644777855697,22603.0885218714,9630.5437837507,28544965829.4125,0.0268410183705881,39.251644161859,1.09998925123711,54.0049062426237,0.142301917631184,1.77973545308924,0.819454011096309
2015,YR2015,Mexico,MEX,121072306,70.412974676264,12.3459757826962,21408.9283201493,10021.2386118827,2592028320709.19,1.54607339138936,6.33379176562208,1.28402745681032,30.1688863895828,0.45074282393045,2.98783786595647,0.904840485315868
2015,YR2015,"Micronesia, Fed. Sts.",FSM,108716,107.681127672467,5.52855349540791,3723.39901795888,2853.07643587028,404793047.636417,..,..,3.8966583071721,3.91472652518386,..,..,..
2015,YR2015,Moldova,MDA,2835978,88.9664154565323,16.2909680870475,11691.0797484184,2749.55137054338,33155644962.7601,0.0136446165022722,23.4774061756253,3.30597230380201,46.2778878413492,0.295624500989931,2.89663554883048,0.0937459860182886
2015,YR2015,Monaco,MCO,36757,..,..,..,170437.101188261,..,..,..,..,..,..,..,..
2015,YR2015,Mongolia,MNG,3026864,89.653663477814,11.8941379214967,13974.5967260365,3838.92126989984,42299203744.5578,1.71657823790019,18.0136169208335,5.90756669881541,31.4740294255659,0.875507832442284,0.811709460633853,0.0981809895575447
2015,YR2015,Montenegro,MNE,624651,104.12510886943,..,21131.9286652777,6421.00307345999,13200080372.6944,0,45.3322166365271,..,..,1.40371759825531,17.4489052276704,0.308981589526415
2015,YR2015,Morocco,MAR,34607588,67.2886759253849,19.4374650850231,8198.80859375,3146.24780273438,287727433233.845,0.00142730898853635,20.4562294087502,3.1116459231606,45.0530374221317,2.95999792230728,2.94611108390154,0.594665586192796
2015,YR2015,Mozambique,MOZ,26547572,98.7612036510901,20.0064845206447,1512.5997455554,610.563774706589,40155850652.3135,0.050045182177423,23.0219858853109,7.24262453652013,31.1579489306261,0.826910016335521,23.8654900431928,0.00938922485114929
2015,YR2015,Myanmar,MMR,51089056,..,6.01128503979227,5313.88615901476,1166.73305547935,271481427555.53,0.146604102339128,10.3018535413094,3.39185581282809,15.2765002974634,4.30136045141842,6.85124098701507,..
2015,YR2015,Namibia,NAM,2374300,97.2390317873478,33.422386868862,12166.5658392058,4774.10650865775,28887077272.0263,0,13.7493529700701,33.2370302820782,23.8319632638506,4.52800016778678,7.40068055968424,0.920320568153079
2015,YR2015,Nauru,NRU,10954,200,16.9784831764706,11270.4681981308,7747.25584993607,123456708.642325,0,69.8384608348522,8.79794451524962,1.77614041482185,..,..,5.22937432628538
2015,YR2015,Nepal,NPL,27823629,46.6657303895158,14.6863045675353,3745.26182249477,875.543635474862,104206775456.958,0,10.8013934734689,16.6315973204951,42.0924115712751,1.36813102427041,0.213029527712984,..
2015,YR2015,Netherlands,NLD,16939923,160.325812564809,21.7961168520041,63081.3941350677,45793.8135434697,1068593959380.7,0.0277934109206209,49.8626928802805,..,26.1370801014648,1.11786033539529,48.4706196279081,52.5431832845345
2015,YR2015,New Caledonia,NCL,283168,60.0467960954308,..,..,30858.7237060533,..,0,19.287662075641,..,..,..,13.777379969742,0.662651289059311
2015,YR2015,New Zealand,NZL,4609400,54.851331734287,27.3932675715756,44963.8339159182,38665.3723018158,207256296052.033,0.196512069556291,15.2508493173662,2.91447959137911,29.0318321433036,0.987950412435414,-0.0411688255414617,-0.00882289080924972
2015,YR2015,Nicaragua,NIC,6149417,98.194164594236,15.5895752369993,6939.03286207731,2074.45620634731,42671006645.6169,0,17.8541524654079,3.76000305133135,49.4810220986181,0.775537371941149,7.58033255797744,0.352755910143728
2015,YR2015,Niger,NER,19939498,44.727430371186,..,1471.66135329224,485.662574175279,29344188610.6478,0.90069467580531,12.4398420954065,..,..,..,5.46761764113716,0.352529930758833
2015,YR2015,Nigeria,NGA,190671878,..,..,8892.05798706748,2585.73360671797,1695465395679.06,2.78345150643408,4.61896202716362,..,..,0.417636537730714,0.621501637000126,0.29110060099422
2015,YR2015,North Macedonia,MKD,1912430,113.698443879103,16.8182331229403,19215.1537229479,5262.68671928674,36747636434.3772,0.0173255645490176,26.5295907021616,2.6858980260645,41.4647675173638,0.99342769175221,2.94702779153329,0.658654354346293
2015,YR2015,Northern Mariana Islands,MNP,51514,122.747252747253,..,..,17665.1007493109,..,..,..,..,..,..,..,..
2015,YR2015,Norway,NOR,5188607,70.431856540017,22.0885488164749,85550.2942614495,74809.9658049898,443886855657.016,3.14606557734506,22.9071710875406,0.228471199677916,25.9490775281753,1.49812327266489,1.87399423252337,5.51962713355517
2015,YR2015,Oman,OMN,4184895,96.3775801852347,..,39813.7887054675,18808.3077921839,166616525284.567,18.8680645519097,17.335072103384,..,..,9.57116730321235,-2.76001757846703,0.425583938832221
2015,YR2015,Pakistan,PAK,217290883,26.6881860172247,..,4645.28631071145,1380.47020838317,1009378364242.3,0.333804259360431,4.90192825528785,..,..,3.16298664508296,0.557734356032139,0.00833434483012759
2015,YR2015,Palau,PLW,17770,126.495484250397,19.7011995783575,20212.0181058882,16154.0532152373,359167561.741633,..,75.5698751099787,12.5596837933033,26.9513392426197,..,12.0474661204968,..
2015,YR2015,Panama,PAN,3960035,96.5791573893461,9.79801962054952,29933.1555965973,14082.6548434996,118536343822.971,0.00371461934835003,29.9264058874764,5.39645017154429,36.2472384908634,..,9.17966898909828,2.05710082712354
2015,YR2015,Papua New Guinea,PNG,8743246,..,15.2272870566267,4154.52332559184,2484.5963398603,36324019448.3876,2.27122940050953,9.73874432224251,5.13720162751514,24.3580502963606,0.459900166389351,0.138228028178879,-0.0397067791861835
2015,YR2015,Paraguay,PRY,6159103,66.9150655259457,9.64227469767563,14427.6002349811,5879.33792308762,88861075890.0725,0.102441199876795,9.84545552786543,5.30910195676123,39.1255909257783,1.06744934908852,2.22350808882639,1.41725645537766
2015,YR2015,Peru,PER,30457600,45.1627686891148,14.9196513179664,14542.7930911313,6231.71150338894,442938574852.441,0.235255947792189,7.52445347494133,1.47210335069673,37.8673040295066,1.74508054943009,3.86551316954964,-0.349180825015057
2015,YR2015,Philippines,PHL,105312992,59.1415921053094,13.0196105917208,7691.76308685047,2909.85818010301,810042584431.379,0.0435510310012169,17.1890904449441,17.9569122831018,25.3660550481127,1.08846303958172,1.84018010717942,1.80766194645406
2015,YR2015,Poland,POL,37986412,92.2554272741942,15.6135953190934,31700.3682364154,12637.5220324406,1204183248380.19,0.0284289039455379,15.8934163975411,..,35.2389233676889,2.12742384353358,3.29546177974363,1.05550599481422
2015,YR2015,Portugal,PRT,10358076,80.6346756266443,23.078466918073,35803.3575649769,19215.7813014347,370853898713.205,0.0246227517816,21.1759729668753,..,31.5457760551596,1.32892803352448,0.63522205292535,-0.455427769985702
2015,YR2015,Puerto Rico (US),PRI,3535167,108.880634192821,..,41737.6068571153,29242.041465085,147549410420.248,0,..,..,..,..,..,..
2015,YR2015,Qatar,QAT,2344557,93.7076739370818,..,123070.823231761,68985.2433380102,288546560103.787,13.0300594635573,28.299925433091,..,..,..,0.662099797361452,2.48754528793188
2015,YR2015,Romania,ROU,19815616,83.5205767017155,18.9181762479079,29181.9991893663,8977.01748158196,578259290048.794,0.33486139473849,17.1684468279812,0.00111084621701321,38.2988159233824,1.45071824376782,2.42725822119064,0.579181454430224
2015,YR2015,Russian Federation,RUS,144640716,49.3593493116887,10.6420948085991,35037.15234375,9277.7138671875,5149170806802.09,5.93285842314704,10.2959717283379,13.2265395178488,19.4171234296942,4.87151474680202,0.502607961400285,1.61975493984106
2015,YR2015,Rwanda,RWA,11640022,45.2019756159103,13.2938948825463,2238.53941469642,733.998629882494,26056648034.9334,0,20.9166432850793,4.03386204291216,26.2305841667776,1.21369473342003,1.89710171173713,0.0404187536681819
2015,YR2015,Samoa,WSM,201782,74.6343545643839,22.5386594203969,6432.35979168526,4084.36083819933,1297934423.48584,0,32.9362169969717,8.17734903716499,47.4249739272296,..,3.26002743040368,0.449535128185054
2015,YR2015,San Marino,SMR,32897,321.364013420909,17.8902228831674,59647.6594557072,43146.8240435428,1962229053.1144,..,..,0.517215751864661,21.8633629032364,..,..,..
2015,YR2015,Sao Tome and Principe,STP,200291,..,..,5210.2037755431,1298.10946596396,1043556924.4073,0,56.0648676442373,..,..,..,10.7400374911446,1.02108067873138
2015,YR2015,Saudi Arabia,SAU,29816382,67.1052692300592,3.1461706015912,58498.5399040699,23256.1549553531,1744214812221.99,23.9567993223384,15.6467973523928,3.52117043744512,5.14220801901112,13.022838193007,0.572622097928938,0.777302625000769
2015,YR2015,Senegal,SEN,14593331,58.1103376742017,15.7743360469708,3593.79477120389,1218.00613555438,52445436642.2476,0,14.0826186050875,10.3997840891101,40.6498715150668,1.2090991706832,2.30194934655844,0.176452731802328
2015,YR2015,Serbia,SRB,7095383,93.5281477663237,21.4666537372535,18247.884779382,5820.3215576888,129475731449.586,0.402583557210894,20.9922185532473,1.95844795449976,41.1346689592184,1.69548003219134,5.67381755834409,0.833662863972145
2015,YR2015,Seychelles,SYC,93419,187.475012467679,..,27032.2083880002,15333.1051727105,2525321875.39859,0,93.9806484486032,..,..,1.26370471979916,7.39272196242003,-6.07829345726849
2015,YR2015,Sierra Leone,SLE,7037655,36.4823958242319,..,2628.17058146385,964.575980888989,18496157833.492,0,15.9537524852694,..,..,0.581670050305266,3.71866092366771,..
2015,YR2015,Singapore,SGP,5535002,329.471398940262,13.1397745298612,108953.724294287,55645.6068614606,603059081876.328,0.0340084198311141,102.238359207272,..,23.169443507677,3.04671265935693,22.6541826890491,14.6829298129316
2015,YR2015,Sint Maarten (Dutch part),SXM,37471,..,..,51375.6032503737,37839.6283815163,1925095229.39475,..,96.2375879661821,..,..,..,1.95861278993458,0.00748614826166909
2015,YR2015,Slovak Republic,SVK,5423801,179.42602289503,18.0514912186747,33521.5954764975,16442.0760860018,181814463067.023,0.00239610899150758,18.0536467576478,..,29.214065096276,1.10604733307789,1.70487122540291,1.5903950072374
2015,YR2015,Slovenia,SVN,2063531,147.218367714503,22.1224219708005,38527.4222549683,20697.2748530619,79502530173.2169,..,26.6390356512293,..,34.6491301142067,0.938787933833639,4.05096848349793,0.762815306927528
2015,YR2015,Solomon Islands,SLB,639415,88.1884859107326,25.7391630923313,2664.72477884762,2045.47721526649,1703864994.46685,0,22.0241153770957,25.0136936487298,13.3787317133195,..,2.46368311219347,0.360411364981017
2015,YR2015,"Somalia, Fed. Rep.",SOM,13806963,76.4793322385239,..,1343.92517439606,445.583080073396,18555525157.655,0,..,..,..,0.681391609413828,4.92510820324606,..
2015,YR2015,South Africa,ZAF,56723537,56.7266761447156,25.048692710362,14541.6748613669,6112.27382485974,824855232040.714,0.194337594746037,9.02134224749796,3.48842028566542,33.2928906048558,1.00692862196088,0.438735792056356,1.59064699001799
2015,YR2015,South Sudan,SSD,11107561,65.5513491845003,..,..,1080.14718624765,..,10.3913729191421,9.53049665394372,..,..,8.60365296803653,0.0012502291294692,-0.00858490668902185
2015,YR2015,Spain,ESP,46422303,63.5820412248232,14.0820816990338,43053.761430314,25982.4416197775,1998654758407.75,0.00293077580087329,15.1566878629247,..,28.3937365024558,1.25969265356283,1.97131692755332,4.82641433290909
2015,YR2015,Sri Lanka,LKA,20970000,46.9179708088816,11.7202648601751,13329.7793438947,4057.7158346231,279525472841.473,0,12.3028628256919,16.7190594575935,49.5813497039679,2.41701116575955,0.798746315198801,0.0622718732915843
2015,YR2015,St. Kitts and Nevis,KNA,47087,..,19.6351325207971,28729.566447667,20328.8003530109,1352789095.3213,0,74.5128036370671,15.2005263884025,23.0263088074543,..,13.4009221512864,-0.515561075643257
2015,YR2015,St. Lucia,LCA,174905,..,18.714797065133,21142.9733304366,10334.9860823918,3698011750.36001,0,66.8336639623484,25.7093265219578,40.7410329490429,..,8.42203722655325,1.28757060092652
2015,YR2015,St. Martin (French part),MAF,37369,..,..,..,..,..,..,..,..,..,..,..,..
2015,YR2015,St. Vincent and the Grenadines,VCT,106960,..,22.6595093468946,14508.8609465459,7353.73556054184,1551867766.84255,0,45.6992520039832,22.215313717243,40.4440136788399,..,15.7495814618354,1.02995286763667
2015,YR2015,Sudan,SDN,40024431,18.3782728546541,8.19443800491008,4159.1943359375,1292.37963867188,166469377694.971,0.798069583603201,6.41061924274941,16.629969284291,54.3269883559206,2.71294023315842,3.34135261447755,..
2015,YR2015,Suriname,SUR,581627,..,..,23327.5252497447,8813.61705392067,13567918528.4332,2.53674856688081,17.2816817918883,..,..,..,3.5828587235507,-1.62059602038245
2015,YR2015,Sweden,SWE,9799186,84.1730765958171,27.5056157786362,59468.3538687625,51188.1652120493,582741460673.824,0.00960496894959815,28.2286863450556,..,37.5168597736838,1.07374144708625,1.94926707461038,2.8447153946602
2015,YR2015,Switzerland,CHE,8282396,117.138482218872,9.55617901716394,76566.0772542148,83806.4476003837,634150571985.999,0.000125064111504765,36.4135468661611,0.887950218684963,30.2305179223083,0.651341082840214,17.3922014905275,18.0879765640788
2015,YR2015,Syrian Arab Republic,SYR,19424618,51.0862078228369,..,5302.07413721497,847.731631942565,102990764723.08,1.97169808202096,..,..,..,..,..,..
2015,YR2015,Tajikistan,TJK,8643840,49.9378160689555,..,3041.44479553257,956.916310930656,26289762181.4162,0.0242529873354977,8.64348312018365,..,..,1.28197181934631,5.48892076080458,..
2015,YR2015,Tanzania,TZA,52020962,40.7576808778314,10.4924954944653,3111.44458007813,939.127319335938,157088158594.028,0,12.6719268184983,6.30651698841661,37.8804024323546,1.09136986722986,3.17633492826527,..
2015,YR2015,Thailand,THA,70540795,124.839662152526,16.8518811101701,18811.9975100064,5688.85335397884,1327013259893.87,0.533712422055235,25.0688760652522,3.43368221075529,44.5741082300964,1.33732679725458,2.22468548959784,1.24373227619617
2015,YR2015,Timor-Leste,TLS,1205131,60.0769230184537,36.1661152962641,4467.80011988177,1319.59295003154,5384284426.27323,24.2895242064057,46.5136641608799,0.770223953581529,5.85455921491294,2.32446540880503,2.70363935182192,0.796512633686267
2015,YR2015,Togo,TGO,7663195,69.1281378813376,13.7687186064924,2388.42609861568,751.051987587248,18302974936.7812,0,14.9554562739899,18.4801514219603,46.0092595153838,1.67442289494562,4.48026975109969,6.05778539022501
2015,YR2015,Tonga,TON,106095,81.3902410936397,18.6792579945243,6194.63923003718,4123.90323993332,657220249.110794,0,23.5747414214647,5.97614794336959,35.2164777922005,..,3.37347770551723,-0.016362623238812
2015,YR2015,Trinidad and Tobago,TTO,1349667,..,24.7100347255843,38963.9641783011,19887.2327716498,52588376640.6351,2.24547082740531,15.0510832160284,4.90259703293826,14.4818702150396,0.752974392707466,0.658801127950337,0.478144237603691
2015,YR2015,Tunisia,TUN,11402264,87.2485306596052,..,12802.7917211433,4014.94773686432,145980811141.49,1.62596299660366,13.9154720040266,..,..,2.13959162946471,2.11999260597179,0.0679268975133683
2015,YR2015,Turkiye,TUR,78218479,51.8749252596832,18.1419244147983,25984.8027306177,11064.6494504662,2032491746703.96,0.0446861002184748,10.1799037321716,1.20916113589163,39.4139768735173,1.81284855723729,2.225752648523,0.588819783879626
2015,YR2015,Turkmenistan,TKM,6215770,81.2999305660859,..,13057.8303253557,5759.497903834,81164470001.4359,4.89963192640452,..,..,..,..,8.49997845154391,..
2015,YR2015,Turks and Caicos Islands,TCA,36605,..,..,17201.7720345933,29457.0140691162,629670865.326288,0,65.8076705674698,..,..,..,-6.48146945952513,-0.00231852015350458
2015,YR2015,Tuvalu,TUV,10963,..,..,4088.76579910847,3357.83417700071,44825139.4556262,..,113.89710025603,..,..,..,0.81495306122449,..
2015,YR2015,Uganda,UGA,37531446,37.6892983324358,10.801770807386,2520.0201028843,862.934610355811,94579998410.3165,0,13.6945586627519,9.39745176370882,48.0431019711902,0.986680287683281,2.27760507458345,0.000872626347349443
2015,YR2015,Ukraine,UKR,45784896,107.806616298156,20.4513654211322,15403.7099609375,2094.47387695313,669483005304.321,0.298048598397704,26.1350621418485,5.71266542596177,40.0062672959844,3.84784847607093,-0.217508398305494,0.0417440360384281
2015,YR2015,United Arab Emirates,ARE,8505237,164.286182737903,0.0541309877202387,75238.5539913477,44910.334995523,639921733233.708,13.1025344354216,..,0.200158092241024,0.982608882940552,..,2.23861395699196,4.3698371680558
2015,YR2015,United Kingdom,GBR,65088000,57.125044605439,24.9162351349781,49652.7188154397,45255.3449216209,3231796162259.34,0.240246459981823,21.2265615886291,..,35.5179411348299,2.04890800410498,1.53903424150931,-2.04295991527597
2015,YR2015,United States,USA,321815121,27.8235649187872,11.2374940636678,64359.4725899466,56572.9188996063,20711851459029.9,0.00752518064782254,6.96315256383899,1.09678450792386,2.98460143090345,3.46449292564277,2.80914762910409,1.65918189535913
2015,YR2015,Uruguay,URY,3368017,45.3282408087534,17.0956158572883,28941.6294107011,17125.9016800298,97475899862.9413,0.0129991340611707,16.4420865220304,3.48304417560157,33.1056014112371,1.76584061733326,4.6342339444993,3.29114142643863
2015,YR2015,Uzbekistan,UZB,30749346,30.7561914307089,13.5577540309111,7529.76364274179,2803.19018021751,231535307548.888,0.526675674638226,6.32961362135075,15.2540939832106,35.1280151262214,..,1.20794015152469,0.00530656500369779
2015,YR2015,Vanuatu,VUT,266101,108.758665668253,16.2653409502645,3357.63888534014,2854.89412272653,893471065.027898,0,57.1800283707628,10.9766688539524,37.6459830252445,..,4.08340749314985,0.169556775014622
2015,YR2015,"Venezuela, RB",VEN,30573972,60.288846101805,..,..,4103.1384987005,..,..,12.3245065544708,..,..,0.941375968866619,2.35633150346133,2.06139149795365
2015,YR2015,Viet Nam,VNM,92823254,144.914228195237,..,9248.02396069622,2577.56885340113,858431677101.791,1.21986218030571,11.3956325718778,..,..,1.90702805588388,4.93190773329022,0.459754110730444
2015,YR2015,Virgin Islands (U.S.),VIR,107712,84.7665847665848,..,42739.0835022993,34007.3529411765,4603512162.19966,0,..,..,..,..,..,..
2015,YR2015,West Bank and Gaza,PSE,4270092,70.7809681944405,..,6072.65031768549,3272.15432360708,25930775540.3463,0,14.6666651806126,..,..,..,0.751035803856381,0.538703593768476
2015,YR2015,"Yemen, Rep.",YEM,31159379,30.3676590844637,..,..,1362.1738120601,..,1.69761197489757,4.01251017387227,..,..,..,-0.0363882528160336,0.0104348055361092
2015,YR2015,Zambia,ZMB,16399089,79.8652687573958,14.3939639330138,3576.92544834125,1295.87788680068,58658318773.7131,0,10.7942692134517,5.27022460099435,32.4368422749739,1.75323445099498,7.44741668984243,-0.666217620857131
2015,YR2015,Zimbabwe,ZWE,14399013,56.7496526604333,17.6734192795678,5102.71432347607,1387.12632595026,73474049879.0181,0.0226080767805337,9.5650360306508,9.09138065344301,46.878656856786,1.88630877860684,1.99867322543902,0.110147322043233
2016,YR2016,Afghanistan,AFG,34700612,..,9.50265278008681,2958.7853992308,563.872336723147,102671664129.973,0.00944508042929387,9.05292065533949,6.38124658696472,7.05529334151544,0.956772140958855,0.516606084523093,0.0773106868414427
2016,YR2016,Albania,ALB,2689469,74.0144504546815,17.4032025232446,14643.4892877063,4431.55635814168,39383210491.1182,0.884410718287188,36.8810066211887,1.65802000478809,55.9268130077286,1.10358100880452,8.71147225448456,0.0587118347004274
2016,YR2016,Algeria,DZA,40850721,49.7609327925216,..,15511.6858768094,4768.73140081027,633663551993.181,10.0262189142963,7.91606038298992,..,..,5.65271835420787,0.906300705997455,0.0257467875470499
2016,YR2016,American Samoa,ASM,52245,159.165424739195,..,..,12665.2829921268,..,0,..,..,..,..,..,..
2016,YR2016,Andorra,AND,72181,..,..,64402.8092369468,40085.0394278177,4648659173.53205,..,..,..,..,..,..,..
2016,YR2016,Angola,AGO,29183070,47.0155661405313,8.57578671451953,10805.7122533667,3454.03317187119,315343857089.858,19.7483988340046,22.2575496815509,3.43629474534334,8.0630903242844,2.73333494465123,-0.299804386002375,0.455933500527617
2016,YR2016,Antigua and Barbuda,ATG,89969,132.025917905085,..,26627.71453894,16635.895232831,2395668849.3539,0,98.9156818778867,..,..,..,6.54079848427652,2.54984477981963
2016,YR2016,Argentina,ARG,43900313,26.0938878488799,12.0972836411962,27802.1057201498,13265.8860639123,1220521143173.66,0.549552011638029,6.33166323200961,7.11252576635238,27.2416115086503,0.809245362717563,0.584748941173009,0.320435402314201
2016,YR2016,Armenia,ARM,2992300,76.0779674593548,21.2773752694609,13192.9940731731,3533.88503607007,39477396165.156,0,31.0441489792979,4.64871754746494,37.8093072286852,4.09034921699325,3.16536727816995,0.668675055873324
2016,YR2016,Aruba,ABW,108727,136.887263320827,..,36832.9040242979,27587.2498040483,4004731155.84984,0,98.3041192780448,..,..,..,0.923397287531133,-0.0140354129842585
2016,YR2016,Australia,AUS,24190907,40.813402217321,22.1881700823279,56529.951824687,57632.9995925594,1367510807305.48,0.173168975942925,10.1521932798399,3.40500880501316,21.6581523279389,2.0896214779767,3.54660341826144,-0.256575969452807
2016,YR2016,Austria,AUT,8736668,101.573494597172,25.8220277699052,61572.7121353063,44362.6702805116,537940343785.742,0.0232518762283344,28.3059790824197,..,27.4161367615599,0.73372291194157,-7.23989904197038,-7.04252831221322
2016,YR2016,Azerbaijan,AZE,9757812,90.0773187345677,14.5555165725558,19822.4105943941,5272.71817141861,193423355966.906,12.7825654497772,31.402265769232,3.38524388163258,22.4024189114898,3.68852730317814,11.8828171505465,6.79642224588748
2016,YR2016,"Bahamas, The",BHS,388055,67.212921580015,14.1340479509128,32172.3365152976,30152.1619246021,12484636046.4438,0,44.0652437858632,20.6895079341644,58.0361318006497,..,3.28594665732394,3.01818389179271
2016,YR2016,Bahrain,BHR,1423726,132.822997902774,0.808517153769355,54107.0752236423,23715.2791328712,77033649779.8554,7.62960432748572,54.5890944253977,5.17166297431592,..,4.67063531353135,0.718174283238518,-2.59720076856421
2016,YR2016,Bangladesh,BGD,160811932,31.3341501346142,7.31691184755758,5682.53553494306,1299.83091360792,913819518032.847,0.0314940256004778,4.27660866206061,24.5465916197623,32.2545340838024,1.22590049912782,0.879528340271998,0.0152762885585252
2016,YR2016,Barbados,BRB,279598,..,23.4022178303317,20930.633669268,20684.7801825176,5852163312.65998,0.0786113955245193,37.4536797524619,8.57394190436627,45.8789303183204,..,9.82448659013076,1.66819387401121
2016,YR2016,Belarus,BLR,9469379,125.209322899662,13.7882356106963,24846.8301529359,5811.20159182547,235284051666.778,0.386692377932086,23.6053292440152,11.3025784498619,28.9618071317071,1.52328091923032,2.61275643208459,0.257524874090301
2016,YR2016,Belgium,BEL,11331422,159.057696611945,22.9285982517678,57901.4976903148,41172.8862831209,656106304760.982,0.0115678220486407,45.1212694421681,..,26.5309604097322,0.898085290562566,12.1319420227113,7.28594241414879
2016,YR2016,Belize,BLZ,364705,96.4998358304218,20.6436561300688,12063.0600374093,6012.21296983668,4399458310.94336,0.324173047828252,33.1044787435817,15.9070141974355,46.6614072910163,0.96275814780823,1.46157075571746,0.0767461102325211
2016,YR2016,Benin,BEN,11697842,58.9869283378276,..,2962.66381572265,1006.03926633023,34656773215.4406,0.0514773561767198,9.50577847529917,..,..,0.673596727016815,1.11488130998834,0.14703585747941
2016,YR2016,Bermuda,BMU,63449,72.7499093828891,..,93265.0675364638,104190.876720334,5917575270.12109,0,32.4454905966899,..,..,..,-1.06108315938513,1.38181267930232
2016,YR2016,Bhutan,BTN,747866,76.3847528498375,11.8864300663326,13320.9759036882,3173.36773217431,9962304965.18771,0,14.9817121453812,4.15559280535923,18.0448935868971,..,0.504099187674602,..
2016,YR2016,Bolivia,BOL,11180020,56.4010345026573,..,11448.0218032246,3077.57057564766,127989112720.487,0.788114698375915,12.0876018672793,..,..,1.53046784866919,0.988080149462259,0.261824077419329
2016,YR2016,Bosnia and Herzegovina,BIH,3473003,88.2440340022738,19.7137453121178,14873.7027917131,4876.53471495633,51656414416.7279,0,13.9653161791407,0.0345252085504448,44.2670446916305,0.922772270069199,1.82975695066219,0.0227360215825385
2016,YR2016,Botswana,BWA,2234776,100.464689766026,21.6300553227647,16905.588740873,6490.83463593483,37780203983.9733,0,12.4005751886492,20.5415722003821,12.1188832681038,3.41066258273304,0.944944816734731,1.12509314107269
2016,YR2016,Brazil,BRA,203218114,24.5336820770756,13.710430980954,17620.9272434403,8577.84277969667,3580891601343.17,0.832280473743435,5.72277516937489,1.91575373400824,21.4164489577352,1.34797541299482,4.13737853830264,0.818262350093809
2016,YR2016,British Virgin Islands,VGB,33878,..,..,..,..,..,..,..,..,..,..,..,..
2016,YR2016,Brunei Darussalam,BRN,427564,87.319801332806,..,78880.6228501768,29492.4145927789,33726514628.313,6.61076862656256,19.0768457230347,..,..,3.53938463904119,-1.32059047324395,..
2016,YR2016,Bulgaria,BGR,6894139,122.805514356513,20.3330299615082,25636.8508634132,7586.50411050819,176744013374.64,0.0107367793608996,25.9606462683435,0.0447722752909725,46.315632641085,1.24384580804927,2.75996039584459,1.53352354263983
2016,YR2016,Burkina Faso,BFA,19334856,57.8931727994406,14.1391533049498,2162.72578977814,648.420480176012,41815991712.8466,0,13.1111357422353,11.2796880538816,42.6515420063807,1.16533335437179,3.04380349897538,0.393576803383939
2016,YR2016,Burundi,BDI,11239451,..,14.0031515072636,1009.63596796379,258.061970808946,11347753989.7665,0,10.9932075733926,17.9674698447902,43.4429494855776,2.2431638636818,0.00210472726474442,0.0253209678886876
2016,YR2016,Cabo Verde,CPV,512554,95.3781398609533,16.7252781347498,7881.30336227784,3560.1400729534,4039593563.54896,0,47.1963758695566,16.7856849244671,35.4321696486892,0.550048040403016,6.82845117866997,0.423197646452609
2016,YR2016,Cambodia,KHM,15852803,122.704555602667,11.1748765236774,5283.72964943779,1645.46671578126,83761925237.7963,0,24.3382603165856,12.337418460285,44.0360624567196,1.43955694700576,9.32318507305764,0.297758906879493
2016,YR2016,Cameroon,CMR,23454161,40.6386315268268,11.6520313878748,4767.13186148953,1435.61830727839,111809078187.605,1.55546940126434,11.5492816813507,11.7571626227517,38.6326055411197,1.14642434992604,1.96334943457327,-0.115110992380093
2016,YR2016,Canada,CAN,36110803,65.3636845215556,12.496562633144,55606.1549191947,43551.3425975115,2007982905874.52,0.471724709301756,12.5673793374346,1.50180939230326,13.8985582740079,1.16416156719089,2.23835012140903,4.42448954954959
2016,YR2016,Cayman Islands,CYM,63100,..,..,73941.8590538337,77031.864216869,4665731306.2969,0,85.0336787822623,..,..,..,54.6762797370938,-0.837289994942917
2016,YR2016,Central African Republic,CAF,4713663,50.53064402191,6.80758893719557,1073.94477703739,376.858254120398,5062213759.5644,0,..,..,..,1.47163796004867,0.397590019652539,..
2016,YR2016,Chad,TCD,15114655,43.9580149331537,..,2622.59780843796,923.56587204799,39639661078.2959,6.59687876223435,..,..,..,2.31170355001725,1.87837153237555,..
2016,YR2016,Channel Islands,CHI,163883,..,..,..,62434.1859444218,..,..,..,..,..,..,..,..
2016,YR2016,Chile,CHL,18267221,56.0578610877723,17.4689644166374,27958.7284996682,13505.097711133,510728272382.438,0.00716567782254964,9.09551924069727,0.874926531866241,49.6977727013496,1.92415844717468,4.55707488153847,3.15861837724961
2016,YR2016,China,CHN,1387790000,36.177170692978,8.94556190479944,15772.7647598696,8679.37704460133,21889285206099.4,0.245866848453772,5.6734654773053,2.27305914729244,34.7463159208719,1.7688865902507,1.52539470315394,1.8891760278129
2016,YR2016,Colombia,COL,47437512,36.202652984202,14.3852129240943,17003.244366485,6316.07067782542,806591608674.065,1.86176731845908,7.67070269658535,1.79953758041493,24.2558252492936,3.07113102611539,4.90164572903473,1.59781774109891
2016,YR2016,Comoros,COM,741741,37.1328797158337,..,3342.76677092883,1345.62555739306,2479467167.43552,0,15.9116843828339,..,..,..,0.352458395658835,..
2016,YR2016,"Congo, Dem. Rep.",COD,83956415,68.0083342860132,7.65044332559718,1388.80163211633,480.461377880475,116598806178.636,0.306678110044986,5.74393378265146,8.97767917192913,31.0742569718954,1.02563437176754,2.41546438746157,0.705524269721447
2016,YR2016,"Congo, Rep.",COG,5222536,122.259818284021,13.089464226841,8001.8255194505,2174.19310251224,41789821841.049,12.8004971968497,22.4803109582865,9.34873096438907,27.4425314048142,4.59480614297478,0.46296936341342,10.9570187855003
2016,YR2016,Costa Rica,CRI,4866998,62.1784781768295,13.5108543364627,21925.6000803999,12084.4351325634,106711851740.106,0.0158677459016205,20.3313791631205,5.55766728679214,29.6877843348649,..,4.45296211770326,0.838445973431176
2016,YR2016,Cote d'Ivoire,CIV,25989405,47.5663138935656,11.4603709083276,5320.84646239855,1889.27777949938,138285633654.093,0.384370728252087,7.88757630583501,26.8620312377285,36.4678947661448,1.24585910179804,1.19375800859004,0.0591876844933331
2016,YR2016,Croatia,HRV,4106867,92.1392009356077,21.9038573475427,30821.1637498177,12848.419539107,126578420305.723,0.152408109394096,32.2740742329795,0.000201473479011364,47.911618485464,1.58922538500355,2.99037748818897,-1.29809854103193
2016,YR2016,Cuba,CUB,11265612,27.2691132420785,..,..,7774.0698462623,..,0.325419833747477,..,..,..,3.07218792501319,..,..
2016,YR2016,Curacao,CUW,159664,139.052978198311,..,30209.7882652792,18953.0538552203,4823415633.58753,..,76.2251759908702,..,..,..,4.39991505278562,1.24709203410328
2016,YR2016,Cyprus,CYP,1237112,139.022098457248,23.5160580075036,39501.015625,24477.986328125,34240308243.7475,0.000276297291237262,89.7408519579174,-0.0177573795571583,34.3605294431013,1.40455761221209,15.8272269765313,-14.3075100967273
2016,YR2016,Czechia,CZE,10566332,148.547004664435,14.7706497791672,43069.4659744727,18359.0978103904,455086276548.982,0.00692491287997829,22.3842639418708,..,30.293501452901,0.986634400365061,5.47566421423918,1.5841702547487
2016,YR2016,Denmark,DNK,5728010,101.452783808643,33.4903267444358,63823.4502019665,54300.2039621991,365581360991.366,0.261758496429453,40.2500513180648,0.0449123333771197,37.5821151332045,1.15107146564238,2.49983169836595,5.73334263663049
2016,YR2016,Djibouti,DJI,1037653,213.071998607921,..,5226.50026106607,2502.85181449431,5423293675.39599,0,57.2596301881357,..,..,..,6.1420623506391,..
2016,YR2016,Dominica,DMA,69606,..,..,17364.0773046793,8499.52291903149,1208643964.86951,0,61.5951921215906,..,..,..,6.89801855079428,0.144063367425891
2016,YR2016,Dominican Republic,DOM,10551430,51.7306571245477,13.0122120959543,18968.9752386179,7177.75376475488,200149814402.01,0,15.4577780503173,6.43866604114831,53.9944720684882,0.63403055291349,3.33024928523507,0.144799201861896
2016,YR2016,Ecuador,ECU,16505139,40.5344917996647,14.5417706423945,13586.5160772568,5849.13587933672,224247336380.859,3.26158550456448,6.79670083975762,9.17246270952465,23.6464313910813,2.57311675623471,0.78469808886928,..
2016,YR2016,"Egypt, Arab Rep.",EGY,101644589,30.2465490514505,..,13727.3201600494,3381.22246306207,1395307815739.63,2.35006516963224,9.27720510076032,..,..,1.66660515243227,2.43856278142762,0.062146231638001
2016,YR2016,El Salvador,SLV,6200800,72.8190933731491,17.3547756209534,9863.76121214453,3875.84691357954,61163210524.2658,0,17.7345009586324,3.53955649975679,39.74983718337,1.02350295230491,1.98198031581358,0.54406233595947
2016,YR2016,Equatorial Guinea,GNQ,1508186,92.6007307237942,6.38440698924322,24435.0645564801,7971.83401904573,36852622273.1796,11.7086428410267,..,1.84932010954038,7.10027261562262,1.23948977462594,15.6154447046738,0.246060584912422
2016,YR2016,Eritrea,ERI,3124698,..,..,..,..,..,..,..,..,..,..,..,..
2016,YR2016,Estonia,EST,1315790,147.7462327097,21.6774027118622,37470.0427676805,18264.9873304279,49302707573.2864,0.395237695104046,42.4686635439125,..,39.1077573493265,2.02803563355143,3.7692325610639,1.4891834884428
2016,YR2016,Eswatini,SWZ,1149507,89.3584874439935,23.9100279570275,9402.50834103681,3500.17688847942,10808249155.5802,0.116108859833854,6.99533162793476,36.8129499113883,22.4338568281227,2.07382569653681,0.721382841978235,-0.196332599940761
2016,YR2016,Ethiopia,ETH,106718162,34.8990210816111,8.08706320792694,2084.840556194,636.835680951429,222490352220.081,0.00272401031151283,12.2137198762246,19.3087376057094,32.6946665373533,0.683567210395797,6.0502150951561,..
2016,YR2016,Faroe Islands,FRO,49464,104.552703002397,..,64155.0271268999,52757.3960429144,3173364261.80498,0,..,..,..,..,..,..
2016,YR2016,Fiji,FJI,919166,..,23.5346235455103,11951.9196317982,5218.85823412748,10985798160.2814,0,39.7154075310693,20.2527260103672,42.6053093109707,1.10379290217157,7.94325933214602,-0.333304973984805
2016,YR2016,Finland,FIN,5495303,71.7222101178859,20.9872193661139,53984.6316254715,43529.6761616969,296661908125.348,0.00498747892590695,22.8338902509722,..,38.395257296467,1.43150516649128,2.18951964860612,8.55396234825408
2016,YR2016,France,FRA,66724104,63.3427564383351,23.1463283405753,50984.075297832,36920.5342846914,3401866742516.37,0.00385165418531265,20.2915627142769,0.00524158886267199,22.4053933530202,1.85171809616119,1.44200321416196,2.94775119926
2016,YR2016,French Polynesia,PYF,279178,53.6164949427793,..,..,19516.0718353276,..,0,25.6103846286363,..,..,..,1.11959443206211,0.440755221722636
2016,YR2016,Gabon,GAB,2100306,70.1333810645308,11.4680637073487,19988.1755963792,6991.3251446736,41981285134.1288,9.0185416132992,..,19.1815934588993,15.8552621461943,1.44754580418175,8.86815381799839,0.323020211530558
2016,YR2016,"Gambia, The",GMB,2283769,38.1140879565948,..,2478.46055756999,615.193365494386,5660231389.10106,0,10.6658803471879,..,..,..,4.70370236790454,-0.0902393298503976
2016,YR2016,Georgia,GEO,3727505,94.9262528383443,23.0424315377671,15442.9564358054,4225.09154904806,57563697329.2467,0.0204652117157031,32.7253014984943,0.669557576220677,41.6071292121953,2.04079266789767,10.746989399988,2.67400072738603
2016,YR2016,Germany,DEU,82348669,76.0059902166055,11.8344647143693,60407.9713703755,42516.9337063103,4974516039340.52,0.00795427640685235,17.4959504277438,..,23.7473910102201,1.12912506140277,1.64365840117303,3.29549304666123
2016,YR2016,Ghana,GHA,29356742,67.8769994445865,11.0583291932876,5666.07795334591,1740.81101902928,166337588628.264,1.00121845985195,24.8632075288087,13.6209576933782,37.9465713980951,0.291412454265461,6.20782671803196,0.0261202437751678
2016,YR2016,Gibraltar,GIB,33658,..,..,..,..,..,..,..,..,..,..,..,..
2016,YR2016,Greece,GRC,10775971,63.6575490882866,27.0349616993722,31468.6198471099,18049.928997892,339104934882.48,0.0106382707042441,24.8615477437716,..,32.9269304138675,2.57279833754101,1.3975055397238,-0.91318944197657
2016,YR2016,Greenland,GRL,56186,85.8376729204278,..,66245.7294730698,46561.7831434013,3722082556.1739,0,..,..,..,..,..,..
2016,YR2016,Grenada,GRD,115130,..,..,15640.8274503805,8983.68397337899,1800728464.3623,0,64.5426928329698,..,..,..,10.3063305270724,1.5673960463015
2016,YR2016,Guam,GUM,164233,70.4117946110829,..,..,35373.8483143417,..,0,..,..,..,..,..,..
2016,YR2016,Guatemala,GTM,16268760,46.3727344722496,10.4215141317608,10872.5939962916,3924.77894837098,176883622303.11,0.0807153215443387,10.0009900464327,4.29475624408959,49.8542589714435,0.440496512523365,1.28045862124744,-0.180515757231402
2016,YR2016,Guinea,GIN,12073030,111.839467415368,..,3099.78874189372,807.236421043888,37423842474.5451,0,8.86171653281418,..,..,1.88200742269539,18.8280094343567,0.245506498228205
2016,YR2016,Guinea-Bissau,GNB,1831893,54.3006730474711,..,2293.23583589196,663.242608032005,4200962675.11962,0,14.0056570668643,..,..,1.26454587592398,1.92748272635559,0.0361732521192478
2016,YR2016,Guyana,GUY,763548,..,..,12420.4724727603,5818.61682204646,9483626915.63116,0,16.9547603374215,..,..,1.15412827584568,1.29386384235538,0.580007929331722
2016,YR2016,Haiti,HTI,10671457,41.4109022161974,..,3446.75276647872,1416.74881879698,36781873937.1087,0,9.59211025686366,..,..,0.0492315360368918,0.745596209929376,..
2016,YR2016,Honduras,HND,9412380,99.8157169505924,..,5926.49025534228,2315.72983058198,55782378349.5786,0,20.8581119950418,..,..,1.53155567439147,5.28156973350556,1.13713136889559
2016,YR2016,"Hong Kong SAR, China",HKG,7336600,371.727231773253,..,63749.4095274634,43087.5455578429,467703917939.188,0.000152821067876972,53.9139930362355,..,..,..,41.5318364506118,23.5467346883503
2016,YR2016,Hungary,HUN,9759755,163.97194450015,23.0006172635172,32378.9674983075,13145.6559885563,316010789936.444,0.0703386643669383,32.2575160036318,..,36.4328759126662,0.999116487545317,53.8467636785015,51.6782404961595
2016,YR2016,Iceland,ISL,335439,87.7600165983392,37.0945238249408,63612.5551585223,56049.2928648152,21338131889.8196,0,41.1968625719083,0.420334355052589,23.748981391784,..,-5.05739639771987,-8.58487785803834
2016,YR2016,India,IND,1343944296,40.082485713276,11.1477384183764,6940.62588857522,1694.46534973825,9327814573620.6,0.220297977730946,11.2315483977981,11.2889250411133,32.9305784664664,2.54315152114541,1.9373641224439,0.219945069521291
2016,YR2016,Indonesia,IDN,264627418,37.4213418023318,..,11319.6634287738,3416.81005170972,2995493305785.44,0.62227933803086,5.76586028964705,..,..,0.792220213496852,0.487372471368879,-1.24417683344392
2016,YR2016,"Iran, Islamic Rep.",IRN,83812228,39.8772417738866,..,15920.3718021202,5312.61724954192,1334321831324.07,10.8895031509112,..,..,..,2.79643556281004,0.70452835935243,0.0217526954458063
2016,YR2016,Iraq,IRQ,38469627,54.588320188677,2.07780523590318,15016.0920644592,4932.9272911439,577663460717.405,32.9650560560142,12.3364646153997,1.1008853477294,1.46952918065113,3.55013476903527,-3.75180911604806,0.182495806201094
2016,YR2016,Ireland,IRL,4762722,239.708527798768,18.6492727236414,80899.0223207227,64205.979777351,385299553385.397,0.00103242097431613,137.98753551544,..,31.3053580161879,0.327907586700795,26.1253590357369,31.5201937392858
2016,YR2016,Isle of Man,IMN,83466,..,..,..,90783.7647245394,..,..,..,..,..,..,..,..
2016,YR2016,Israel,ISR,8546000,57.7990316850783,23.0538456666642,41963.675796165,37093.7879065422,358621573354.026,0.00738204032323747,20.4292108835075,0.800084787677847,34.8064840117662,5.41748768749926,3.72366398162517,4.52828353267638
2016,YR2016,Italy,ITA,60115223,54.4321467018313,25.0831052252075,47987.8379581014,31077.6792675211,2884799580139.13,0.0238823821426404,10.9357875725464,..,24.4947257766339,1.32773387933426,1.35957350873308,0.723838535919639
2016,YR2016,Jamaica,JAM,2809915,..,24.5909226356389,10179.2536486158,5472.28314023034,28602837516.0503,0.0687391904547863,36.157375938259,11.0356849268041,48.7054377795504,0.954831298098327,6.22844979056863,1.81277929513205
2016,YR2016,Japan,JPN,127076000,31.3102468455884,..,43736.1305076612,35242.199377148,5557812520391.56,0.00120567077494375,7.23719631555657,..,..,0.929516775505971,0.818481615264516,3.56958225944535
2016,YR2016,Jordan,JOR,10006367,88.7207178954687,15.0206304355319,9321.9045113153,3933.14704611068,93278397679.1765,0.000250812593463262,26.7793295859501,4.39911734751613,40.7929727283015,4.43550630070496,3.89285142868971,0.00812040475783268
2016,YR2016,Kazakhstan,KAZ,18363600,60.3115965864153,9.92425019613103,30758.3227260598,10151.423313302,564833535212.271,6.9499320090465,11.6417867015701,16.086940534361,25.0111203651145,0.933551765285713,12.5466202801438,2.53104835126715
2016,YR2016,Kenya,KEN,48139687,34.8650195731824,14.9664727344937,4770.31046388086,1517.97796057742,229641252624.049,0.00658707205828154,9.21946152953386,..,..,1.24730980077159,0.627591266355583,0.156258200256305
2016,YR2016,Kiribati,KIR,118478,111.269797688379,21.5244028552974,2761.9336523043,1731.43693824902,327228375.257708,0,53.869447635468,1.36965694824423,16.3956695865242,..,0.875179449056022,0.0584082908695527
2016,YR2016,"Korea, Dem. People's Rep.",PRK,25698326,..,..,..,..,..,..,..,..,..,..,..,..
2016,YR2016,"Korea, Rep.",KOR,51217803,69.8997221316919,13.2783119459368,46088.2430785383,31005.4072876388,2360538554612.69,0.0154774466539604,13.1055651451266,1.79894202576672,21.9158279819995,2.3357998421426,0.766507046338007,1.89275814062109
2016,YR2016,Kosovo,XKX,1777568,75.0188123077463,..,10434.8888259268,3739.17562318261,18548724460.525,0,26.9527900466734,..,..,0.777866853947473,3.64804605378298,0.704216436171431
2016,YR2016,Kuwait,KWT,4004096,96.1576723758617,..,56936.620842726,29454.4426388829,227979695769.876,31.6732106195044,29.1363004375018,..,..,5.89351944288143,0.266918369047007,5.85213482030873
2016,YR2016,Kyrgyz Republic,KGZ,6175338,105.823574017406,16.9491731803417,5715.01041179003,1128.3161612818,35292120966.3226,0.0524748993735499,27.6755627226212,9.59825012458896,35.7011143848294,3.34401777586688,9.08868385870298,0.590801944786611
2016,YR2016,Lao PDR,LAO,6908802,75.0918909204124,12.943111340589,7063.25545347926,2234.76098741846,48798633403.5084,0,11.6705375327471,8.57745921472874,54.9126799299745,..,5.87774436155716,0.0954238330201304
2016,YR2016,Latvia,LVA,1959537,123.330518429659,17.2317291892857,31668.5148442662,13787.3367440023,62055626572.3888,0.0190916739437906,29.1890586785691,..,45.3896276803207,1.50174457900413,1.23693505180815,0.90482233088863
2016,YR2016,Lebanon,LBN,6323060,67.7236177908116,13.5253568933955,15572.3611739774,8019.1416913426,98464974044.7293,0,55.6688161180607,4.99719374440951,35.4780960307526,5.09598055264963,5.02174040562454,1.96440976344821
2016,YR2016,Lesotho,LSO,2130422,136.31524774176,29.2862704418611,3057.26091568162,1147.58748801671,6513255914.50827,0,20.8042771329323,9.64789957311312,28.6423709809733,1.96388842698486,3.74733138412509,..
2016,YR2016,Liberia,LBR,4755608,..,..,1653.31050211233,668.031513175601,7862496650.32942,0,9.1158783161896,..,..,0.451842751842752,9.1719033259717,4.93356676732914
2016,YR2016,Libya,LBY,6632126,41.1101760615135,..,11831.8257669559,7236.16409923502,78470159296.4984,10.7931417666286,5.94745876071024,..,..,..,..,0.880548467351238
2016,YR2016,Liechtenstein,LIE,37716,..,..,..,..,..,..,..,..,..,..,972.693538598386,..
2016,YR2016,Lithuania,LTU,2877325,134.690449650877,17.0998350982682,36618.1468417838,14823.107153522,105362309361.536,0.0181352318557627,29.5078799782809,..,34.7524988846012,1.48013833220254,2.7403147410033,2.12450287052038
2016,YR2016,Luxembourg,LUX,582014,348.437409376889,23.7675096749456,133661.649729132,108351.451826983,77792951405.4508,0,262.726765715009,..,26.9528617952291,0.378949157263331,28.257554145971,-1.99437877885646
2016,YR2016,"Macao SAR, China",MAC,652500,112.890232741859,27.8407264038365,120530.052858314,68391.3415491921,78645859490.05,0,82.6697048823242,..,83.3159721057357,..,4.13475853837245,-0.164912022209332
2016,YR2016,Madagascar,MDG,26099952,60.8346984831423,9.24485187325721,1648.91226979296,451.15659433146,43036531093.8073,0.058311086080069,19.9960899385345,10.9743447401848,41.6684835242029,0.501387044175783,4.56460803171494,0.757285084081296
2016,YR2016,Malawi,MWI,17557739,..,10.638963161483,1593.59549264808,538.221990810959,27979933731.4914,0.0544029137872334,4.58920997869627,6.86803403958227,33.7590757200979,0.452047625154312,4.78850469293342,-0.0532958937381704
2016,YR2016,Malaysia,MYS,31789685,126.8990100257,13.5507251724192,28425.3707609412,9901.47960179812,903633582498.53,1.5297271888572,25.1431470879173,1.82905644922112,28.9697817070817,1.3843347942822,4.47130958598651,3.3517396042121
2016,YR2016,Maldives,MDV,443308,144.380212278942,19.975825642646,19345.1792343541,9909.07669723415,8575872716.02304,0,90.584374730834,16.4712176066267,39.3389775287452,..,10.3547618700189,..
2016,YR2016,Mali,MLI,19191289,53.6126193604252,12.8969929658629,2759.11051294151,860.75307554569,52950887236.7988,0,16.1869269805576,9.30419627295884,51.0524198954283,2.58613087357125,2.129006916198,0.579413307192181
2016,YR2016,Malta,MLT,454505,213.359473242677,26.2493787211505,46965.601581458,25969.5120352027,21346100746.7806,0,201.241104117662,..,33.4945699281089,0.496660141239844,23.0840199415211,-55.1721065244727
2016,YR2016,Marshall Islands,MHL,47709,116.326362735382,17.3583439048563,4896.52195460777,3946.8444109078,233608165.932382,..,36.9526908458292,6.66712731038807,9.72645894358922,..,-1.51429506881848,..
2016,YR2016,Mauritania,MRT,4086657,73.1532616736712,..,5866.28144759405,1528.05152299375,23973480141.7803,0.407544888538057,13.6795061877218,..,..,2.14548780076745,4.23731114711712,..
2016,YR2016,Mauritius,MUS,1263747,126.310008998042,17.3820985285556,23460.0011516323,9995.65028642071,29647506075.3719,0.0234690891049759,38.2278714724658,1.35140955910005,56.0090653303729,0.174701755953711,2.96891288123063,0.221780983082167
2016,YR2016,Mexico,MEX,122251351,75.6903034088551,13.1237856088608,21578.2633554092,10100.5021214015,2637971847432.57,1.23719531597201,7.08543058471871,1.30191062101607,30.3955333770549,0.480046272445401,3.49768027047347,0.70755402512364
2016,YR2016,"Micronesia, Fed. Sts.",FSM,109075,102.769230769231,6.13769630769231,3746.13008308173,2870.49424845266,408609138.81214,..,..,3.94474490273779,3.42901477449314,..,..,..
2016,YR2016,Moldova,MDA,2803186,89.0046837188671,16.4301183204667,12377.366678394,2910.95486872376,34696060989.7407,0.00862196490392666,23.937725224573,3.44250362175376,47.355230618579,0.344191282076352,1.09561343852844,0.167023411889114
2016,YR2016,Monaco,MCO,37276,..,..,..,173120.189785092,..,..,..,..,..,..,..,..
2016,YR2016,Mongolia,MNG,3088856,101.055237224997,11.3509934508755,13898.1456953585,3817.91962716702,42929370719.9824,1.44692568738784,26.2942053216942,6.08505493867803,34.2728789130318,0.863910995114833,-37.1726532341221,0.12943847220847
2016,YR2016,Montenegro,MNE,625353,104.135954584294,..,21834.1824200766,6634.38508838803,13654071478.9422,0,44.3690501414661,..,..,1.41128063506996,5.20261621395497,-4.2426824765343
2016,YR2016,Morocco,MAR,35023457,71.1226603816864,19.8672577630868,8141.9404296875,3124.42504882813,289227026912.904,0.00113281093648473,21.3220825573732,3.58060515069866,44.8225074366112,2.98211832955753,1.93000540251056,0.519042250345907
2016,YR2016,Mozambique,MOZ,27337105,110.394358201481,20.0767622116195,1537.90853271216,620.779714954555,42041967039.1484,0.0633248092640754,29.4614103043078,7.12824382114878,37.0023467333395,0.919413170302599,25.9187724637849,0.287683720548511
2016,YR2016,Myanmar,MMR,51495696,..,7.17585983640205,5580.98977273232,1225.37913972668,287396952715.732,0.103530840750173,9.94170703638656,3.49605906499339,23.8521174946944,4.08929730356682,5.17880132620963,..
2016,YR2016,Namibia,NAM,2439213,93.966187960162,29.673463838066,11846.7880832757,4648.62713460213,28896839500.9711,0,11.4146067712007,28.7919782535838,26.078084950306,3.97104492479212,3.34570437311555,-0.0729662267770218
2016,YR2016,Nauru,NRU,11150,170.149253731343,25.2437180373134,11529.8856976118,7925.5779662048,128558225.528372,0,59.7904352243006,13.0902842241844,2.39307971286702,..,..,5.05108765442064
2016,YR2016,Nepal,NPL,27955462,42.115486124737,16.1437497561064,3743.7445783578,875.188943730855,104658109297.987,0,10.6225400724113,15.682824620844,41.7354392354915,1.46937461345505,0.432212944008614,..
2016,YR2016,Netherlands,NLD,17030314,150.96552921165,22.3479015517062,64267.736357935,46655.0363382039,1094499730244.85,0.0142927116318486,43.3588788114673,..,26.7676396857529,1.14449960079147,34.7918547450687,48.6905595518188
2016,YR2016,New Caledonia,NCL,283423,58.0296161468389,..,..,..,..,0,18.9017751569577,..,..,..,9.28207619845752,1.22599482996642
2016,YR2016,New Zealand,NZL,4714100,52.4062478142589,27.248046177576,45626.6818435018,39235.3695566636,215088740878.452,0.127171106470809,15.1454303267406,2.82920879686038,29.1636459328636,1.03552843699621,1.0619303911252,-0.404351326010295
2016,YR2016,Nicaragua,NIC,6232666,93.8137278130087,16.1664558122422,7158.75799760378,2140.14405941606,44618147573.8932,0.00769475794674993,18.0353993452925,3.83854107487785,47.9655578911487,0.639876675817232,7.44462628012218,0.491491351826891
2016,YR2016,Niger,NER,20685753,36.4881092245519,..,1500.00858681288,495.017437216008,31028807124.6903,0.920918399439848,9.70551409536886,..,..,1.59964624315915,2.89774478323805,0.386698480946227
2016,YR2016,Nigeria,NGA,195443700,..,..,8534.69281513898,2481.81490350326,1668051942154.18,2.68429043488445,3.83096125612631,..,..,0.432947784673169,0.853395742751916,0.0829026861203809
2016,YR2016,North Macedonia,MKD,1906313,116.185408418026,16.9511578274868,19825.8546858981,5429.94678358359,37794284523.8385,0.0128591662869988,25.2533146162068,2.84286575996922,44.0874718709688,0.970115977909212,5.14755489783813,1.87404130012862
2016,YR2016,Northern Mariana Islands,MNP,50773,152.845528455285,..,..,23158.5744988538,..,..,..,..,..,..,..,..
2016,YR2016,Norway,NOR,5234519,69.1168423974699,21.9603759264578,85787.6174410424,75017.4944769055,449056913459.868,2.60460301891109,24.2116308562756,0.238583641358854,27.3867597798695,1.61734383599671,-5.03254975124343,1.68788840967095
2016,YR2016,Oman,OMN,4390877,82.8642642018901,..,39860.9893909688,18830.6057208608,175024701514.049,16.2724873177614,17.9194823618782,..,..,10.5631262289399,3.01624952400734,0.474644303666009
2016,YR2016,Pakistan,PAK,220138869,24.7015780480573,..,4886.61212115378,1452.18658269177,1075733265592.48,0.187153081394228,4.7046902381352,..,..,3.20377671550622,0.821349998064174,0.0165800465447737
2016,YR2016,Palau,PLW,17797,118.020274395929,19.3672041252882,20449.1316608307,16343.5615050344,363933196.167804,..,63.9052203934959,12.7223877616228,24.6502340984035,..,21.1832490924774,..
2016,YR2016,Panama,PAN,4029086,84.3959718486228,10.0557385133532,30765.2371534884,14474.124340577,123955786301.8,0.0045778550895998,28.5399687580621,4.62821868108925,36.8909520508355,..,8.78226076869208,1.15648809287228
2016,YR2016,Papua New Guinea,PNG,8961718,..,12.9486285832779,4275.74858615698,2557.09463030035,38318053068.0375,1.86576642511912,7.76076329677193,5.11971225376506,24.6441452505445,0.381076923076923,-0.188417025477419,1.40808413562043
2016,YR2016,Paraguay,PRY,6249126,67.7593152322119,9.55906333666421,14826.6636909978,6041.95879367349,92653689564.6702,0.0771925125540579,9.98533409821067,4.44824304765373,35.5795348413306,0.950953301628568,2.27032682691763,1.62444014801255
2016,YR2016,Peru,PER,30866494,45.3888411964154,13.787547643237,14917.4489473588,6392.25474941014,460449348428.956,0.125482139363681,7.53952880783228,1.33991446900048,35.3855932352529,1.32190839942957,3.54628188735842,0.795339168654327
2016,YR2016,Philippines,PHL,106735719,61.7760657653871,13.0871006913218,8131.82537948653,3076.3374186759,867956228661.943,0.0331707917845771,17.3758233502773,18.0514959380548,26.0348874596606,1.04558514673889,2.59850803494211,0.752206999284093
2016,YR2016,Poland,POL,37970087,96.8659028060623,16.2090291324573,32675.3052259954,13026.1858988718,1240684182182.6,0.0235512516028107,17.4166573254832,..,36.4291778368439,1.93589358828699,3.81608753667806,2.95841869330175
2016,YR2016,Portugal,PRT,10325452,79.5223464844001,22.6170386298855,36636.2978441633,19662.82312462,378286334847.612,0.0185088381110048,21.6300819705328,..,32.5515156125204,1.54200474856982,3.56282992803299,1.79666851747803
2016,YR2016,Puerto Rico (US),PRI,3480432,110.274045470098,..,41858.2626698462,29326.5748761873,145684836860.538,0,..,..,..,..,..,..
2016,YR2016,Qatar,QAT,2477113,89.5476231430097,..,120054.244506415,67294.3517688172,297387929772.019,11.1615579117458,30.7889662414789,..,..,..,0.510044269018025,5.20781090158517
2016,YR2016,Romania,ROU,19702267,85.8925282906884,17.1118362525795,30189.2729172886,9286.87678236598,594797115552.289,0.237281273734058,17.8336206790508,0.00194065905663681,36.0311140573844,1.42770454147789,3.37417569649644,0.677726254261795
2016,YR2016,Russian Federation,RUS,145015460,46.5181198396096,9.18312209969854,35005.44921875,9269.3193359375,5159144239407.11,5.00613659535062,9.80945950068821,10.1291638184448,21.4435544578741,5.42514770504505,2.54849998807899,1.7476949048367
2016,YR2016,Rwanda,RWA,11919183,49.4849071069892,14.416149504273,2316.63731573814,759.606288155109,27612424110.9117,0,20.9944675940322,4.32178160938657,29.4591653314402,1.24050679129546,3.21723490346275,0.549224490461868
2016,YR2016,Samoa,WSM,203499,75.2118171706314,22.9707859885685,6887.30523545286,4373.23792440391,1401559728.10942,0,35.4859149164232,7.98850855617156,49.1934302954301,..,0.298684612802242,1.82034820658625
2016,YR2016,San Marino,SMR,33101,320.146089060708,16.6895193621675,60669.8186167521,43886.2146896896,2008231666.03311,..,..,0.473012552096415,21.2013436787284,..,..,..
2016,YR2016,Sao Tome and Principe,STP,203689,..,..,5388.5091334891,1342.533807689,1097580036.89126,0,50.8583245157686,..,..,..,7.98279155418215,0.344240094811254
2016,YR2016,Saudi Arabia,SAU,30954198,57.9216635110364,3.1718920136119,57308.4484127497,22783.0328538685,1773937059241.04,20.0051771356735,13.5737010580911,4.97873749948624,4.79912396030037,9.56048239449097,3.18518611850268,1.34371599831012
2016,YR2016,Senegal,SEN,15034521,54.1081692072139,16.3711764436877,3710.05531589724,1257.40906915928,55778904558.0186,0,13.4366187257698,9.82975815568478,41.1163815552663,1.60209745363896,2.48110320660753,1.17572936362325
2016,YR2016,Serbia,SRB,7058322,97.6906940431804,22.4444642487137,18889.4599757385,6024.95754653784,133327890914.874,0.27662651720577,21.5707177849325,2.0085915687871,41.9858125005351,1.85741974312422,5.57770746372387,0.597703753218796
2016,YR2016,Seychelles,SYC,94677,180.866188390939,..,29905.1347389952,16962.6753972731,2831328441.68385,0,112.743600633743,..,..,1.39771684213413,4.35742188671966,-6.87608663470146
2016,YR2016,Sierra Leone,SLE,7205328,43.0672126969961,..,2732.26093997048,1002.77862282013,19686836254.0756,0,8.64559677050202,..,..,0.714168280060902,2.27663664378768,..
2016,YR2016,Singapore,SGP,5607283,302.839656046574,13.2839981132516,111579.742684331,56986.7853102911,625659194298.221,0.0289302386437418,97.6229701722692,..,22.8987553388724,3.09531096262441,20.3766287562495,12.4757018862407
2016,YR2016,Sint Maarten (Dutch part),SXM,38249,..,..,50817.6814942681,37428.7027557069,1943725499.47426,..,91.6342750014014,..,..,..,2.91188308245256,0.160118335671296
2016,YR2016,Slovak Republic,SVK,5430798,182.757379596201,18.0127305314246,34130.5050676203,16740.7413996428,185355878660.222,0.00142932910460491,20.35099591048,..,31.0858516459864,1.11122582751499,5.27770700739813,4.50794911250306
2016,YR2016,Slovenia,SVN,2065042,148.238448080388,22.1634784860129,39667.4579830072,21309.7122138949,81914966768.1452,..,27.7158929890402,..,35.5131222863739,1.01508115640424,3.26541395278807,1.07828877389049
2016,YR2016,Solomon Islands,SLB,662379,85.54984577725,23.843162060566,2715.23362293936,2084.24845745225,1798513731.92895,0,23.9211572107804,28.0645096937444,14.1781877545328,..,2.70706733520786,0.0989812077590676
2016,YR2016,"Somalia, Fed. Rep.",SOM,14348740,74.3615625516249,..,1384.15517410135,458.921476824605,19860882712.835,0,..,..,..,0.6454606954404,4.9896102178043,..
2016,YR2016,South Africa,ZAF,57259551,55.8612575048782,24.8283559921779,14501.2807823402,6095.295060428,830336826521.729,0.182131538345159,9.35347610003191,3.26498260833726,32.8174861998815,0.971046764986093,0.684612553455795,1.38772534652893
2016,YR2016,South Sudan,SSD,10830102,..,..,..,..,..,..,21.268066044639,..,..,4.84674935905441,..,..
2016,YR2016,Spain,ESP,46458139,63.1886778507294,13.6838393292056,44274.6676149922,26719.2442268615,2056918662236.11,0.00132927314332369,15.6674195477316,..,28.5172135939203,1.12848106845526,3.61722479660389,4.85745693592621
2016,YR2016,Sri Lanka,LKA,21209000,46.4715370252187,11.4234897702747,13845.6146782368,4214.74117992085,293651641710.724,0,12.9510989895451,21.5142132656879,49.6449420649045,1.97935533284589,1.01937184461335,0.269099509703379
2016,YR2016,St. Kitts and Nevis,KNA,47075,..,18.3541114107144,29867.0265589791,21133.6575914414,1405990275.26394,0,69.5310597371256,17.3574584472964,24.2630385487528,..,12.0592980087624,-0.301116645391975
2016,YR2016,St. Lucia,LCA,175646,..,19.1448285157589,21775.4737658629,10644.1612913407,3824774865.07875,0,63.0901232638575,26.8189664316917,40.9463929256791,..,8.64914217402882,0.664252026830151
2016,YR2016,St. Martin (French part),MAF,37175,..,..,..,..,..,..,..,..,..,..,..,..
2016,YR2016,St. Vincent and the Grenadines,VCT,106349,..,24.3520935859767,15197.7482513352,7702.8942635647,1616265328.78124,0,49.0289373312569,16.2105773896167,42.7413876758855,..,8.66074512206484,-1.04873384122768
2016,YR2016,Sudan,SDN,41259892,15.2816698903461,7.39027026174951,4174.56103515625,1297.15454101563,172241940059.519,0.586718855776161,6.9966967217922,15.6532393670061,59.7905113134605,2.27850721551928,2.49532759301928,..
2016,YR2016,Suriname,SUR,587757,..,..,21950.4122148625,8293.31553031406,12901508432.171,2.93811167650529,20.0750085672912,..,..,..,6.9833403838341,-2.05943956624104
2016,YR2016,Sweden,SWE,9923085,83.4519478574149,28.3765415278316,59977.3886010694,51626.3235312369,595160725166.443,0.00769340484074064,28.3453321089313,..,37.6715887859195,1.05595798245271,3.01534061830454,-0.00337822451660293
2016,YR2016,Switzerland,CHE,8373338,123.565924513577,9.40460314122983,77301.2124304857,84611.0998672721,647269179490.259,0.000116660133874781,37.545584130334,0.952138060964544,29.960112419358,0.664750475412517,24.8364271188431,26.7771686023626
2016,YR2016,Syrian Arab Republic,SYR,19193834,67.1119365330928,..,5022.1127178437,802.969498335502,96393597835.5808,1.84950445227804,..,..,..,..,..,..
2016,YR2016,Tajikistan,TJK,8865631,55.7246446907573,..,3169.9667820524,997.352614556708,28103755771.934,0.0591268078088316,8.66588846078604,..,..,1.20806716554116,3.45540459636672,0.501876766538642
2016,YR2016,Tanzania,TZA,53824013,35.4204704002636,11.3903399368077,3214.24682617188,970.156127929688,167875584975.536,0,11.2906768033805,8.92533773947855,44.0565131818249,1.09369193376988,1.73591210997565,..
2016,YR2016,Thailand,THA,70859841,120.57522728913,16.1000351534032,19370.6087810117,5857.78052935926,1372598258295.69,0.429121666160215,25.9570852704813,3.24893830385002,44.6204775840009,1.32516695969445,0.843364340718618,3.239895788132
2016,YR2016,Timor-Leste,TLS,1228312,60.3106239445445,15.0879495953307,4515.4226379882,1333.65856117568,5546347811.31256,12.5519849690425,41.6769794950195,1.50556632909783,7.70349117066032,1.59859756097561,0.333972458756695,0.772147104345795
2016,YR2016,Togo,TGO,7858289,66.4450409805081,13.8673821143318,2427.30036226403,763.276185353302,19074427736.4754,0,15.4967674399971,16.8637428111002,43.314144559873,1.36106759176365,-0.76275824996834,4.23256756843303
2016,YR2016,Tonga,TON,105524,87.7771675387955,20.2565184492148,6639.13678737964,4419.81472868939,700588270.351449,0,35.2452587709831,7.74817778622759,33.6225985969186,..,3.9505771329227,0.00202441808330768
2016,YR2016,Trinidad and Tobago,TTO,1353895,..,21.3969136294522,35914.9901970983,18331.034459758,48625125652.9004,1.82556957376394,15.6156272099976,5.42884481382087,14.8920955385675,0.914265892901233,-0.0998893521188151,-0.107258944816095
2016,YR2016,Tunisia,TUN,11528674,87.0926643641466,..,12803.8797371543,4015.28893802703,147611755424.858,1.266744868786,14.1108567006286,..,..,2.22498472970201,1.40344558640993,0.544671650428779
2016,YR2016,Turkiye,TUR,79277962,48.870183807987,18.3280078853395,26489.6436816046,11279.6169531569,2100044965183.79,0.0349237617230731,8.88612758318845,1.20241465993284,38.6237213780579,2.05032437865497,1.58873607703875,0.360350835543736
2016,YR2016,Turkmenistan,TKM,6360041,62.0460846966262,..,13552.8477118745,5977.83828113854,86196667114.2781,3.65533512745275,..,..,..,..,6.20181210651458,..
2016,YR2016,Turks and Caicos Islands,TCA,38315,..,..,17625.7202843515,30183.0002949881,675329472.694926,0,66.2916180152862,..,..,..,1.38011010932735,-0.121289966208516
2016,YR2016,Tuvalu,TUV,10930,..,..,4333.24899362162,3558.61212970652,47362411.5002843,..,104.037001437687,..,..,..,0.720650357142857,..
2016,YR2016,Uganda,UGA,38799152,31.2093620232119,11.1195629637121,2554.22769062073,874.648370639216,99101868411.0026,0,13.4702706539331,10.4099353431231,47.2213186311057,1.00333547376504,2.1425304891559,0.000497869337175015
2016,YR2016,Ukraine,UKR,45616832,105.521204913122,19.6301198096561,15856.8125,2156.0830078125,685824964588.112,0.2004056293323,26.1440444568069,2.80306123303074,44.5415836352667,3.66861786886462,4.42178946686191,0.185312397714901
2016,YR2016,United Arab Emirates,ARE,8935095,165.39501917458,0.0406834504185879,75671.0564378596,45168.4982473243,676128078022.637,11.0807563620506,..,0.186508205861344,0.655504570597912,..,2.51620200951453,4.11598027900155
2016,YR2016,United Kingdom,GBR,65607000,59.8395315138259,25.2889754608419,50346.8592925717,45888.0105130748,3303106397607.75,0.205683569636128,22.4939124962801,..,35.2084396953493,1.98449096820719,11.9998637298189,1.21575955191692
2016,YR2016,United States,USA,324353340,26.6079620604584,10.9182669054538,65017.654963867,57151.4708448372,21088693546497.8,0.0922955001311894,6.9350752234497,1.07627221216493,2.85987210500223,3.40260233575118,2.53749765919682,1.60370806321427
2016,YR2016,Uruguay,URY,3379283,48.4705583785623,21.7322482220825,29332.5672615246,17357.2349992841,99123045893.2268,0.00974074357398883,15.2863080583377,2.67989659473358,27.2353201452133,1.8091708739885,-0.897082488190792,2.27512034946437
2016,YR2016,Uzbekistan,UZB,31284568,29.1922970388042,13.4329630628352,7839.97820100236,2918.67725852903,245270331147.776,0.356801760612992,6.20918457117646,15.221357711248,32.9635949366744,..,1.93048466413592,0.00675339725407193
2016,YR2016,Vanuatu,VUT,272087,106.351935265734,16.3107118706232,3397.76730446483,2889.01404801498,924488312.569923,0,57.2574697556281,10.7119357792564,36.2044175986986,..,5.49263637992702,0.160845251296228
2016,YR2016,"Venezuela, RB",VEN,30765720,41.307217198655,..,..,3382.73477932247,..,..,9.52663218877509,..,..,0.454046014282467,1.40548157326263,1.38156978846232
2016,YR2016,Viet Nam,VNM,94000117,145.409507973118,..,9743.1882231455,2715.57887431272,915860832928.699,0.828042589429339,11.3801847815382,..,..,1.95056176952778,4.90089302916746,0.38895976421964
2016,YR2016,Virgin Islands (U.S.),VIR,107516,113.296471827278,..,43502.4336941564,34614.7482633247,4677207661.06091,0,..,..,..,..,..,..
2016,YR2016,West Bank and Gaza,PSE,4367088,65.4225141833383,..,6464.13352537371,3483.09903532972,28229439949.0572,0,12.4337120630262,..,..,..,1.92447798073354,-0.292005208840394
2016,YR2016,"Yemen, Rep.",YEM,32109010,31.0815442908559,..,..,1197.95865971172,..,0.710184776557765,6.14174530137696,..,..,..,-1.79131212045889,0.00251294588021595
2016,YR2016,Zambia,ZMB,16914423,73.958561254616,13.3531814269452,3598.17166023389,1303.57513869133,60860997487.8084,0,10.8710173676462,4.38823529177767,27.856805585568,1.42930472392762,3.16251974813899,0.843192523395632
2016,YR2016,Zimbabwe,ZWE,14600294,51.2190376594477,15.4582805565972,5070.40217016051,1378.34256192374,74029362382.5815,0.0227863385971937,8.076810945407,7.72241157637722,46.7818357723174,1.74198491851131,1.66841598492163,0.155647701156414
2017,YR2017,Afghanistan,AFG,35688935,..,9.8984508955205,2952.99891598909,562.769574140988,105389386367.805,0.0134270806666745,8.58068228236206,7.42258902892235,8.59822404864625,0.945226799939516,0.274796791572807,0.0600461881044499
2017,YR2017,Albania,ALB,2648285,76.7873817898989,18.5476631833556,15359.4611530571,4648.23078660658,40676230579.7237,1.12614227560188,39.6670212738271,1.58693111994199,53.2947888187206,1.10915100558884,7.71411336285186,-0.800829572520249
2017,YR2017,Algeria,DZA,41689299,49.8208161712587,..,15427.6641894713,4742.90075532529,643168505266.462,12.1565741270026,7.57524460847128,..,..,5.30711492252911,0.647902696344894,-0.00451147273355133
2017,YR2017,American Samoa,ASM,51586,161.437908496732,..,..,11930.7771236826,..,0,..,..,..,..,..,..
2017,YR2017,Andorra,AND,73763,..,..,63239.6577711911,39361.0807539996,4664746876.17637,..,..,..,..,..,..,..
2017,YR2017,Angola,AGO,30234839,45.6643423539921,8.05553778682328,10414.2358842987,3328.8982124109,314872745269.793,24.7110060055382,17.5141159002146,3.62848883053618,7.445482354553,2.50798280550579,-8.76696380208172,1.60233960365411
2017,YR2017,Antigua and Barbuda,ATG,90468,127.664323582144,..,27199.1952402262,16992.9327495236,2460656794.99278,0,93.0648463105723,..,..,..,9.85575663347108,0.758174535320004
2017,YR2017,Argentina,ARG,44288894,25.2896011376779,10.939623860491,28334.904184742,13520.1129846159,1254921567938.2,0.663565866238942,6.32474311903037,6.40974557980346,30.2522655088489,0.84775481125944,1.78936504083806,0.179549291188484
2017,YR2017,Armenia,ARM,2979400,87.202376539837,20.7806533615558,14243.8749003795,3815.3747426037,42438200878.1907,0,33.6930605493967,5.70947836443869,38.4683261924418,3.84973057654684,2.19257337687685,0.252066172014088
2017,YR2017,Aruba,ABW,108735,138.716620095236,..,38116.8310992499,28548.8904317739,4144633629.57693,0,99.7690310888064,..,..,..,5.2533752062728,2.68959947906447
2017,YR2017,Australia,AUS,24592588,42.0354135251854,22.0221874286349,56881.8569859104,57991.771347333,1398872073529.42,0.198665473505862,10.3302068996007,3.23921345112568,21.1127956682816,2.00509517581937,3.62158795648508,0.751741634576957
2017,YR2017,Austria,AUT,8797566,105.556066755438,25.7616861075799,62535.8983176843,45056.6385912412,550163692819.116,0.0301638333518207,29.7094425018415,..,27.5057973854696,0.761540652203723,3.38180275607348,1.93098718073709
2017,YR2017,Azerbaijan,AZE,9854033,90.4023156823216,13.1640455061148,19659.0048562768,5229.25259993413,193720482600.912,17.1235678602694,31.214200501871,3.63130076687365,19.4896155903954,3.75630173249661,7.01669598350389,6.27499946597783
2017,YR2017,"Bahamas, The",BHS,390485,68.334284038596,14.7905517839783,33050.0350128611,30974.7477261317,12905542921.9971,0,40.2071809014478,20.8291435685098,61.9229736582098,..,2.4470958481014,1.2136843712089
2017,YR2017,Bahrain,BHR,1501116,136.429239810394,0.936278226979607,53859.7749589601,23606.8867501313,80849769947.2943,8.93795259727704,51.4654003392662,5.73715898958713,..,4.32073774179037,3.83300891199591,0.615483154276105
2017,YR2017,Bangladesh,BGD,162186147,29.9997306724343,6.99714263243688,6005.70718781048,1373.75363740186,974042508801.188,0.0460395273977644,4.21063932796316,10.1213603822532,49.1626908616674,1.12758125325097,0.616341784631384,0.0431488846794742
2017,YR2017,Barbados,BRB,280171,..,..,21035.7933581451,20788.7046543161,5893619260.94488,0.113958458217943,38.8839197879671,..,..,..,1.60970470892023,-2.04719666353615
2017,YR2017,Belarus,BLR,9458989,133.367754723012,13.0190056095517,25503.9809845207,5964.89668834561,241241875588.79,0.509192771843037,23.2641491191339,10.1766238789487,26.0200333745965,1.37200444073753,2.33218919527708,0.123891269638632
2017,YR2017,Belgium,BEL,11375158,166.904078237791,23.5351388069477,58529.3302957534,41619.328629169,665780379748.382,0.0205164347675808,46.5188341397744,..,26.078653152284,0.886837200658898,-7.4442379017663,-1.05810784132874
2017,YR2017,Belize,BLZ,373202,97.7072571800462,21.346693969945,11572.3007931461,5767.61921963762,4318805800.60372,0.383066806127611,35.9215344622299,14.2321781146531,48.072167100764,1.01066786730984,1.40473162686238,0.01134931906961
2017,YR2017,Benin,BEN,12039780,61.4765969588474,..,3041.77929984989,1032.90471194182,36622353578.7467,0.0874965519938235,8.08851358786746,..,..,0.920613124425981,1.58170495191393,0.251206520302665
2017,YR2017,Bermuda,BMU,63578,72.3924284503794,..,96437.191438851,107734.608357327,6131283757.29927,0,32.5714774959416,..,..,..,-4.03383539732898,-0.581906508797621
2017,YR2017,Bhutan,BTN,754335,76.7884016850221,11.8591944993995,13482.3425280358,3211.80903275593,10170202850.8859,0,14.3384038176074,4.5233232525562,20.6148058374994,..,-0.638806366922729,..
2017,YR2017,Bolivia,BOL,11344587,45.5761123650708,..,11755.2556195885,3160.16421228968,133358520083.661,1.02986757658124,9.87664953228912,..,..,1.53642735273655,1.55130384811576,0.173519607139559
2017,YR2017,Bosnia and Herzegovina,BIH,3428682,96.6458803566861,19.9876501155093,15554.7232481788,5099.81602856447,53332199616.0123,0,14.6984244619798,8.10871811838347E-05,43.553865630538,0.852593562264982,2.77975922538248,0.549827168725863
2017,YR2017,Botswana,BWA,2266747,81.9239513763494,23.9334963141963,17352.8958451454,6662.57644805467,39334624598.2957,0,12.8666095873046,31.7160293950495,14.5249647865553,3.24857919499091,1.61796092921322,-0.00537597961727187
2017,YR2017,Brazil,BRA,204703445,24.3197343741684,13.6052285153591,17724.4799577815,8628.25209645723,3628262108191.33,1.12836853918598,5.24072515905695,2.01495030098102,23.724124935673,1.41402166797586,3.33826028420938,1.03418275096411
2017,YR2017,British Virgin Islands,VGB,32699,..,..,..,..,..,..,..,..,..,..,..,..
2017,YR2017,Brunei Darussalam,BRN,432772,85.1768604269985,..,78966.8643142346,29524.65912789,34174647802.9999,8.33582039119995,14.8451845263918,..,..,2.86512850957169,3.85818821585897,..
2017,YR2017,Bulgaria,BGR,6803468,129.634429048004,20.523224655166,26691.8686963123,7898.70693013652,181597274535.562,0.0150539945411986,25.6875009757168,0.0412533947337348,44.9000826543866,1.22220854798635,3.39254658352441,0.837907237974532
2017,YR2017,Burkina Faso,BFA,19894407,59.2687802020168,15.2607212238254,2232.28781490944,669.276310328333,44410042330.9491,0,13.1470547072495,12.6244793408501,43.1114577856941,1.36362970468668,0.0182370342122821,0.0727926059619141
2017,YR2017,Burundi,BDI,11506762,..,13.8214527654461,1023.97040626757,261.725839288764,11782583759.9642,0,11.6386599951672,13.3936642866457,41.4378194269499,2.00270990259373,2.30701019619549,-0.0946821411520323
2017,YR2017,Cabo Verde,CPV,512893,100.052133904219,17.8036383653429,8234.56000312459,3719.71306047915,4223448183.68258,0,46.8861315449576,15.5188179270724,35.6459883752598,0.470518534467026,5.59469673480566,0.795493546814044
2017,YR2017,Cambodia,KHM,16073372,121.155451298689,11.9278366151763,5632.03125629342,1753.93530504662,90525733498.0315,0,25.0489305503037,10.6999695627501,45.771118767764,1.56181647470424,9.49760203098743,0.391263705523438
2017,YR2017,Cameroon,CMR,24128601,39.1990216052629,11.8759411884958,4797.97544185544,1444.90682916573,115768435044.329,2.19707562839754,12.1506108061224,12.6864484941004,41.0902267595331,1.13837382188187,2.25620975874553,0.0606210309567528
2017,YR2017,Canada,CAN,36545075,65.1010608504649,12.6120166809848,56612.3285367448,44339.3886689254,2068901792299.98,0.816766635206739,12.5304928077659,1.44451689021361,13.9491741182315,1.35189646465708,1.53752071953934,4.74076369492591
2017,YR2017,Cayman Islands,CYM,64535,117.436583958714,..,74599.6807673263,77717.1760762284,4814290398.31941,0,91.0495106977836,..,..,..,48.515881955007,-0.427462749726127
2017,YR2017,Central African Republic,CAF,4793511,57.1435457117119,7.08124424926288,1103.86609318724,387.35795131742,5291394260.22005,0,..,..,..,1.34269739488284,0.332412482969051,..
2017,YR2017,Chad,TCD,15622759,43.2900613852468,..,2496.26213644007,879.075895466718,38998501758.4284,10.2750096848343,..,..,..,1.65961164003921,2.72215531343515,..
2017,YR2017,Channel Islands,CHI,164319,..,..,..,63393.3938698644,..,..,..,..,..,..,..,..
2017,YR2017,Chile,CHL,18558868,56.0261589675707,17.5057946834574,27892.9946862827,13473.3458532934,517662406507.422,0.00833339168997084,8.68994763052238,0.810674230869323,50.1323943805813,1.94059250989466,1.89647029836548,0.917942001013483
2017,YR2017,China,CHN,1396215000,36.95085261586,9.24872439365958,16757.9736318662,9221.51403820573,23397734154416.1,0.313804041024999,5.46405106558813,2.30659274490301,35.9495456340651,1.71124264388853,1.32468971748482,1.10302784708842
2017,YR2017,Colombia,COL,48131078,35.2829149424588,14.8508184070981,16986.0334182842,6309.67745292518,817556099366.045,2.42584234973897,7.55097690575003,1.7337008489835,24.4313941384443,3.20809672439436,4.3931823276543,1.183057377507
2017,YR2017,Comoros,COM,756669,40.164358921352,..,3401.85239322573,1369.41038262485,2574076248.52972,0,17.0186821122644,..,..,..,0.363776536091142,..
2017,YR2017,"Congo, Dem. Rep.",COD,87083398,65.9184525277578,6.67528812445431,1395.71961761712,482.854682128541,121544006957.359,0.659902410781335,4.87725712821542,8.21431719149106,31.0719074723579,0.74157072807359,2.79181852942997,0.77848671892163
2017,YR2017,"Congo, Rep.",COG,5351011,94.6170952583422,10.1352630825429,7372.77046737599,2003.27121075187,39451775871.4041,25.0227768251894,..,9.13317999079439,22.2366946774499,3.17813469269901,37.3227748739474,0.379683994805171
2017,YR2017,Costa Rica,CRI,4913177,65.0719537438815,13.2441025558449,22622.5534502517,12468.5654531709,111148609293.048,0.00585553483434446,20.5482191625216,5.74453710615031,30.3847886937388,..,4.83327522078441,0.450812025348974
2017,YR2017,Cote d'Ivoire,CIV,26733372,48.6596050387177,11.756370693915,5556.11366322898,1972.81431788947,148533653433.383,0.811412807702894,8.21552785186726,27.802781230837,36.4649609602362,0.965894036488091,1.85673486381973,1.28737545819883
2017,YR2017,Croatia,HRV,4041407,97.2445256540374,22.0179569319202,32348.9341876482,13485.3012514274,130735209068.501,0.222493492276796,34.6836644785266,4.68023588388855E-05,48.2764355323508,1.63316629446653,3.24019258507582,0.957656867226316
2017,YR2017,Cuba,CUB,11247829,26.2224363787618,..,..,7927.27769431767,..,0.457704950515475,..,..,..,2.87240323946139,..,..
2017,YR2017,Curacao,CUW,160175,139.812449178121,..,29729.1010079753,18651.4796966993,4761858753.95244,..,75.9832996125886,..,..,..,5.69261131262937,-4.78908652777788
2017,YR2017,Cyprus,CYP,1254275,148.013355558135,23.819883399544,41418.16015625,25666.00390625,36209410972.2914,0,96.7317521850332,0.0606543083513401,33.5317234668992,1.56810293907547,184.054282581805,235.015695812466
2017,YR2017,Czechia,CZE,10594438,147.750834854762,14.8067786190684,45177.5226053634,19257.6930680911,478630462236.121,0.00881622275858796,22.5284510013245,..,30.0947742728786,0.943984411925526,5.07066240955503,4.24269731572456
2017,YR2017,Denmark,DNK,5764980,104.215676920442,33.2797095205553,65352.3988081353,55601.0145717787,376755272080.924,0.367052364111918,41.7046357043354,0.0434068892248992,36.6652717307238,1.1399854112558,1.08780490285886,3.05876570750653
2017,YR2017,Djibouti,DJI,1054841,305.967966403468,..,5421.95649149613,2596.45134698268,5719302007.44627,0,62.0781473716924,..,..,..,5.97013597143086,..
2017,YR2017,Dominica,DMA,68496,..,..,16314.2295558891,7985.6341102129,1117459467.66018,0,61.4075214103417,..,..,..,4.02538103514499,-0.188802013069833
2017,YR2017,Dominican Republic,DOM,10666843,50.7595355508472,13.2405929891988,19501.8743054078,7379.39978067137,208023431421.52,0,15.38353071304,6.2141151592648,53.5430525259724,0.6660634439633,4.55025610026855,0.0343997792955069
2017,YR2017,Ecuador,ECU,16759519,43.6177233172817,13.6893043161774,14179.1537503305,6104.27253521751,237635796682.585,4.51289936555742,6.59629425305178,8.91861951892798,25.7714007643846,2.35738419773924,0.605279629548276,..
2017,YR2017,"Egypt, Arab Rep.",EGY,103696057,42.8321343581608,..,14018.360593453,3452.90961245539,1453648719145.25,4.12683269397819,15.0406197106048,..,..,1.42203170028818,2.98301550917695,0.0801247298886731
2017,YR2017,El Salvador,SLV,6213533,74.3046511916519,17.7537510663877,10064.7934942601,3954.84014277572,62537926514.7702,0.000106394703334763,17.5392432199236,3.320529222618,39.0163626253222,1.04446940079198,2.01688451540263,-1.54145553618956
2017,YR2017,Equatorial Guinea,GNQ,1562396,102.428258251803,5.98184687142135,22250.4389230263,7259.10936454803,34763996771.5807,16.1366726241749,..,1.65247934144943,6.10521978216752,1.12893709401034,3.1541343035206,-0.220254156914356
2017,YR2017,Eritrea,ERI,3150347,..,..,..,..,..,..,..,..,..,..,..,..
2017,YR2017,Estonia,EST,1317384,144.635650944133,20.8680916555804,39533.4645582199,19270.8141210511,52080753673.566,0.648969670439222,42.6118898034136,..,38.442570501394,1.96988670547821,6.31892721219604,2.36836277747092
2017,YR2017,Eswatini,SWZ,1158195,86.8801420302976,26.3421774916985,9660.55161538086,3596.23605400492,11188802578.176,0,10.3631493879038,42.3976187830969,21.4300603781552,1.92445503522586,-1.2917821060433,1.43054502066348
2017,YR2017,Ethiopia,ETH,109666481,31.1036494929016,7.60392938723219,2222.82824481382,678.98541915757,243769751476.139,0,11.3690563528942,18.7406202502219,33.256409604505,0.675310715716932,5.26039764214773,..
2017,YR2017,Faroe Islands,FRO,50180,107.238908370178,..,65460.6067882316,53831.0294952424,3284813248.63346,0,..,..,..,..,..,..
2017,YR2017,Fiji,FJI,918759,..,24.6699420718659,12597.3274662764,5500.67840152349,11573907985.5886,0,39.8550883509514,18.7036822646085,43.0710153550997,1.4048380780238,7.24021289135771,-0.0306905668146665
2017,YR2017,Finland,FIN,5508214,75.9387822310041,20.8810623659359,55637.2262781223,44862.220404205,306461748706.321,0.0205287132946789,23.7915787252883,..,38.4880090818788,1.36088933984851,6.66136555422276,5.44038867195556
2017,YR2017,France,FRA,66918020,65.3958481559711,23.7863349624871,51895.5662985838,37580.5979329356,3472748543479.96,0.00518662364090017,20.4138219523732,0.00367788929417723,22.5991585570014,1.8523088187904,1.68928072199317,1.88141630957272
2017,YR2017,French Polynesia,PYF,280087,54.5776905038178,..,..,20287.7685831663,..,0,..,..,..,..,1.54351459172254,0.264708321495121
2017,YR2017,Gabon,GAB,2156900,75.0687404456638,11.0849703009531,19555.7078829752,6840.05959347802,42179706332.7893,14.3932577694784,..,16.0877529611124,14.8770918078888,1.81138276957815,8.80157025688894,-0.56069573776859
2017,YR2017,"Gambia, The",GMB,2342189,55.7335796090833,..,2533.18683710276,628.777299272925,5933202344.80689,0,15.2437188431688,..,..,..,4.27524164277035,-0.442650148064884
2017,YR2017,Georgia,GEO,3728004,102.584277697146,23.0135462022254,16237.6242230275,4442.50744127374,60533928053.9435,0.0277796234542378,36.1553208409018,0.602805233292361,46.923672734008,1.942197699613,11.7183676491747,1.27044751584749
2017,YR2017,Germany,DEU,82657002,77.4548394742448,11.9735022246491,61866.4872205276,43543.4807050551,5113698357920.12,0.0108326903342219,18.0860445162298,..,23.7410946009136,1.13126090102098,2.88914588414184,3.95682663087031
2017,YR2017,Ghana,GHA,30008354,70.5483652904116,11.5770312767272,5993.63085211077,1841.44636153249,179858996355.462,2.60564944915053,26.6239645478329,13.8171772937267,33.6188416096466,0.312701278609545,5.39035841681501,0.0263474242352593
2017,YR2017,Gibraltar,GIB,34245,..,..,..,..,..,..,..,..,..,..,..,..
2017,YR2017,Greece,GRC,10754679,70.8824967397253,26.7428191688464,31995.4108838386,18352.0884461258,344100373528.791,0.0125578547961713,27.9821951321373,..,33.5792696051467,2.556623889921,1.7162955046024,0.0776859006642324
2017,YR2017,Greenland,GRL,56172,84.2072558673104,..,66297.1790691281,46597.9452470348,3724045142.67106,0,..,..,..,..,..,..
2017,YR2017,Grenada,GRD,115438,..,..,16291.4894625979,9357.40728883583,1880656960.58338,0,66.6497803141403,..,..,..,13.6164508332703,0.311918269366805
2017,YR2017,Guam,GUM,163490,69.2665890570431,..,..,35850.9025520506,..,0,..,..,..,..,..,..
2017,YR2017,Guatemala,GTM,16567357,46.0694033463258,10.6355700138883,11005.4593976653,3972.74057836068,182331374790.126,0.119195049269519,9.64189928097192,4.3642887129082,51.4064843339464,0.383850245049506,1.39328931381397,0.089775723395584
2017,YR2017,Guinea,GIN,12385659,101.251633768429,..,3332.76576150531,867.907502577607,41278500248.8802,0,7.82901666932728,..,..,1.76492717450729,5.59427174638354,0.0107509507409854
2017,YR2017,Guinea-Bissau,GNB,1877072,56.9137475938811,9.48153396332741,2342.41526571427,677.466131311367,4396882107.64481,0,12.9265704740437,18.0326914752247,23.7352592605285,1.30856549036791,1.06744396733032,0.0227285241968218
2017,YR2017,Guyana,GUY,768479,..,..,12801.6408529346,5997.18271426826,9837792161.02235,0,16.4446042238701,..,..,1.25334268912328,4.46995182690347,0.000210607262839904
2017,YR2017,Haiti,HTI,10817754,42.0745477868911,..,3485.4923470131,1432.67228609541,37705198778.8703,0,10.1837667291497,..,..,0.04364592592778,2.48360915333592,..
2017,YR2017,Honduras,HND,9588137,101.813111079622,..,6099.60734919414,2383.37398439714,58483870910.2802,0.000765798419038962,20.8249225096112,..,..,1.58983296006831,4.10592046689605,-0.367652937440857
2017,YR2017,"Hong Kong SAR, China",HKG,7393200,376.795666734722,..,65662.8359167546,44380.8100340362,485458478499.75,0.000282557257171556,53.2814989502112,..,..,..,36.8375516616862,29.8182653648236
2017,YR2017,Hungary,HUN,9726756,165.032855840268,22.845714410355,33828.714942571,13734.2442804335,329043656039.943,0.0926984004070823,32.1129835672293,..,36.3963698769484,1.19169678184034,-8.6313549623639,-10.0953243491531
2017,YR2017,Iceland,ISL,343400,86.3585336945067,23.6064643566035,64303.3782501037,56657.9800285572,22081780091.0856,0,40.4332659640143,0.435691442244047,35.9720955605599,..,-27.9324374411863,-28.5840684963036
2017,YR2017,India,IND,1359657400,40.7424969545225,11.3874439798131,7326.60693679859,1788.69770318446,9961675338509.53,0.313225226270499,11.1132572667659,6.20749165783108,37.3456526628387,2.53151136056791,1.50731583255894,0.418263547235003
2017,YR2017,Indonesia,IDN,267346658,39.3554970704606,..,11772.5743296107,3553.51999262321,3147358403078.01,0.799367966127144,5.71419883403567,..,..,0.865191376221992,2.01948919812582,0.197738765986121
2017,YR2017,"Iran, Islamic Rep.",IRN,85026754,43.1556931383906,..,16167.9677224227,5395.2398398598,1374709814214.37,14.6204399688795,..,..,..,2.8443384495596,0.983654956177998,0.0148456522073624
2017,YR2017,Iraq,IRQ,39337353,59.7809123923157,2.68703020707856,14417.6306896487,4736.32710809857,567151427862.344,38.9203120843433,11.9187239034822,1.47352096252956,0.385822868565456,3.90898492056515,-2.68799428357231,0.041555908763597
2017,YR2017,Ireland,IRL,4827445,233.304083346711,17.6218306435406,87882.7074355024,69748.6221034014,424248936595.979,0.00137273248762722,140.784608275872,..,31.5035646953375,0.296120745416758,20.4170966260237,0.0955736665148129
2017,YR2017,Isle of Man,IMN,83609,..,..,..,93200.3108083857,..,..,..,..,..,..,..,..
2017,YR2017,Israel,ISR,8713300,56.2801142540924,24.2277625145064,42947.0586686984,37963.0491190696,374210606297.97,0.00582932455005827,20.9108147409781,0.6794730140579,32.2261857751746,5.42682730712043,4.71262751632939,2.1268966062894
2017,YR2017,Italy,ITA,60002252,57.5829940274911,24.697204288008,48849.2183534756,31635.52277108,2931063109648.27,0.0386725733265151,11.6272000189984,..,24.6377453487674,1.35122350161336,0.44334154868577,0.599484171484496
2017,YR2017,Jamaica,JAM,2815764,..,24.6019201738442,10391.0378224678,5586.1365723133,29258710223.1433,0.179462172017927,36.9788321597915,11.186012717716,49.2934647650035,0.973433068165328,5.63139063640052,0.217514489423584
2017,YR2017,Japan,JPN,126972000,34.4232135721686,..,44505.2792603684,35861.9728545672,5650924318247.5,0.00188218849166514,7.70450969724241,..,..,0.913229479099801,0.381319638034272,3.52374706152559
2017,YR2017,Jordan,JOR,10234226,89.7316005071358,14.7021242425125,9339.81039725983,3940.70199181145,95585730402.7069,0.000211794657558038,27.9229670703119,4.09820610892636,40.3140656143942,4.6843537414966,4.87814133167977,0.0159095581561966
2017,YR2017,Kazakhstan,KAZ,18651931,56.825387935971,10.3030113754982,31524.4416339794,10404.2718646317,587991710170.511,9.66346231175396,9.98942327138534,16.0878505610153,19.6336289383383,0.831894968007788,2.85205738000704,0.573422462618372
2017,YR2017,Kenya,KEN,49197766,35.9950578754074,15.0524641311098,4846.86210851932,1542.33773973372,238454787849.2,0,9.43423097789639,6.293037381224,29.4335817024518,1.23759400127025,1.64083690398642,0.133977017563075
2017,YR2017,Kiribati,KIR,120275,100.561253988425,18.4594644993499,2822.669652935,1769.51191332519,339496592.506757,0,42.9277666582152,1.9628557951593,12.3362895526118,..,0.352123235920718,0.0557860236790881
2017,YR2017,"Korea, Dem. People's Rep.",PRK,25817709,..,..,..,..,..,..,..,..,..,..,..,..
2017,YR2017,"Korea, Rep.",KOR,51361911,73.1921408264016,13.7554599782374,47536.7898568851,31979.9027302467,2441580369855.04,0.0156129162216889,12.6381189270522,1.77729743758914,21.7358930460507,2.29813107276094,1.04741749331971,1.99213335344397
2017,YR2017,Kosovo,XKX,1791019,80.4101373469745,..,10856.2902074239,3890.17807271082,19443822031.0101,0,30.1554391863774,..,..,0.802900990332654,3.99449173779086,0.698010580950851
2017,YR2017,Kuwait,KWT,4154812,97.840046457409,..,52285.5871175696,27048.3706935958,217236784783.123,36.0090908245608,27.7404386281425,..,..,5.60744536433338,0.0936402094114043,5.83172963726828
2017,YR2017,Kyrgyz Republic,KGZ,6306696,100.617445813258,17.0462850607483,5861.22200040503,1157.18275758067,36964945345.0664,0.0925684065781225,22.582600513168,10.1906597307396,35.0057123155546,3.10489070193562,-1.39184288798722,-0.377374172921625
2017,YR2017,Lao PDR,LAO,7018147,..,12.2393204925079,7432.4596330485,2351.57441747595,52162094276.3004,0,11.1118119665376,4.36013923145742,54.6641665693679,..,9.87799160512334,0.0568259035695196
2017,YR2017,Latvia,LVA,1942248,128.714003328884,17.2061420461167,33036.3915943437,14382.8612727134,64164865501.3308,0.036360085832959,29.9771657072662,..,44.9556293854749,1.65275736814609,4.04880019492543,1.96371633055372
2017,YR2017,Lebanon,LBN,6160128,68.4554292593276,15.3598817624538,16128.5838196051,8305.57405425721,99354140787.4961,0,54.7652296675159,4.50959584397202,32.7953837742162,4.60339736802672,4.756779140202,2.48442690715344
2017,YR2017,Lesotho,LSO,2157110,146.366771329494,33.0073098801099,2924.68096193272,1097.82166812752,6308858549.7947,0,20.6584059963632,12.109634556594,31.0160901925988,2.27081453102287,1.82806623182623,..
2017,YR2017,Liberia,LBR,4848925,..,..,1661.30290782171,671.260899835355,8055533202.30941,0,8.73206167584815,..,..,0.4015507377296,7.30948578439651,1.5977289550009
2017,YR2017,Libya,LBY,6738770,47.5489661921214,..,15428.1164411854,9435.60060040046,103966528230.367,20.9466167504799,6.94695800455957,..,..,..,..,-0.438521698534486
2017,YR2017,Liechtenstein,LIE,37962,..,..,..,..,..,..,..,..,..,..,602.374526148965,..
2017,YR2017,Lithuania,LTU,2842639,144.918393101325,16.7642158990642,38774.4892011822,15695.9993288456,110221875208.359,0.0227232483962868,32.4708070676402,..,35.4112021054489,1.71214117320754,2.89745572307538,0.944167797446956
2017,YR2017,Luxembourg,LUX,596336,353.793991980303,24.5181470528935,132169.834045368,107142.126672598,78817630155.2784,0,274.247505983649,..,27.6383321216016,0.495110917223231,-41.6509945601316,22.8557855660981
2017,YR2017,"Macao SAR, China",MAC,648400,115.454662557842,29.0871926556415,133322.632677744,75650.1261840452,86446395028.2495,0,86.938852241201,..,83.4236869867786,..,3.38191416637271,4.86655495443217
2017,YR2017,Madagascar,MDG,26788375,65.3434015072915,10.027544731164,1669.72764267278,456.851859574031,44729290239.7844,0.0955254362506415,19.5766561095777,11.4316293457428,44.9126878558107,0.506222289767563,3.52797151000056,0.804213580980232
2017,YR2017,Malawi,MWI,18039715,45.3003137160008,12.1843017854439,1613.0593571462,544.795729220349,29099131081.0006,0,6.2920001419034,6.97980118538281,33.8065191780753,0.530100138963233,5.36695409647738,-0.0744660701011008
2017,YR2017,Malaysia,MYS,32355644,133.155173371956,12.9459662429934,29551.5457597197,10293.7629205362,956159294251.201,2.07911297067253,24.9316853361028,1.8776534114481,28.6565513155908,1.10033460723613,2.9358203805856,1.75751217851537
2017,YR2017,Maldives,MDV,458287,141.912110574952,20.6915788914702,20036.7165354949,10263.2991147672,9182566710.90236,0,88.7666662069724,19.5555191799959,40.0884318357655,..,9.50514529202919,..
2017,YR2017,Mali,MLI,19813011,49.4919984941972,13.3300422900318,2816.194239022,878.561348377434,55797287435.8796,0,13.7348797571713,9.5007299270073,48.1401459854015,3.02860111373814,3.0627942747803,0.0683245799466298
2017,YR2017,Malta,MLT,467106,213.047591025756,26.0056800373258,51626.3473049783,28546.6597365912,24114976584.2392,0,155.008530014521,..,32.5909630060649,0.456702678272601,299.824941003907,226.795504487251
2017,YR2017,Marshall Islands,MHL,46529,125.145250350959,17.6218348151614,5199.3444796298,4190.93468589482,241920299.292695,..,37.2879529277467,5.8187922871612,8.96151282164657,..,2.73069605974974,..
2017,YR2017,Mauritania,MRT,4210600,78.8149801833884,..,6050.62180273825,1576.06857825162,25476748162.6097,0.541318938190263,13.3363982747516,..,..,2.12109845694596,8.65007999188081,..
2017,YR2017,Mauritius,MUS,1264887,126.964059884888,17.6959427383104,24361.8758542058,10379.9138706732,30815020063.5988,0,37.629142715788,1.12274349927104,56.7988413880105,0.16537629451361,3.45396863043017,0.642076966707775
2017,YR2017,Mexico,MEX,123400057,76.9521260407254,12.6874317266309,21777.5225111982,10193.7727193457,2687347519200.64,1.55624412694841,7.37154739182089,1.22699361877805,27.2451029302409,0.424849155540147,2.78307493352174,0.255698767059137
2017,YR2017,"Micronesia, Fed. Sts.",FSM,109481,103.342618384401,10.6301512534819,3813.44207942995,2922.07246225843,417499452.29807,..,..,3.43242634285942,2.7680390178959,..,..,..
2017,YR2017,Moldova,MDA,2755189,88.6233902754378,17.7273904313314,13118.8219369605,3085.33305844263,36144833893.6724,0.00923649995277875,23.1479554184144,3.21507738130119,48.5438089907393,0.324532007174344,1.5715119911375,0.114247828676195
2017,YR2017,Monaco,MCO,37678,..,..,..,165781.779121526,..,..,..,..,..,..,..,..
2017,YR2017,Mongolia,MNG,3148917,115.932901867963,13.5469084479633,14401.5375067562,3956.2049437134,45349246281.1623,1.74982078080304,27.3917953965051,7.9952620734495,30.9133751799936,0.762153816975996,13.0160280600797,0.42343771701255
2017,YR2017,Montenegro,MNE,625982,106.711366689116,..,22513.8741282681,6840.91155440218,14093279954.5615,0,45.6542161122247,..,..,1.36277677368932,11.6708961729682,0.230494694018152
2017,YR2017,Morocco,MAR,35446392,74.1733578786573,20.1297012346646,8450.0087890625,3242.64428710938,303855835390.371,0.00131078372177982,22.9008607613853,3.22732330920262,44.4238148480871,2.94588992031474,2.26092196120537,0.853851472837613
2017,YR2017,Mozambique,MOZ,28166393,105.745640702087,22.1120849461182,1532.0073576114,618.397694360334,43151121313.3742,0.0872960927597713,26.2943784940869,5.517345004145,30.0043106520743,0.984570977671917,17.4831119319856,0.195885574768832
2017,YR2017,Myanmar,MMR,51894938,..,6.07774232896579,5877.87465558175,1290.56409027458,305031940823.186,0.152347682977876,10.1424304130873,3.27417372054931,19.6576811350062,3.64194876170774,7.27335555300642,..
2017,YR2017,Namibia,NAM,2506853,81.2196661011436,31.3076966346094,11408.7253099967,4476.73324402105,28599997269.5411,0,10.5130646309141,35.0783113916183,22.0149125329785,3.52238850010305,2.17505730200543,-0.515562474364543
2017,YR2017,Nauru,NRU,11324,142.068965517241,22.550184862069,10631.9143863208,7308.31758516508,120395798.510697,0,53.4274235832418,11.2864125385344,2.48478846292972,..,..,1.64228961357534
2017,YR2017,Nepal,NPL,28011258,44.6424106224996,17.9993621205853,4071.70431755798,951.857298563641,114053560138.83,0,11.1078841098092,15.7594371601392,42.5979407298005,1.48497718496345,0.677439884182991,..
2017,YR2017,Netherlands,NLD,17131296,159.646059656847,23.0613921884343,65666.0036593237,47670.1057253297,1124943745824.96,0.0205884596366125,46.2683689532511,..,26.6988258546472,1.13721447777951,23.7131758376085,25.0667134980301
2017,YR2017,New Caledonia,NCL,283546,58.9281826221283,..,..,..,..,0,..,..,..,..,5.30202255145123,0.855860620776699
2017,YR2017,New Zealand,NZL,4813600,54.1432970416804,27.3073724293413,46193.2884771696,39722.6068434219,222356013413.704,0.150386335561469,15.2091016504235,2.78096937255864,29.1082754066876,1.05195301181686,1.15602540847251,-0.0387195651031225
2017,YR2017,Nicaragua,NIC,6316231,96.3805864351182,16.5737893247413,7391.19683946294,2209.63273423213,46684506604.5179,0.0128520280376942,18.7735389981362,3.48047951991622,48.0696753726971,0.626510067010078,7.51057620596971,0.467869582079434
2017,YR2017,Niger,NER,21435446,39.0711117370149,..,1520.0015371232,501.615305462902,32581910868.9213,1.29768887354329,10.7747126657113,..,..,1.80984292435405,3.02823024727599,0.260067188191096
2017,YR2017,Nigeria,NGA,200254579,..,..,8396.78452274331,2441.71236404488,1681494549555.68,5.47262882301734,6.19974558889102,..,..,0.430671218863917,0.642182922336257,0.082723686076091
2017,YR2017,North Macedonia,MKD,1898657,124.13728389629,17.1611135954027,20121.1344599839,5510.81862920922,38203132790.3896,0,25.0012633320373,2.90031165375295,43.3471421833738,0.895041406541028,3.36726558000357,1.61138909802322
2017,YR2017,Northern Mariana Islands,MNP,49959,131.410256410256,..,..,28989.3470221339,..,..,..,..,..,..,..,..
2017,YR2017,Norway,NOR,5276968,69.1087817621061,22.2900403628777,87194.1115421374,76247.4116445341,460120536396.29,3.63541371456372,22.4983385037296,0.224685709868913,26.8653344998511,1.70515328594991,1.46874278067631,0.173916525872808
2017,YR2017,Oman,OMN,4537396,88.9531480182956,..,38691.1077105097,18277.945563615,175556877361.236,19.3050063067708,18.3072604058296,..,..,8.41324995212154,3.56005583896762,2.99748467323267
2017,YR2017,Pakistan,PAK,223273967,25.472035002344,..,5031.56060738433,1495.26187528032,1123416497011.63,0.300559741011292,5.32700653230768,..,..,3.36444910317801,0.735837049658425,0.0153299385345505
2017,YR2017,Palau,PLW,17812,121.741750995626,19.4823928408748,19821.0983603983,15841.6183886679,353053403.995414,..,63.5772364823398,13.0046145331186,25.1516032997579,..,16.3409996213357,..
2017,YR2017,Panama,PAN,4098707,84.0475372059131,9.6657446916647,31979.8122635605,15045.545619615,131075880383.341,0,27.9926890940843,4.09661347009246,33.4587315202635,..,6.34573158684694,-0.525678307863712
2017,YR2017,Papua New Guinea,PNG,9178714,..,12.6050017623635,4322.22282084806,2584.8883636271,39672447116.8375,2.22581954930201,10.0556540437312,4.83890009356289,28.2432643495388,0.355034482758621,-0.788236305745218,1.62101303617453
2017,YR2017,Paraguay,PRY,6338660,71.0801344038459,9.95647441168439,15320.3366476954,6243.1336313903,97110405095.2812,0.0454333185625002,10.6919476208798,5.99574640852376,38.5922864051189,0.892663231219253,1.9468132140751,1.19820055609526
2017,YR2017,Peru,PER,31324637,47.5135503619971,13.1743416508113,15069.5221084659,6457.41940254721,472047309811.169,0.183583190148902,7.18628268276747,1.15660623426945,35.0953282416162,1.2652396703256,3.5133314939664,0.673679943184354
2017,YR2017,Philippines,PHL,108119693,68.1683697426727,13.5937937490496,8584.13622709699,3247.4503878362,928114173543.905,0.0417218027567957,18.561258398717,18.5326948458137,26.9562241814407,1.16796083355235,3.12238778404896,1.00606554023807
2017,YR2017,Poland,POL,37974826,100.56589524628,16.7355756807269,34354.5987616319,13695.6452848724,1304609910272.79,0.0316721725753569,18.121281366963,..,36.7800865322435,1.88828727046187,2.37812836572029,0.744572780799335
2017,YR2017,Portugal,PRT,10300300,84.8077923069539,22.6364061063622,37943.1150505673,20364.1962735946,390825467955.359,0.0283872427651081,23.5868915531873,..,32.9966430456608,1.23983975869036,5.02041551787587,1.31764542349518
2017,YR2017,Puerto Rico (US),PRI,3410837,113.131649032582,..,41479.9977732034,29061.5563802711,141481511164.76,0,..,..,..,..,..,..
2017,YR2017,Qatar,QAT,2545820,91.4945574785855,..,115064.83603436,64497.6242543737,292934360872.993,13.5394624768111,30.4985837336566,..,..,..,0.612038519716031,1.05201048429317
2017,YR2017,Romania,ROU,19588715,87.1560645667801,15.586647387346,32852.7718069627,10106.2269557253,643543583886.626,0.306819119328612,19.0067547872728,0.0189299788979274,33.8278722905962,1.73375510218939,2.8327307446025,0.183838803726053
2017,YR2017,Russian Federation,RUS,145293260,46.8765243371311,10.2884056740183,35570.390625,9418.9140625,5253339382318.58,6.22864519091822,9.30031886124782,9.16423559010986,22.2648615952779,4.24899605173948,1.81409297475419,2.33496664602391
2017,YR2017,Rwanda,RWA,12202060,53.6752674177253,13.4513713883394,2351.59686866227,771.069237513582,28694326087.2291,0,20.7468131285473,4.33709825197007,28.4996506874057,1.24889524304653,2.96153582649288,0.169532617294309
2017,YR2017,Samoa,WSM,205415,74.011085031494,23.4832839094525,6919.01572858501,4393.37316255965,1421269615.88729,0,37.3524705575695,7.30707888355535,46.7861521332824,..,1.04146807605773,0.0106984406136718
2017,YR2017,San Marino,SMR,33825,313.85032377067,16.4688470032622,59524.5597904018,43057.7784775102,2013418234.91034,..,86.2427459708066,0.459534932245641,20.7380802868511,..,..,..
2017,YR2017,Sao Tome and Principe,STP,206970,..,..,5521.20249597413,1375.59403284199,1142723280.59177,0,44.1225094924334,..,..,..,10.6236604862763,0.100019948089819
2017,YR2017,Saudi Arabia,SAU,30977355,59.5319791578229,3.14428407179356,57942.5484983044,23035.1199977707,1794906894436.69,23.6170719123709,13.7852856815585,2.90928165090092,5.46903018598233,9.84622692397792,0.136801407151884,1.1026358138369
2017,YR2017,Senegal,SEN,15475002,57.7052798455617,15.9064516581478,3871.4514678592,1312.10932776049,59910719208.024,0,13.4272145068858,9.50739766712525,35.2930464030894,1.47106251742975,2.80185380597297,0.392518050941525
2017,YR2017,Serbia,SRB,7020858,102.740445166934,23.128956359491,19439.0723263919,6200.26118592152,136478966455.327,0.363808378643262,23.5134526795464,2.03725574994765,41.3332237671502,1.75424084910469,6.29636171721257,0.325205840772878
2017,YR2017,Seychelles,SYC,95843,197.442236417869,..,31595.6680570505,17921.5731976918,3028223613.59189,0,128.347779347526,..,..,1.32734497333997,11.7771697387857,32.4759631441097
2017,YR2017,Sierra Leone,SLE,7379299,41.5213782343591,..,2753.42719846704,1010.54694071207,20318362572.2206,0,8.1473819913334,..,..,0.676969771194224,7.19540249608134,..
2017,YR2017,Singapore,SGP,5612253,316.794409287568,13.9731435178074,116471.820764776,59485.3015873921,653669325502.578,0,103.954321556569,..,19.7846022553015,2.97201085878766,29.6706126230568,18.9137884278776
2017,YR2017,Sint Maarten (Dutch part),SXM,38996,..,..,46088.3583839152,33945.4185182499,1797261623.53916,..,81.6611648245844,..,..,..,4.74783634858124,0.161007347838664
2017,YR2017,Slovak Republic,SVK,5439232,186.644687399549,18.5023794034795,35057.2223763167,17195.2888721963,190684365780.378,0.00151193128645312,21.5801182809747,..,31.4587875076546,1.10051309804795,4.39986424621101,1.56166825543374
2017,YR2017,Slovenia,SVN,2066388,158.70213584467,21.9054599223497,41692.836279788,22397.7634988337,86153576574.5186,8.56129547999711E-05,29.5430936718651,..,35.0189392094869,0.990668071759246,2.4842141360232,1.31055225660559
2017,YR2017,Solomon Islands,SLB,685672,82.1974922027324,24.7650441142787,2703.66346303885,2075.36705302305,1853826334.02878,0,23.3267891079975,19.7209109251377,22.1372824263033,..,2.91769302207799,0.477784696922386
2017,YR2017,"Somalia, Fed. Rep.",SOM,14916629,68.6756490932841,8.09584224510993E-05,1527.66029071672,506.501098879459,22787541794.6534,0,..,37.3754377731094,18.6438920451726,0.749066892874455,4.84156553446397,..
2017,YR2017,South Africa,ZAF,57635162,53.5359318293741,24.7692872987431,14573.5980840004,6125.6920507497,839951686494.254,0.291332796001722,8.68685174446155,3.39462631722417,32.4360160772849,0.943568494750462,0.539673956759456,1.9528762963114
2017,YR2017,South Sudan,SSD,10259154,..,..,..,..,..,..,22.2359232336465,..,..,3.9933777725745,..,..
2017,YR2017,Spain,ESP,46571232,66.167446137857,13.6257034043746,45446.2508575695,27426.281015093,2116487892218.07,0.00163989363655383,16.2611834656017,..,28.7130975230783,1.22211082849583,2.54039212306223,3.70077011012901
2017,YR2017,Sri Lanka,LKA,21453000,47.1404098004644,11.6086827347314,14572.4858214565,4436.00789945768,312623538327.707,0,12.8698513986135,20.1861176886375,55.648894049799,1.97692843257215,1.45462805347273,0.0760748860404544
2017,YR2017,St. Kitts and Nevis,KNA,47050,..,17.4126790569899,29948.9200065682,21191.6047083703,1409096686.30904,0,64.8975271914332,17.2740978271274,24.3263616349191,..,4.54372053093376,0.580088231996187
2017,YR2017,St. Lucia,LCA,176342,..,18.2251165686921,22422.5970388018,10960.4843512477,3954045607.0164,0,66.2536343209234,29.1834839447084,34.8010501125121,..,4.500439600106,-0.287867258282122
2017,YR2017,St. Martin (French part),MAF,36837,..,..,..,..,..,..,..,..,..,..,..,..
2017,YR2017,St. Vincent and the Grenadines,VCT,105663,..,23.7995357429648,15533.2212821544,7872.92690537077,1641286760.33628,0,45.9238822771585,17.633201917257,43.4572788692764,..,19.5953970726633,2.45880684521836
2017,YR2017,Sudan,SDN,42714306,17.8313898297102,..,4061.01831054688,1261.87353515625,173463576844.394,0.823819483095822,8.17641540037367,..,..,3.28580390103889,2.58043876395005,..
2017,YR2017,Suriname,SUR,593713,..,..,22070.5137570835,8338.69235401862,13103550934.2593,4.01262933516518,20.2597189695688,..,..,..,2.67494793416759,-0.0592331816040648
2017,YR2017,Sweden,SWE,10057698,86.0693088740521,28.5539988730335,60288.7998168676,51894.3748177808,606366541340.51,0.00997779201287988,27.8298173364722,..,37.4193614489773,1.0325978685581,4.54156677126576,7.21604184397334
2017,YR2017,Switzerland,CHE,8451840,123.621807602301,10.0616352919933,77626.9027376941,84967.5886498224,656090161634.552,0.0001785775350507,38.5161786557456,0.881183098875814,29.5095262197985,0.66568455676088,21.1132101645126,7.94073496842448
2017,YR2017,Syrian Arab Republic,SYR,19224668,61.0508521719631,..,4977.79210063798,795.883216970859,95696400507.7878,1.8857145317546,..,..,..,..,..,..
2017,YR2017,Tajikistan,TJK,9085946,53.7861046057767,..,3312.71202243506,1042.26391757642,30099122549.3957,0.108282689241086,8.30881928245743,..,..,1.03718533693392,2.46572647891723,1.62841824722068
2017,YR2017,Tanzania,TZA,55652890,33.1125919853124,11.8367190192838,3318.28833007813,1001.55895996094,179169028787.742,0,10.9493017123614,8.69853758930421,42.6766646316282,1.05581731620716,1.76011643802415,..
2017,YR2017,Thailand,THA,71160187,120.891427433638,15.5187398280446,20094.6778762603,6076.74307700082,1429941035379.45,0.527823222383697,25.7764263969582,2.94187331164453,45.492976484167,1.33627619959584,1.81550260101987,3.10766153385662
2017,YR2017,Timor-Leste,TLS,1251703,58.6347534789983,20.2285220759867,4290.02726532164,1267.08661597675,5369839998.0849,13.2190114443342,33.7434593888925,1.55530602451959,6.98278190995406,1.60517350157729,0.423750951361252,..
2017,YR2017,Togo,TGO,8057140,58.2088602526732,13.0586599804093,2462.27744935268,774.274897347436,19838914128.2775,0,15.6277331970166,16.6612649065511,47.08457675753,1.39797941282441,1.38645400988561,-0.509998966039423
2017,YR2017,Tonga,TON,105356,88.0434937486257,20.815179568731,6862.66870605024,4568.62468668733,723023324.19463,0,38.303053576507,5.41663404497685,31.8911406995851,..,-3.40708330022208,0.12428705216392
2017,YR2017,Trinidad and Tobago,TTO,1356633,..,18.4033698963368,34095.9899256152,17402.6155328454,46255745100.7571,2.68355173716595,17.0874046271532,6.4703510171862,18.6965344453311,0.845376415248969,-1.97594519661626,-0.0505072224279291
2017,YR2017,Tunisia,TUN,11650498,95.8091979825804,..,12955.4014814241,4062.80606534519,150936879048.528,1.48811485046411,14.9975247888718,..,..,2.03182932622148,1.9233125677007,0.136259153810845
2017,YR2017,Turkiye,TUR,80312698,56.1356585158689,17.7025349991329,28194.688309381,12005.6459824832,2264391487395.45,0.0537573237557546,10.0249512814526,1.43720920378296,38.5669409451895,2.05006599219326,1.29532700760314,0.312892663230677
2017,YR2017,Turkmenistan,TKM,6507061,53.5753567069955,..,14107.6671199289,6222.55590558882,91799450517.0719,5.57117152728362,..,..,..,..,5.49999584909072,..
2017,YR2017,Turks and Caicos Islands,TCA,39913,..,..,29540.3537473151,50586.1032335151,1179044139.11659,0,55.6526251799352,..,..,..,1.84213469921316,2.0332933208009
2017,YR2017,Tuvalu,TUV,10869,..,..,4464.25884629937,3666.20189700038,48522029.4004279,..,103.466753806569,..,..,..,0.662593990689801,1.06413588612143
2017,YR2017,Uganda,UGA,40177388,36.8370529334101,11.6047236692043,2543.84754394956,871.093880017151,102205149786.109,0,12.0758213253252,10.2106068217517,47.8351914549464,1.03901851871998,2.61088918011351,0.000989225753668483
2017,YR2017,Ukraine,UKR,45436041,104.034982911399,20.0523676996082,16310.3603515625,2217.7529296875,702010243648.534,0.348582540397727,24.5935192993355,2.55194197841254,43.9925787102004,3.24149291547879,3.28306130596563,0.208759876520641
2017,YR2017,United Arab Emirates,ARE,9223225,165.476542469815,0.0635311889968529,72529.0571050174,43293.0203824801,668951812717.424,13.4985731745503,..,0.0784834360586694,1.31561237993846,..,2.56696112401594,3.48566326877095
2017,YR2017,United Kingdom,GBR,65966000,63.1899245764158,25.4175285210626,51586.6756125445,47018.0254757676,3402966643457.11,0.306336104823879,23.6459539581003,..,34.7105222311589,1.95002885979327,4.64443540147576,6.37407704065717
2017,YR2017,United States,USA,326608609,27.3130208877206,11.5834831642617,66155.5555676249,58151.7021391854,21606973981564.2,0.162525850896316,7.14954530100521,1.02205538354995,2.46594181489362,3.2977234873792,1.95521086285051,2.10199684628348
2017,YR2017,Uruguay,URY,3388438,46.3780042035515,18.0774760237708,29762.4333171685,17611.6036701032,100848160024.36,0.00551661089286989,15.2681904674113,3.10556908858789,30.4726168269865,1.91114379023487,4.13270996152796,7.26679191940888
2017,YR2017,Uzbekistan,UZB,31819178,42.5595081895217,10.3687470127075,8047.05375469466,2995.76761437743,256050635796.198,0.661950141993753,9.10074344236052,4.86966100438419,38.5566454957172,..,2.57993736270607,0.0117071789577629
2017,YR2017,Vanuatu,VUT,278507,105.526573713997,17.1295330234911,3465.91968561101,2946.96186165079,965282893.880465,0,58.366060929612,10.8909029834418,37.6947280510091,..,4.34327388667744,0.150085598677499
2017,YR2017,"Venezuela, RB",VEN,30565323,42.5829358408751,..,..,2871.31531165261,..,..,..,..,..,2.23333219917076,-0.25801825119328,2.00891802266875
2017,YR2017,Viet Nam,VNM,95176977,160.98008365887,..,10290.5487142244,2868.13680013379,979423318291.117,1.00099064325611,10.7231609469418,..,..,1.80387228671057,5.01148721749681,0.170603820170104
2017,YR2017,Virgin Islands (U.S.),VIR,107281,157.696362677913,..,43277.1546523522,34435.4944455756,4642816428.259,0,..,..,..,..,..,..
2017,YR2017,West Bank and Gaza,PSE,4454805,68.4486607142857,..,6426.79521615335,3462.97986107136,28630119462.896,0,13.6439905742175,..,..,..,1.14056698202946,-0.0449223910964472
2017,YR2017,"Yemen, Rep.",YEM,33090921,42.9699046721967,..,..,1103.45634849842,..,1.91730246407045,..,..,..,..,-1.00531889341895,0.0208663743636818
2017,YR2017,Zambia,ZMB,17441320,71.5856946542566,15.1848569595374,3612.50597664593,1308.76829240086,63006872740.5941,0,9.0408436403416,5.44256770203172,36.8945167478847,1.30136750851783,4.28050117059574,-0.278460928066592
2017,YR2017,Zimbabwe,ZWE,14812482,55.028317831061,5.46550428149671,5234.3838655748,1422.91948946927,77534216789.9172,0.0475010544657409,3.14936296948732,7.73681706636704,47.0642422354299,1.47256736668559,0.601908067055593,0.00183141953715666
2018,YR2018,Afghanistan,AFG,36743039,..,..,2902.39211285546,553.125151688293,106642706595.941,0.018854416706035,11.638304710115,..,..,1.00674585570556,0.661572217787196,0.214940580498669
2018,YR2018,Albania,ALB,2607733,75.6940783717425,18.2769527327116,16170.990493278,4893.82375538717,42169625552.0073,1.46983381887842,38.560048409353,1.46927972435297,53.1327192468215,1.16054478505068,7.83109146132114,-0.0293464255175672
2018,YR2018,Algeria,DZA,42505035,52.4361676779223,..,15343.4261222434,4717.0035885361,652172864345.87,15.9428081774505,7.74509146581776,..,..,4.92992700311609,0.753576088552125,0.4349483559558
2018,YR2018,American Samoa,ASM,50908,171.830985915493,..,..,12412.6024074562,..,0,..,..,..,..,..,..
2018,YR2018,Andorra,AND,75162,..,14.1206057564939,63048.5985572834,39242.1633307803,4738858764.76253,..,..,14.3850132309857,25.3804867501303,..,..,..
2018,YR2018,Angola,AGO,31297155,58.916480075976,9.92888023428148,10000.9443772509,3196.79006983557,313001106321.2,30.7304027285905,11.9766485544857,3.73538070815095,12.4963639178958,1.95578680987962,-7.21246216123288,0.00638363212109095
2018,YR2018,Antigua and Barbuda,ATG,90926,130.655152659419,..,28878.6067675471,18042.1596435727,2625816198.94599,0,90.4679617513287,..,..,..,12.1775193572219,-0.0627548971511628
2018,YR2018,Argentina,ARG,44654882,30.7625359549926,9.79144711720618,27367.115094108,13058.3285449954,1222075295207.81,1.31095340723836,7.54917919813125,7.4493605017995,32.2321931195881,0.732300347538541,2.23253157689253,0.328871218075169
2018,YR2018,Armenia,ARM,2969000,92.473107021212,20.8701039010043,15037.0452420712,4027.83393010979,44644987323.7094,0,35.2700901015875,5.87680176618638,40.0777629713916,4.11988615256896,2.14204783415544,0.0562894462539957
2018,YR2018,Aruba,ABW,108908,138.824972245657,..,39278.8297271438,29419.208623316,4277778787.92377,0,104.30372400632,..,..,..,4.39981717177271,0.929566722950978
2018,YR2018,Australia,AUS,24963258,43.5732253645218,23.1220344318251,57647.8455068105,58772.7063152213,1439078040530.65,0.264744671813473,10.369599921871,3.27135345212231,20.4692067437002,1.89562007676709,4.23450805251819,0.0719923583502421
2018,YR2018,Austria,AUT,8840521,108.377969971828,25.7216448598991,63778.0257051746,45951.5819164034,563830975585.136,0.0426588456107289,30.9702680015879,..,26.9658065382511,0.748993468286285,-6.15119207172195,-6.09039902459401
2018,YR2018,Azerbaijan,AZE,9939771,91.6725765369825,12.9712717874444,19781.8509058437,5261.92938234432,196627067960.229,24.1724100094907,24.480099421717,3.35962806710742,17.738615728832,3.54929331269041,2.97797589143235,3.73760280041577
2018,YR2018,"Bahamas, The",BHS,392717,72.1542685971043,14.3197235396905,33650.2164350935,31537.2423841956,13215012047.7406,0,46.0999078935384,21.1534054854403,62.4640610433461,..,3.83334911094036,0.915252901897154
2018,YR2018,Bahrain,BHR,1503091,144.075372574535,1.09260242338125,54893.0724411368,24059.7838641562,82509283148.6207,11.3900811220261,50.176910729985,3.56458624468685,2.02536228165147,4.04108625299001,4.18079308703845,0.280960049900655
2018,YR2018,Bangladesh,BGD,163523103,32.5146317240884,7.73177216647423,6392.59334024091,1462.25050255713,1045336699213.33,0.0613027609024662,4.68794343201883,9.96687552687613,49.7809768585977,1.15395749092166,0.75354913412869,0.00597768224518518
2018,YR2018,Barbados,BRB,280711,..,..,20727.4216338412,20483.9550976366,5818415254.2572,0.193101287398602,..,..,..,..,4.02530011079732,0.153358491823491
2018,YR2018,Belarus,BLR,9438785,139.393736250171,14.6725689729455,26363.4629778536,6165.91320019277,248839058903.42,0.81482381135107,23.72789674337,13.2626949045016,26.5686042726375,1.53799428873681,2.37627120733619,0.091952450504702
2018,YR2018,Belgium,BEL,11427054,168.277692877218,24.0377739058673,59357.6896884394,42208.3625650272,678283525385.04,0.029217776231573,45.7474878235177,..,25.9545567185749,0.892442476666613,-7.66649538713467,-6.63451630982043
2018,YR2018,Belize,BLZ,380226,100.989214362975,..,11451.8979413877,5707.61059954436,4354309346.66209,0.502364606863084,37.5301413772992,..,..,1.01132122816519,5.33885311944147,0.0314260381920142
2018,YR2018,Benin,BEN,12383347,61.7951944903448,..,3155.4510650627,1071.50452156932,39075045480.191,0.116502415263534,8.91892574770104,..,..,0.6328575401476,1.36073573251591,0.0685053927980535
2018,YR2018,Bermuda,BMU,63831,77.5552703807388,..,95639.2267310584,106843.163739391,6104747481.47019,0,36.8881811156847,..,..,..,1.32046326053902,-0.484755241401958
2018,YR2018,Bhutan,BTN,759759,79.7397203296083,15.8040236380698,13854.8543977158,3300.55006461736,10526350322.3541,0,15.9147192503036,4.07455510620811,23.6000981413607,..,0.10255942689779,..
2018,YR2018,Bolivia,BOL,11508368,46.9261953417368,..,11920.3135079645,3204.53670819124,137183354525.027,1.4498952900262,9.39454292526169,..,..,1.49690260690782,0.624547731622922,-0.174464485640747
2018,YR2018,Bosnia and Herzegovina,BIH,3387000,98.4320694182631,20.141018442084,16349.0675137661,5360.25201017633,55374291669.1259,0,14.8486042959632,0.0404998505878389,43.5588278722544,0.84004735664614,2.93781298692857,0.0926783053790258
2018,YR2018,Botswana,BWA,2299141,87.4551039946493,21.740494569157,17825.018569213,6843.84612027739,40982231018.239,0,12.8693257134863,27.683848997936,14.6585985685041,2.92475944543875,1.67893386448584,0.481910928206974
2018,YR2018,Brazil,BRA,206107261,28.876203376153,13.9401079934694,17917.7492122925,8722.33529970988,3692978213430.52,1.90111531664903,5.60355722430209,2.29832413594224,23.6636110320622,1.46967772350671,4.07858861807831,0.10561500408169
2018,YR2018,British Virgin Islands,VGB,34657,..,..,..,..,..,..,..,..,..,..,..,..
2018,YR2018,Brunei Darussalam,BRN,437810,93.8980617666778,..,78099.0507802561,29200.1952024222,34192545422.1039,11.046476859895,15.8165352443254,..,..,2.63661248533021,3.80486552830842,..
2018,YR2018,Bulgaria,BGR,6710798,129.166502930632,19.983539050314,27691.0089237623,8194.37434587757,185828767303.566,0.0215683047004454,25.16609385999,0.0412279715084661,41.0072641378643,1.45106212373153,2.73817844158842,1.39847018138544
2018,YR2018,Burkina Faso,BFA,20438288,60.5956256236488,15.2924120796082,2316.39432079045,694.492813126351,47343134249.8795,0,12.9632534437391,11.5880719602522,44.5020548867667,1.92538455062898,1.68919942943091,0.42613635624956
2018,YR2018,Burundi,BDI,11859446,..,..,1046.59511246023,267.508692172687,12412038220.086,0,11.2527121880328,..,..,2.14941956621913,0.228727114717487,..
2018,YR2018,Cabo Verde,CPV,513415,105.867524052105,18.93160633834,8531.12961646549,3853.67940035241,4380009912.03763,0,48.2097227346834,15.6087570133706,39.1923255002027,0.485896540748011,4.69595735976167,0.42319035236317
2018,YR2018,Cambodia,KHM,16274522,118.43765541305,12.6410723071222,6050.59088262205,1884.28374817086,98470474432.232,0,25.6668301065914,10.7237811738778,48.049242413029,1.63716525982655,9.69240300027112,0.373993886510636
2018,YR2018,Cameroon,CMR,24806383,40.587602877028,12.3469457080062,4851.48003949961,1461.01969999317,120347671976.682,2.78430133697793,12.0681736262239,11.764602864694,42.6722946795415,1.07600981816736,1.91485781286221,0.270144339860812
2018,YR2018,Canada,CAN,37072620,66.5998858508762,13.0576846693075,57337.4909099991,44907.3436912123,2125651012259.85,1.50562872928079,13.1894437858517,1.5961224986095,13.4756656931178,1.3176781061648,2.46931207254863,3.63758380902687
2018,YR2018,Cayman Islands,CYM,65941,117.117122140321,..,76124.5501254035,79305.7692066005,5019728959.81923,0,91.1236191720193,..,..,..,3.13994473836616,25.7945595756558
2018,YR2018,Central African Republic,CAF,4878657,49.6602000024318,8.6398307197834,1125.70091748228,395.020015455909,5491908660.98135,0,..,..,..,1.33998903358031,0.810612744001372,..
2018,YR2018,Chad,TCD,16156531,46.7384317860183,..,2552.37036388576,898.834794007399,41237450907.6015,16.6121673665612,..,..,..,1.65270267984506,3.00704966736056,..
2018,YR2018,Channel Islands,CHI,164949,..,..,..,63859.9826096615,..,..,..,..,..,..,..,..
2018,YR2018,Chile,CHL,18893191,58.177050633437,18.3955244968596,28492.6611456515,13763.0068844795,538317289123.074,0.0122096396579944,8.71799579237583,0.82346497758997,46.8970623748186,1.87761395069212,2.68461345207245,0.624151451520635
2018,YR2018,China,CHN,1402760000,36.8943843914718,8.89089034402513,17806.7902349725,9798.6528523316,24978653070010,0.413038667779282,5.36693903116085,1.90614917250741,32.6384180958804,1.67357820944542,1.66361992284408,1.01094815237317
2018,YR2018,Colombia,COL,49024465,36.5347527968973,14.6098424464284,17104.1313545678,6353.5464285392,838520888947.413,3.64006660382347,7.66735864241677,1.48268180617176,23.9915421910672,3.0332327385044,3.38083573220188,1.53391533627652
2018,YR2018,Comoros,COM,771590,42.9961533369453,..,3457.58685798732,1391.84620461012,2667839443.75444,0,18.1752089393067,..,..,..,0.48130680430061,..
2018,YR2018,"Congo, Dem. Rep.",COD,90047644,72.5591739081336,7.43715203855764,1431.7285269693,495.312105711027,128923780701.176,0.783495113502667,6.25061614970202,8.32215991759149,25.615781485124,0.61234655603641,3.01664160584951,0.448417286449266
2018,YR2018,"Congo, Rep.",COG,5483118,100.583216779714,6.82845231880198,7029.33651566257,1909.9560382117,38542681577.0867,38.248715891351,..,4.91079958871307,11.2093453660106,1.97928115025179,29.2086100198947,0.0921548794436184
2018,YR2018,Costa Rica,CRI,4957818,66.945342016636,13.1821486861854,23005.3121471794,12679.5253643016,114056150658.905,0.00900722494170017,22.3689608055423,5.12591423893926,26.9144731862103,..,4.829438721344,0.930392938415943
2018,YR2018,Cote d'Ivoire,CIV,27464173,46.040028237159,11.6659927460391,5670.20005356688,2013.32307598499,155727355215.77,0.930497052970617,7.91976596079724,24.6015550280069,37.1849652318169,1.03921408235247,1.05998699614336,0.247173676716632
2018,YR2018,Croatia,HRV,3988775,99.0848546362534,21.7869363974923,33729.9071211239,14060.9874833125,134541010277.061,0.320303857626588,35.2695377743773,..,50.1979816569423,1.54234055565076,2.66912322417943,0.543140687517749
2018,YR2018,Cuba,CUB,11227118,27.0835484486147,..,..,8120.43123558256,..,0.731495348136671,..,..,..,2.87620737245072,..,..
2018,YR2018,Curacao,CUW,159336,155.268858003963,..,29256.8154066419,18355.1765793615,4661663939.6327,..,76.7079064014539,..,..,..,4.16644113125828,1.01218157637637
2018,YR2018,Cyprus,CYP,1270737,147.623567410054,23.8334479788945,43510.2109375,26962.40625,38480343420.2192,0,92.7001895387842,0.052616809316683,33.8518895280857,1.74983319036456,307.086731038445,407.490531643708
2018,YR2018,Czechia,CZE,10629928,145.141717890789,14.65729130846,46301.082036029,19736.6295261285,492177168365.082,0.0125584051035841,22.3114085415333,..,28.4925696712915,1.07552668819544,3.30353998283407,2.41274128588425
2018,YR2018,Denmark,DNK,5793636,108.813985501909,32.3839236687064,66238.705427981,56355.0733084714,383762948360.946,0.459098841781269,45.059202072534,0.0410839493941011,37.9632364149074,1.28310489294024,2.46670057625106,1.78159660766636
2018,YR2018,Djibouti,DJI,1071882,300.398900523844,..,5590.50426604853,2677.1650334451,5992360893.70063,0,55.8539629688965,..,..,..,5.83497725047345,..
2018,YR2018,Dominica,DMA,68174,..,..,16877.1244880642,8261.16492553236,1150581084.84929,0,44.6362980368685,..,..,..,12.4606230458607,0.00886286300449223
2018,YR2018,Dominican Republic,DOM,10782053,52.3351709577013,13.1860453360425,20662.848586153,7818.70593240469,222787928586.876,0,15.6841485096517,6.10191753494016,52.7362295886847,0.693991110098086,3.22902365102652,0.246132901364455
2018,YR2018,Ecuador,ECU,17049547,48.0093476154836,14.2925485667842,14083.5069982304,6063.0956178776,240117414491.159,6.75910009874679,7.117092418516,7.8243058509508,23.1094083180172,2.37199911152844,1.29342873266166,..
2018,YR2018,"Egypt, Arab Rep.",EGY,105682094,45.9110196733959,..,14488.2094340483,3568.63966286161,1531144311300.78,5.47658822874947,16.0960556796751,..,..,1.24996619642133,3.10040077579187,0.123192309159487
2018,YR2018,El Salvador,SLV,6219807,75.6336168879956,18.128923536318,10297.203612692,4046.16291720583,64046619110.6471,0.00016205248904761,18.3576699144452,3.43836942058788,40.1642070884239,1.13220727885334,1.58620478716365,-1.58835314107725
2018,YR2018,Equatorial Guinea,GNQ,1616422,103.645681622953,6.16890891005787,20165.4795550607,6578.90039765711,32595924793.3504,20.3264698484548,..,1.34449536670304,6.50329531736491,1.14208303034219,-1.10304372116447,-1.59456987494094
2018,YR2018,Eritrea,ERI,3192760,..,..,..,..,..,..,..,..,..,..,..,..
2018,YR2018,Estonia,EST,1321977,143.485224864735,20.8332765978306,40853.6487755073,19914.3454922878,54007584047.2988,0.995460170965617,43.1423249765433,..,37.7005403924956,1.97061311743188,4.08015832167199,-0.687171157846634
2018,YR2018,Eswatini,SWZ,1168929,85.4927768173538,24.3292631063018,9578.10061089805,3565.54285067501,11196119568.9964,0,7.10451584334304,37.364929204155,24.2036640850219,2.09604400864986,0.670381040235302,-0.173479266839444
2018,YR2018,Ethiopia,ETH,112664152,31.1993689777881,7.51992182973201,2311.16511659606,705.96881207336,260385457993.276,0,13.3462228558996,21.8862606718114,30.4749033490813,0.645850962685811,4.03228222144798,..
2018,YR2018,Faroe Islands,FRO,50996,106.874664759521,..,66193.3474230922,54433.5931539501,3375595945.18801,0,..,..,..,..,..,..
2018,YR2018,Fiji,FJI,917180,..,23.9933534156946,13100.0959551236,5720.21447177109,12015146008.1203,0,42.7754101769528,19.0902886399643,45.8324484470086,1.45588315236828,8.40038118168196,-0.0650541583292492
2018,YR2018,Finland,FIN,5515525,79.1436148422846,20.9641879217783,56226.337241343,45337.2409550575,310117768713.058,0.0359430063476326,25.0285484892896,..,38.9997937246453,1.37168236993597,-3.84456657280518,1.20360281701857
2018,YR2018,France,FRA,67158348,66.8022607812266,24.3098642807809,52560.9536243841,38062.4435961412,3529906814718.25,0.00839113039243978,20.9211533088998,0.00360716766998137,22.8527836085745,1.84604257144589,2.78594184568695,5.02990847395145
2018,YR2018,French Polynesia,PYF,279815,65.0146628512067,..,..,20674.4206829029,..,0,..,..,..,..,0.0967844740802214,0.618130259216984
2018,YR2018,Gabon,GAB,2212318,77.0365976973024,10.2153363842436,19225.5982575261,6724.5961429108,42533137085.8936,18.3274076798358,..,16.1989055392591,10.201244150286,1.55363446931116,8.17598940777917,-0.373078272752687
2018,YR2018,"Gambia, The",GMB,2399632,64.8124640003735,..,2651.43281455826,658.127833258563,6362463027.66407,0,19.0031538157478,..,..,0.68699671133711,4.89653501762191,-0.220569620292195
2018,YR2018,Georgia,GEO,3726549,109.847740556266,22.0478688235553,17228.6790847503,4713.65354845303,64203516814.5972,0.0347328226740541,37.6283320133563,0.617912734558495,49.6064384149781,1.86470954721815,7.28401976586955,1.6400320836363
2018,YR2018,Germany,DEU,82905782,79.1252260463654,11.9511477768103,62381.3478772241,43905.8550061973,5171774427975.31,0.0150774778092678,18.3505344596387,..,22.9636887370648,1.14814145777047,4.00082875273687,5.2504384693398
2018,YR2018,Ghana,GHA,30637585,67.9585174644902,12.244241507107,6234.51208201488,1915.4532323781,191010393846.258,4.1465494257117,26.2543693834313,12.8096894592728,31.5520750750595,0.32587623925291,4.4440435772374,0.120206888684631
2018,YR2018,Gibraltar,GIB,34854,..,..,..,..,..,..,..,..,..,..,..,..
2018,YR2018,Greece,GRC,10732882,79.2379908638706,27.1083919768284,32722.3310444029,18769.0389621976,351204917864.513,0.0275504477019287,30.3431569310406,0.00819480215406228,33.7590728166706,2.70054108209766,1.88723349665643,0.24358461917263
2018,YR2018,Greenland,GRL,56023,89.7766906266033,..,66887.6779268926,47012.9860350276,3747248380.4983,0,..,..,..,..,..,..
2018,YR2018,Grenada,GRD,115691,..,..,16964.852001696,9744.16919577204,1962680692.92822,0,69.5756469238497,..,..,..,15.9441349586327,1.54331219523811
2018,YR2018,Guam,GUM,162679,72.9631465873409,..,..,35731.2203743081,..,0,..,..,..,..,..,..
2018,YR2018,Guatemala,GTM,16845685,47.0116852699223,10.5609513473985,11192.372055508,4040.2121371198,188543174049.89,0.176634659797847,9.88465358373405,4.40577916111117,52.3542442290085,0.372491637911365,1.25790065429015,0.194008972443383
2018,YR2018,Guinea,GIN,12704774,88.984111543709,..,3455.64512638662,899.907328045175,43903190354.9434,0,7.58233699492044,..,..,1.67017173427376,2.97511256265365,-0.00278315893433412
2018,YR2018,Guinea-Bissau,GNB,1922168,55.0195890357005,8.85787789114937,2373.50158144916,686.456819839526,4562268787.81097,0,13.3049494945375,18.7265019760948,24.3347119732918,1.37872156165153,1.32316927565873,-0.0260762385157529
2018,YR2018,Guyana,GUY,791556,..,..,12980.3576003177,6080.90612132746,10274679940.6771,0,28.8645146941183,..,..,1.29081562879598,25.7279321835024,0.000208871307588348
2018,YR2018,Haiti,HTI,10962362,45.1385763027223,..,3496.87870320748,1437.35251928349,38334050214.651,0,9.28819470834637,..,..,0.0611986488105247,0.640093066153268,..
2018,YR2018,Honduras,HND,9765210,103.551162215452,..,6219.27973775059,2430.13503657762,60732572687.8795,0.00116801901211893,21.3817429833361,..,..,1.48969667029328,5.99386120691106,2.2744046807109
2018,YR2018,"Hong Kong SAR, China",HKG,7452600,376.892773545026,..,66993.9679794398,45280.5079891951,499279245763.573,0.000401062964781817,53.8500757854312,..,..,..,26.8255240590301,20.7369883848508
2018,YR2018,Hungary,HUN,9706964,162.700858777925,22.4479923581732,35798.0412754022,14533.7783144312,347490297930.843,0.133636368428239,31.2385284336102,..,37.4125972284272,1.00220452852258,-40.1082460169744,-42.151179363833
2018,YR2018,Iceland,ISL,352721,88.934996973139,22.6193554944478,65521.9313424781,57731.6523401884,23110961145.0502,0,40.4653397378039,0.435823529315071,35.7024660712067,..,-2.33423231382448,-0.56872496756726
2018,YR2018,India,IND,1374659064,43.6169693323889,12.0174277483166,7714.33974724531,1883.35772705062,10604587056326.2,0.446629594682818,12.1770536786788,4.50855543479306,40.8673498831382,2.42428452604417,1.55821483801456,0.422422743097147
2018,YR2018,Indonesia,IDN,269951846,43.0743089552002,..,12262.2310300771,3701.32155461912,3310211902647.8,1.13230201999671,6.61044323408338,..,..,0.718928190476345,1.81428979349441,0.613968176859219
2018,YR2018,"Iran, Islamic Rep.",IRN,86117998,56.6153496142829,..,15364.8049052614,5127.22495367018,1323186238101.69,27.6646471563106,..,..,..,2.35629488324383,0.576106085876311,0.018111316259641
2018,YR2018,Iraq,IRQ,40265624,65.8017917701083,1.98400716269547,14456.2357053224,4749.00921836896,582089351365.886,45.7658631354446,10.3669623891851,1.52474706575713,0.296998362629331,2.75172485497662,-2.14854834807913,0.0828614580618837
2018,YR2018,Ireland,IRL,4898022,222.453716000399,17.626188645583,93276.0188154012,74029.0550611436,456867992230.249,0.00222636273443113,128.549272306163,..,30.1800558186434,0.280112255033866,20.3601504375203,23.4667523471589
2018,YR2018,Isle of Man,IMN,83805,..,..,..,95040.4061748938,..,..,..,..,..,..,..,..
2018,YR2018,Israel,ISR,8882800,58.7437542387448,22.719274234996,43814.2949977965,38729.6426036983,389193619606.426,0.00878768893694255,22.1492965944774,0.629387343776369,33.5960649217145,5.28819717558874,5.71739368118438,1.61748998953714
2018,YR2018,Italy,ITA,60148658,59.2749835128154,24.2435864233351,49133.143527174,31819.3971830067,2955292646480.9,0.0660288682863186,11.8957899146317,..,24.6381711477941,1.35443317948295,2.10769610409512,1.84125544086977
2018,YR2018,Jamaica,JAM,2820097,..,24.9941390773446,10636.0929784551,5717.87621107532,29994813900.2622,0.268056625056229,36.9937534088211,11.0623583204986,47.7995175183933,1.33284679598136,4.59566903085149,0.0751729856148427
2018,YR2018,Japan,JPN,126811000,36.609931802107,..,44848.4899421798,36138.5290824814,5687281858057.76,0.00254122923421228,7.8891332442476,..,..,0.962497363778907,0.501685482403774,3.17837909643411
2018,YR2018,Jordan,JOR,10462306,87.6359151906857,14.7288480451847,9311.53116265584,3928.77026821205,97420088352.2411,0.000980515945675632,28.1428001420737,3.61237825175687,39.2627296264332,4.56009087117148,2.20177686575576,-0.0175362759219485
2018,YR2018,Kazakhstan,KAZ,18932727,63.5279565118188,11.7177995870574,32330.2274546567,10670.2120148279,612099370246.921,15.0881830400628,10.8182914886298,18.7751718820439,21.4394102145433,0.835625758457601,0.196995426846668,-2.58686185554559
2018,YR2018,Kenya,KEN,50207107,34.4147531767425,14.3612789172776,5017.66784674664,1596.69045914945,251922586472.068,0.00146974382203769,10.1500031732626,6.68296162603762,31.2362805183052,1.20738536752593,0.832686217791619,-0.00348921668390879
2018,YR2018,Kiribati,KIR,122084,83.3664311213492,17.9132802956688,2877.60204999231,1803.94864980951,351309168.671261,0,34.5600489140331,0.321940644493275,10.0297399274338,..,-0.490061067482829,0.0519501730185265
2018,YR2018,"Korea, Dem. People's Rep.",PRK,25931147,..,..,..,..,..,..,..,..,..,..,..,..
2018,YR2018,"Korea, Rep.",KOR,51585058,74.7075162140824,14.6942818655643,48834.4471157733,32852.8887488942,2519127786865.1,0.0251346708672274,12.9765224767191,1.58431024143497,21.1256497806403,2.36150967895845,0.66781363782051,2.09512783502331
2018,YR2018,Kosovo,XKX,1797086,86.3150846710967,..,11188.2244627966,4009.12140760339,20106201546.9493,0,33.8180873751752,..,..,0.804420588442497,4.04305852508055,0.692201329956547
2018,YR2018,Kuwait,KWT,4323515,102.785630655,..,51623.8078622052,26706.0191660864,223196307649.362,44.0490671354298,32.4235840066964,..,..,5.19085473728776,-0.0154187787915342,2.14341797282493
2018,YR2018,Kyrgyz Republic,KGZ,6444079,98.8755599017608,17.998857013595,5951.82876758606,1175.0712778747,38354054772.7972,0.134682037189741,21.6760214410416,10.845405623013,38.6140794373435,3.02854515463686,1.74369178553725,0.0599037161291048
2018,YR2018,Lao PDR,LAO,7128045,..,11.7206462464078,7775.08574451883,2459.97874636195,55421161065.7887,0,12.3182463833468,4.43103830508583,52.0486742536907,..,7.4856486219066,5.51218048604459E-08
2018,YR2018,Latvia,LVA,1927174,128.234095559822,16.1995106602059,34729.7062763057,15120.0698171804,66930186963.3331,0.0795369079908762,29.9486655252226,..,45.4310054863527,2.13473002218592,1.32076900628522,-0.944918168498435
2018,YR2018,Lebanon,LBN,5984119,68.2573073043718,15.3254054545147,16290.0516478592,8388.7235123835,97481607576.9354,0,54.5467893293332,4.56624479307237,34.9162173183057,5.05552097445632,4.84140308956364,1.14972250407626
2018,YR2018,Lesotho,LSO,2183603,144.434955465602,31.8151694598045,2846.41828124649,1068.44462913373,6215447498.18469,0,20.4124752653484,10.5542669395914,30.7927531052819,1.99938292931215,1.59898721077784,..
2018,YR2018,Liberia,LBR,4944726,..,..,1647.97443793846,665.875439637137,8148782050.60971,0,6.2736546414902,..,..,0.405300245098039,3.77268493884788,2.45637665894151
2018,YR2018,Libya,LBY,6849055,63.7811335968183,..,16385.164476127,10020.9165751361,112222892681.04,30.0345298438813,6.776071228931,..,..,..,..,0.35938749315732
2018,YR2018,Liechtenstein,LIE,38246,..,..,..,..,..,..,..,..,..,..,-1303.10826691135,..
2018,YR2018,Lithuania,LTU,2819200,147.202132525221,16.7524651283353,41019.7901632878,16604.9021440809,115642992428.341,0.0267898297704848,34.0722357707024,..,34.1741071428571,1.94787932963701,2.39550085067309,1.9161031130478
2018,YR2018,Luxembourg,LUX,607950,361.865445198667,26.8854541322106,131733.8846493,106788.728745199,80087615172.5418,0,280.256861179587,..,27.2694069897775,0.500655642661875,-117.233947530512,30.7476001691146
2018,YR2018,"Macao SAR, China",MAC,658900,116.568676845013,29.4976246952344,139541.157248769,79178.6506290559,91943668511.214,0,89.2463223284351,..,86.8720767131618,..,3.12603183085927,-0.061649049233135
2018,YR2018,Madagascar,MDG,27494926,67.8415046683582,10.2831286802146,1678.78623269491,459.330367799543,46158103237.7654,0.129091659780245,19.6186548356515,11.8449167696665,42.5133123383755,0.532102174287315,4.44792798727992,0.856802243026208
2018,YR2018,Malawi,MWI,18528081,43.578773489,12.1756578864858,1638.91665761076,553.528790902088,30365980584.4615,0,6.03989456918773,7.56895978864102,37.8239162276104,0.589501502223623,4.66141409428061,-1.03489773057824
2018,YR2018,Malaysia,MYS,32910967,130.402625502126,12.0226658619336,30459.9655338061,10610.1950240479,1002466920504.23,2.71329599019211,23.6441016633539,1.98463903559556,19.4640839989256,0.960104126677078,2.31458721219734,1.60688802374768
2018,YR2018,Maldives,MDV,473099,142.491128546618,20.1449360389268,21072.5805249694,10793.8941325367,9969416773.78251,0,84.7975245576457,20.5937700075908,40.3602167199102,..,10.6517647807373,..
2018,YR2018,Mali,MLI,20442030,50.6998462523276,9.78065544204356,2862.40728989634,892.978322791418,58513415692.2797,0,13.3246142379434,11.0928820850761,46.4705537846272,2.82359553728652,2.29426079238045,0.00142133067209242
2018,YR2018,Malta,MLT,483903,228.098550737111,25.4268198674107,53417.0154946227,29536.8052374716,25848654048.8944,0,165.909815575336,..,33.2403146710257,0.414176632611117,452.221039544093,453.162730488874
2018,YR2018,Marshall Islands,MHL,45285,128.482272727273,17.9181818181818,5635.30750426868,4542.34293916308,255194900.330807,..,44.8446038765536,6.05315173637662,10.4882341908211,..,4.43275061931595,..
2018,YR2018,Mauritania,MRT,4337685,89.1467294935148,..,6153.63790295218,1602.90225649072,26692542827.0672,0,11.3631829246645,..,..,2.13128230977177,10.3416772803986,-10.3330300366387
2018,YR2018,Mauritius,MUS,1265577,123.538984386544,18.1330623848692,25324.1785958124,10789.9241521132,32049697974.7525,0,41.0129087809593,1.19609443133904,58.0876582690792,0.156385299781821,3.078791712383,0.657951027955277
2018,YR2018,Mexico,MEX,124573711,80.2126616568975,12.7121572965033,21997.7730167472,10296.8690928534,2740344218431.87,2.20735150189898,7.50497732037873,1.51654794243348,29.061421073566,0.464611544931539,3.01417850463095,0.974712289457043
2018,YR2018,"Micronesia, Fed. Sts.",FSM,109909,103.571428571429,25.8346844387755,3798.59203794112,2910.6935304708,417499452.29807,..,..,2.96037744394711,2.76622839020968,..,..,..
2018,YR2018,Moldova,MDA,2707203,87.4467874275648,18.014083738484,13895.5043655692,3267.9961042872,37617951104.982,0.0127635798638785,23.0964128373138,3.10192133655604,47.4405145413037,0.332323743240549,2.75177990255296,0.304825121617254
2018,YR2018,Monaco,MCO,38154,..,..,..,173041.761057866,..,..,..,..,..,..,..,..
2018,YR2018,Mongolia,MNG,3208189,126.355873241513,16.6885283131364,15230.2408828847,4183.85566447661,48861491267.8209,2.22574065348702,28.5618780516688,7.10077273427189,31.640169105171,0.668952463384853,14.8088797144773,0.211918906156845
2018,YR2018,Montenegro,MNE,626438,111.098935509174,..,23562.2739681383,7159.47114735985,14760303780.0526,0,47.2943704832495,..,..,1.36929487275714,8.93818094782242,1.96152064375619
2018,YR2018,Morocco,MAR,35839760,77.2548875243989,20.2861213801112,8611.75,3304.7119140625,313170965464.504,0.00175486944296997,22.8883738525257,3.49812574892911,44.9239882809354,2.90288871579444,2.78337936840164,0.613210591859166
2018,YR2018,Mozambique,MOZ,29018644,124.607457525372,21.1926368441561,1538.83512127022,621.153734194787,44654908558.8374,0.11025673875252,34.3993634730154,6.6013711713499,33.4686914224113,1.30860718971448,11.1741431838994,-0.168504196193277
2018,YR2018,Myanmar,MMR,52272247,..,2.75697125272766,6201.26341429803,1361.56831265985,324153972904.25,0.15681434683775,11.9492268800453,3.72274128418864,23.733044925662,2.3597905591242,2.60563229837277,..
2018,YR2018,Namibia,NAM,2577327,81.7138652963804,28.9317139130964,11214.38604306,4400.47537705743,28903139937.2016,0,9.98126168092256,31.7573218753477,23.377593033315,3.33269228396146,1.71299808328534,0.707644079205502
2018,YR2018,Nauru,NRU,11477,140.640059171598,28.8438039171598,10401.2803984916,7149.78109138393,119375495.133488,0,68.4045891224036,9.52889040925092,1.7062523853244,..,5.88617583274311,0.885602766336967
2018,YR2018,Nepal,NPL,28079689,48.4473869461067,19.0828260572702,4371.38571771897,1021.91492204011,122747151452.59,0,10.6326440588487,15.7924584048897,45.7311523016803,1.34998219265679,0.206157201926214,..
2018,YR2018,Netherlands,NLD,17231624,163.559146573044,22.9523938963993,66758.2640145753,48463.0299739951,1150353304391.89,0.0285323898225818,48.9928644626661,..,27.0371235115573,1.1961416179648,-30.6576768564655,-28.9292368043908
2018,YR2018,New Caledonia,NCL,283541,59.0970833,..,..,..,..,0,..,..,..,..,3.46409998475039,0.970799965946994
2018,YR2018,New Zealand,NZL,4900600,55.7664814899437,27.4641320738705,46947.937247914,40371.5456268118,230073061277.127,0.174430202025453,15.731825696883,2.85021063459173,29.3827783270943,1.10543396326223,1.15882897654923,0.30386330854054
2018,YR2018,Nicaragua,NIC,6400080,93.9847404925404,15.69943210278,7049.02753442352,2107.3396261623,45114340142.5133,0.0215824227322452,17.7831902180429,2.8401640635921,45.1838227748226,0.62717222145559,6.43060058137235,0.576573667217124
2018,YR2018,Niger,NER,22188069,37.5388483992356,..,1574.33838262666,519.546993483886,34931528663.0687,1.38714615007191,10.3849804943008,..,..,1.79380881698289,3.63037399478134,0.300821675397887
2018,YR2018,Nigeria,NGA,204938755,..,..,8362.62330891339,2431.77857832568,1713825609462.69,7.69068153465603,8.46528736381124,..,..,0.506944517393582,0.183821495682229,0.134103977666087
2018,YR2018,North Macedonia,MKD,1889051,133.215207648008,17.5749363119971,20806.0084013242,5698.39334484489,39303610976.53,0,25.8589828591102,2.98140722055747,43.1404608653736,0.943108732670231,5.11494867914756,-0.508754575600249
2018,YR2018,Northern Mariana Islands,MNP,49077,108.762490392006,..,..,23756.6075820248,..,..,..,..,..,..,..,..
2018,YR2018,Norway,NOR,5311916,70.0031957894984,23.3136059270012,87338.4708008985,76373.6474606092,463934620462.826,4.96722177394478,21.7470135315756,0.202860421841805,25.207190308246,1.71529737478335,-1.28796404191648,3.14506172447481
2018,YR2018,Oman,OMN,4597877,89.2792178262847,..,38673.6045360857,18269.6769435562,177816476803.564,23.7087990780384,18.0812697619462,..,..,8.26760144238502,6.12067985447931,0.142962710322874
2018,YR2018,Pakistan,PAK,226928892,27.6260570796337,..,5255.06350681272,1561.68169819559,1192525738990.65,0.443490416507805,4.94281796434968,..,..,3.58696176378502,0.487745750658143,-0.00589675346218826
2018,YR2018,Palau,PLW,17814,117.866019647923,20.9940885423327,19572.3446450452,15642.8069323229,348661747.506836,..,59.5142294320414,12.3739913532418,24.7156469727371,..,17.6226702821727,..
2018,YR2018,Panama,PAN,4167860,86.1309615270001,9.59096781620725,32681.4463581168,15375.6434854475,136211693018.141,0,27.8615103515919,3.75231610902215,32.5253887961762,..,6.3940456399755,0.655346097439055
2018,YR2018,Papua New Guinea,PNG,9394513,..,13.1930287445925,4211.1454741469,2518.45899317321,39561660901.7642,2.22689061511957,10.3086655770088,5.7556356492079,25.1124514164781,0.330226700251889,1.27185526445477,2.38690181913673
2018,YR2018,Paraguay,PRY,6427382,72.0692236259495,10.0750585770316,15592.9841390322,6354.2392005316,100222065581.501,0.0698851710974406,10.3377920337911,6.26287165622302,37.5523951591494,0.961156152749535,0.787454987833137,-0.840668355219343
2018,YR2018,Peru,PER,31897584,48.631470171736,14.2863713046141,15386.2601642505,6593.14437459526,490784526035.036,0.309747444730138,7.35396107646291,1.02920555190578,36.1879995706835,1.18979117011669,2.63824619479376,-0.354942719594261
2018,YR2018,Philippines,PHL,109465287,72.1633982990273,14.0475332790366,9016.28659637608,3410.93647976109,986970399946.561,0.0571201423493892,18.7941678455121,20.9245237813474,27.2764507111469,1.18424717696738,2.86833826070497,1.18662084386149
2018,YR2018,Poland,POL,37974750,102.442462168005,17.1848218488937,36500.4114282584,14551.0850277089,1386093998885.26,0.0456118701886835,18.7281995896035,..,36.7572217632641,2.02472821822818,3.34803923662527,0.410012038320897
2018,YR2018,Portugal,PRT,10283822,86.7356954918399,22.8445730542681,39123.6151282571,20997.7745987013,402340293975.503,0.0422964969836641,24.2557023861287,..,32.854985988768,1.34147881873726,3.46584287446499,0.694890746330945
2018,YR2018,Puerto Rico (US),PRI,3290690,106.001202479048,..,41119.3088051648,28808.8518638025,135310898292.068,0,..,..,..,..,..,..
2018,YR2018,Qatar,QAT,2580734,91.838343273294,..,114909.792335472,64410.7171628721,296551608013.092,16.2911609453974,27.6959271136152,..,..,..,-1.19249557946474,1.92150927563161
2018,YR2018,Romania,ROU,19473970,87.0911701095809,14.4740481393825,34829.0402990684,10714.1701157127,678259685912.85,0.417895750376407,19.2021798125351,0.0200139291338665,33.0809218184425,1.79144423500295,3.03714660753952,0.62179251753044
2018,YR2018,Russian Federation,RUS,145398106,51.5809003703964,11.4687676015317,36536.6953125,9674.787109375,5400813511031.75,9.65476095672088,9.61633216969674,10.8108272343481,21.7142512406492,3.71982243956434,0.530060790633169,1.8932200117705
2018,YR2018,Rwanda,RWA,12487996,55.7841263739603,14.2497109145248,2493.44001744938,817.578437300032,31138068964.1478,0,20.4490926226712,4.60783713372956,29.8059330061005,1.23514702337913,3.79950138241727,0.186390591529515
2018,YR2018,Samoa,WSM,207582,78.9349676190658,23.8815118577505,6805.0451717529,4321.00518344962,1412604886.84281,0,39.4475553479398,7.68468648609152,46.9625480811507,..,1.90261035583233,0.00424464470316328
2018,YR2018,San Marino,SMR,34522,309.487956436918,17.9568167650591,59194.0442905609,42818.6962696679,2043496796.99874,..,90.8380024272935,0.376906047456024,20.4912650632927,..,..,..
2018,YR2018,Sao Tome and Principe,STP,210187,..,..,5674.72379094011,1413.84348618541,1192753169.44633,0,38.1727057175542,..,..,..,6.17598418618007,0.623887505133665
2018,YR2018,Saudi Arabia,SAU,30196281,59.1029104697141,7.91853379846948,61359.4653740388,24393.5188306638,1852827658444.24,28.0842811588989,12.4446434966822,1.78291099134267,23.1656992212598,8.81333517624339,1.36945683303735,2.17156472633492
2018,YR2018,Senegal,SEN,15914498,61.7898394793183,16.3782524655201,3998.28635303406,1355.09610863712,63630720168.7878,0,13.4913080730589,10.4425964023576,34.5781164662692,1.66692756826471,3.6676580901097,0.22844232383862
2018,YR2018,Serbia,SRB,6982604,105.563713028559,22.6384537175516,20454.310707953,6524.08029755191,142824351766.595,0.502181565265322,24.8249401247505,2.11614857734318,40.7160098996941,2.01722347053086,7.71374568954873,0.678384654376213
2018,YR2018,Seychelles,SYC,96762,185.7075372109,..,32841.4242467381,18628.1862276696,3177801892.96287,0,137.111800571622,..,..,1.20539204484215,17.1030662941746,-0.575708152936166
2018,YR2018,Sierra Leone,SLE,7554563,37.3774604106006,..,2767.38003381598,1015.6678297205,20906346810.405,0,7.24868442117868,..,..,0.465679597167025,2.90502880166707,..
2018,YR2018,Singapore,SGP,5638676,326.59658728675,13.0051768999114,119927.769127927,61250.3476672302,676233833515.183,0,110.338682017849,..,21.0884650519328,2.80776039122786,22.1183772606386,6.16526878478095
2018,YR2018,Sint Maarten (Dutch part),SXM,39712,..,..,42154.1020267504,31047.7241050626,1674023699.68631,..,75.8148145302632,..,..,..,-3.80519905244473,0.311398898689281
2018,YR2018,Slovak Republic,SVK,5446771,188.732964699496,18.4643033716736,36430.7941704195,17869.0149173679,198430193194.41,0.00198363398162276,22.250895470193,..,31.297875508635,1.21627211246117,2.11269531583982,0.898546037778659
2018,YR2018,Slovenia,SVN,2073894,162.613493975851,22.033082917798,43361.094447431,23293.966665323,89926313607.9605,0.000282754610890312,29.8942603685802,..,34.1582240884846,0.986759717956076,2.86489909951597,0.83611083664934
2018,YR2018,Solomon Islands,SLB,709101,88.4949614655388,25.5276877958785,2686.11900111375,2061.8996970669,1904729669.80876,0,22.4976755894765,32.3944072571181,14.7800425531486,..,1.54707244532947,0.560549885876866
2018,YR2018,"Somalia, Fed. Rep.",SOM,15452487,73.8219230280706,9.5078641405586E-05,1504.97908203481,498.981065013872,23255669700.4148,0,..,36.4513171821746,25.320698965226,0.972462847707354,5.18226851263813,..
2018,YR2018,South Africa,ZAF,58613001,54.4855451276341,24.8948940794134,14553.5615668957,6117.2701406047,853027918674.021,0.407106590566775,8.40202389725104,3.65718608947766,34.1673701433051,0.894757064750116,1.3742911715346,0.993671794602506
2018,YR2018,South Sudan,SSD,10122977,..,..,..,..,..,..,47.7424594162181,..,..,4.7742494592124,..,..
2018,YR2018,Spain,ESP,46782011,67.0094103982921,14.1254961741386,46325.2099441141,27956.7225466484,2167186481182.85,0.00176491249464509,16.5007892859347,..,27.9193245191692,1.24562475871831,4.46748509754483,2.95118337100336
2018,YR2018,Sri Lanka,LKA,21670000,49.8093967521361,11.1537606477644,14759.8248945765,4493.03575444544,319845405465.473,0,13.7448557406264,17.6826548805822,54.8052858354233,1.73469354853576,1.70888696252001,0.0718438952398243
2018,YR2018,St. Kitts and Nevis,KNA,47008,..,..,30576.2486749244,21635.4972146482,1437328297.71085,0,72.8443629501699,..,..,..,3.72038789959679,2.61062301319719
2018,YR2018,St. Lucia,LCA,177017,..,..,22981.9179294013,11233.8883578457,4068190166.10883,0,70.3671648180052,..,..,..,2.20879100094065,-0.450130869355818
2018,YR2018,St. Martin (French part),MAF,36012,..,..,..,..,..,..,..,..,..,..,..,..
2018,YR2018,St. Vincent and the Grenadines,VCT,104926,..,..,16139.0661084965,8179.99598957084,1693407650.5001,0,47.0663097685339,..,..,..,4.52412383276845,0.832753425439315
2018,YR2018,Sudan,SDN,44230596,21.8679187274323,..,3816.65991210938,1185.94445800781,168813138819.997,3.36467879804277,8.29864870436628,..,..,1.77892402693237,3.51269523880448,..
2018,YR2018,Suriname,SUR,599513,..,..,22938.5353715545,8666.64870697797,13751950156.2068,5.79745793323679,20.9618679458749,..,..,..,3.27713336345246,0.294530045500189
2018,YR2018,Sweden,SWE,10175214,90.4087142361701,28.3406068478267,60647.449528586,52203.0872589761,617100777507.561,0.0261727179380502,28.1519600628338,..,37.5067621398853,1.04000297143706,-0.129928906336359,2.44876850011053
2018,YR2018,Switzerland,CHE,8514329,124.428504325808,9.6910239454374,79261.3563641288,86756.6022327472,674857265070.437,0.000217357272570462,39.4777516580657,0.873895583891015,29.0134301915789,0.652876569793988,-22.2992307115934,-3.74257398913883
2018,YR2018,Syrian Arab Republic,SYR,19577845,50.6590991144828,..,4956.09296464777,792.413811698757,97029619867.4644,1.87604739024899,..,..,..,..,..,..
2018,YR2018,Tajikistan,TJK,9307333,55.8461114113303,..,3479.69235966041,1094.8002018221,32386655528.9152,0.205073118353045,9.015502796758,..,..,1.04856527674186,2.84433010113639,-0.364305991139607
2018,YR2018,Tanzania,TZA,57437145,32.6426099043737,11.695083058288,3392.68872070313,1024.01525878906,189028119923.261,0,10.4211009582722,6.73725135806518,43.0111227813902,1.10090687427422,1.70440979499363,..
2018,YR2018,Thailand,THA,71376079,120.841864730984,15.6981581342307,20879.9027821449,6314.19948412043,1490325590490.69,0.680804724043357,26.1295784606654,2.837481649061,44.7754397212822,1.32639351547521,2.71279835138662,3.37980651914851
2018,YR2018,Timor-Leste,TLS,1275959,64.8191803659945,25.2502192210723,4188.84115175127,1237.2006590123,5344789567.1474,14.4948180632868,34.9501876796744,1.61754518419384,5.66892727719342,1.3245501285347,3.08007810122631,-1.92803467336908E-06
2018,YR2018,Togo,TGO,8258778,57.5737388499452,12.8595896272699,2517.34898693009,791.592405216309,20790226431.5805,0,15.4686947944255,15.5684743523696,39.8763614960335,1.46839079223187,-2.57457902571647,0.998770937772333
2018,YR2018,Tonga,TON,105567,86.1039624323194,21.7401890712053,6885.10271620406,4583.5594849415,726839638.441514,0,39.0110187657345,6.26261384661448,34.4002202975082,..,4.70301138186589,0.132715629619084
2018,YR2018,Trinidad and Tobago,TTO,1359193,..,19.8778353384922,33710.0178540008,17205.615135339,45818420297.0329,3.66055639102177,13.9878422773982,5.71529565804858,18.4573198662213,0.694747131148301,-2.93172548825317,0.272334318583651
2018,YR2018,Tunisia,TUN,11765514,103.871824260635,..,13163.1952230357,4127.97005697994,154871757681.359,1.99021548871455,24.4562640104925,..,..,1.97644872011962,2.32248034984414,0.0343811733348911
2018,YR2018,Turkiye,TUR,81407204,62.8251323851165,17.1432984705184,28780.3036458151,12255.0082146169,2342924050076.82,0.108111878645291,11.9899996709279,1.43548896086634,34.1373537809721,2.52209022414858,1.57923380202967,0.457280149101764
2018,YR2018,Turkmenistan,TKM,6655524,50.9002726399821,..,14648.135352725,6460.94356849428,97491016395.3094,8.53882490078466,..,..,..,..,3.9411831208517,..
2018,YR2018,Turks and Caicos Islands,TCA,41559,..,..,30286.1196112151,51863.1830309332,1258660844.92249,0,68.1282922346592,..,..,..,3.21281809957781,-3.92154475781939
2018,YR2018,Tuvalu,TUV,10751,..,..,4575.86900510424,3757.85997284742,49195167.6738756,..,101.130798749653,..,..,..,0.622427121663383,4.15783444115434
2018,YR2018,Uganda,UGA,41565831,36.6384055999567,11.6828686467659,2613.87976413963,895.07512785438,108648084530.548,0,14.9684072332781,11.0046834480027,49.1201435458727,1.15245192326926,3.20512810607337,0.000967191475126175
2018,YR2018,Ukraine,UKR,45208907,99.1998150718675,20.1425525138036,16978.984375,2308.6669921875,726498904612.503,0.484549678010453,23.1765205679743,2.42811338455593,43.6881571103367,3.63516607992805,3.80086991777664,0.0886232985853447
2018,YR2018,United Arab Emirates,ARE,9346701,154.747005019293,0.0568405820426624,72671.0652349751,43377.7858697225,679234718102.807,17.0989945007163,..,0.0396659322151285,1.26310320506696,..,2.35729150002132,3.42275473761046
2018,YR2018,United Kingdom,GBR,66289000,64.9097721959201,25.326551109134,52131.6948248133,47514.7763693453,3455757918242.05,0.495559267583983,24.8419505740008,..,34.6845769321722,1.94455569473457,-0.864867036878713,-0.988327836635587
2018,YR2018,United States,USA,328529577,27.6103792720958,9.98924207356734,67719.7656392064,59526.665698712,22247945959987.6,0.319247607054063,6.98426921139449,1.47546054145448,3.05067333601562,3.3040005391035,1.0457039920427,-0.636631934610167
2018,YR2018,Uruguay,URY,3394534,47.7913104806475,18.3247041806937,29757.9388543783,17608.9441195037,101014335211.108,0.0087147505921723,15.3836223449148,3.31661612318524,28.231332934069,2.07741613248953,2.64222389301977,3.75821132420585
2018,YR2018,Uzbekistan,UZB,32373490,64.1381394985773,12.6952900812344,8348.96057873127,3108.1618786112,270284991805.951,1.12073426200572,13.528456459473,3.55559571478357,44.8120465334162,2.86661981035524,1.06427628704368,0.00306616159263367
2018,YR2018,Vanuatu,VUT,285259,110.679659822766,17.8374474997767,3482.02272525905,2960.65376683153,993278320.584672,0,60.2653668999357,9.51761823117225,35.406406814595,..,4.10870468514392,0.145225489457351
2018,YR2018,"Venezuela, RB",VEN,29807592,54.6450667905599,..,..,2365.59281270712,..,..,..,..,..,0.150853892569221,0.609677838011936,2.0103685623191
2018,YR2018,Viet Nam,VNM,96237319,164.663936775893,..,10936.8937859558,3048.28327602145,1052537336148.14,1.12046207095372,10.7255095643861,..,..,1.80650138874311,4.99828319622328,0.19283699040913
2018,YR2018,Virgin Islands (U.S.),VIR,107001,159.240377262299,..,44205.4071324394,35174.1019944986,4730022768.57815,0,..,..,..,..,..,..
2018,YR2018,West Bank and Gaza,PSE,4569087,71.4012754506469,..,6342.9374800852,3417.79440837962,28981433182.0701,0,15.5822122918793,..,..,..,1.29446294401352,-0.441216381020146
2018,YR2018,"Yemen, Rep.",YEM,34085182,56.0778227215077,..,..,1079.32938366255,..,4.82356153067882,..,..,..,..,-1.30563839823089,0.0166881569392813
2018,YR2018,Zambia,ZMB,17973569,74.8883695274665,16.5870654743884,3646.95966481655,1321.25045711573,65548881175.7971,0,9.99840960083441,5.62992642122068,38.0042593231409,1.43749939178333,1.55231886738395,0.17225454563438
2018,YR2018,Zimbabwe,ZWE,15034452,54.55031658746,7.21476804985273,5415.46976371689,1472.14603844842,81418620220.053,0.0378599470385953,4.47162747710897,7.65896366340632,41.2349771818674,1.17941734860884,1.21217684971106,-0.0272580512570173
2019,YR2019,Afghanistan,AFG,37856121,..,..,2927.2451435353,557.861533207459,110814146350.335,0.0127772897517024,9.91813397763459,..,..,1.17096838242129,0.124495985291258,0.140009703959576
2019,YR2019,Albania,ALB,2567801,75.382128932689,17.9309939892851,16761.1925261726,5072.43648354739,43039406929.8984,1.42437109584124,39.7903809219787,1.50091269603079,50.6929295241055,1.28080596201472,7.70621465029911,0.256506769651017
2019,YR2019,Algeria,DZA,43294546,46.5068426081672,..,15199.1989965639,4672.66408678635,658042420119.891,14.1421031504305,6.81147224540993,..,..,5.32695853750995,0.713947308015691,0.0161007390940556
2019,YR2019,American Samoa,ASM,50209,156.568778979907,..,..,12524.0160252283,..,0,..,..,..,..,..,..
2019,YR2019,Andorra,AND,76474,..,13.7632458363196,63215.899791913,39346.2935180487,4834372720.68675,..,87.5795534623766,13.3130040807831,25.234720241808,..,13.3818072686093,3.230124149611
2019,YR2019,Angola,AGO,32375632,60.7148243336685,11.2888521414,9648.01103767178,3083.97534427357,312360454887.6,27.504828641196,10.6854682591452,3.09913498283142,8.2424908660451,1.76791430458684,-5.07649440156737,-2.91006684049691
2019,YR2019,Antigua and Barbuda,ATG,91364,137.537783631991,..,29651.8641526705,18525.2588907167,2709112916.44459,0,98.3927694624585,..,..,..,7.75630247071163,-0.421476184244681
2019,YR2019,Argentina,ARG,44973465,32.6306150458499,10.3919973375404,26629.5529419501,12706.3978108968,1197623267200.44,1.29099565501431,7.69350188556498,13.8643849484184,30.3362324229365,0.699696134379197,1.48500687570697,0.340080898652055
2019,YR2019,Armenia,ARM,2962500,97.847004865327,22.2851709967864,16215.3607965094,4343.45839583019,48038006359.6591,0,36.8091723205973,6.01767322862544,47.8823398330548,4.78770584078564,0.736345856475298,-0.976519742463287
2019,YR2019,Aruba,ABW,109203,137.9619293134,..,39652.6320700939,29699.1805366222,4330186379.95047,0,103.585227800222,..,..,..,-2.2478342012416,1.7856167220587
2019,YR2019,Australia,AUS,25334826,46.0016827052171,23.3142643790741,58048.6188420831,59181.2997904131,1470651657904.5,0.229199447926395,10.5900876315865,3.10009994050235,19.461760119462,1.88000240626833,2.77077560426989,0.63637512136732
2019,YR2019,Austria,AUT,8879920,108.207284904426,25.8096620383826,64609.374295614,46550.5622459492,573726074995.109,0.0368255085399603,32.2241065074754,..,26.738743185994,0.753133437614439,-2.85255617561831,-1.87173173565785
2019,YR2019,Azerbaijan,AZE,10024283,85.8181454084561,14.2188526451777,20101.491875147,5346.95318604114,201503043278.675,20.4577104992688,21.4304830633431,3.70525688493563,18.0462288044408,3.8490186357853,3.12183056112494,5.04775838195179
2019,YR2019,"Bahamas, The",BHS,394675,68.7866234842208,16.5602018528282,33202.4902105068,31117.6299132391,13104192823.8318,0,47.4424102196568,18.3374253433146,67.3610512914252,..,3.63206527371394,0.851080121714243
2019,YR2019,Bahrain,BHR,1483756,135.417543398211,2.87818871909521,56749.9628370612,24873.6640060134,84203097859.2666,9.8481886760226,50.3879537085742,3.14186760182768,11.0792779223766,4.02986101554975,2.32837980010521,-0.487243556023145
2019,YR2019,Bangladesh,BGD,164913055,31.5780544912404,7.63863895398449,6838.32611608243,1564.20802445636,1127729250889.44,0.0401609167939213,4.49034960010732,9.27353557422997,48.8441868337294,1.24410082330294,0.543244141585063,0.00656596911332868
2019,YR2019,Barbados,BRB,281207,..,..,20737.9776890352,20494.3871602646,5831664492.00052,0.211318147181856,..,..,..,..,3.49521864375147,0.45163076024246
2019,YR2019,Belarus,BLR,9419758,130.850406102184,13.3015061369933,26798.8206398076,6267.73508743505,252438405112.393,0.652174604477283,24.0553624416898,10.8815769455845,26.941416944309,1.39642297566801,1.976861708457,-0.00589968938359902
2019,YR2019,Belgium,BEL,11488980,165.46547893199,22.5978209383393,60479.9769955466,43006.4042308863,694853246102.295,0.0271254076077426,47.2809395044054,..,26.8207716081628,0.887004950933882,-1.97252997818915,-3.35575185995981
2019,YR2019,Belize,BLZ,385829,102.441856907677,..,11765.9748661176,5864.14611827109,4539654316.6193,0.336504088611723,38.295609179355,..,..,1.01662701573035,3.94384011758557,0.0889705939180733
2019,YR2019,Benin,BEN,12726755,63.68133231423,..,3281.10470051465,1114.17304526443,41757815652.7983,0.09788725913474,9.27008309874426,..,..,0.473313905552082,1.51620780888962,0.188647207237863
2019,YR2019,Bermuda,BMU,64107,77.5601016506443,..,95519.9206861686,106709.881238843,6123495555.42821,0,35.816791670622,..,..,..,0.0591344675296509,-0.508813108164449
2019,YR2019,Bhutan,BTN,764824,76.1235167041505,14.4975527173232,14555.1884045845,3467.38598979356,11132157416.348,0,14.1611367400439,5.44946664203084,25.3168092681868,..,0.475617042344246,..
2019,YR2019,Bolivia,BOL,11671386,45.8209732749024,..,11930.9159145918,3207.3869521223,139250324972.744,1.0303191682966,8.79538399902615,..,..,1.45127092717043,-0.44160551411852,0.0984867881905484
2019,YR2019,Bosnia and Herzegovina,BIH,3345533,94.516125154246,19.8265969676567,17029.3678184559,5583.29721276458,56972312005.7822,0,15.3564393042293,0.0452724395794157,43.6843285847123,0.807324224885322,2.18661375097898,0.10706820691686
2019,YR2019,Botswana,BWA,2332083,83.0929813601175,21.0985509979513,18106.0105471124,6951.73189051146,42224719394.7416,0,13.9828559294552,25.7665228567452,15.7892971132639,3.08122244554008,0.559653498041763,-0.118348639031913
2019,YR2019,Brazil,BRA,207455459,28.8902578697354,13.737694839557,18018.62091495,8771.43950372603,3738061272457.94,1.6761311575078,5.58094485975802,2.27191324374476,21.7329391297637,1.38279724638797,3.69267330426814,1.21815772946045
2019,YR2019,British Virgin Islands,VGB,36395,..,..,..,..,..,..,..,..,..,..,..,..
2019,YR2019,Brunei Darussalam,BRN,442680,108.509658357959,..,80228.1598170527,29996.2407223175,35515401787.8129,9.00049471310791,17.9967625345618,..,..,3.07858724948281,2.77118007919323,..
2019,YR2019,Bulgaria,BGR,6616726,125.260418346411,20.595103763448,29150.0422926763,8626.13418680372,192877842739.051,0.0184983412131835,25.3165732644127,0.0309149745279008,41.4409147189939,3.14495072906354,3.24233477901203,1.2102429661797
2019,YR2019,Burkina Faso,BFA,20961952,60.4086928753226,15.6406078587093,2391.53626844484,717.021595096634,50131268465.3998,0,12.4811018958485,10.2177219525613,42.8075250488336,2.2125520849195,1.0164787373679,0.102503757222163
2019,YR2019,Burundi,BDI,12255336,..,13.5121247978402,1057.95005999167,270.411005710809,12965533456.4181,0,11.6552078821377,7.26992692517677,45.986949713426,2.8078168112503,1.05451097508345,0.0259263388758279
2019,YR2019,Cabo Verde,CPV,514104,103.602656463726,18.2240332376635,9111.62993173269,4115.90283469406,4684325394.4235,0,48.623746786034,14.8129309953263,36.3247037721206,0.431864983823163,5.45788755667341,0.710016952416313
2019,YR2019,Cambodia,KHM,16481304,115.736679072448,14.5706459641918,6448.88455952805,2008.32094006706,106286026886.488,0,25.5148669726928,10.623669924236,50.4212839029719,1.62193704891153,9.98500044202808,0.277597270116173
2019,YR2019,Cameroon,CMR,25506095,43.3785132480415,12.0282727609789,4882.35560028896,1470.31785276187,124529825764.752,2.42269397588966,12.6757647567378,10.9701935293287,41.8166692462712,1.06457837839838,2.58340602489154,0.317407656465582
2019,YR2019,Canada,CAN,37618495,66.1714852804959,12.7416889014909,57583.845798092,45100.2915069262,2166217615236.3,1.6199500962193,13.8719220337629,1.29246310785382,13.7037403849328,1.28451224366918,2.80676687017653,4.35319353176514
2019,YR2019,Cayman Islands,CYM,67327,114.83853985004,..,77476.8412822407,80714.5721513481,5216283293.00942,0,87.2080964057087,..,..,..,18.1830873442761,-11.2504605089821
2019,YR2019,Central African Republic,CAF,4944703,50.0658000014868,8.31845804130232,1145.09563657752,401.82582161435,5662157829.47177,0,..,11.522580205211,19.4780103194346,1.78989988276583,1.1525297989583,..
2019,YR2019,Chad,TCD,16685223,46.6777247152768,..,2604.53153663392,917.203710065059,43457189499.2696,15.5707595430138,..,..,..,1.57360148213511,3.80153819394825,..
2019,YR2019,Channel Islands,CHI,165639,..,..,..,64594.5213908684,..,..,..,..,..,..,..,..
2019,YR2019,Chile,CHL,19197744,57.6117545680829,17.7188527701523,28218.5343879081,13630.5935435578,541732199234.256,0.01138461169495,8.98712548940888,0.713229893303866,44.4231787964087,1.86471710953666,4.87956164130548,3.71743868237938
2019,YR2019,China,CHN,1407745000,35.1994202738836,8.32942550168391,18820.5131033646,10356.4804194995,26494483218696,0.298457754882779,5.15012867830465,1.85059846535453,31.9286301031841,1.68291101151296,1.28549226847992,0.940305142431585
2019,YR2019,Colombia,COL,49907985,37.558533980839,14.9005246267221,17336.7716030551,6439.96359812647,865243337113.698,3.14271008185612,7.9318010486725,1.37730083924606,24.8668410005757,3.14565669372153,4.33058240931506,0.976218890297516
2019,YR2019,Comoros,COM,786578,42.2680785372908,..,3451.42139338772,1389.36430643805,2714812136.76813,0,18.0620867286209,..,..,..,0.362046315267837,..
2019,YR2019,"Congo, Dem. Rep.",COD,92947442,60.9143523742792,7.04841775060897,1394.76461472893,482.524295129472,129639803131.17,0.629309383334329,5.12730725369762,8.40870319277343,24.445450319653,0.694017431863738,2.88391132652101,0.285883351583198
2019,YR2019,"Congo, Rep.",COG,5616661,91.5757547930374,7.10154938182205,6939.36913397466,1885.51080877731,38976083979.3992,35.8517991110343,13.7978738924826,5.08028961219044,11.4590327823401,2.14627657925685,-10.214754646531,3.02322633525955
2019,YR2019,Costa Rica,CRI,4999553,65.7605300176622,13.3201329233421,23364.783127574,12877.650101079,116813471579.812,0.00698634796129753,24.0229783789934,4.3852522787851,23.8592047692995,..,4.22094016659811,0.0370836818350854
2019,YR2019,Cote d'Ivoire,CIV,28193009,44.6604105830795,11.6654955002548,5894.87874674153,2093.09994335779,166194369560.793,0.857465003549306,7.56118921836505,25.1329789881371,37.3055257508513,0.887657865631757,1.40583048179048,0.180876210616506
2019,YR2019,Croatia,HRV,3949390,101.394766564216,21.973327179732,35122.8508251139,14641.663970693,138713835820.197,0.276145552955415,37.1845681000685,..,49.0219569716065,1.6036107424916,6.47286243805983,0.16159927144812
2019,YR2019,Cuba,CUB,11202846,22.8208911354416,..,..,8124.75282059108,..,0.543713406970896,..,..,..,..,..,..
2019,YR2019,Curacao,CUW,157441,..,..,28659.6557023251,17980.5297947929,4512204853.42976,..,74.2386968947756,..,..,..,6.71586643004897,-0.368319196677125
2019,YR2019,Cyprus,CYP,1286671,150.506169561162,23.0747988940916,45454.36328125,28167.16015625,40741292875.075,0,104.315489990008,0.160685014235182,32.1024933137779,1.76959353705638,431.788470101997,424.867489635369
2019,YR2019,Czechia,CZE,10671870,138.154609993871,14.524571696195,47763.6165520254,20360.0599221814,509727106573.064,0.0083220468689857,22.1134903461567,..,28.348226430004,1.13323967641325,4.18705737619001,1.85997139763017
2019,YR2019,Denmark,DNK,5814422,111.891475065653,34.9773905428147,67131.4657009734,57114.6227336347,390330671063.985,0.372447675054216,47.36537116654,0.0397239837917416,34.478671822054,1.29920660644454,-1.10067098319484,1.72954595285148
2019,YR2019,Djibouti,DJI,1088709,320.93923036418,..,5809.30455041341,2781.94350113484,6324642147.77604,0,57.5953328103265,..,..,..,5.66550441566635,..
2019,YR2019,Dominica,DMA,67880,..,..,17619.4335416769,8624.51695993537,1196007148.80903,0,51.9967298649036,..,..,..,9.78484788732394,0.00840281690140845
2019,YR2019,Dominican Republic,DOM,10894043,50.912982200697,13.350797729342,21451.286441995,8117.04639185786,233691236904.41,0,15.227469646296,5.61427031258991,51.9526356532745,0.689583054746984,3.17366550445317,-0.215152355349257
2019,YR2019,Ecuador,ECU,17340021,48.0828494933307,13.400889588379,13870.4895118068,5971.38938386723,240514579415.01,5.52629823993135,7.33929318758431,7.51893853005652,23.7251563180969,2.18038189769994,0.915058228783613,..
2019,YR2019,"Egypt, Arab Rep.",EGY,107553158,41.1240171551108,..,15026.5682438097,3701.2446345188,1616154868524.25,3.8819618632175,14.5110720425304,..,..,1.18097179684711,2.82732944960686,0.127097246604718
2019,YR2019,El Salvador,SLV,6222318,76.0420130991468,18.0814504146774,10543.9383291317,4143.11437097867,65607737256.2459,0.0001255650591976,19.7941419474511,3.475851740921,40.6978659678023,1.18000962074512,2.59024369040438,0.225152967325791
2019,YR2019,Equatorial Guinea,GNQ,1670177,94.8787924253545,9.3019436135355,18446.5916579681,6018.12066321865,30809073115.5301,18.813552099543,..,1.60894549179373,7.82952768671194,1.30805287179895,7.22811929659373,1.4609579276168
2019,YR2019,Eritrea,ERI,3240194,..,..,..,..,..,..,..,..,..,..,..,..
2019,YR2019,Estonia,EST,1326898,140.352147998549,21.0626465669172,42218.962853871,20579.8756732376,56020257372.8757,0.924587689843327,43.213723809614,..,37.9099271751629,1.99845018670744,9.76819364646981,5.94280795296762
2019,YR2019,Eswatini,SWZ,1179874,86.6407948477595,24.5275112529739,10099.5863118406,3759.67106964666,11916239300.0966,0,5.77879192489576,35.6019324383966,24.013400086671,1.89047734248605,2.7717218211659,0.452882992557448
2019,YR2019,Ethiopia,ETH,115737383,28.8152939288346,6.66173828015493,2437.97046055952,744.702789753973,282164320936.464,0,11.9924224353502,15.1850960546986,31.1924437373021,0.579949536835092,2.77536541541531,..
2019,YR2019,Faroe Islands,FRO,51792,108.623245950251,..,68134.0306302109,56029.4991512974,3528797714.39989,0,..,..,..,..,..,..
2019,YR2019,Fiji,FJI,914899,..,23.2487168120134,13056.3310937089,5701.10435269432,11945224261.3031,0,44.9381321156906,18.8996538682601,46.4554376301395,1.44512747814401,6.02971795135456,-0.676712080728639
2019,YR2019,Finland,FIN,5521606,80.5641502947367,20.7845948733429,56922.4873163103,45898.5708448954,314303547500.663,0.0395237238079271,27.1629842981215,..,38.722309241441,1.36132283517387,6.09707710249334,2.51615886896574
2019,YR2019,France,FRA,67382061,66.4289771741449,24.6605263993177,53448.5548849943,38705.2072940618,3601473785622.54,0.00678260032752886,21.0198306819824,0.00442652820235299,23.4006058881113,1.85288520696513,1.96486943301562,3.11018903168593
2019,YR2019,French Polynesia,PYF,279034,63.3061124024003,..,..,21289.8751241139,..,0,..,..,..,..,0.21140096510623,0.343974592418758
2019,YR2019,Gabon,GAB,2267706,73.4280894486644,11.4795282444447,19491.4067631986,6817.56879468764,44200780065.3461,16.6842425426461,..,14.8806185417532,10.6181196943449,1.58168890147569,9.20409837955739,-0.200179556365882
2019,YR2019,"Gambia, The",GMB,2456844,55.9979116186993,..,2750.82132179634,682.797642940426,6758338859.52741,0,17.3039431014022,..,..,0.797324578818787,3.9194379121789,-0.0896937273732831
2019,YR2019,Georgia,GEO,3720161,117.810080239714,22.8972770783896,18186.8816465807,4975.81148194814,67658127813.2253,0.0303108940592379,39.8288672904653,0.58985391607818,50.3031297305762,1.75963279056275,7.92523222582948,1.76671125710146
2019,YR2019,Germany,DEU,83092962,79.0732427175683,11.9024787407273,62849.3741865912,44235.2658954682,5222340661010.2,0.0127922924108005,18.9018059686235,..,22.5627380087947,1.24014846331417,1.9056930139782,4.32698484050812
2019,YR2019,Ghana,GHA,31258945,76.824802732152,11.9969959068106,6508.24652305901,1999.55372220211,203440920110.743,4.069102005933,34.2669586070239,10.1349829773298,32.1314909529472,0.343818178617089,5.67619931009197,0.859902617939497
2019,YR2019,Gibraltar,GIB,35494,..,..,..,..,..,..,..,..,..,..,..,..
2019,YR2019,Greece,GRC,10721582,80.5900949510457,25.9324359654947,33502.7506488997,19216.6759579785,359202488307.731,0.0208423218441195,31.9273630939126,..,34.2627020852517,2.59648367110305,2.41172201156202,0.302344070856034
2019,YR2019,Greenland,GRL,56225,92.1907515607492,..,68534.9419039133,48170.7896955512,3853377108.54753,0,..,..,..,..,..,..
2019,YR2019,Grenada,GRD,115981,..,..,17036.9151689715,9785.56040240592,1975958458.21248,0,71.9501034669042,..,..,..,17.1914579677146,2.01440436331228
2019,YR2019,Guam,GUM,161808,78.0645161290323,..,..,36830.1264410973,..,0,..,..,..,..,..,..
2019,YR2019,Guatemala,GTM,17103803,45.5167341512863,10.4353893768797,11466.3765822795,4139.12203836307,196118646187.122,0.139922256710481,9.48552979982742,4.35593062231807,52.7412688151486,0.430070763358893,1.51707073546928,0.48524099477479
2019,YR2019,Guinea,GIN,13034346,78.4153132285974,..,3557.46233883145,926.42221954853,46369195006.2984,0,7.0333239708674,..,..,1.47320213579399,0.330286821832839,0.00758767023129495
2019,YR2019,Guinea-Bissau,GNB,1967696,49.9435101361017,8.5338507606032,2442.10663731324,706.298562874985,4805323461.81472,0,13.1562366304355,18.2244144693904,23.4149737088302,1.49375034588535,4.48925285290298,0.0244213517822664
2019,YR2019,Guyana,GUY,807665,..,..,13402.4219472757,6278.63054079553,10824667122.0464,0.0849006439782914,36.4951445617645,..,..,1.29961278504611,51.9994680084664,0.326648305552182
2019,YR2019,Haiti,HTI,11105163,44.5687187758294,..,3392.43263210456,1394.42114071112,37673517346.0401,0,7.66510888795126,..,..,0.0859315095445588,0.499464210439719,..
2019,YR2019,Honduras,HND,9943633,99.4599779937589,..,6264.01884276715,2447.61649282181,62287104477.5612,0.000896860644806353,21.690332154604,..,..,1.57817708956802,3.83846408231678,1.84664113180622
2019,YR2019,"Hong Kong SAR, China",HKG,7507900,353.743521139731,..,65388.3336248234,44195.2768644431,490929070021.812,0.000293788423858794,50.3787763961882,..,..,..,16.0571325877868,10.4022602151502
2019,YR2019,Hungary,HUN,9694824,159.925556464831,22.2398241353198,37662.67681014,15290.8085466331,365133023043.188,0.144282544677301,31.7173614862349,..,36.9903567961129,1.32782522734016,59.5775493833952,59.572568078442
2019,YR2019,Iceland,ISL,360563,83.7923659518443,21.6648659515767,64826.4324085557,57118.8452718755,23374012948.5261,0,37.4565575029739,0.369828975557916,36.4094739305541,..,-2.22712995709055,0.586250615316065
2019,YR2019,India,IND,1389030312,39.9054035306442,..,7930.0911303899,1936.03067741067,11015136957033.9,0.30502831579148,12.1771751315123,..,..,2.5459982314359,1.78482633957161,0.463417725968969
2019,YR2019,Indonesia,IDN,272489381,37.6277775357108,..,12757.7850854842,3850.90321738979,3476360960874.61,0.740134609514678,6.33756632949173,..,..,0.728563743551525,2.23336204282241,0.398756294824259
2019,YR2019,"Iran, Islamic Rep.",IRN,87051648,48.5917712137038,..,14841.0751514998,4952.45669081078,1291940050029.9,20.0780490508657,..,..,..,2.14694745014838,0.433347777066285,0.0243745566709959
2019,YR2019,Iraq,IRQ,41192171,68.9899384202806,1.34459361823375,14910.2250318887,4898.14897652265,614184539162.04,40.2312783051026,12.9186372671716,0.893519263200338,0.351179316219055,3.23719485045446,-1.31640616709339,0.0831207171444714
2019,YR2019,Ireland,IRL,4976456,257.652772910421,17.3529630618998,96371.2910180182,76485.635854651,479587489414.363,0.00192075459732704,165.867842503008,..,30.2317669311266,0.273293508559262,7.67467578422042,-24.2411486932324
2019,YR2019,Isle of Man,IMN,83957,..,..,..,95110.1385990737,..,..,..,..,..,..,..,..
2019,YR2019,Israel,ISR,9054000,56.325348642584,22.2161560038026,44580.8078825716,39407.2016076709,403634634568.803,0.00826237494176303,22.2852280158083,0.659566725081083,33.4875169327847,5.07212719116893,4.33363467004394,2.16877667452722
2019,YR2019,Italy,ITA,59729081,58.6941902594738,24.6616145255819,49690.6298505274,32180.4341017428,2967975655283.17,0.055800623981932,12.1381008100593,..,24.574814386322,1.30611671363832,1.77066894209208,1.85404274702956
2019,YR2019,Jamaica,JAM,2823271,..,25.526258009488,10816.3720391154,5814.79275311692,30537549503.2454,0.213213396731904,41.1228204160831,11.3368308871734,48.2391949416647,1.68152578167608,3.90817004443178,2.61942788630437
2019,YR2019,Japan,JPN,126633000,35.2164181084145,..,44730.9102844958,36043.7844013518,5664409362056.56,0.00193344998804187,8.37991001619129,..,..,0.992231472747577,0.780785313301259,5.04659310842062
2019,YR2019,Jordan,JOR,10671891,85.6878334964204,14.8140015671358,9288.52709103516,3919.06426916073,99126148666.0744,0.000787731412940435,28.6810818240496,3.56705311891467,42.5879834414454,4.56623750321627,1.63970565115643,0.097477193699321
2019,YR2019,Kazakhstan,KAZ,19209555,64.8586165517565,11.7869427411893,33298.2123695035,10989.6840718388,639643841913.657,13.3329218324239,10.6212731959992,18.6098487173608,26.5253020862997,1.02091636689134,2.05367649290766,-1.19645757964415
2019,YR2019,Kenya,KEN,51202827,31.759461841481,15.1001093504447,5171.71264279257,1645.70961777862,264806307742.621,0.00284249270710658,9.41964988104843,7.83302593443147,36.128934486921,1.1125711791299,0.468168547481475,0.037086551262329
2019,YR2019,Kiribati,KIR,123921,98.3140421834046,22.2989855863649,2927.48453366722,1835.21963082467,362776810.896575,0,41.8783880064734,1.53128113263662,12.5554906736702,..,-0.257289445431518,0.051969110814016
2019,YR2019,"Korea, Dem. People's Rep.",PRK,26037632,..,..,..,..,..,..,..,..,..,..,..,..
2019,YR2019,"Korea, Rep.",KOR,51764822,71.4470632403511,14.3348126572734,49790.8679884821,33496.3113815643,2577415418649.28,0.0191641999802525,13.3933165209885,1.41860245254629,19.9026118135721,2.51931997944066,0.550202642546341,2.01245455515092
2019,YR2019,Kosovo,XKX,1788891,85.7534085053482,..,11774.1178510908,4219.06693858503,21062613456.7557,0,34.2894387358502,..,..,0.831725992996201,3.60874541643268,0.935963324978626
2019,YR2019,Kuwait,KWT,4442316,91.6857123895953,..,51380.6455354631,26580.2264741607,228249063752.516,38.6553473115018,27.1579733306027,..,..,5.32311669292361,0.366059041832984,3.32195261790915
2019,YR2019,Kyrgyz Republic,KGZ,6590211,94.4302823542939,15.9638338680814,6087.60193826927,1201.87701429721,40118581257.2035,0.103713879600644,22.4461110431591,12.049746473558,34.5376844950644,2.71068623481534,4.3096066288398,0.717141457316237
2019,YR2019,Lao PDR,LAO,7237636,..,11.4655560904234,8075.27502377003,2554.95638019245,58445901221.9388,0,12.9424435406424,4.04055079618874,53.5451051488815,..,4.03149139231071,5.33601941078466E-08
2019,YR2019,Latvia,LVA,1913822,125.29163170793,16.1998506375401,35208.1934590859,15328.3859933295,67382215222.2546,0.0593681954347841,30.0717012732552,..,44.8990618410225,2.09016802211357,3.37100266711483,0.269315461169246
2019,YR2019,Lebanon,LBN,5794594,62.98091601016,15.4053905217734,15659.5661040012,8064.04873416236,90740827788.8486,0,51.9909682341481,3.98388195988778,30.7387747940653,4.73938277788589,3.69413245000342,0.656980491742449
2019,YR2019,Lesotho,LSO,2209405,140.51663349168,32.5421709727294,2773.28639887236,1040.99351014117,6127312836.10058,0,20.2598787673618,11.3483999884615,32.3265905502555,1.87540421655185,1.49464849213428,..
2019,YR2019,Liberia,LBR,5043721,..,..,1575.76665001238,636.699384824869,7947727343.76708,0,9.67107011673383,..,..,0.418863636363636,2.61121194879185,3.07179200845645
2019,YR2019,Libya,LBY,6951033,78.9939691850138,..,14337.1962987582,8768.4104874586,99658324600.1461,32.7515623093831,11.4216410529142,..,..,..,..,-0.38770045799083
2019,YR2019,Liechtenstein,LIE,38563,..,..,..,..,..,..,..,..,..,..,..,..
2019,YR2019,Lithuania,LTU,2811089,148.374996011818,20.0889400531483,43062.3228425315,17431.7239081591,121052022057.089,0.0168744393867326,38.1625504612526,..,33.9339820077768,1.98419011931355,6.23035300556357,3.9210741762769
2019,YR2019,Luxembourg,LUX,620001,382.66078058442,26.8884834309941,132724.752743888,107591.965850496,82289479425.9634,0,300.621455980604,..,27.3680051342592,0.546198379988419,234.310617307358,252.987213886769
2019,YR2019,"Macao SAR, China",MAC,672000,115.23129893555,29.8091792451343,133453.896026037,75724.6078280261,89681018129.4971,0,88.8120074345481,..,82.8405179210808,..,11.7748789603391,2.73324002771503
2019,YR2019,Madagascar,MDG,28219554,62.6013230457128,10.5318646220852,1707.83153830039,467.27741349648,48194244317.9709,0.0932709055863001,19.1257780721099,11.8928832223073,40.4587824880511,0.545343037675691,3.36279830994653,0.720458318610033
2019,YR2019,Malawi,MWI,19025752,44.1954524635798,11.975212669565,1687.28944917892,569.866249371948,32101950612.2946,0,7.52649676545676,7.7951721258961,38.5803122970486,0.760781549256416,4.01812955300377,0.210417979696085
2019,YR2019,Malaysia,MYS,33440596,123.028562027943,11.9363488299638,31300.5086554849,10902.9834855856,1046707664542.57,1.83020222238435,23.2213680185053,1.45930704577543,18.2279086363409,0.893413280938052,2.50697705748044,2.06144859253905
2019,YR2019,Maldives,MDV,487731,137.125230875185,19.9413849021842,21855.501224579,11194.9253748064,10659605467.7651,0,82.3890578995183,21.6455608291465,39.447763160184,..,16.7834728448357,..
2019,YR2019,Mali,MLI,21068405,53.9987132798636,12.2370535475778,2916.17167790759,909.751069703313,61439085959.6867,0,14.7105513923062,9.87838601925983,43.9301773215376,2.75271658139503,4.19531107984596,0.00499918860964591
2019,YR2019,Malta,MLT,503912,233.070441910537,25.1029746671995,53391.4373856091,29522.661886008,26904585995.8571,0,181.036387270014,..,32.8492332399773,0.491258185670287,198.199590428716,190.838931963069
2019,YR2019,Marshall Islands,MHL,44007,153.007728638901,18.6008967883212,6405.07564930525,5162.81500670348,281868164.098976,..,28.7308380822125,6.30893913836806,10.9027057787981,..,2.21765571320359,..
2019,YR2019,Mauritania,MRT,4467708,93.4866941351317,..,6162.21044512087,1605.1352359742,27530956903.3501,0,12.6535867504693,..,..,1.99633301217738,-11.1917343784634,..
2019,YR2019,Mauritius,MUS,1265985,127.940899064133,19.13062550287,26047.9753573284,11098.3137067341,32976346082.7474,0,40.7761888722092,1.18234759666765,58.6012063356928,0.148796738188038,3.03223371830849,0.394019073055282
2019,YR2019,Mexico,MEX,125762982,77.4619722571128,12.7877486080424,21704.1859494071,10159.4448364319,2729583146879.94,1.58229584530394,7.49619685072155,1.42492791763636,30.3400806063733,0.509337628297564,2.29651449578107,0.46655629263881
2019,YR2019,"Micronesia, Fed. Sts.",FSM,110282,95.6852791878173,19.9137218274112,3940.26446989917,3019.25086619614,434540246.26942,..,..,3.24854577444635,2.89530422649797,..,..,..
2019,YR2019,Moldova,MDA,2664224,87.6322371148906,17.656290127877,14621.2401362286,3438.67732670712,38954258880.7035,0.0102511321031361,23.1957661644206,3.06989018792494,47.2972027196113,0.362122379105516,4.44218297010915,0.35605966265965
2019,YR2019,Monaco,MCO,38109,..,..,..,185582.7556905,..,..,..,..,..,..,..,..
2019,YR2019,Mongolia,MNG,3267673,124.396514621165,16.8505209175799,15790.6961126441,4337.8167085432,51598831338.4922,1.44391721947301,31.374548089972,6.18570409715169,27.0779023284704,0.661538119118052,17.1989395200126,0.893780440477264
2019,YR2019,Montenegro,MNE,626753,110.0161238696,..,24585.2179072849,7470.29588471711,15408859079.0445,0,48.7337944171239,..,..,1.33441196432034,7.61542118173081,1.38760380627801
2019,YR2019,Morocco,MAR,36210898,75.9981158798422,19.9144279404695,8768.17578125,3364.73950195313,322224659036.024,0.00137237053657597,22.4827101444722,3.43884022005158,44.6969712048787,2.86579837978571,1.33479789567415,0.692783108003563
2019,YR2019,Mozambique,MOZ,29884380,105.591171401921,26.6828600594733,1528.88988354373,617.13932000195,45689926257.9767,0.0821437604923504,23.9749459245601,5.34323194825408,29.4600012642967,1.38807982041907,21.7841914901932,-0.199101847747859
2019,YR2019,Myanmar,MMR,52640713,..,6.01765247726484,6562.98898478625,1440.98988238708,345480419570.294,0.101384700071059,13.784704807429,2.79117825199045,24.4063354084708,2.18974000019248,2.31211211146102,..
2019,YR2019,Namibia,NAM,2650494,82.9011507426355,30.3930951920007,10813.3044681944,4243.09274481966,28660598613.1225,0,10.5959720408202,32.8722110815958,23.4817766028618,3.29742631401913,-1.40710628631611,0.0716435656460532
2019,YR2019,Nauru,NRU,11587,155.906685714286,34.1487355771429,11183.095616258,7687.19643322519,129578528.905581,0,78.5364093887496,7.25071072921663,0.87703443759875,..,1.74896481068595,-1.3991051980431
2019,YR2019,Nepal,NPL,28414064,49.2495265874454,19.8090602391943,4607.52454717112,1077.11796498188,130918497364.891,0,9.75019427720449,16.0305551420005,47.4647399903385,1.23581135255825,0.542801979747667,..
2019,YR2019,Netherlands,NLD,17344874,160.676671884999,23.575774886203,67847.8542926795,49254.0158854264,1176812483876.89,0.0211765776530471,49.0615902458567,..,27.6299178032425,1.29180842332848,-13.7565327156949,-13.1059205382112
2019,YR2019,New Caledonia,NCL,283606,58.210367099604,..,..,..,..,0,..,..,..,..,7.63514854874616,0.804257409006776
2019,YR2019,New Zealand,NZL,4970300,54.4542971758367,28.1486899853704,47362.3199332352,40727.8822513384,235404938764.159,0.12988820598752,15.8907227346599,2.71151661926881,28.7598664747978,1.29326329516102,1.44357026927529,-0.731741716424212
2019,YR2019,Nicaragua,NIC,6483657,94.0422159246213,17.4217765048676,6756.59375829081,2019.91518620044,43807436417.0985,0.0178636683851291,17.5422935468921,2.59559887864852,45.9432850223843,0.605020089397565,3.96093444094211,0.46539011025781
2019,YR2019,Niger,NER,22947757,37.1025664250801,..,1612.63734693259,532.186024570389,37006409966.5338,0.933683949773014,10.3152776250102,..,..,1.91733600650351,5.56378872795104,0.248476835583541
2019,YR2019,Nigeria,NGA,209485641,..,..,8361.78664857198,2431.53528472982,1751674235981.34,6.51475056054778,6.53367753227157,..,..,0.459170524387093,0.344961215904222,0.0426983402201955
2019,YR2019,North Macedonia,MKD,1876262,138.576231840539,17.0832810823999,21766.974473423,5961.58475399191,40840547059.4536,0,25.8604706685888,2.9574383262115,40.8201220016048,1.15911628553257,4.35892493383855,1.15444057729764
2019,YR2019,Northern Mariana Islands,MNP,48129,104.749787955895,..,..,21451.4401636511,..,..,..,..,..,..,..,..
2019,YR2019,Norway,NOR,5347896,70.8958205272987,23.2830044006887,87725.7283254613,76712.2871160349,469148071608.821,4.53800306780214,23.3715573778779,0.204547477501534,25.0858478677404,1.84373537818427,3.99513402641071,1.8753842382779
2019,YR2019,Oman,OMN,4591241,86.4782010313236,..,38292.3859682752,18089.586668488,175809572445.37,21.6117797561797,19.3161505225631,..,..,7.43921190765759,2.26908923371353,-0.665103339102287
2019,YR2019,Pakistan,PAK,230800899,28.9055769867032,..,5295.95295138203,1573.8330826937,1222310702240.68,0.358191529536938,5.0373171787148,..,..,3.50584031595126,0.696146480411465,-0.026487220606524
2019,YR2019,Palau,PLW,17798,115.461972278731,18.3602588642263,19519.018546453,15600.1871093094,347399492.089771,..,56.8867061411097,11.28211344988,21.1334780362228,..,16.1437355339995,..
2019,YR2019,Panama,PAN,4234700,80.4286505707227,8.64837791556334,33163.726919217,15602.5420714581,140438434384.808,0,27.0194668952752,3.8292248490106,34.7433405720272,..,6.7135041995988,1.05340198172484
2019,YR2019,Papua New Guinea,PNG,9609010,..,13.0219558619549,4301.61139205544,2572.56177967896,41334226882.3746,1.5719422304623,9.68146218425988,6.55754952618751,28.3904440151969,0.362698688154268,1.35581279394242,4.90985652882204
2019,YR2019,Paraguay,PRY,6515058,71.2221617342433,9.99575607464088,15321.3245528947,6243.53620897823,99819318098.9328,0.0593329259382367,11.1901124986005,4.8433099765893,29.6324110938753,0.973840384070445,1.28022785728015,0.774947158053792
2019,YR2019,Peru,PER,32449303,46.9435053754409,14.5254040636024,15463.5432397882,6626.26083494969,501781200041.488,0.262076250939903,7.6872502019344,0.932930174179225,35.2966753265402,1.20589146228792,2.09128983397663,-0.219078278403389
2019,YR2019,Philippines,PHL,110804683,68.8418422595678,14.4884730214742,9452.2939715981,3575.88170922922,1047358437145.74,0.0343292239111028,18.4406462435555,20.0952278706894,27.4311742669728,1.13133132483668,2.30117498598294,0.889259182274086
2019,YR2019,Poland,POL,37965475,101.581033817373,17.1407592886385,38181.6230334689,15221.3090624454,1449583454736.59,0.0402025974033284,18.9251819362219,..,36.1403362227276,1.95338318505019,3.15455649244208,0.890848611819982
2019,YR2019,Portugal,PRT,10286263,86.7709889083586,22.4472570141358,40188.2868799219,21569.1874752919,413387288366.326,0.0375136266059601,25.2445404311848,..,32.8711379938434,1.37395750042211,4.5038935303436,0.677534584020781
2019,YR2019,Puerto Rico (US),PRI,3302691,107.571456836722,..,41656.3291581369,29185.0969964707,137577983403.616,0,..,..,..,..,..,..
2019,YR2019,Qatar,QAT,2638657,90.0462934117559,..,113160.839750596,63430.3717285437,298592641933.789,14.5084244384971,30.9161173347954,..,..,..,-1.59472392179342,2.52324016498648
2019,YR2019,Romania,ROU,19371648,84.9063630584793,14.6150377502035,36399.6255565426,11197.3162915853,705120733613.147,0.356049741091749,20.4326646878865,0.021640706769687,33.7062063967402,1.83079024096076,2.94522918789332,0.76920615155258
2019,YR2019,Russian Federation,RUS,145453291,49.2287536619033,10.938399737976,37319.3203125,9882.0244140625,5519527481141.07,8.49370743083853,9.47640471812895,8.37175584789441,22.1566917675241,3.86033750437073,1.88851731564914,1.29484057284541
2019,YR2019,Rwanda,RWA,12776103,57.9756628637954,14.6053573051595,2667.46458436613,874.639658935978,34079802278.7139,0,19.783938651532,4.79787081827549,28.7406059826288,1.19793121977431,2.54289979218123,0.0524896284898074
2019,YR2019,Samoa,WSM,209780,83.3310820410377,24.394748337384,7033.52113384547,4466.08075482035,1475492063.4581,0,42.2963822014778,7.45636049026064,45.6041418225551,..,-0.238656491573744,0.472821370353218
2019,YR2019,San Marino,SMR,34663,307.264778080283,16.9127343335333,60171.0471344217,43525.4225717352,2085709006.82046,..,87.1696096264696,0.395044384755776,19.2750989928362,..,..,..
2019,YR2019,Sao Tome and Principe,STP,213392,..,..,5702.08347071236,1420.66008316091,1216778995.98225,0,29.7069650507342,..,..,..,5.85791781434652,0.227351289210305
2019,YR2019,Saudi Arabia,SAU,30063799,56.7938204886513,6.60159133877213,62647.7299487842,24905.6697428558,1883428760986.53,24.3295780055005,13.3116355480281,1.87415662350207,16.5472139390516,7.79458844216861,0.346411455797861,1.63719508602178
2019,YR2019,Senegal,SEN,16352922,64.2362506061005,18.4192836341952,4070.61227058594,1379.60875249861,66566404953.1348,0,13.9678106418738,11.1238924856975,41.30294804103,1.52473710605653,4.55247618583033,0.303636223924057
2019,YR2019,Serbia,SRB,6945235,107.577309546092,23.0002958070958,21541.2157346761,6870.75810896296,149608805463.023,0.426534457626405,26.6956431470967,2.13121360170492,40.4128628504534,2.18222737795041,7.92487427143519,0.549116314333232
2019,YR2019,Seychelles,SYC,97625,173.407846880196,..,34346.0708923483,19481.6461053742,3353035170.8655,0,134.456023755322,..,..,1.1603964906236,13.7575701960234,-0.436021283910617
2019,YR2019,Sierra Leone,SLE,7731991,37.5619530302056,..,2852.66269917494,1046.96778078594,22056762316.0564,0,7.73476064935526,..,..,0.37632567182809,1.86680073448091,..
2019,YR2019,Singapore,SGP,5703569,324.394985115301,13.1773611696825,120114.133894235,61345.5291820062,685079250541.009,0,115.527745239515,..,18.1143056782388,2.75970653894344,28.3315504321637,18.4005860588162
2019,YR2019,Sint Maarten (Dutch part),SXM,40385,..,..,45996.7912346922,33877.976645467,1857580414.01304,..,86.5642901596203,..,..,..,5.24677633401135,0.0897547551571241
2019,YR2019,Slovak Republic,SVK,5454147,183.722608631236,18.7604262425428,37209.5332553073,18250.9802475637,202946264175.835,0.00156694289828893,22.5692666040384,..,31.411909790636,1.702848063096,2.15394548631737,-0.161475918964188
2019,YR2019,Slovenia,SVN,2088385,160.044275685249,21.6992617438153,44569.5878416535,23943.1800949889,93078458704.6916,6.44611831761803E-05,29.9044155388618,..,33.8435848944947,1.06257823971417,3.99098612082388,2.40141299899756
2019,YR2019,Solomon Islands,SLB,728147,82.9985659020552,22.2322071370969,2661.61667922254,2043.09139778307,1938048200.12585,0,23.8393190239211,27.4306773483565,14.5765876593666,..,2.02495638459342,0.249989974743735
2019,YR2019,"Somalia, Fed. Rep.",SOM,16030971,70.2980591497227,7.98543135298208E-05,1491.29493918405,494.444039712339,23906905922.5063,0,..,32.1539860522774,13.8843312884129,0.828653957250144,5.16404805914972,..
2019,YR2019,South Africa,ZAF,59587885,53.8979964081406,24.8673453266234,14352.6698709871,6032.82972598668,855245241715.343,0.372819688324446,8.31178091757415,3.3933220589033,33.7848191840792,0.882430271670915,1.31407752293306,0.806754603409893
2019,YR2019,South Sudan,SSD,10423384,..,..,..,..,..,..,43.6418288243551,..,..,3.80125272262975,..,..
2019,YR2019,Spain,ESP,47118501,66.3662250440692,13.6580229877723,46896.4171141424,28301.4393949563,2209688876689.13,0.000744000510159429,17.2299737411824,..,27.4416058893556,1.22464525288942,2.16052375036307,2.9067834147218
2019,YR2019,Sri Lanka,LKA,21803000,49.42552388546,10.9039513327855,14637.44429132,4455.78189608267,319140197883.651,0,13.5948270749742,17.5574084953899,51.1806330668123,1.75219928060225,0.835367459152173,0.0869257396737723
2019,YR2019,St. Kitts and Nevis,KNA,46952,..,..,31512.1943105684,22297.7644995701,1479560547.26981,0,69.5135866421948,..,..,..,5.63784923158187,1.10966264488283
2019,YR2019,St. Lucia,LCA,177661,..,..,22738.2471068581,11114.7785940338,4039699719.25152,0,74.7971726031073,..,..,..,3.60370334233035,2.14211884194767
2019,YR2019,St. Martin (French part),MAF,34267,..,..,..,..,..,..,..,..,..,..,..,..
2019,YR2019,St. Vincent and the Grenadines,VCT,104167,..,..,16365.3255785124,8294.67434486665,1704726869.5369,0,45.5684998983036,..,..,..,7.5606563885612,0.569692104299719
2019,YR2019,Sudan,SDN,45548175,26.1196204552625,..,3625.52319335938,1126.55297851563,165135964859.046,2.99936703162155,8.63377953134053,..,..,1.62906799271331,2.55226968828806,..
2019,YR2019,Suriname,SUR,605768,..,..,22966.7405999124,8677.30522021731,13912516519.7278,4.64572430249017,24.2143229702887,..,..,..,2.09560541663346,2.28944500088837
2019,YR2019,Sweden,SWE,10278887,92.7511390290561,27.7012981685122,61601.6292338778,53024.4099494317,633196185910.926,0.0253712710404297,30.714230208167,..,37.2207109144227,1.09692312001944,2.9559286166832,4.12101755459327
2019,YR2019,Switzerland,CHE,8575280,124.127612180467,9.90716918606817,79596.7029465098,87123.6604234257,682564014843.147,0.000444794821757431,39.2012186787729,0.884055330450048,28.2745438160772,0.696324324760463,3.09898460757035,8.69019794029913
2019,YR2019,Syrian Arab Republic,SYR,20353534,41.9994711236162,..,4825.40602053761,771.518695271305,98214065502.817,2.46515545695966,..,..,..,..,..,..
2019,YR2019,Tajikistan,TJK,9529966,56.0450159145896,..,3649.88375518646,1148.34676712493,34783268090.8793,0.198471762295415,8.79629945871785,..,..,0.996966249525976,2.5637213527723,0.279642821300481
2019,YR2019,Tanzania,TZA,59174891,33.0185892502311,11.0191174811563,3484.63256835938,1051.7666015625,199991750878.748,0,9.94552383865868,8.57311240801298,43.2243831458389,1.06113270582911,1.99459353959393,..
2019,YR2019,Thailand,THA,71522271,109.689514715166,15.3979482181899,21277.8392684764,6434.53770518034,1521839386454.41,0.459890940562708,25.3746401138905,2.90065389804126,42.9320373631397,1.32729814008386,1.01734877580041,1.86837862485036
2019,YR2019,Timor-Leste,TLS,1300945,70.6142431890513,22.8133908864064,5103.14962872555,1507.24743550088,6638916993.74236,12.5972177320814,29.886208227014,0.910722734825959,4.50387592385338,1.69208066896212,-7.79447354365124,-0.155797695504167
2019,YR2019,Togo,TGO,8463068,56.3421740349757,13.5836337307146,2577.51616831372,810.512262603518,21813694603.5385,0,15.1412972092279,15.9432940415907,40.8879952665568,2.36248167773665,4.9437244573784,0.612681296922767
2019,YR2019,Tonga,TON,105669,88.0453900968952,21.1401215612848,6858.83871210154,4566.07497816235,724766627.869058,0,39.9158905811365,6.6380589799453,32.002468353828,..,-1.20711457204864,0.290277877878881
2019,YR2019,Trinidad and Tobago,TTO,1363985,..,16.7568469467377,33748.7060849924,17225.361633712,46032728869.3384,2.7745812273373,11.6258299590664,5.97969004978744,20.8468022742155,0.733109759963043,0.783604895019003,0.486243424086986
2019,YR2019,Tunisia,TUN,11875081,102.332614725789,..,13243.9024233246,4153.27978615515,157272414033.076,1.66141181151334,25.8133512409953,..,..,2.38327777746153,1.94487649950903,0.0120418426320923
2019,YR2019,Turkiye,TUR,82579440,62.5784589326239,16.5299780626821,28741.0535082701,12238.2950220128,2373420103722.98,0.102518297949539,12.9616024306716,1.40341702931633,33.9946368358068,2.68985897943633,1.22536076199392,0.388088908631923
2019,YR2019,Turkmenistan,TKM,6803944,44.2857594037204,..,15231.3056176565,6718.16608056274,103632950469.421,5.84622688648033,..,..,..,..,4.54209517895884,..
2019,YR2019,Turks and Caicos Islands,TCA,43166,..,..,30611.2130237381,52419.8862128617,1321363621.38268,0,..,..,..,..,1.96536835982091,..
2019,YR2019,Tuvalu,TUV,10581,..,..,5292.03025969421,4345.99606453315,55994972.1778245,..,97.0337272125614,..,..,..,0.552184660028822,-6.34157191383015
2019,YR2019,Uganda,UGA,42999637,39.3610539647435,12.2363794666895,2689.41009144919,920.939101515671,115643657676.452,0,14.2030655400617,9.85175648352634,45.3327506638847,1.71775245377408,3.68569218154174,0.000915021280309096
2019,YR2019,Ukraine,UKR,44957458,90.5112342910763,19.1961400966208,17636.5546875,2398.07836914063,749743265134.165,0.363416965283388,21.5618292833296,2.41245130094441,40.3653862789714,4.06793765037597,3.76649676088543,0.403553224380582
2019,YR2019,United Arab Emirates,ARE,9445785,163.822152944853,0.93653171008425,72822.969940695,43468.4586811918,687870117121.268,15.681591549088,..,0.0525227491608903,17.4888169415321,..,4.11928564301823,4.89165198915157
2019,YR2019,United Kingdom,GBR,66631000,65.0035664177054,24.9143682469426,52515.684446109,47864.7588712634,3499172570328.69,0.457125858504922,24.9751391579921,0.00373290031689657,34.936214065835,1.98525373099586,0.688204352262878,-0.747582450453671
2019,YR2019,United States,USA,330226227,26.4537594940475,9.95830072560589,69112.602688656,60750.9898621637,22822794024024.9,0.368544560120872,7.01561515083043,2.08682236588789,2.6078509291511,3.40921408383721,1.47787452846554,0.537519893200158
2019,YR2019,Uruguay,URY,3397206,49.7448341159636,17.8650944056789,30010.5742615797,17758.4384372986,101952102944.884,0.00734992334670971,16.6843359779486,3.29164908197008,28.1445611563542,2.0057166464094,2.35703341175475,0.167423339324158
2019,YR2019,Uzbekistan,UZB,32964701,64.9639227632407,11.3019651116535,8755.12593984949,3259.36964632494,288610108824.482,0.819211930906664,12.6681834812337,2.70207479133738,44.7092070245743,..,3.44235052410005,0.00498137034590532
2019,YR2019,Vanuatu,VUT,291985,99.3829688227082,17.5946605583993,3512.07197251664,2986.2036911437,1025472334.89527,0,53.3211492383222,8.09016020905997,32.6407732373422,..,5.64318738616692,0.144510673333935
2019,YR2019,"Venezuela, RB",VEN,28938098,58.1292903256504,..,..,1762.73734800083,..,..,..,..,..,1.79230375763991,0.772453708102055,-0.223244600036587
2019,YR2019,Viet Nam,VNM,97173776,164.704215031408,..,11628.6139147451,3241.07648966529,1129996323741.92,0.724494952926738,10.6545156280981,..,..,..,4.821074861051,0.145050949603582
2019,YR2019,Virgin Islands (U.S.),VIR,106669,155.4234409124,..,45632.6364715693,36309.7438446842,4867587699.78582,0,..,..,..,..,..,..
2019,YR2019,West Bank and Gaza,PSE,4685306,68.9934922812035,..,6269.89134527985,3378.4346209191,29376359539.3877,0,16.4940550356498,..,..,..,0.769720046510608,-0.329628414143343
2019,YR2019,"Yemen, Rep.",YEM,35111408,..,..,..,..,..,..,..,..,..,..,..,..
2019,YR2019,Zambia,ZMB,18513839,68.791204936096,16.6776226624707,3591.56418883108,1301.18132976178,66493641150.1842,0,10.9222046146216,5.8702607227682,35.33944181331,1.25568409370479,2.3509190433173,2.98692976802742
2019,YR2019,Zimbabwe,ZWE,15271368,46.1065442675515,..,4993.84383894752,1357.53087818754,76262826999.1003,0.050882518898508,4.53375039180489,..,..,0.653123880490076,0.748473073606359,-0.0338942867147378
2020,YR2020,Afghanistan,AFG,39068979,46.7098945514103,..,2769.68574507111,527.834554499306,108208794210.783,0.00517761905886768,9.0438454994653,..,..,1.35885692738929,0.0649939571808755,0.186553469889349
2020,YR2020,Albania,ALB,2528480,59.5206994391875,16.8955410663729,16457.7872245882,4980.61699524696,41613185841.6268,0.582225701330423,25.5561107549995,1.56624811713507,51.90149985855,1.29583570269739,7.01865154497786,0.328696897587695
2020,YR2020,Algeria,DZA,44042091,40.3897565625388,..,14194.1557479619,4363.68533767783,625140299119.911,9.03841379679424,6.32408028070002,..,..,5.88614822110901,0.693816014772836,0.00885853916860205
2020,YR2020,American Samoa,ASM,49761,154.368932038835,..,..,13194.274740128,..,0,..,..,..,..,..,..
2020,YR2020,Andorra,AND,77380,..,12.6582711954138,55488.4902991095,34536.666145207,4293699379.34509,..,75.315498450907,10.1738868666616,21.8641667474191,..,9.43228499707799,4.5993505098956
2020,YR2020,Angola,AGO,33451132,54.3442286847189,20.5176075923944,8960.33797242389,2864.16146036893,299733448280.164,18.5719595053837,9.63350648718874,2.57027343185161,9.43904690702236,1.81042916830117,-3.17143620765821,0.153798965164584
2020,YR2020,Antigua and Barbuda,ATG,91846,94.289529886499,..,23930.6714995115,14950.8942397208,2197936454.54413,0,61.5664283915181,..,..,..,6.82766026835143,-1.27702252703716
2020,YR2020,Argentina,ARG,45191965,30.203698807416,10.7081211457574,23877.0931404855,11393.0505957877,1079052757506.56,0.677055565819106,5.57881723836849,13.3819968593714,30.6850880370781,0.734111593948744,1.26616924308721,0.305173266187524
2020,YR2020,Armenia,ARM,2961500,70.1213571368789,21.8604192825684,15052.9359791136,4032.09043454955,44579269902.145,0,17.0232495623584,4.4105999186562,46.499820442015,4.98254372367497,0.463408850763634,-0.215784840439408
2020,YR2020,Aruba,ABW,108587,122.723738046404,..,30347.6371851417,22729.8897593533,3295358879.02298,0,86.5044457848877,..,..,..,6.51718576425329,0.811000303345849
2020,YR2020,Australia,AUS,25649248,44.499564103879,22.507523858651,57260.4650530108,58377.7670517802,1468687868740.01,0.108188865636013,7.2657977623022,3.8292718357027,19.3314723861348,2.00738622102391,1.34826011276187,0.554935675263427
2020,YR2020,Austria,AUT,8916864,99.9482141095975,24.666005775658,60276.4153459141,43428.6983137234,537476598047.029,0.0172756920777442,27.8607108784523,..,26.4674263420006,0.885811629497475,-2.76332070661681,0.48672694195965
2020,YR2020,Azerbaijan,AZE,10093121,72.0178676487811,15.1855725074093,19126.096851126,5087.50022783627,193042009776.134,11.1476827315754,19.1633015680074,4.36127354448837,23.0382724771883,5.24152602506817,1.18790387182911,1.93305225681025
2020,YR2020,"Bahamas, The",BHS,395863,53.4207580670063,17.9313432819978,26452.695760929,24791.6704945106,10471643502.0086,0,25.512048747496,19.4386682397902,64.5358367837789,..,4.19368341635396,0.577384414563069
2020,YR2020,Bahrain,BHR,1472204,135.460985012931,2.82317547820215,53814.2452592358,23586.9309581516,79225547127.628,6.69558923237194,59.0154323392664,4.0870386209496,13.8628547602645,4.05746865109248,2.84973228101032,-0.572172809546601
2020,YR2020,Bangladesh,BGD,166298024,26.271447376215,7.00153674405437,7015.19792797056,1604.6659234742,1166613553390.4,0.0164788319009585,3.7292010736253,8.60770428726848,42.8467152255032,1.24468950875224,0.407859894856915,0.00128552571067847
2020,YR2020,Barbados,BRB,281698,..,..,17728.0729247569,17519.837062872,4993962686.75816,0.118477272101359,..,..,..,..,4.84737518609963,0.138707798152412
2020,YR2020,Belarus,BLR,9379952,118.934176146534,12.0229232611634,26731.4953869922,6251.98898968645,250740143618.208,0.36508491305747,22.2164383939974,9.19528365112599,29.2412976805147,1.40325859867166,2.27010267778425,0.134752721398764
2020,YR2020,Belgium,BEL,11538604,156.950121282783,21.8615640422477,57333.5424137922,40769.0218072962,661549041829.952,0.0147576977551149,45.0282966207584,..,26.2854546755467,1.00592796693225,-5.69020542304612,-3.83930510608584
2020,YR2020,Belize,BLZ,390812,81.6431433128545,..,10045.1404163746,5006.48453276935,3925761416.40417,0.135640326595164,29.1242925560674,..,..,1.26623781790202,3.72214070775569,0.216295859933201
2020,YR2020,Benin,BEN,13070169,44.8332333768726,..,3317.8597222557,1126.65404122154,43364987288.175,0.0451182412067022,8.28871593127831,..,..,0.458762015150415,1.10934414138144,0.13722855180831
2020,YR2020,Bermuda,BMU,64382,69.1937002313222,..,88618.0830682257,98999.5076617935,5705409424.09851,0,26.324579612661,..,..,..,6.9187294841684,-0.163051843927517
2020,YR2020,Bhutan,BTN,770006,71.8303510394637,12.2846363802964,12979.9369485824,3092.12428399363,9994629330.03013,0,14.6590095010389,2.87323672438436,17.9293847037773,..,-0.113401528947433,..
2020,YR2020,Bolivia,BOL,11816299,37.5164342446486,..,10285.6590750222,2765.0927177231,121538423042.526,0.497346305966912,5.0885560651016,..,..,1.39204744468967,-2.66931283946252,-0.262630385734668
2020,YR2020,Bosnia and Herzegovina,BIH,3299349,82.5216467994007,18.7506430544753,16747.1048417525,5490.75366635139,55254543612.5314,0,10.2328025600545,0.0437263592956627,41.1550387469082,0.827298283159884,2.38939027026416,0.411251873950147
2020,YR2020,Botswana,BWA,2365894,77.6634178592071,22.2747050330683,16289.3913582645,6254.24806241091,38538973278.1699,0,11.2306890298905,33.360721940443,16.6918832369766,3.33478768726661,0.212513875084985,-0.456045038075433
2020,YR2020,Brazil,BRA,208660842,32.3020785443492,12.7193878562394,17327.5157248143,8435.01046209185,3615574020907.98,1.07872778605369,5.39831708312007,2.70604646549231,21.9309901844447,1.32666026860555,2.59263784624068,-0.234891699268367
2020,YR2020,British Virgin Islands,VGB,37135,..,..,..,..,..,..,..,..,..,..,..,..
2020,YR2020,Brunei Darussalam,BRN,447404,110.291003658452,..,80280.8980640677,30015.9588506697,35917994917.4561,3.45811781195258,12.9709983595629,..,..,3.63429176862407,4.7105756528403,..
2020,YR2020,Bulgaria,BGR,6550696,110.423899846249,20.1966624707302,28521.3251326769,8440.08304721192,186834530461.326,0.00967333606272928,19.2025813472482,0.0265845420226505,43.6951594476455,1.58561827051115,3.97434259753147,0.639650975747402
2020,YR2020,Burkina Faso,BFA,21478690,60.7397786403239,13.7423701755588,2380.93171826574,713.8421779224,51139294287.7971,0,9.98854924441985,8.98532123285055,35.9733662815675,2.1142418147419,-0.557279533533573,-0.0402757602827973
2020,YR2020,Burundi,BDI,12617036,..,12.9599323354184,1030.77026419371,263.463876356897,13005265531.0616,0,10.1258254765829,7.8990172627159,45.2719107258784,2.18591328366483,0.656677740998658,0.0352732579498492
2020,YR2020,Cabo Verde,CPV,514679,78.3934545931901,18.3857032911625,7207.86853962048,3255.93628984058,3709738572.10333,0,28.1685876991653,15.0300219958661,36.1723238344045,0.618818770532046,3.71218491455203,0.217388922289075
2020,YR2020,Cambodia,KHM,16725474,122.105396346568,13.2902084670658,6128.78243783335,1908.63427518336,102506791315.638,0.000136728305235044,10.8911968515497,9.49312447550115,47.3441308170257,1.78010501633067,10.410239809326,0.364790113231216
2020,YR2020,Cameroon,CMR,26210558,33.7388313623871,10.8705828069932,4763.48194388066,1434.51913723409,124853519772.037,1.28058779283346,9.38363792705545,11.1881250715372,42.2879978718054,0.96440732254506,1.65595614712353,0.207035431142956
2020,YR2020,Canada,CAN,38028638,61.1567709632763,13.5185987464231,54092.8790317796,42366.1285377884,2057078515077.34,0.8889084820818,12.2777218392732,0.949078946434864,13.5675955641852,1.39399340787119,1.75897085668576,2.86462616548379
2020,YR2020,Cayman Islands,CYM,68684,105.472790158919,..,72183.1359045895,75199.6446248648,4957826506.47082,0,81.6108986789109,..,..,..,123.314001465062,-33.3967985587212
2020,YR2020,Central African Republic,CAF,5026628,49.5210200011921,8.70964482990026,1136.57052993758,398.834274122139,5713117249.75906,0,..,9.82513650185697,22.6702793221447,1.8589727247233,0.0746698927110639,..
2020,YR2020,Chad,TCD,17224679,40.6428170621932,..,2513.02922729008,884.980541933197,43286121757.6896,9.22817147863275,..,..,..,2.21192688117357,3.73465690769548,..
2020,YR2020,Channel Islands,CHI,166235,..,..,..,58636.7036143365,..,..,..,..,..,..,..,..
2020,YR2020,Chile,CHL,19370624,58.1828635629748,16.1961693313326,26248.5616432825,12679.024004022,508451018132.847,0.00734834195127083,7.31430347160504,0.668175319056015,49.1837021511031,2.06553058219768,4.50610139661101,2.51859278430518
2020,YR2020,China,CHN,1411100000,34.0389507864581,7.92409749807608,19215.1541703465,10573.6420059282,27114504049776,0.114304451775114,4.06962020367605,1.83367433279063,34.3934932822414,1.75669947098837,1.68770756292082,1.02505043291814
2020,YR2020,Colombia,COL,50629997,34.0555709680101,14.0452385597579,15861.4999291295,5891.95523215403,803067693827.328,1.56279790261714,5.94207216655854,1.06737126413583,23.4321426313013,3.53440413219336,2.7588942895314,0.641190771333668
2020,YR2020,Comoros,COM,802163,33.7299346029218,..,3377.74564051638,1359.70624686714,2709502576.23354,0,12.411615743481,..,..,..,0.318014572633564,..
2020,YR2020,"Congo, Dem. Rep.",COD,95989998,61.0284707727916,6.70873789310741,1361.02791099008,470.852950000929,130645066453.882,0.358850561150071,6.07177542059817,6.79403548441948,29.9917165923217,0.729735329108429,3.20844071096691,0.318761849302957
2020,YR2020,"Congo, Rep.",COG,5752791,69.3066247188397,8.32448488581498,6350.50913409722,1725.51040049963,36533151792.0523,22.4084125429251,11.1210419508127,8.07154029443634,17.498469114048,2.60118726630221,-17.2921171034228,-8.55545403270943
2020,YR2020,Costa Rica,CRI,5034320,60.1398862509533,12.2380289914727,22211.8613921698,12242.2098908533,111821618043.828,0.00341590826010993,18.1682444967874,3.62020287981579,23.3632664984476,..,3.37043523313038,0.735208781376323
2020,YR2020,Cote d'Ivoire,CIV,28915449,41.9426318190526,11.7866882362427,5787.81533309018,2055.08483996432,167357279085.387,0.371217181360166,6.14656676788815,22.8003629914375,40.9612457213531,0.963119470642636,1.13111245703154,0.00210791955071813
2020,YR2020,Croatia,HRV,3914206,89.5480523143212,20.8751842032435,32493.3121954167,13545.4881162417,127185517555.173,0.141105225031332,24.8944960163626,0.000306611242077115,46.3020221262736,1.69659501985338,2.53925892567448,0.762385341620277
2020,YR2020,Cuba,CUB,11176354,15.6829868097474,..,..,7252.28811179844,..,0.222499890127649,..,..,..,..,..,..
2020,YR2020,Curacao,CUW,155482,..,..,23669.7707733018,14849.9696941839,3680223299.37452,..,49.0492646884056,..,..,..,6.14534824657672,0.271093922008089
2020,YR2020,Cyprus,CYP,1302247,160.66871645997,21.9401064770959,43402.5390625,26895.68359375,39429166498.4206,0,115.454622684937,..,29.8946930857697,1.89553437845021,-296.013199232631,-382.686620843805
2020,YR2020,Czechia,CZE,10697858,128.780430305965,14.0731168065984,45119.9387309139,19233.1469549829,482686697512.017,0.00507207922757448,19.1949611889344,..,26.9954043082141,1.295406324775,3.39114066226469,0.831229365623544
2020,YR2020,Denmark,DNK,5831404,104.433432671151,34.470930251185,65744.4367251959,55934.5555945523,383382371297.054,0.137036781200766,42.4536683372281,0.0417623492143527,35.5711083464412,1.37376885314973,0.36387453868222,2.68953723439035
2020,YR2020,Djibouti,DJI,1105188,225.744871323723,..,5791.47767679877,2773.40661780097,6400671630.66588,0,45.2829653448104,..,..,..,5.03254315668511,..
2020,YR2020,Dominica,DMA,67573,..,..,14919.5307686719,7302.94454951254,1008157452.63146,0,37.3902774218394,..,..,..,4.31749235024332,-0.0730733466372579
2020,YR2020,Dominican Republic,DOM,11008300,44.7331613466756,12.5072744137302,19545.4099552943,7395.8734262396,215161736410.866,0,9.91054077973035,4.94019752855113,49.6011077242307,0.746231922011371,3.13265976088131,-0.126039712398297
2020,YR2020,Ecuador,ECU,17546065,43.9893109378389,12.9414345871949,12440.3263747814,5355.68934196443,218278775193.129,2.56275988674609,5.42438552757496,6.87573909149235,23.7986192216139,2.45792351121034,1.16754746598289,..
2020,YR2020,"Egypt, Arab Rep.",EGY,109315124,32.1262555667523,..,15309.2359881702,3770.86947867421,1673531030392.09,1.85770095140202,8.66352704344505,..,..,1.12247550332399,1.52462948997172,0.0850663946949257
2020,YR2020,El Salvador,SLV,6234673,66.4595069497083,18.3907750793602,9692.44931605799,3808.53195436409,60429252054.6952,6.48310040641576E-05,14.8450289755616,2.9940215736244,40.2798480550079,1.37995002386364,1.55101998611342,1.53988316496694
2020,YR2020,Equatorial Guinea,GNQ,1716468,77.9278846441807,8.01129013375148,17089.153726379,5575.26241511492,29332985518.4104,10.7521167179464,..,1.45657373819353,10.3659614481702,1.64082995887433,-0.0916985922610923,0.166785393897472
2020,YR2020,Eritrea,ERI,3291271,..,..,..,..,..,..,..,..,..,..,..,..
2020,YR2020,Estonia,EST,1329522,137.392641283846,20.7215984585967,40920.5270623015,19946.945696898,54404740980.9253,0.480973513029608,40.8268397713264,..,35.6141525267518,2.26136428332919,12.0147752855703,1.22096873716714
2020,YR2020,Eswatini,SWZ,1192729,84.0140188426878,27.0899428601234,9695.82498058755,3609.3669136859,11564491633.2712,0,6.19585994860105,44.4579591018721,23.8211346510646,1.85505471294042,0.938105324268348,-0.297701403270291
2020,YR2020,Ethiopia,ETH,118917671,24.0061143401794,6.19630068633641,2516.54907642544,768.705424485209,299262155125.714,0,10.0017530308175,17.8088743852832,30.2946749758821,0.780754838260967,2.42792592797614,..
2020,YR2020,Faroe Islands,FRO,52565,96.2241937518396,..,66032.9109106183,54301.6594145787,3471019962.01665,0,..,..,..,..,..,..
2020,YR2020,Fiji,FJI,914963,..,18.0169143972691,10812.0355014178,4721.1228189763,9892612438.48376,0,21.4975204683062,17.0693351813606,40.6754193305649,1.60530458182017,5.66217121930221,0.318473688777767
2020,YR2020,Finland,FIN,5529543,72.1845955995888,20.0057532774645,55424.8574989208,44690.9801103074,306474132809.155,0.0208151367431629,23.5358714808437,..,39.9585242117843,1.43578115547809,-0.939114055968044,2.07119565609595
2020,YR2020,France,FRA,67601110,58.8388907240647,24.7888064416138,49311.333409639,35709.2045925926,3333500874071.68,0.00329710789889294,18.4309273860851,0.00298708563397009,23.1696284284524,2.02167455284232,0.731471704018579,1.08525408792736
2020,YR2020,French Polynesia,PYF,279209,45.8331834386023,..,..,19026.790444196,..,0,..,..,..,..,-0.279061107774017,-0.0561890586993797
2020,YR2020,Gabon,GAB,2322539,70.1140546466012,12.4267778464103,18681.4840738985,6534.27966528997,43388475339.5081,9.97982419987045,..,20.087920970795,10.5566650011363,1.71695248466736,11.1881442291265,..
2020,YR2020,"Gambia, The",GMB,2515733,47.3955201736291,..,2702.31919474482,670.758642891251,6798313574.75296,0,11.8526329960201,..,..,0.816569761733964,10.4612755737217,-0.19224507041299
2020,YR2020,Georgia,GEO,3722716,92.8910841752194,21.1807829038543,17031.1440283426,4659.60925318234,63402112372.6154,0.0156199754640174,18.9734501552543,0.587533858217972,48.5852595336055,1.78655575876457,3.47997036066188,-0.100664272207132
2020,YR2020,Germany,DEU,83160871,72.9335327120137,11.1648293689433,60203.289760263,42372.8726784255,5006558013528.86,0.00673003142464202,16.7410305196996,..,20.6138486755162,1.35598993512329,4.48523547812751,3.67563082359577
2020,YR2020,Ghana,GHA,31887809,66.5754987162431,11.340431962023,6412.68541762469,1970.19411460398,204486487774.301,2.25284947216201,28.171477483612,9.99997209376443,32.2681597574549,0.350949233772808,2.67937438514205,0.774785891471921
2020,YR2020,Gibraltar,GIB,36173,..,..,..,..,..,..,..,..,..,..,..,..
2020,YR2020,Greece,GRC,10698599,70.2937464580745,24.9917156858479,30487.1129331045,17486.951333323,326169395938.999,0.00652358198539234,22.7697809776225,..,31.8146299657189,3.02310765728834,1.72637818314203,0.338781387381374
2020,YR2020,Greenland,GRL,56367,82.6595028892583,..,68533.7339902964,48169.9406957389,3863040983.83104,0,..,..,..,..,..,..
2020,YR2020,Grenada,GRD,116341,..,..,14647.7451384876,8413.28335500372,1704133317.15679,0,57.4071604530723,..,..,..,13.5399655332758,-2.17153502933753
2020,YR2020,Guam,GUM,162158,63.6747802569304,..,..,32884.8852646787,..,0,..,..,..,..,..,..
2020,YR2020,Guatemala,GTM,17357325,41.1407594507716,9.95508945163219,11097.15041153,4005.83911593999,192616846266.81,0.0532892177587073,6.96411886491999,3.87056359106805,52.6190147142035,0.440993296513657,1.29230382378627,0.285322564600357
2020,YR2020,Guinea,GIN,13371183,115.765259518929,..,3630.99330577677,945.570903389665,48550675963.3161,0,18.815796896197,..,..,1.46963829052972,1.25171292113785,0.0167510206628031
2020,YR2020,Guinea-Bissau,GNB,2013255,42.8853856881523,6.9456646136516,2455.85606168546,710.275129060129,4944264495.46855,0,8.84687445460103,13.1156803944746,21.8420969902341,1.51874963824343,1.23102714227173,0.0184327142851076
2020,YR2020,Guyana,GUY,807481,..,..,19234.1301977637,9010.61000469878,15531194686.2204,7.3763575857274,39.7513359976367,..,..,1.40257741131547,23.4509659519186,0.247846784467682
2020,YR2020,Haiti,HTI,11243848,37.4138801252638,..,3239.83543441301,1331.69778506932,36428217169.5539,0,4.30308285272043,..,..,0.103094179098955,0.17231607778598,..
2020,YR2020,Honduras,HND,10119640,88.0008563836292,15.0661315517441,5603.26398377777,2189.43168668222,56703014340.7969,0.000445541908214536,16.2466718628675,2.62165199145842,43.3753024545987,1.4667972724004,1.0106822391556,-0.58671473413908
2020,YR2020,"Hong Kong SAR, China",HKG,7481000,350.679705044448,..,61328.5288044938,41451.2981131333,458798723986.418,0.00011978734728514,35.3303501144572,..,..,..,34.0497513548395,24.1845697995372
2020,YR2020,Hungary,HUN,9670419,154.527002936377,22.6858959289388,36119.5211735652,14664.2971195385,349290903827.747,0.0833512506762371,25.6821472149393,..,37.784999875289,1.74628152413286,105.635755544096,103.8005963532
2020,YR2020,Iceland,ISL,366463,68.6550233460548,21.9901621397725,59543.813498684,52464.3072858637,21820604526.1682,0,23.2936314879596,0.296580487623062,37.6827778657062,..,-3.98671122506617,-1.71228999380032
2020,YR2020,India,IND,1402617695,37.7581053292768,..,7399.53068079041,1806.50110583878,10378712667572,0.144343868543637,11.9327222524549,..,..,2.80361581112679,2.40620322673636,0.415823729906748
2020,YR2020,Indonesia,IDN,274814866,32.9721754002427,..,12388.5449268131,3739.44906563161,3404556313997.13,0.287189045702826,3.75688314510457,..,..,0.886277728854897,1.81058402027127,0.475197656129903
2020,YR2020,"Iran, Islamic Rep.",IRN,87723443,43.8844674905013,..,15381.5845437266,5132.82430762118,1349325554971.29,13.2733495355914,..,..,..,2.17701027609522,0.47769170946132,0.0279033396171203
2020,YR2020,Iraq,IRQ,42116605,57.742316395146,..,12827.6345392323,4213.99843766061,540256416973.202,27.035001916172,9.73953406094726,..,..,3.11217889939661,-1.58049696252586,0.0813714640564535
2020,YR2020,Ireland,IRL,5039747,258.780437026252,15.9251337703346,101968.554362011,80927.936475395,513895715940.283,0.00096047242789138,169.008614768121,..,27.9948666894563,0.262684777602834,8.0934578228257,-18.6500850341973
2020,YR2020,Isle of Man,IMN,84064,..,..,..,86595.0676099275,..,..,..,..,..,..,..,..
2020,YR2020,Israel,ISR,9215100,51.2366737920366,22.0388122136025,42915.9416939728,37935.5432717179,395474694304.129,0.00760868223036897,19.5642384521735,0.642711133274811,33.2465461674471,5.27626408809404,5.1047506129271,1.11471586610195
2020,YR2020,Italy,ITA,59438851,53.9394839042764,24.8458109789517,45505.0688708956,29469.7989238626,2704769008361.9,0.0398531422796994,9.43764572957543,..,23.0044641685595,1.72984958969454,-0.893869914296462,0.248402242308732
2020,YR2020,Jamaica,JAM,2830739,..,23.6736609376178,9891.96932961548,5317.84145033966,28001583368.1464,0.11529077951409,24.7529834225951,8.83372682994462,45.8118711430501,1.70647069948671,1.76731178461616,0.0446171161528147
2020,YR2020,Japan,JPN,126261000,31.335208636773,..,42992.4796365328,34642.9718743239,5428273471388.26,0.000710792505710748,7.15910524002785,..,..,1.01676127140466,1.23830386396694,2.97024478482841
2020,YR2020,Jordan,JOR,10865228,66.0599488089059,15.9811020446786,9022.63930356769,3806.87949354914,98033033195.0242,0.000467720334463903,12.8058309476901,3.90388254207628,50.2767147064263,4.70457117239125,1.73975978294192,0.0602695589866874
2020,YR2020,Kazakhstan,KAZ,19482117,57.0264423660931,8.318809313869,32011.5491499004,10565.0359816235,623652745889.61,7.12577724575059,7.98091376139817,14.6903802562876,35.9314579342622,0.907188676192723,4.21199990309163,0.777723255339914
2020,YR2020,Kenya,KEN,52217334,30.3991387830411,14.2998226329833,5057.40115537429,1609.33414078281,264084005302.165,0,7.23636841208896,7.91193578755948,35.2418656780364,1.10843419595019,-0.00536845439351621,0.379259518044498
2020,YR2020,Kiribati,KIR,126099,78.4052134293582,21.5255535516456,2834.68581354366,1777.0447605811,357451046.402042,0,23.6952269430204,1.54109797513771,12.3639467513805,..,1.18792048651839,0.050640052222245
2020,YR2020,"Korea, Dem. People's Rep.",PRK,26136312,..,..,..,..,..,..,..,..,..,..,..,..
2020,YR2020,"Korea, Rep.",KOR,51836239,65.544957860621,14.0112224318443,49374.0926148025,33215.9298928108,2559367265189.04,0.00898681274589818,11.1154637875671,1.29729917842445,19.5513351289834,2.64297706902012,0.502554290313687,1.997190163256
2020,YR2020,Kosovo,XKX,1790151,75.6080171280001,..,11137.5028560404,3990.94613053859,19937811875.2436,0,23.7834565662038,..,..,1.02303890223714,5.11361821652708,0.88760554255976
2020,YR2020,Kuwait,KWT,4400267,82.0125101293052,..,49372.8187938552,25541.5378987908,217253585235.581,27.5816891390019,23.7268185374346,..,..,6.47217283542021,-0.502546857177857,2.84020520538539
2020,YR2020,Kyrgyz Republic,KGZ,6726596,78.9922784304738,14.036328193124,5537.79547319377,1093.32856461422,37250512878.8033,0.0514871230911807,12.4822201274359,10.2183416231618,30.2781871084011,3.10718371407588,-4.85484703138399,2.18713846139916
2020,YR2020,Lao PDR,LAO,7346533,..,9.40187747055082,7995.59502527818,2529.74622698761,58739902707.842,0,4.1726205720641,4.96936264091863,53.5557169044301,..,5.09807193491087,..
2020,YR2020,Latvia,LVA,1900449,123.88319804656,16.2818527296083,34225.8976044058,14900.7295718866,65044572876.3954,0.0314235592999339,26.5284761825542,..,42.5358669474478,2.22759521686375,2.81413557812427,0.592187282787748
2020,YR2020,Lebanon,LBN,5702398,50.1298042879627,8.90172832336972,12507.4366368078,6440.82843092922,71322381662.8598,0,30.7660759332882,2.36150805708997,23.6501233790519,3.02665836499332,5.06712986613403,0.0911747579460329
2020,YR2020,Lesotho,LSO,2235727,141.096605062998,35.9943566400862,2517.11044486593,944.834128375429,5627571783.56878,0,19.5536514328591,14.4574571006438,30.8586358412271,1.88146803172144,1.36347415769606,..
2020,YR2020,Liberia,LBR,5149463,..,..,1497.37692436272,605.025475431411,7710687069.05964,0,15.6529834224798,..,..,0.424794204807376,-2.96003538007919,0.419372068169959
2020,YR2020,Libya,LBY,7045399,50.9757934373319,..,9978.66400110743,6102.79864032512,70303669374.7383,9.24399152945122,11.550490951049,..,..,..,..,0.747850483055406
2020,YR2020,Liechtenstein,LIE,38901,..,..,..,..,..,..,..,..,..,..,..,..
2020,YR2020,Lithuania,LTU,2810369,135.796565563519,20.5030171627523,43091.7973723526,17443.65526328,121103851489.541,0.00844361118604004,33.523819196449,..,33.9381430123331,2.04915558023028,7.94344900363669,6.84363682461491
2020,YR2020,Luxembourg,LUX,630419,375.581396376432,25.6864231937241,129865.629988164,105274.2471768,81869760591.5084,0,304.739161029412,..,27.3004502578157,0.578077082223964,-4.55819523596748,139.873027205793
2020,YR2020,"Macao SAR, China",MAC,685400,123.43437444297,21.8821760808857,59662.4855864551,33853.7761550109,40892667620.9563,0,57.7174203328596,..,60.3318305023433,..,-24.5780080658474,7.52682501760983
2020,YR2020,Madagascar,MDG,28953556,49.0107073664371,9.52072872460036,1545.72714379204,422.924255422319,44754297418.5029,0.0494868182948729,11.573823692428,11.2744542153112,41.0848988546262,0.673153896375499,2.74657132352467,0.912492382776698
2020,YR2020,Malawi,MWI,19533888,41.0323429397328,12.1305627479425,1656.43985192533,559.447086086067,32356710546.2459,0,8.74249075865945,6.69249049801113,37.7772538941695,0.834281207531417,1.90893103605427,-1.30769406465423
2020,YR2020,Malaysia,MYS,33889558,116.788182437638,10.8846712025214,29200.452632127,10171.4657842762,989590433102.722,0.685563649053848,16.4571779243633,1.37382403938889,19.6824693066119,0.999653920235799,1.20275464255821,0.97671697342063
2020,YR2020,Maldives,MDV,502118,114.361902904327,20.1121885797816,14242.9750701162,7295.60220956454,7151654156.25662,0,61.1212150815168,18.7421721349137,32.9001723314568,..,11.8706880719155,..
2020,YR2020,Mali,MLI,21713836,56.0415474422019,11.9520025009648,2796.41038444894,872.389426814294,60720796476.6213,0,11.8394787927353,10.7082698992027,39.2732400463068,3.39955821425498,2.5936673302322,0.00558008266852896
2020,YR2020,Malta,MLT,515490,242.361190735857,22.4854638057187,50387.8220368582,27861.8202844538,25974418381.78,0,188.579325129952,..,30.8287877502545,0.527674290511624,191.921781350293,246.595081275746
2020,YR2020,Marshall Islands,MHL,42706,107.825971877585,17.1555004135649,6417.18441217728,5172.57528216176,274052277.506443,..,29.3822643486977,5.41026584222296,8.38690465763982,..,1.25933048526425,..
2020,YR2020,Mauritania,MRT,4600131,86.7761681322741,..,5963.23549793488,1553.30615586591,27431664474.3507,0,11.9724549698055,..,..,2.38926918122421,11.2328299227716,0.0729541295872114
2020,YR2020,Mauritius,MUS,1266014,121.12522550435,20.4233655246973,22258.3868106268,9483.67602630847,28179429319.6688,0,30.4762667679274,1.07124997461473,54.7574052838565,0.161615351006251,1.94246862517576,0.139093078119932
2020,YR2020,Mexico,MEX,126799054,76.8545557056016,13.8975134533104,19728.4817823158,9234.64362317923,2501552826853.88,0.867384554620089,6.20050915665573,1.31903129766322,32.5719687911059,0.717690608258695,2.81338849125769,0.450013907056634
2020,YR2020,"Micronesia, Fed. Sts.",FSM,110916,85.0087703843389,7.03115450759675,3852.20025570019,2951.77114318964,427270643.561242,..,..,4.49650143111364,3.40190098825153,..,..,..
2020,YR2020,Moldova,MDA,2635130,79.265722119158,17.9098984894955,13559.2600217483,3188.91691602699,35730412861.1096,0.00619089364526559,18.7116250425666,2.99678589585613,47.4248390793703,0.385463275729941,1.35047634241375,0.0328686446040849
2020,YR2020,Monaco,MCO,38050,..,..,..,161262.925884403,..,..,..,..,..,..,..,..
2020,YR2020,Mongolia,MNG,3327204,112.838647629317,14.1457872338315,14801.3420829185,4066.03410882791,49247084583.6546,0.567774921103161,20.7322070860155,6.55989702126445,27.3151030338943,0.709909468541962,12.9130799939653,0.195051841106499
2020,YR2020,Montenegro,MNE,626590,87.8612027134909,..,20904.6866227364,6351.95486320483,13098667590.9404,0,28.6341902311998,..,..,1.73802726045562,11.2394405744141,-0.101233163656793
2020,YR2020,Morocco,MAR,36584208,68.8438033904364,20.0221120421492,8054.56298828125,3090.89428710938,299094704579.634,0.000839572708870582,17.3105835270838,3.19271350697934,38.7791055617367,3.97969764255599,1.16907334587558,0.378478051937009
2020,YR2020,Mozambique,MOZ,30783688,99.906146051979,21.5267029366581,1466.12476474476,591.804059985932,45132727326.9761,0.0473545337657661,25.0844472280253,5.75891220800931,30.6544785893478,2.02272611905463,22.3944370320025,1.07745432943573
2020,YR2020,Myanmar,MMR,53016522,..,..,5926.83450206681,1301.3138635245,314220151769.184,0.0259006705691479,..,..,..,3.12332883859715,2.41393222802876,..
2020,YR2020,Namibia,NAM,2728762,76.9252424036465,31.2059110714252,9652.24827219463,3787.49943973286,26338688299.7304,0,13.5255126261102,38.2290212475113,17.9247426902446,3.48015259214476,-1.41889955275348,0.485594729207719
2020,YR2020,Nauru,NRU,11643,134.980107526882,44.3468321505376,11304.5723318731,7770.69883784016,131619135.659999,0,72.0953743588076,6.14671513215752,0.891966821337263,..,-2.67159670379148,1.13423792526015
2020,YR2020,Nepal,NPL,28966574,40.9188741243442,15.7736497317824,4412.5420439395,1031.53618783934,127816225643.885,0,5.91817025252351,15.8135971117888,34.4589151274764,1.32338446484361,0.378739091402959,..
2020,YR2020,Netherlands,NLD,17441500,152.233230409706,23.9228232020312,64862.1922496366,47086.5804192702,1131293926122.04,0.0111244987898519,46.5218652196983,..,28.1806281121157,1.40607718904592,-23.6860117625863,-25.9608785944029
2020,YR2020,New Caledonia,NCL,284176,54.5818048353384,..,..,..,..,0,..,..,..,..,6.04707071747505,0.579595955462545
2020,YR2020,New Zealand,NZL,5072400,43.9772422862431,27.3341846674622,46266.3954728951,39785.473128643,234681664396.713,0.0439077405671644,11.0390869311188,2.99419398024057,29.4909222885849,1.3399501211388,2.25342351216778,0.415268701546603
2020,YR2020,Nicaragua,NIC,6565267,88.6381231228968,17.0109140687159,6523.3698502278,1950.19181218473,42827664806.4955,0.0084343580954292,12.2524614303197,2.82505249354924,47.1333511229816,0.629971870953776,5.86574902695673,0.310377878854375
2020,YR2020,Niger,NER,23717613,35.5129906570841,..,1615.69272448944,533.194328910254,38320374766.3561,0.393738499216623,9.44650684529802,..,..,1.73360752172491,2.62395545283651,0.10907532760875
2020,YR2020,Nigeria,NGA,213996181,..,..,7664.21099591193,2228.68631422888,1640111883503.36,3.31241719212516,3.98029602160408,..,..,0.632022913474166,0.398484830422215,0.246135129181339
2020,YR2020,North Macedonia,MKD,1856124,128.241244322257,16.1270346641167,20971.5290718387,5743.72649424581,38925758426.9376,0,22.9094923115377,3.55776884125279,38.2551637201302,1.24058656980426,0.0622421869397704,-1.33662492641182
2020,YR2020,Northern Mariana Islands,MNP,47528,78.9838337182448,..,..,15410.1186923944,..,..,..,..,..,..,..,..
2020,YR2020,Norway,NOR,5379475,65.3539790413323,21.2531867719174,86096.0508947506,75287.2059527598,463151553387.038,3.22981815901586,20.0308389423056,0.236988459439037,27.8172650625268,1.96598369239436,-0.892552414465765,-2.26014145459486
2020,YR2020,Oman,OMN,4522497,91.8758908014472,..,37560.5998714953,17743.8858800477,169867700237.038,14.994277961787,14.1035843921479,..,..,8.03024250539625,2.51548624054379,-1.1028807148339
2020,YR2020,Pakistan,PAK,235001746,26.7162807328814,..,5135.01459288839,1526.00597486307,1206737395064.25,0.159470063577414,4.45268764141137,..,..,3.48667909020303,0.684695289874347,-0.0149787496569497
2020,YR2020,Palau,PLW,17792,103.352188901493,17.8945573584821,18183.7369201975,14532.9898440558,323525047.284154,..,41.8249166618951,12.3429635949498,14.1510836979578,..,16.8364291162843,..
2020,YR2020,Panama,PAN,4293261,68.7004234799646,8.04998951454701,26881.7987214437,12647.0826553801,115410578060.624,0,19.9379534250531,3.27375249731669,33.3646468002112,..,-2.85980025111741,-5.328549898452
2020,YR2020,Papua New Guinea,PNG,9815746,..,11.8791955056371,4077.63132163554,2438.61137922293,40024993334.8187,0.709889074758713,7.50722701062667,6.28745547655988,27.8889756840723,0.393261831182209,0.473794497066331,4.179554422276
2020,YR2020,Paraguay,PRY,6603739,62.7602174748575,9.51499928527674,14991.6606201148,6109.19608100826,99001013911.8163,0.0299623174238903,7.44058586266936,5.03281414042976,36.6615339199607,1.02757342677333,0.816723740272366,0.317235134135742
2020,YR2020,Peru,PER,32838579,44.245967197744,13.2210909612666,13609.5999609595,5831.83024758521,446919923476.365,0.104811146749273,5.28605082110456,0.883365597319094,34.554626177293,1.31677830419866,0.329387076302566,0.933541642716402
2020,YR2020,Philippines,PHL,112081264,58.1695603022281,13.9509857073772,8455.18457134106,3198.66690008413,947667774109.205,0.0120548345049257,13.7602969421981,18.8299757529081,27.1585535210647,1.29724003910725,1.88586363211171,0.984663440348802
2020,YR2020,Poland,POL,37515748,99.2590912303436,17.291144093996,37852.8021313639,15090.2228440113,1420076185854.11,0.0207199460419149,17.7020101674917,..,35.6873298273552,2.26305371895405,3.31499059495462,0.83724720144403
2020,YR2020,Portugal,PRT,10297081,76.5086407209215,22.2595830862446,36852.22873381,19778.7139525722,379470384302.569,0.023939484713493,18.4332899476559,..,31.0923715794032,1.42613611053982,1.8141455418251,-1.04007405976093
2020,YR2020,Puerto Rico (US),PRI,3281590,103.509811317462,..,40171.38668761,28144.7223184239,131826020840.194,0,..,..,..,..,..,..
2020,YR2020,Qatar,QAT,2794148,90.0189857283633,..,103061.899444607,57769.5836053284,287970200209.351,10.5957303632833,37.4812140212837,..,..,..,-1.68550654608129,1.89039261268733
2020,YR2020,Romania,ROU,19265250,78.3616463562709,14.2260236372711,35283.7523567852,10854.049431887,679750310091.557,0.18364537995674,17.4483533470969,0.0160484582417558,32.534494057552,2.00415209230412,1.43737355732839,0.0792533671377084
2020,YR2020,Russian Federation,RUS,145245148,45.9669082029127,10.7991196203537,36376.3359375,9632.3251953125,5373058291702.31,4.70777096931075,7.54874688055628,4.94036059620611,23.6564347399923,4.14471713241985,0.634851184443604,0.391607688669965
2020,YR2020,Rwanda,RWA,13065837,55.1879515519855,15.0744687983707,2520.31739425373,826.391307701022,32930056261.5839,0,10.2337296179751,4.64621129939623,27.6698641229649,1.47371574450349,1.49998346928248,9.82860209753399E-06
2020,YR2020,Samoa,WSM,211944,77.4848006217247,24.4229937431695,6745.29241350438,4283.06392492734,1429624255.28777,0,19.462539404645,5.86522819415423,41.0383510536877,..,0.509397965194954,0.176673580740673
2020,YR2020,San Marino,SMR,34770,304.903167579063,16.136261134649,55998.071099456,40506.8521137898,1947052932.12809,..,83.35143752491,0.38530012823043,17.5759488506288,..,..,..
2020,YR2020,Sao Tome and Principe,STP,217435,..,..,5742.94724858826,1430.84119299096,1248717734.99679,0,16.7175817227348,..,..,..,9.99771582880853,0.181110730797718
2020,YR2020,Saudi Arabia,SAU,31552510,47.533159225048,7.8762006474717,57420.7335736424,22827.671935548,1811768270289.69,15.9789107766923,10.3917385677859,2.27403065612393,20.8926668576706,8.7921741101353,0.211115523412857,0.704591990606769
2020,YR2020,Senegal,SEN,16789219,60.0468716137065,17.4488278980298,4018.04129277358,1361.79143748646,67459775215.4187,0,14.3321949606952,10.6217298483918,41.743497832842,1.40872642077366,7.52395708111684,0.404340263612158
2020,YR2020,Serbia,SRB,6899126,100.324460810129,22.4302344894846,21479.1679289814,6850.96742168834,148187485917.202,0.213906994350929,23.1007975790679,2.26498857928831,39.839493145695,2.29536613396667,6.23865408002072,0.208498675487542
2020,YR2020,Seychelles,SYC,98462,153.48333156592,..,30056.1994300968,17048.361729788,2959393508.28619,0,91.6450264290901,..,..,1.36712279790406,5.79027015191072,-3.94347686074575
2020,YR2020,Sierra Leone,SLE,7912558,30.6131009514507,..,2752.62615440121,1010.25294614757,21780314099.0165,0,3.25954170426569,..,..,0.486095493916065,0.762524726187775,..
2020,YR2020,Singapore,SGP,5685807,332.040805481913,12.7433047948475,115893.042395938,59189.70385743,658945471706.12,0,122.475239175131,..,20.4278040402881,2.80306272990798,22.841082837391,12.8268367757845
2020,YR2020,Sint Maarten (Dutch part),SXM,41008,..,..,39265.7616790568,28920.3773007159,1610210354.93476,..,44.9411202037515,..,..,..,1.79286284699262,0.0928637791244318
2020,YR2020,Slovak Republic,SVK,5458827,167.534173320366,18.4644586007277,36216.4002110814,17763.8563847352,197699063315.057,0.000491874857273577,18.8599150196968,..,31.1535600683698,1.9041442947824,-1.05975666677956,1.50826496926119
2020,YR2020,Slovenia,SVN,2102419,147.549008584942,20.4885506119886,42463.5635346194,22811.8050540778,89276202782.8911,1.39101147863392E-05,25.8388736474135,..,31.1341199292215,1.0654982010929,0.948340847721794,1.54886482440733
2020,YR2020,Solomon Islands,SLB,744498,60.2204365577573,21.0515655711092,2515.14143211528,1930.65510307199,1872517765.92696,0,13.1730370174045,22.7724542639155,12.6447313749744,..,0.584583885803386,0.216557201238583
2020,YR2020,"Somalia, Fed. Rep.",SOM,16651191,75.6954102920723,6.27946654117399E-05,1396.05544674978,462.867053737236,23245985890.4208,0,..,17.9759526480475,6.37975056791096,1.1376518312471,6.18915159944367,..
2020,YR2020,South Africa,ZAF,60562381,50.7596590804177,23.264944033831,13250.5666594456,5569.58483319272,802485866495.244,0.213036196999097,5.90716845407047,2.98928960600615,33.2174687877397,0.956510732317856,0.933073684352391,-0.572783267129971
2020,YR2020,South Sudan,SSD,10698467,..,..,..,..,..,..,50.6256962542219,..,..,1.86635872996114,..,..
2020,YR2020,Spain,ESP,47359424,59.4461280147076,13.4462555370373,41553.4477945675,25077.019882928,1967947352764.79,0.000295734987987405,11.6627327416161,..,25.7185903012635,1.35429599703865,2.92165980781023,4.3639170223537
2020,YR2020,Sri Lanka,LKA,21919000,37.089118857292,7.77529251770974,13886.6513728651,4227.23315306594,304381511441.83,0,6.22671102681497,26.3337211390307,41.5931105258252,1.73988733298184,0.514700552667608,0.0172439493304619
2020,YR2020,St. Kitts and Nevis,KNA,46870,..,15.0423826463699,26736.9283563771,18918.8263456611,1253159832.06339,0,54.506081647874,12.9488266892847,21.006502685892,..,0.321150763222841,0.446715816290188
2020,YR2020,St. Lucia,LCA,178250,..,..,17142.044063192,8379.27495097388,3055569354.26397,0,41.367384067351,..,..,..,6.61223231489807,-1.61450193179909
2020,YR2020,St. Martin (French part),MAF,31786,..,..,..,..,..,..,..,..,..,..,..,..
2020,YR2020,St. Vincent and the Grenadines,VCT,103526,..,..,15763.7054382539,7989.74651933597,1631953369.20067,0,25.2655894839204,..,..,..,7.54647187844049,0.206269978966127
2020,YR2020,Sudan,SDN,46789231,9.95514507626151,..,3401.24975585938,1056.86474609375,159141858245.694,1.87511902407651,10.8326120955277,..,..,0.975842222955387,2.65193447042229,..
2020,YR2020,Suriname,SUR,612317,..,..,19091.3617184226,7213.10766669943,11689965333.3394,2.99417364471055,22.845286626293,..,..,..,0.0357132024302943,0.023732898239369
2020,YR2020,Sweden,SWE,10353442,84.4745958141618,27.0128699114576,59975.3644061895,51624.5811789573,620951456808.348,0.0132039613355993,27.029968341641,..,37.9533849763859,1.15009466283262,3.36375559523307,4.08451833464332
2020,YR2020,Switzerland,CHE,8638167,121.785977998371,9.34487114946415,77324.8870934007,84637.0132935333,667945287968.94,0.000231251911067443,36.0090820287783,0.944726961754623,28.8168877057859,0.772558973227674,-32.1514826654422,-14.9854952402416
2020,YR2020,Syrian Arab Republic,SYR,21049429,44.818335302748,..,4633.34951847728,740.811397013438,97529361721.3717,4.01504490668102,..,..,..,..,..,..
2020,YR2020,Tajikistan,TJK,9749310,55.7491040194954,..,3724.7489591466,1171.90127480359,36313732274.8975,0.123761200414224,6.74325941444942,..,..,0.947973986993497,1.30975252279444,0.864707114827374
2020,YR2020,Tanzania,TZA,60972798,27.9630151969884,11.6267688573291,3449.82153320313,1041.25964355469,203975515772.129,0,5.30174717889683,14.6183984310122,36.0063657961263,1.07713241782149,1.42845965174632,..
2020,YR2020,Thailand,THA,71641484,97.8007432465178,15.1931521673405,19957.257140917,6035.18627737077,1429767518144.89,0.173930820486899,15.1036019839743,2.67827473160289,43.3997600230342,1.46077928107965,-0.857989527274493,3.68698906150817
2020,YR2020,Timor-Leste,TLS,1326053,84.7503102509987,12.6427114830487,6594.88175503901,1947.83992943521,8745162735.91475,2.79171478872949,40.9445328459611,1.26936845925979,5.95541779569925,1.77790106333796,-16.2053004878706,-1.17912573411444
2020,YR2020,Togo,TGO,8669720,55.0659513954403,12.7192270521983,2570.48315208534,808.300697079208,22285369193.2973,0,12.7165842599228,14.8156620005134,45.3166758415513,2.16399918335325,-0.79089727996859,-1.49963273433204
2020,YR2020,Tonga,TON,105704,81.8494988890262,20.3876000913108,6980.41011734068,4647.0076512901,737857271.043379,0,36.0198522789968,5.06063822091737,32.5078579126574,..,0.754966505925585,0.212867866122341
2020,YR2020,Trinidad and Tobago,TTO,1366725,..,..,30720.8876936042,15679.9611486825,41987005233.0412,1.42924604742787,10.5442750637421,..,..,0.812607258583509,5.0552618910961,0.469209064759879
2020,YR2020,Tunisia,TUN,11974057,84.3333297071767,..,11955.5983698479,3749.26841452928,143157016349.666,0.916677526611502,18.0464670028764,..,..,2.71275567542328,1.46634304906862,0.0726939401746566
2020,YR2020,Turkiye,TUR,83384680,60.389853117297,17.4856241859009,28976.7179161611,12338.643833135,2416214350889.36,0.0612400945022421,8.61730723268331,1.75287578951021,37.3561713662427,2.19555218691023,1.02531493703228,0.443139970791272
2020,YR2020,Turkmenistan,TKM,6949912,35.9365938526967,..,15791.1775857601,6965.11226889286,109747294597.405,..,..,..,..,..,3.45999795208479,..
2020,YR2020,Turks and Caicos Islands,TCA,44386,..,..,19702.5368196855,33739.4253991739,874516799.278562,0,..,..,..,..,3.31220825207674,..
2020,YR2020,Tuvalu,TUV,10399,..,..,5154.45957834015,4233.0183205634,53601225.1551592,..,63.1460362927388,..,..,..,0.193249432786911,-2.7588717348455
2020,YR2020,Uganda,UGA,44457152,37.0006923916369,11.391163306811,2678.00907202293,917.0350317644,119056656372.302,0,11.3586420455863,8.77391668704681,43.3242116218706,2.46768517919382,3.16881317773755,0.000877214730056513
2020,YR2020,Ukraine,UKR,44680014,79.1564523761815,19.1514002992876,17092.5390625,2324.107421875,721606765377.531,0.191284197093986,17.0657570908374,2.23464770974495,40.0977012145695,4.40031470276707,0.194103193490519,0.231136039616999
2020,YR2020,United Arab Emirates,ARE,9401038,181.29188817064,0.667404502327936,66808.6477560191,39878.474427695,628070636282.95,10.4940977026696,..,0.0154131941718188,9.43019845206723,..,5.56735507865122,5.30217000259973
2020,YR2020,United Kingdom,GBR,66744000,59.1598893030611,24.5433751270756,47158.985486323,42982.4631007642,3147579327299.14,0.240228124941138,22.6565394120655,0.0360483667696017,33.1697075435432,2.16304030547387,5.77039185007421,0.601630459727419
2020,YR2020,United States,USA,331577720,23.4015629969394,10.2949840532629,67342.0709287722,59194.6665172031,22329130338640.6,0.187625106322478,5.75081559064462,1.81442616676516,2.29286299779786,3.64518757294704,0.650821071352324,1.34057289113254
2020,YR2020,Uruguay,URY,3398968,47.7318733182088,18.5526476965432,27788.1854968153,16443.3635000843,94451153281.7393,0.00396420911308914,14.2080468127369,3.32770446484384,29.2701912011426,2.05692189335606,1.81750744846519,-0.22477771069646
2020,YR2020,Uzbekistan,UZB,33586372,56.0515308349971,13.4020276228784,8727.41104939223,3249.05191094018,293122074101.798,0.395640310697318,7.9677446007089,3.11368154200659,40.7562412069179,..,2.60108803608825,0.0170217448317792
2020,YR2020,Vanuatu,VUT,298858,69.9148948336494,14.0402557920117,3259.99543753198,2771.87098808052,974275716.469933,0,29.8523312701008,7.94008456745165,28.0637998705187,..,4.52584159327415,0.161107496070518
2020,YR2020,"Venezuela, RB",VEN,28444077,26.0912344958707,..,..,1255.37263090506,..,..,..,..,..,1.57552271230291,3.51089983775956,3.4291967165351
2020,YR2020,Viet Nam,VNM,98079191,163.245862814935,..,11851.3965685649,3303.16949807493,1162375387665.02,0.242642397619719,7.35309946037571,..,..,..,4.55836196782424,0.109631490365393
2020,YR2020,Virgin Islands (U.S.),VIR,106290,113.596594939702,..,45055.7829303523,35850.7433148653,4788979167.66715,0,..,..,..,..,..,..
2020,YR2020,West Bank and Gaza,PSE,4803269,67.2881912475775,..,5423.68254653126,2922.46801084844,26051406241.5946,0,14.4050196504083,..,..,..,0.513433766585376,-0.380533526321657
2020,YR2020,"Yemen, Rep.",YEM,36134863,..,..,..,..,..,..,..,..,..,..,..,..
2020,YR2020,Zambia,ZMB,19059395,79.2068494095955,16.4180055087603,3391.59541156095,1228.73500113195,64641756629.1277,0,9.01420187410142,4.9724277093811,29.1520253865599,1.16572196732911,1.35190577412928,0.353067991566328
2020,YR2020,Zimbabwe,ZWE,15526888,40.1784062234355,..,4527.71988082724,1230.81933361016,70301399484.9779,0.0291292966776496,3.65144906759142,..,..,0.974989311324521,0.470482157673421,-0.0109442257187455
2021,YR2021,Afghanistan,AFG,40000412,51.4117163747271,..,2144.16657002819,408.625855217403,85767546197.7544,0.0178695056581909,..,..,..,1.827933856217,0.144466946606861,0.215925454725649
2021,YR2021,Albania,ALB,2489762,75.5904040905009,18.0962279133573,18212.8702466686,5511.75743402862,45345712251.0862,1.04218369204761,33.9022138945778,1.36110264363987,45.5942080862216,1.24298808396067,6.75791457973236,0.276960951113329
2021,YR2021,Algeria,DZA,44761099,46.8370592599607,..,14496.8654697299,4456.74687637774,648895630480.26,14.4615654623053,5.42858913354419,..,..,4.89003270596997,0.466728479682941,-0.0271502640676312
2021,YR2021,American Samoa,ASM,49225,136.8,..,..,13233.5784817341,..,0,..,..,..,..,..,..
2021,YR2021,Andorra,AND,78364,..,13.1108385219337,59332.2029100127,36929.0364995869,4649508748.84024,..,87.495948082303,9.88491084206063,23.5651002710368,..,14.5826559404996,4.19753084262535
2021,YR2021,Angola,AGO,34532429,61.5262136695806,10.7033300733944,8862.28133314521,2832.81777132286,306036100914.862,28.2744398825844,8.9792801788806,2.25300528408135,12.1828105955828,1.39322266365773,-5.47403409372737,-1.32903048179628
2021,YR2021,Antigua and Barbuda,ATG,92349,101.074960584779,..,25745.4958067746,16084.7214406048,2377570792.25983,0,62.2768098175109,..,..,..,17.8854599675431,-0.612055440225256
2021,YR2021,Argentina,ARG,45312281,33.078689567466,11.3410740324002,26300.274261175,12549.2811699342,1191725417699.43,1.54438228879011,4.7018601528908,15.0422482349974,28.7176779210258,0.631788619254705,1.36838083162438,0.317298745187022
2021,YR2021,Armenia,ARM,2962300,79.2489057647112,22.0010047373073,15921.705281964,4264.79961505187,47164867556.762,0,22.6029577373403,5.13446957193162,52.4815399482146,4.46514475903396,2.64014282794454,0.177202269747598
2021,YR2021,Aruba,ABW,107700,139.917797708768,..,35104.7868035374,26292.9179363154,3780785538.74098,0,102.900894833384,..,..,..,4.63553026601194,-0.168548041536532
2021,YR2021,Australia,AUS,25685412,40.2022359390595,23.0039076566829,58327.4146842325,59465.535671364,1498163677059.36,0.264201375268924,6.14834117353559,3.32071475164726,20.0366097670021,1.97847691589702,2.01542405903096,0.592613958965963
2021,YR2021,Austria,AUT,8955797,111.032932124165,26.0148539837239,62968.9422311892,45368.6434337368,563937063927.258,0.0378037868173202,28.7719938816304,..,26.3038268154515,0.873515488270759,3.95409878611296,6.05460880660191
2021,YR2021,Azerbaijan,AZE,10137750,76.286865687015,13.4213202980155,20111.3756952109,5349.58226071425,203884098954.124,20.983375083624,17.9016722978503,3.83191766516298,18.9879973068381,4.93051740712765,-3.11473447263613,0.140422109970473
2021,YR2021,"Bahamas, The",BHS,396373,65.9325413308964,13.3895376505774,31064.6822166194,29114.0597726386,12313201284.2481,0,36.3393831576473,15.6732850549104,61.1369795019619,..,3.18239411083404,0.703441911605882
2021,YR2021,Bahrain,BHR,1504365,153.799316485108,..,54954.6757895532,24086.7847803428,82671890844.1512,10.9376756365994,58.3123642217462,..,..,3.51979682208909,4.3566259787756,0.157593944224768
2021,YR2021,Bangladesh,BGD,167658854,27.7240047036631,7.64236300887138,7441.06913961254,1702.08028414189,1247561124482.2,0.0315771885826906,4.4059072846168,9.31776883797954,43.2156944417241,1.16873060016575,0.414118154040593,0.0199831998498078
2021,YR2021,Barbados,BRB,282147,..,..,17682.7314537483,17475.0281776857,4989129631.48072,0.309362900191603,..,..,..,..,4.01400677589932,0.297002967608511
2021,YR2021,Belarus,BLR,9302585,136.014167877476,12.8250049638453,27611.1801135157,6457.73053706343,256855349956.29,0.81410582144289,22.977148957555,10.0708749209368,30.5812473042438,1.36528926554311,1.76640687852003,-0.113650212181253
2021,YR2021,Belgium,BEL,11586195,177.381892440073,23.2249877086564,60669.2137746531,43140.9676652971,702925341289.817,0.0312735679835233,45.6687765305706,..,26.9986573459231,1.04263994220028,5.6774240968721,10.4286546352298
2021,YR2021,Belize,BLZ,395346,98.9824369429997,..,11716.3267818656,5839.40157956017,4632002927.90342,0.280281956428533,37.6443259696349,..,..,1.0975102664713,5.16738739330779,0.063294506762881
2021,YR2021,Benin,BEN,13413417,48.0548608324409,..,3464.2886286745,1176.37727637273,46467947984.7692,0,8.15550172929791,..,..,0.550883648806243,1.95608661099463,0.242554559941211
2021,YR2021,Bermuda,BMU,64648,71.4081698076429,..,92319.6714861219,103134.729483915,5968282122.23481,0,26.9711289924379,..,..,..,0.681418926611757,-0.367377984501313
2021,YR2021,Bhutan,BTN,775442,77.5824482709826,..,13458.812666743,3206.20366997254,10436528611.9245,0,5.64558121116598,..,..,..,0.244983575408047,..
2021,YR2021,Bolivia,BOL,11937360,47.6670843158984,..,11202.4409836707,3011.55110807557,133727570900.831,1.26335187425347,5.03308414068126,..,..,1.32579943750687,1.21888494970059,0.190755534855508
2021,YR2021,Bosnia and Herzegovina,BIH,3244907,96.7391144408744,19.098149294853,18286.7373324233,5995.54197590494,59338761977.1417,0,13.4449504670435,0.000121420381322579,43.2575701506985,0.886133600491203,3.24230818475028,0.386720115488025
2021,YR2021,Botswana,BWA,2401441,88.7587495865805,22.2304202220167,17960.6254447437,6895.91184943107,43131382328.6508,0,8.46888891321299,20.6967344704023,16.9186798391949,3.04556932426419,-1.70161470195308,-0.175572351177628
2021,YR2021,Brazil,BRA,209550294,37.6563307592575,14.136675133405,18075.7060048757,8799.22844579944,3787769507579.26,2.60445733698427,5.38238279614694,2.79337219425969,21.8589559936359,1.14903763026142,2.77979074096507,0.972038115112356
2021,YR2021,British Virgin Islands,VGB,37809,..,..,..,..,..,..,..,..,..,..,..,..
2021,YR2021,Brunei Darussalam,BRN,451721,147.123112375318,..,78248.797127611,29256.1833678343,35346624887.2816,10.3734034426076,7.82353967056751,..,..,3.23636748209722,1.47404982867232,..
2021,YR2021,Bulgaria,BGR,6507301,121.214088263823,20.5917857007665,30959.1118459807,9161.47737990726,201460259474.462,0.0193926462885907,20.6828681415516,0.0404322019198633,42.3508425314442,1.5107237100085,2.52884122158723,1.30539265045724
2021,YR2021,Burkina Faso,BFA,21995243,62.4203586607795,16.0197877797196,2486.43093147762,745.472563435144,54689652540.5665,0,10.0078703072852,10.3185024519382,39.2305303726037,2.33362863136249,-0.405926078113797,-0.218907298840621
2021,YR2021,Burundi,BDI,12965481,..,12.6333374627504,1035.53857384938,264.682651664249,13426255704.0112,0,11.5335833838428,9.99354872645264,46.4165110101759,2.04300976329884,0.650589004531073,0.0331063697208557
2021,YR2021,Cabo Verde,CPV,516649,77.4550586265341,..,7685.41921393669,3471.6553421786,3970664151.46117,0,25.1415897895328,..,..,0.546659834120196,4.45730498164251,-0.0310294711301826
2021,YR2021,Cambodia,KHM,16974305,146.179846509715,11.9927698915381,6225.53265474741,1938.76436741728,105674090069.142,0.0410317572268778,7.4665783726643,9.78736389519608,46.0095002396119,1.70160776824328,9.4684591111041,0.251201994742066
2021,YR2021,Cameroon,CMR,26915758,36.7308347188558,11.3415157268484,4793.55628200196,1443.57600237663,129022200845.744,2.36159953238547,8.96293676377452,11.242627062945,43.291830392748,0.985208787517684,2.14061326900656,0.121793603930951
2021,YR2021,Canada,CAN,38239864,62.2468367159421,13.996294680919,56995.1176781351,44639.193269037,2179485548675.88,2.82978528865474,12.0274279437784,1.02742168063765,13.4650276514491,1.25420081409628,2.97618288160973,5.17851725947531
2021,YR2021,Cayman Islands,CYM,70108,..,..,74160.4914000191,77259.6331345061,5199243731.07254,0,80.2943628083792,..,..,..,-13.3283722401281,-38.2900871786194
2021,YR2021,Central African Republic,CAF,5112100,44.159119995104,8.20629230003801,1128.55237996459,396.020622931961,5769272621.61696,0,..,15.8626363023862,30.1456815022172,2.14924843936704,0.214980465443776,..
2021,YR2021,Chad,TCD,17828273,43.9465041015895,..,2435.07274651099,857.527630579087,43413141699.6577,16.7515661611417,..,..,..,2.07913556881174,4.17913326043699,..
2021,YR2021,Channel Islands,CHI,166741,..,..,..,64267.6930018122,..,..,..,..,..,..,..,..
2021,YR2021,Chile,CHL,19456334,64.8774063237834,19.6762203580828,29089.850459728,14051.4713630677,565981846554.521,0.0126983242549898,7.66876395661587,0.840795956780239,46.6302690498853,1.6474241515743,4.81308998117864,4.6215853123469
2021,YR2021,China,CHN,1412360000,36.5206911762676,7.79829641266187,20843.2978347377,11469.5707134928,29438240129870.1,0.308578757061099,4.28530372813365,1.66715839789604,31.2308199909555,1.60525971842503,1.8903454142588,0.982313479294658
2021,YR2021,Colombia,COL,51188173,40.0591463936128,14.4462991915374,17383.0901728295,6457.16921807086,889808627041.398,3.42402487593374,7.0238742475578,1.44401781200323,25.6664075104356,3.1957582534691,3.00175693787234,0.998608409489945
2021,YR2021,Comoros,COM,818174,42.0677236368446,..,3377.88518482587,1359.76242021159,2763697833.20972,0,20.025427193628,..,..,..,0.316353618234776,..
2021,YR2021,"Congo, Dem. Rep.",COD,99148932,75.3870523860732,7.86739721544676,1402.38560295221,485.160805929784,139045034784.888,0.649836903019219,6.96924561151913,5.57733973370371,26.9901607811315,0.533178814847647,2.84027556004194,0.325660295891191
2021,YR2021,"Congo, Rep.",COG,5892183,85.5462031552188,6.50908825854792,6263.21161292636,1701.79060456872,36903988991.0873,34.3828809069635,13.1342123500606,6.63598832391551,13.797154501125,2.34034890602655,-2.15982873741865,0.0672399742093099
2021,YR2021,Costa Rica,CRI,5059988,70.7816423027085,14.040585857592,23852.9253020002,13146.6927918465,120695515793.017,0.00896579369125843,20.0877843771349,3.88883602689035,25.4444263405684,..,5.53072986406838,0.687526147382902
2021,YR2021,Cote d'Ivoire,CIV,29639736,45.1140327762435,12.3894127184877,6045.20480490879,2146.47635317946,179178274483.428,0.70017290136454,6.64061388997012,23.9182226864518,40.6952625906275,0.876213826792915,1.91282655892028,0.391804995257516
2021,YR2021,Croatia,HRV,3878981,102.328697150799,21.0722052505456,36930.2841941405,15395.1287782758,143251870713.671,0.280358036189526,32.1562047173438,..,47.4025707234889,1.97150113166485,7.42754516764421,1.71100582485064
2021,YR2021,Cuba,CUB,11122168,80.0237703083904,..,..,7379.04275283674,..,..,..,..,..,..,..,..
2021,YR2021,Curacao,CUW,153948,..,..,24905.7684453244,15625.4114231051,3834193240.62081,..,52.770810120436,..,..,..,6.23861045205909,0.102351104220813
2021,YR2021,Cyprus,CYP,1317309,176.82773681987,22.5522799224155,47632.76953125,29517.072265625,43923129044.8892,0,130.478631448164,..,30.0989883607092,1.78406744246115,21.8171172987562,7.7765360510569
2021,YR2021,Czechia,CZE,10505772,137.378116302868,12.9358385035563,47796.0337408466,20373.8783043424,502134232985.641,0.00965696429550218,19.127901821586,..,26.503940159934,1.35325325729994,4.43029524586196,3.967694097711
2021,YR2021,Denmark,DNK,5856733,112.321472697291,35.1995025742209,69715.1809680929,59312.8158043771,408303200976.802,0.270290117190291,46.0897595779944,0.0414818073334047,32.616855698298,1.29155763565745,4.18538817542322,8.98143557932231
2021,YR2021,Djibouti,DJI,1121248,263.477728733891,..,5960.10807396825,2854.15987035097,6682759257.72075,0,47.9410721002358,..,..,..,4.91482788768696,..
2021,YR2021,Dominica,DMA,67202,..,..,15808.9743503945,7738.31730070386,1062394694.29521,0,37.4820440698484,..,..,..,5.0343144105378,0.413990433329384
2021,YR2021,Dominican Republic,DOM,11123476,51.9500227303115,14.3635003789511,22053.4589869955,8344.90510312395,245311121758.829,0,13.2019030153942,5.46407000040221,50.8441434366499,0.647239948925026,3.53154938314388,0.161200674891095
2021,YR2021,Ecuador,ECU,17682454,53.261275610573,12.735868402819,13507.4445638375,5815.09477390949,238844767157.606,6.40325083301788,6.45244094006854,7.04482303681055,22.295853670716,2.24210709535338,0.607511454080008,..
2021,YR2021,"Egypt, Arab Rep.",EGY,110957008,29.8569734808122,..,15579.0160861551,3837.31992324447,1728601012503.64,2.98581458250197,10.6018880138374,..,..,1.12200927143154,1.20617861055665,0.0864196845312242
2021,YR2021,El Salvador,SLV,6255782,81.8450759800765,19.6896754276569,10809.713399518,4247.54750394978,67623210509.8633,0.000150418698822045,18.5971998214036,3.38403969738876,37.2163019604653,1.21053697201576,2.7560499827498,1.47047518732478
2021,YR2021,Equatorial Guinea,GNQ,1758786,76.9666485998527,5.39509912535224,16821.4486470413,5487.92479201992,29585328380.1352,14.9400221325798,..,1.26278028288373,5.97194077824239,1.34533764165546,4.59725955429429,1.84336491733884
2021,YR2021,Eritrea,ERI,3350183,..,..,..,..,..,..,..,..,..,..,..,..
2021,YR2021,Estonia,EST,1330932,160.471922305927,21.7424154968985,44251.5374983455,21570.6658455268,58895787305.748,0.962229214145247,51.5720559432279,..,35.7925735800308,2.01231933389152,20.2291128645653,17.0503303019475
2021,YR2021,Eswatini,SWZ,1206593,89.9313874866569,24.3477036729934,9990.43491951205,3719.03838239806,12054388840.8388,0,6.42314933604835,35.4945015359222,25.7795710028953,1.67850436407438,2.34790226144325,1.21787550410788
2021,YR2021,Ethiopia,ETH,122138588,24.3450574647644,5.32472596181248,2588.41310215884,790.65701959778,316145121458.38,0,11.0862745648438,17.1200988059856,26.5438469353659,1.60917093329444,3.90520609771909,..
2021,YR2021,Faroe Islands,FRO,53296,103.488037146112,..,68426.7943218898,56270.2511347442,3646874430.17944,0,..,..,..,..,..,..
2021,YR2021,Fiji,FJI,916711,..,16.4195674853394,10322.4279638854,4507.33353596072,9462683261.20136,0,19.0757193988209,13.8859089073626,33.7486281432751,1.59594278733602,9.85590435372296,0.774312892335778
2021,YR2021,Finland,FIN,5541017,79.7892781913782,20.8297824444051,56790.3766177692,45792.0454180872,314676442275.461,0.0456314892036643,24.1348818765767,..,38.0909139469045,1.30243925969996,8.01406291677223,6.8337581005663
2021,YR2021,France,FRA,67842811,63.788482630872,23.9794445386059,52517.3354905855,38030.8571685178,3562923665911.39,0.0071021867060762,19.7075250131437,0.00339092995887535,20.7818183101236,1.98022225807935,3.30405312221271,3.98508078434687
2021,YR2021,French Polynesia,PYF,279792,52.9788183937695,..,..,19626.2332540206,..,0,..,..,..,..,-0.427435261380748,0.21876080780245
2021,YR2021,Gabon,GAB,2376722,85.3483122054007,9.49032554345705,18523.5798032193,6479.04900690761,44025399637.0671,15.5565091491463,..,19.8321795169287,13.9513399199535,1.60218113320742,7.86436710820957,..
2021,YR2021,"Gambia, The",GMB,2576010,42.0979827971754,..,2777.79620978324,689.49323955737,7155630814.36372,0,11.3530777430258,..,..,0.775165384461361,12.5026201279668,-0.168128249328739
2021,YR2021,Georgia,GEO,3708610,101.60090754891,21.4728937487649,18915.6534005263,5175.19865185825,70150781357.7257,0.0292949219912809,23.1932710670654,0.559455049340827,52.0720557382994,1.59240624613036,6.84360165773215,1.84228150028497
2021,YR2021,Germany,DEU,83196078,79.9195348609851,11.4768326661851,62530.7653199239,44011.0194631674,5202314428956.09,0.0140349033815617,18.7906178940044,..,21.424894049167,1.29982374349238,2.93002168676674,4.92980809254238
2021,YR2021,Ghana,GHA,32518665,62.7078309128346,12.2446867253489,6607.50297378321,2030.04866500967,214867175690.96,4.05501917796431,25.9047747555882,9.90755258228388,35.2849368640909,0.382741906430833,3.18633188953992,0.150541140547174
2021,YR2021,Gibraltar,GIB,36858,..,..,..,..,..,..,..,..,..,..,..,..
2021,YR2021,Greece,GRC,10569207,88.0126654490379,25.5777359596935,33531.15511226,19232.9683327114,354397719330.584,0.0116928580271195,30.8537068204065,0.0239302603840237,32.7331775967181,3.80247367841764,3.0165221032062,0.626117236290764
2021,YR2021,Greenland,GRL,56653,83.6838572277142,..,69302.0088788237,48709.9339758895,3926166709.012,..,..,..,..,..,..,..
2021,YR2021,Grenada,GRD,116688,..,..,15290.250903138,8782.32193426078,1784188797.38537,0,64.4033949834982,..,..,..,13.5644762706271,-0.834873597359736
2021,YR2021,Guam,GUM,163730,61.8383060635226,..,..,33239.4846327875,..,0,..,..,..,..,..,..
2021,YR2021,Guatemala,GTM,17598650,49.2611494576228,11.5588951013521,11825.141273764,4268.62858565412,208106522477.527,0.118140036355359,8.02560019024709,4.33974323232324,52.6498606376171,0.390634304160435,4.19448571319716,0.741162326194232
2021,YR2021,Guinea,GIN,13710513,115.195532789356,..,3738.8051255133,973.646890096159,51260936277.8168,0,6.98800112624888,..,..,1.54641182201592,1.15770496278309,-0.0182786270122121
2021,YR2021,Guinea-Bissau,GNB,2058841,44.8094556831993,8.78805445875264,2522.76764302521,729.627090607537,5193977456.93366,0,10.6559421199893,18.9816039755736,27.0543381103092,1.46036445301284,0.971111377767191,0.0496173808382993
2021,YR2021,Guyana,GUY,815482,..,..,22865.9270968882,10711.9973374148,18646751960.8246,22.0821753098304,38.8536704359697,..,..,0.954930861063661,27.8124987352703,0.185291991525828
2021,YR2021,Haiti,HTI,11374586,37.0465594645645,..,3145.00681057269,1292.71954963551,35773150437.4447,0,3.69377001175759,..,..,0.153942307239608,0.244929572826407,..
2021,YR2021,Honduras,HND,10289877,103.372643459918,..,6202.98078812037,2423.76634916911,63827909343.1217,0.00101153040386899,20.2133483434407,..,..,1.49821773541885,2.84361329738544,1.02202179828367
2021,YR2021,"Hong Kong SAR, China",HKG,7413100,402.459681454463,..,65884.9376260603,44530.9262090583,488411631115.747,0.00035629289325357,38.1800217057181,..,..,..,37.1838191639948,25.3274100308885
2021,YR2021,Hungary,HUN,9630932,159.187527332834,21.3456992963306,38887.1909527154,15787.9535427563,374519891736.617,0.183887560301271,26.4157803144473,..,39.1049613813033,1.31520993597457,18.2639108972104,16.107690480735
2021,YR2021,Iceland,ISL,372520,76.2317249850944,21.0561506210511,61610.2132740715,54285.0209153958,22951036648.8571,0,25.556866926334,0.433014620701424,38.8123867148346,..,1.52832650765088,-0.161102503386623
2021,YR2021,India,IND,1414203896,45.4230887840446,..,8050.01857452664,1965.30943437506,11384367630967.9,0.325610194100608,11.9544397633216,..,..,2.46874153034185,1.41217101040888,0.54427728129202
2021,YR2021,Indonesia,IDN,276758053,40.2047582749671,..,12757.0746440204,3850.68877253903,3530623140454.75,0.766028339629635,3.58202357494839,..,..,0.741525844917975,1.7878556314554,0.330947672095919
2021,YR2021,"Iran, Islamic Rep.",IRN,88455488,42.672379536261,..,15884.4276775963,5300.62271961895,1405064801822.49,18.2658980929233,..,..,..,2.22394282528392,0.34982143161472,0.0200331932381897
2021,YR2021,Iraq,IRQ,43071211,61.5032683117218,..,12731.7535755129,4182.5006404573,548372044650.92,42.7870984915076,10.0921854332708,..,..,2.26111174702371,-1.25770209772783,0.0641893991408507
2021,YR2021,Ireland,IRL,5110585,231.032350863586,16.6215641952694,116903.61243517,92781.2322150786,597445848156.993,0.00194465680647297,143.023454724337,..,28.5741496110281,0.238637692712824,14.6537815105934,23.7143213282407
2021,YR2021,Isle of Man,IMN,84106,..,..,..,89873.5420093569,..,..,..,..,..,..,..,..
2021,YR2021,Israel,ISR,9371400,54.9016842006986,24.5642567326344,46162.0822730247,40804.9689802536,432603337813.424,0.0115224616168168,21.8902440966153,0.687100119164407,33.1728220988037,4.9349458892043,3.86849852798664,2.11680457081035
2021,YR2021,Italy,ITA,59133173,60.3019776202798,24.8769150126615,49825.3934111848,32267.7091050201,2946333608376.65,0.077005203060734,10.1147010878779,..,23.8842778039197,1.66286387777873,1.20474315612308,2.66378600555641
2021,YR2021,Jamaica,JAM,2837682,..,..,10430.6909771759,5607.45378253877,29598984033.4944,0.294903461359937,37.9771040681552,..,..,1.46676867767402,2.00753132739669,0.351762241309866
2021,YR2021,Japan,JPN,125681593,36.7384462280698,..,44355.3487163354,35741.1601062924,5574650884739.54,0.00223132111964285,7.54666891868694,..,..,1.06384050244526,0.695100892094565,4.16125568185979
2021,YR2021,Jordan,JOR,11066356,80.3328699444404,17.118346332527,9182.496161256,3874.32714084633,101616771489.092,0.0143633135367042,18.7196736806636,4.15803919976477,49.6884269528833,4.70182146525246,1.34316062049226,0.0343776104452151
2021,YR2021,Kazakhstan,KAZ,19743603,58.6686085779207,9.44711136309549,32945.8515725823,10873.3915275276,650469813945.991,14.8448016221428,7.08711967488453,17.1669913163787,26.7644863556098,0.819281683646492,2.31675874599247,1.35210964376389
2021,YR2021,Kenya,KEN,53219166,35.0020477795269,13.5546443273847,5338.85243382781,1698.89578271444,284129273925.386,0,8.74058825681504,8.34086684709128,35.8726614838624,1.07720025210221,0.382593996518954,0.732275713145374
2021,YR2021,Kiribati,KIR,128377,74.5005430117832,21.8430816274509,3020.49399935695,1893.52661599343,387761958.155447,0,20.3673519640644,2.9505719286305,14.774524561821,..,0.36155661211342,0.0355404844451348
2021,YR2021,"Korea, Dem. People's Rep.",PRK,26232534,..,..,..,..,..,..,..,..,..,..,..,..
2021,YR2021,"Korea, Rep.",KOR,51769539,75.3063047610912,15.667386421853,51718.2518656631,34792.9397214598,2677430056971.27,0.0283124162355571,12.6232810668361,1.37696419461323,18.6836953597345,2.61904941244001,1.13577953855347,3.39804042593299
2021,YR2021,Kosovo,XKX,1786079,98.6384304855253,..,12362.4210181213,4429.87597525975,22080260569.6251,0,34.8153966344028,..,..,0.845929878221182,5.3214299513939,1.26177336172484
2021,YR2021,Kuwait,KWT,4360865,82.0019394603961,..,50651.9575337091,26203.2617257856,220886348790.238,..,20.0831988887237,..,..,6.35158136559629,-0.183575378772919,-1.51058548225453
2021,YR2021,Kyrgyz Republic,KGZ,6851224,100.261376861569,16.4912602766568,5736.47883415154,1132.5546781282,39301901464.0311,0.0824296570356698,13.639979735718,10.9449232603974,35.1097864082863,2.840273087853,2.44569276771409,-3.61673970712765
2021,YR2021,Lao PDR,LAO,7453194,..,10.3910216640385,8080.43553249923,2556.58912640405,60225053628.2101,0,2.00451097650102,4.44980915050366,49.3636312889677,..,5.69344695957329,..
2021,YR2021,Latvia,LVA,1884490,136.796615414819,16.4537367202272,36912.0130602161,16070.1680032322,69560319491.8466,0.0653994018600052,27.6778370328525,..,42.8549894208506,2.15577987505149,9.77936027100744,7.00346274418469
2021,YR2021,Lebanon,LBN,5718122,78.8286204025241,5.68479554527678,11599.7755083765,5973.41933892988,66328931529.5091,0,46.5662626204916,2.52011352366628,34.8974069004493,1.60905429967969,2.5929006838647,-5.78756842302687
2021,YR2021,Lesotho,LSO,2261542,139.186479465407,31.8702314104686,2544.78249551214,955.221236301503,5755132494.46552,0,17.8685139093729,9.82534275889363,29.8243647745032,1.53556597959744,-0.512915958026648,..
2021,YR2021,Liberia,LBR,5259323,..,..,1539.20892304674,621.927983063426,8095196890.78495,0,15.970694426862,..,..,0.847050441721288,-1.11842850292887,1.80184567962962
2021,YR2021,Libya,LBY,7135175,164.284069967105,..,12641.5097714075,7731.35448152581,90199384483.2022,56.3779371892049,24.2262509355993,..,..,..,1.71219284038518,0.640013708495556
2021,YR2021,Liechtenstein,LIE,39182,..,..,..,..,..,..,..,..,..,..,..,..
2021,YR2021,Lithuania,LTU,2808380,154.80672767597,21.2744476140313,45873.5273239486,18569.7057246217,128830296666.031,0.015948543146471,38.2557540775578,..,33.9725262964775,1.94955292042791,3.74064234382321,1.89459574190952
2021,YR2021,Luxembourg,LUX,640064,397.506180867971,26.0024291787653,136772.443753292,110873.185245175,87543117438.5072,0,327.954667115343,..,28.3453763441149,0.47124923612019,28.7187121123012,120.945537300721
2021,YR2021,"Macao SAR, China",MAC,682500,171.31597082054,19.5195200639371,73374.4486829589,41634.2386139903,50078061226.1194,0,74.0023368129343,..,63.1265616757804,..,18.372810695022,14.506336481651
2021,YR2021,Madagascar,MDG,29691083,55.2158585927485,10.381196752261,1577.43246056529,431.599103077746,46835678113.5382,0.0838298700394072,12.1649921457075,13.1257899080076,51.6676646321512,0.67886477563931,2.49072338064723,0.796443220061969
2021,YR2021,Malawi,MWI,20047258,44.5957618170542,11.587752882388,1687.59358179651,569.968967322435,33831623933.4187,0,8.53513355147014,6.57869339514812,37.1728037265096,0.730315165462018,2.10487333180054,0.00513993674722205
2021,YR2021,Malaysia,MYS,34282399,134.035994690727,11.2160748421804,29822.8491831618,10388.2667120857,1022398815013.98,1.84561185301968,15.6040561136361,2.01195760952224,19.3472400068613,0.982646998395369,5.41626377085161,3.4204131736825
2021,YR2021,Maldives,MDV,516154,142.607296696261,19.453248279288,19052.6224904311,9759.2219360708,9834087308.92595,0,91.218508551752,17.6963585671893,42.272062249256,..,12.238665987932,..
2021,YR2021,Mali,MLI,22388630,56.7150525565465,..,2796.22793795433,872.332509419855,62603712698.5224,0,12.8540673440926,..,..,3.38177520702573,2.78245724174957,0.242943370452637
2021,YR2021,Malta,MLT,518150,220.165634087757,22.4082685021821,56852.3218512267,31436.3493030938,29458030567.2131,0,158.850158354389,..,30.5116396666355,0.446085155562138,433.392526462574,348.592697020069
2021,YR2021,Marshall Islands,MHL,41367,120.056180461081,..,6767.95785510528,5455.31642282232,279970112.59214,..,31.6143072618861,..,..,..,0.191172042544106,..
2021,YR2021,Mauritania,MRT,4734874,88.3068737571235,..,5836.56580821897,1520.3111804259,27635403694.625,0,11.4887674103283,..,..,2.29399489807024,11.6047527792442,0.0946989127390898
2021,YR2021,Mauritius,MUS,1266334,135.19300461461,18.0479952450531,23010.2013826905,9804.0031863121,29138600357.748,0,31.526576810743,1.11851897168371,54.1245643013144,0.171377098585721,2.24180552669211,0.584462273150063
2021,YR2021,Mexico,MEX,127648148,83.0692976357895,13.4112621210704,20782.5877417545,9728.05680032556,2652858835882.47,2.06594374719816,7.38868558009815,1.57698122434602,31.5382677221211,0.659404192954647,2.70547578986932,-0.0228702422180526
2021,YR2021,"Micronesia, Fed. Sts.",FSM,111624,87.3335905673594,..,3946.41608109166,3023.96457451783,440514748.635775,..,..,..,..,..,..,..
2021,YR2021,Moldova,MDA,2595809,88.4708865399267,18.3881163669346,15682.0703284653,3688.16729442144,40707659297.2633,0.0117069637364196,20.4308114987548,3.14616908878397,48.2038348910571,0.370579924924369,2.8200678267721,0.104295474376633
2021,YR2021,Monaco,MCO,38527,..,..,..,194674.777609089,..,..,..,..,..,..,..,..
2021,YR2021,Mongolia,MNG,3383741,119.098078437771,16.908849519801,14792.2509086422,4063.53669849245,50053145881.8599,1.49715573696848,21.6158947250088,7.01396139481276,30.9358199129339,0.619505072530135,14.217731942267,0.741588812452762
2021,YR2021,Montenegro,MNE,625053,105.719249175045,..,23690.0773513056,7198.30460781272,14807553918.6656,0,45.2704349438716,..,..,1.55528019503059,11.9123394477171,0.183915340095866
2021,YR2021,Morocco,MAR,36954442,75.5234171756506,19.6652056341912,8623.265625,3309.130859375,323485096796.555,0.00101118511153249,16.8908743735019,3.97908985932907,45.0933163463236,3.74975618124605,1.59422321445366,0.452579869286729
2021,YR2021,Mozambique,MOZ,31707800,112.078964458333,22.7477557091156,1457.23540930922,588.215854695416,46205728911.2947,0.0793125662089328,20.9919164050873,6.17246991137632,35.5651760029905,1.91141353069573,32.7522138534006,1.19821552454178
2021,YR2021,Myanmar,MMR,53387102,..,..,5178.44718217164,1136.99566055698,276462287916.21,0.0627970227865469,..,..,..,4.07092298980473,3.11492561747141,..
2021,YR2021,Namibia,NAM,2810548,83.5443030923624,28.0639865897267,9709.09930646771,3809.80753359714,27287889637.5942,0,13.6291654250995,27.2605834411599,24.450192787431,3.2264092268075,6.77514897706551,0.143895930303796
2021,YR2021,Nauru,NRU,11709,110.796255319149,..,12112.2358384228,8325.88214663427,141822169.432093,0,48.2476357244827,..,..,..,3.8371656330747,6.53629940301091
2021,YR2021,Nepal,NPL,29475010,43.0538047919129,17.4853032787772,4546.22970006289,1062.7888430629,134000165871.651,0,6.39796401858318,19.8652862299341,39.2679975097105,1.21581594858048,0.531690906776232,..
2021,YR2021,Netherlands,NLD,17533044,163.154842689698,24.3086759015198,68573.5648786446,49780.8440526836,1202303330254.13,0.024399192645775,44.7505843563601,..,28.4095432486682,1.36537490886658,-10.9725941589172,6.5105147618361
2021,YR2021,New Caledonia,NCL,285214,49.0442343110991,..,..,..,..,0,..,..,..,..,7.88090550414583,0.297933057648744
2021,YR2021,New Zealand,NZL,5084600,48.5412477650846,29.0219318859065,48248.7176729892,41490.1148198326,245325429880.081,0.102256581182383,9.36166223404086,2.81202890643723,30.2971235318489,1.16477544956865,2.08859937451458,-0.341205696186103
2021,YR2021,Nicaragua,NIC,6644741,106.20739081994,18.8207923792213,7119.16923360042,2128.30881395452,47305035692.4433,0.0205645534300319,13.4472405077975,3.15660154558444,47.1289748437151,0.549759399022683,7.36996621393819,0.102217035200254
2021,YR2021,Niger,NER,24502140,37.0158935503713,..,1585.59922021188,523.263179518652,38850574077.5224,0.622678205533793,9.96780688191742,..,..,1.35730093120168,3.98812628006033,0.263214327429395
2021,YR2021,Nigeria,NGA,218529286,..,..,7588.47885596359,2206.66406250067,1658304866219.82,6.24674969005013,3.29198781164873,..,..,1.01270192678284,0.543909122152652,0.298435000878879
2021,YR2021,North Macedonia,MKD,1837114,146.721411484074,17.3929631432116,22144.2842571431,6064.92315120022,40681574628.7772,0,25.2036928962633,3.91535092862132,40.1397624557333,1.45370889108625,4.97315294989199,1.73587865398736
2021,YR2021,Northern Mariana Islands,MNP,46979,78.8840262582057,..,..,16365.016735395,..,..,..,..,..,..,..,..
2021,YR2021,Norway,NOR,5408320,71.2227137759599,25.5055180112726,88984.1386736515,77812.7115614383,481254696871.483,6.06347788332955,16.8463356341226,0.210954727370145,22.4813287758922,1.67632184694899,3.64643942475354,6.179811286463
2021,YR2021,Oman,OMN,4500424,95.9494877293305,..,38719.4587682049,18291.3387983888,174253981507.44,23.5387435070386,13.0831485029373,..,..,6.62317519939364,10.015189421015,1.35215630212056
2021,YR2021,Pakistan,PAK,239477801,27.0304204125548,..,5367.27364714762,1595.02792175422,1285342890384.16,0.380197434318265,4.91544553913919,..,..,3.38923879613996,0.616039439073827,0.0694371421778603
2021,YR2021,Palau,PLW,17783,81.1478453400346,..,15780.5501158866,12612.2906184953,280625522.710811,..,24.4731361671885,..,..,..,13.8676926455966,..
2021,YR2021,Panama,PAN,4345405,80.1334636057057,7.46060570161025,30932.7627809145,14552.9401400295,134415382052,0,21.946426331396,3.78871849837485,33.2611000166544,..,2.71982266254139,-0.24467672793427
2021,YR2021,Papua New Guinea,PNG,10012896,..,12.1484232076807,3976.90380116956,2378.3716816549,39820324163.1154,1.87502650776602,8.62399223342216,5.61890758324751,29.5324519552165,0.329678128303653,-0.131822921345615,6.17190715021101
2021,YR2021,Paraguay,PRY,6684182,69.74227302112,9.7942535996137,15406.1670646576,6278.11006663809,102977624582.577,0.0729632593043703,8.34329762560144,5.43459880960977,37.5471096064662,0.91821461942659,1.46195175389463,1.05895053312946
2021,YR2021,Peru,PER,33155882,55.427249365522,15.9243395223169,15280.5512106486,6547.84718181776,506640152835.223,0.249104440244954,6.1300835605749,0.785905852036063,36.3305196595557,1.1644987739258,3.15570902335973,0.869937151517306
2021,YR2021,Philippines,PHL,113100950,63.4846098136712,14.1300039313539,8857.78995115514,3350.97587587776,1001824458376.1,0.0341868982411901,13.4744722237564,21.4148624808437,28.3418254389445,1.40682254131819,3.04078855310045,0.57122374841928
2021,YR2021,Poland,POL,36981559,110.874283021945,18.9590677200004,41059.5847829682,16368.6239689025,1518447457166.84,0.0413524772617714,19.010107252241,..,37.3792283844661,2.21716328801834,5.44306737738578,1.48294275423552
2021,YR2021,Portugal,PRT,10361831,85.8735452148975,22.2832932193953,38657.6677223425,20747.6990734163,400564219793.068,0.0518131827535177,20.9034908220224,..,31.0643975779765,1.51644104082545,3.60836004516304,0.00555394651207379
2021,YR2021,Puerto Rico (US),PRI,3262711,96.7453625315476,..,40559.474811812,28416.6231262223,132333844622.722,0,..,..,..,..,..,..
2021,YR2021,Qatar,QAT,2504910,92.7790897626963,..,116832.656941972,65488.5460040395,292655290700.514,15.2784667126988,29.313768199014,..,..,6.4523551123317,-0.608353395238639,0.0889602201077606
2021,YR2021,Romania,ROU,19122059,87.0711965460145,15.0026298140817,37534.1559176911,11546.3224998072,717730343973.289,0.378228984068352,19.1862884595838,0.0284553624199884,33.5198061815041,1.84762902286434,4.12834531077957,0.46972369241227
2021,YR2021,Russian Federation,RUS,144746762,50.5861954621752,11.6966312097742,38638.4296875,10231.318359375,5688268314339.54,9.67159402978612,7.18522655962265,7.89202363542492,25.3296131744686,3.57591678846302,2.21136527873962,3.60175204067215
2021,YR2021,Rwanda,RWA,13355260,54.2938318463367,14.4637097844237,2733.43566762447,896.271033574985,36505744034.3984,0,11.527696624914,4.23790140918872,26.3367203647239,1.5121767339852,2.10659286861252,9.02625884821368E-06
2021,YR2021,Samoa,WSM,213779,59.7697791857954,24.568945416021,6350.11428353253,4032.13733959294,1357521081.4193,0,18.7622881347174,6.84505166267579,40.4599283428071,..,1.04090555935629,0.0834044241064714
2021,YR2021,San Marino,SMR,34252,342.470174007962,17.2959731609496,64745.1316780701,46834.1395065822,2217650250.23726,..,91.3085870336148,0.379918681574258,20.1044679048603,..,6.75333409502216,-0.692350274081474
2021,YR2021,Sao Tome and Principe,STP,221961,..,..,5732.69456061536,1428.28676097975,1272434617.36875,0,19.7573405317535,..,..,..,11.250926099997,0.0215811309534414
2021,YR2021,Saudi Arabia,SAU,30784383,50.8839263398787,8.60534583507803,62690.4966645929,24922.6716948944,1929888259783.05,23.6862940574499,8.76486015467786,1.93884152874011,26.035068553843,7.22921983667662,2.8850612174452,2.51092622461533
2021,YR2021,Senegal,SEN,17220867,69.3759939883832,17.550132975177,4173.67741399619,1414.5395109385,71874343647.3324,0,18.4515409039428,11.8351395786279,42.5995882064756,1.75617528439428,9.40426405095026,0.187777702796821
2021,YR2021,Serbia,SRB,6834326,112.342298324945,19.6609961125446,23406.4036315634,7465.67601077148,159966992905.688,0.42442078759101,25.3331037671062,2.26498857928831,39.839493145695,2.72904089938996,6.95312089132574,0.410857882566182
2021,YR2021,Seychelles,SYC,99258,183.77081501466,..,29979.8272686091,17005.0422063679,2975737695.0276,0,136.761915897699,..,..,2.46023265148376,7.52808883301193,-3.25360726246142
2021,YR2021,Sierra Leone,SLE,8094602,42.1435161280127,..,2849.38865926436,1045.7661615758,23064667140.0586,0,4.66480053618859,..,..,0.600261617809604,2.98593617691379,..
2021,YR2021,Singapore,SGP,5453566,329.161383683762,12.740121146747,132617.354020876,67731.2610711717,723237492898.215,0,121.914507412416,..,20.8159507872367,2.53704638803611,33.3045808694369,16.6602777743773
2021,YR2021,Sint Maarten (Dutch part),SXM,41571,..,..,40507.0672411717,29834.6350068383,1683919292.28275,..,64.5931780515683,..,..,..,1.98179684518215,0.469588153115949
2021,YR2021,Slovak Republic,SVK,5447247,181.97948448512,18.9752480894666,38346.0935768177,18808.4540496595,208880643198.039,0.00176348784699933,18.8899570854794,..,30.3061601883038,1.71243604796751,2.25677867211963,1.0017324459477
2021,YR2021,Slovenia,SVN,2108079,161.788727511439,21.6087104347701,45914.0572392406,24665.4410464026,96790459870.841,2.90014634526052E-05,28.2585575552156,..,31.4723367982392,1.23984465824347,3.60613978687237,2.75266861084675
2021,YR2021,Solomon Islands,SLB,762591,67.4200567835061,20.9597979980943,2449.87009821452,1880.5519827183,1868248888.06751,0,12.4124638754663,..,..,..,1.79162262618701,0.313733966820597
2021,YR2021,"Somalia, Fed. Rep.",SOM,17271431,79.0994411051355,6.59168014301673E-05,1392.31782053371,461.627830725978,24047321167.4183,0,..,28.9414208095466,10.0926643951735,1.17069801771404,6.33765685964357,..
2021,YR2021,South Africa,ZAF,61502603,56.1647136277546,25.950154202709,13681.9548144813,5750.90937479584,841475835218.983,0.395954206545834,5.46758740386894,3.15750799316431,33.0076476061221,0.805965112062888,9.68098022663018,0.0241858598880624
2021,YR2021,South Sudan,SSD,10865780,..,..,..,..,..,..,51.5105706815278,..,..,1.51129459315632,..,..
2021,YR2021,Spain,ESP,47443821,66.524588943191,14.8775287865224,44251.6658222621,26705.3629138959,2099468112223.22,0.000151493558291056,13.2989392378299,..,26.2685716031405,1.33768901652321,4.42272902452136,3.50614720923462
2021,YR2021,Sri Lanka,LKA,22156000,41.2288463291999,7.36992822515173,14316.1352225683,4357.97225779491,317188291991.223,0,3.79821129180319,24.1027152611048,43.9323403006387,1.71265688710699,0.66882570941316,0.0196944053848949
2021,YR2021,St. Kitts and Nevis,KNA,46763,..,..,26896.6177065978,19031.8211910603,1257766533.81363,0,59.4918587487274,..,..,..,2.23512681815828,-1.77060225684559
2021,YR2021,St. Lucia,LCA,178522,..,..,19101.1652956675,9336.92127417129,3409978230.91316,0,49.6797429880588,..,..,..,3.76096784623319,-0.941258578966158
2021,YR2021,St. Martin (French part),MAF,29961,..,..,..,..,..,..,..,..,..,..,..,..
2021,YR2021,St. Vincent and the Grenadines,VCT,102841,..,..,16200.8994597845,8211.33588012942,1666116701.3437,0,22.9720131031119,..,..,..,18.8915993798527,-0.0495516435153348
2021,YR2021,Sudan,SDN,48066924,4.12754863828426,..,3248.9755859375,1009.54888916016,156168260027.791,3.30226845710475,8.77409380108307,..,..,0.925377247984565,1.52754029838982,0.158468821331187
2021,YR2021,Suriname,SUR,617896,..,..,18458.234999681,6973.89941868115,11405269573.3629,7.93252614181898,20.3951397345801,..,..,..,-4.26991302669251,-0.2786512873181
2021,YR2021,Sweden,SWE,10415811,91.1102374413042,28.0126472933463,62731.700616293,53997.1337068799,653401537327.892,0.0272391808431431,29.060884251596,..,36.8009773373049,1.18992635880485,9.17868162234424,10.0231102596164
2021,YR2021,Switzerland,CHE,8704546,130.016261288489,10.0701481847201,81001.4111206118,88661.2029776281,705080509164.276,0.000512290057871237,37.3819606417854,0.923249896404857,27.5594825127036,0.67289247365512,-14.8138174061548,-11.4657801671719
2021,YR2021,Syrian Arab Republic,SYR,21628839,61.2204850955149,..,4592.83860100874,734.334236323426,99337766654.2033,..,..,..,..,..,..,..
2021,YR2021,Tajikistan,TJK,9966908,71.825937435383,10.3459805513261,3985.91247611219,1254.06999592306,39727222945.4623,0.287161792744173,7.59008365625609,4.31449508609492,38.5186816237283,1.00261189599905,0.94025522151091,0.533694038047781
2021,YR2021,Tanzania,TZA,62830412,29.9151840074048,10.8557996451701,3493.0830078125,1054.31726074219,212790081675.953,0,6.68704576430668,15.3307787686876,37.8205374207233,1.12240771800076,1.68494347865961,..
2021,YR2021,Thailand,THA,71727332,117.252944620852,15.0844438504015,20242.7700035656,6121.52696529713,1451959884645.39,0.481657874747012,16.3129465988573,2.98579661794141,45.1825055213701,1.41836848663438,3.04025282072429,3.81716933280745
2021,YR2021,Timor-Leste,TLS,1350139,99.8599994214434,15.087537991755,6825.04588630745,2015.82035757039,9214760627.89325,5.29715520859989,15.9330450837373,1.02917290492219,5.14688942100642,1.08198620689655,-6.59364357378021,-0.234481184118449
2021,YR2021,Togo,TGO,8878379,56.3775580757321,13.8708614439377,2638.81095267963,829.786700130989,23428363747.2408,0,..,16.4660995648677,47.9935210376102,2.38551286600829,-1.59478801736582,-0.830508383453998
2021,YR2021,Tonga,TON,105490,68.5461486002269,20.6950996884666,6929.17669288438,4612.90046969933,730958849.332373,0,21.8269381579454,4.3654832576807,33.5606237993511,..,0.049775545023486,-0.0113195458440623
2021,YR2021,Trinidad and Tobago,TTO,1367558,..,..,30482.1201798631,15558.0940536829,41686067308.9332,2.71054174202227,11.2534563309841,..,..,0.859057055256023,-3.85907284846354,3.17653521618581
2021,YR2021,Tunisia,TUN,12048622,93.6334140664079,..,12444.3264026887,3902.53322990199,149936984870.616,1.5489621013289,20.2807502258966,..,..,2.62965981069507,1.16289301361367,0.033993252409565
2021,YR2021,Turkiye,TUR,84147318,69.6088976086437,17.4752698219595,32105.5474400506,13670.938029516,2701595710002.02,0.13797082409881,11.05890269371,1.66535056317071,35.1226164866553,1.85888321091456,1.50891969619413,0.767913211334397
2021,YR2021,Turkmenistan,TKM,7092043,33.0581170797482,..,16434.1399060353,7248.70763225719,116551626881.618,..,..,..,..,..,3.17156362954225,..
2021,YR2021,Turks and Caicos Islands,TCA,45243,..,..,25056.4880515569,42907.7492465912,1133630688.91659,0,..,..,..,..,2.3203583782398,..
2021,YR2021,Tuvalu,TUV,10194,..,..,5352.97862537897,4396.04894488478,54568264.1071132,..,56.0681378728337,..,..,..,0.331298850213827,-1.52040259083986
2021,YR2021,Uganda,UGA,45910930,41.7136307424781,12.4588666765954,2684.92035939744,919.401675217265,123267190675.87,0,11.8855727317333,8.5942869658067,42.4924130909494,2.33814515074458,4.06673785760736,0.000856977381123133
2021,YR2021,Ukraine,UKR,44298640,82.69796136345,19.0823227721039,17846.408203125,2426.6123046875,746470597165.436,0.279676988011674,16.4247284648502,2.3318049337518,43.3520065101325,3.42549199562857,3.98166133947207,0.218255512196357
2021,YR2021,United Arab Emirates,ARE,9575152,182.909355066597,0.52604178034776,68580.1485423483,40935.8936567784,656665346475.563,15.6730945329946,..,0.0160611193015368,10.5180836902347,..,4.89230472033291,5.33705991010793
2021,YR2021,United Kingdom,GBR,66984000,58.53838629291,25.9910653856023,51004.4271714238,46487.3424706549,3416480549650.65,0.416142083269318,22.3963394136188,0.625419530474569,32.6551935849042,2.07241748249759,3.20643815254935,4.1730396545526
2021,YR2021,United States,USA,332099760,25.6095576621932,11.5735962955643,71307.4017277218,62680.2503585805,23681171000000,0.61148265568772,5.96402828813558,1.99996947348267,2.05329885033993,3.40451991574826,2.04998648308338,1.46750940499431
2021,YR2021,Uruguay,URY,3396695,58.3150410230338,17.8174131088485,29431.8850087471,17416.0052208869,99971136649.7861,0.00971591519832361,13.643018650914,3.88673681104987,30.9600541198498,2.26205420416101,8.50404179273101,4.31274853094449
2021,YR2021,Uzbekistan,UZB,34243696,57.4589716973222,13.3629025586761,9247.64382703929,3442.7248445034,316673503929.41,0.867176370586835,9.474038442516,3.14405359237529,35.7136463531389,..,2.94839500995796,0.00325491603381496
2021,YR2021,Vanuatu,VUT,305868,59.9521259721408,15.877161704623,3135.83664945678,2666.30269843855,959152084.296046,0,26.6434155930998,7.07424084168406,28.0209455066009,..,4.53028102541425,0.0228254463237305
2021,YR2021,"Venezuela, RB",VEN,28237826,29.2263400311727,..,..,1276.62381449407,..,..,..,..,..,0.313630729266034,2.14254260514198,4.26742203959029
2021,YR2021,Viet Nam,VNM,98935098,186.675832836814,..,12048.9019935536,3358.21734764714,1192059299524.62,0.669314214664457,6.57262193858432,..,..,..,4.27314566190187,0.0870455597794826
2021,YR2021,Virgin Islands (U.S.),VIR,105870,180.297315287331,..,46893.5496988741,37313.0484931531,4964620106.61981,..,..,..,..,..,..,..
2021,YR2021,West Bank and Gaza,PSE,4922749,73.0835496162129,..,5663.12160743584,3051.48607007995,27878126229.8832,0,14.5416082308534,..,..,..,1.95194132723981,0.320030710394111
2021,YR2021,"Yemen, Rep.",YEM,37140230,..,..,..,..,..,..,..,..,..,..,..,..
2021,YR2021,Zambia,ZMB,19603607,86.2085111934645,16.7804106780344,3503.03491418372,1269.10821808895,68672119764.9363,0,8.28401205018952,4.91657091732783,22.6401190858426,0.982237890875063,1.78407846118257,-1.26754460017223
2021,YR2021,Zimbabwe,ZWE,15797210,44.1145594899855,..,4827.0886936086,1312.20001358807,76254533781.5607,0.0477688089316108,2.86081283567422,..,..,1.56777878168608,0.575184665386161,0.00605507595018811
2022,YR2022,Afghanistan,AFG,40578842,72.8854696086536,..,1981.71016810561,377.665627080705,80415503801.351,..,..,..,..,..,..,..
2022,YR2022,Albania,ALB,2451636,84.6980435944865,18.0607759287802,19388.8731331744,5867.65096230557,47534459372.723,..,39.6075555959055,1.56952377311565,52.2945642515302,1.20878861551122,7.57934042905775,1.00704199675918
2022,YR2022,Algeria,DZA,45477389,51.1900893683897,..,14782.2002970247,4544.46688060372,672255873183.709,..,5.06967264843543,..,..,4.05748811460294,0.107187812155079,0.0374969520610289
2022,YR2022,American Samoa,ASM,48342,124.684270952928,..,..,13709.0974895473,..,..,..,..,..,..,..,..
2022,YR2022,Andorra,AND,79705,..,14.9845975404244,63913.3835079105,39780.4152991834,5094216232.49801,..,94.434915223252,11.8738118852786,23.1479683046206,..,17.5702350620217,4.24118054092672
2022,YR2022,Angola,AGO,35635029,55.2547732713835,12.7318115283927,8950.14259255142,2860.90251922246,318938590839.705,..,8.67227678043727,1.71217223001557,10.4821834546595,1.410163657162,-5.02899288556058,0.0312976685514079
2022,YR2022,Antigua and Barbuda,ATG,92840,117.703527768353,..,27941.7851474762,17456.8722243104,2594115333.09169,..,82.0232074535738,..,..,..,16.3832463643885,0.928901488770229
2022,YR2022,Argentina,ARG,45407904,31.5801792606256,11.0647708089117,27825.0273492567,13276.8232110189,1263476170672.42,..,5.61623596210779,15.7209085836752,29.1858814242154,0.684586409291956,2.3984601182853,0.329630467537955
2022,YR2022,Armenia,ARM,2969200,103.878629213508,21.827155237788,17886.1783877168,4791.00481712183,53107640868.8087,..,36.6528432864043,2.8181115706301,54.3984328494735,4.08174595925594,4.99991586140552,0.254925671520246
2022,YR2022,Aruba,ABW,107310,160.634546418015,..,38979.8358245412,29195.2670227422,4182926182.33152,..,111.482009802346,..,..,..,7.4653342753216,3.71404107235361
2022,YR2022,Australia,AUS,26018721,45.6946418805752,23.5614929509239,60029.1329190733,61200.4588964781,1561881261293.28,..,7.82481458499816,2.72474963498485,17.7852424536736,1.88329708969124,4.05215286724898,7.51047314791849
2022,YR2022,Austria,AUT,9041851,123.579578652902,26.1266920803131,65694.5513287254,47332.4240357971,594000344626.187,..,33.5996165578943,..,25.8721955109701,0.766706008326772,3.0221599256451,3.04590408098417
2022,YR2022,Azerbaijan,AZE,10141756,86.9822732541779,15.4476897158899,21051.2442291612,5599.58524971025,213496582468.561,..,16.2834930549284,3.11316232948179,16.6312726964036,3.79537025080483,-5.67773710614177,0.218519892485559
2022,YR2022,"Bahamas, The",BHS,397538,75.9829601059237,15.5305623380922,34342.9285316569,32186.4575039237,13652619122.6178,..,47.3089936781131,19.636878578573,57.1293087851086,..,3.82040434055862,1.5434039348627
2022,YR2022,Bahrain,BHR,1524693,167.141241152535,..,57572.997981018,25234.40256182,87781147010.6722,..,54.894357086101,..,..,3.42339334548769,4.20018456310523,4.19274250241008
2022,YR2022,Bangladesh,BGD,169384897,33.7799672705735,..,7888.16389098304,1804.3493461776,1336135828193.28,..,4.43872669470757,..,..,0.990983394484057,0.347960024540439,0.00686719446149319
2022,YR2022,Barbados,BRB,282318,..,..,20716.2851304966,20472.9494048647,5848580185.47154,..,..,..,..,..,2.90490784179872,0.217868088134904
2022,YR2022,Belarus,BLR,9228071,120.024207576094,11.2335456201836,26537.5083081674,6206.61909685419,244890010830.859,..,19.8685683337544,7.25481234256865,29.0289212848521,1.64869313490861,2.17745011943276,0.244254053645359
2022,YR2022,Belgium,BEL,11680210,191.179031303786,22.7983120173893,62561.7810453236,44486.7438563594,730734740583.4,..,47.7510129042719,..,25.4734910825965,1.16246551287247,2.22243107053374,5.79523119469757
2022,YR2022,Belize,BLZ,402733,107.840250086037,..,12565.3645829576,6262.56088273674,5060486974.58827,..,42.19946168652,..,..,0.979173785897568,4.95003696669658,0.0421698501936175
2022,YR2022,Benin,BEN,13759501,44.3815928877424,..,3588.32519938147,1218.49668929091,49373564169.2145,..,8.56260874437909,..,..,0.632087491743063,2.15770537478617,0.267251738803056
2022,YR2022,Bermuda,BMU,64749,75.1972250263227,..,98145.1689383889,109642.671877743,6354801543.59174,..,30.5232923362384,..,..,..,0.0748475167550859,0.261621796049747
2022,YR2022,Bhutan,BTN,780914,85.5712165226139,..,14061.3120274588,3349.73309632799,10980675420.6109,..,7.99195920205781,..,..,..,0.289904655137253,..
2022,YR2022,Bolivia,BOL,12077154,57.5249335789631,..,11487.7148799194,3088.24126155241,138738901712.879,..,7.05926151799077,..,..,0.973250888476219,0.0122391923945909,-0.158547464896774
2022,YR2022,Bosnia and Herzegovina,BIH,3204802,110.205284377387,19.0910598721056,19298.1971056448,6327.16206849174,61846900680.5647,..,16.0060233553226,3.88211582528596E-05,43.2873207126576,0.752028730749218,3.7882728069108,0.328869749098033
2022,YR2022,Botswana,BWA,2439892,85.6117077543432,19.6495295038272,18647.3734588832,7159.5860618268,45497577323.3414,..,8.61991304246366,18.6954747888654,13.8033736170746,2.51778285669486,3.49204705165089,0.0497905578099262
2022,YR2022,Brazil,BRA,210306415,38.8160659764321,14.725847914016,18554.0461828519,9032.08377657776,3902034936460.01,..,6.27385951536186,2.17352248992255,17.8137291867424,1.05240083845945,3.86803201499441,1.70880603590923
2022,YR2022,British Virgin Islands,VGB,38319,..,..,..,..,..,..,..,..,..,..,..,..
2022,YR2022,Brunei Darussalam,BRN,455370,146.973965879597,..,76357.829114996,28549.1756060465,34771064644.0957,..,8.44777311904554,..,..,2.61193002463948,-1.73946797718401,..
2022,YR2022,Bulgaria,BGR,6465097,138.844877241238,21.7263560549334,32433.7937497005,9597.86796406548,209687622669.807,..,23.3144148017558,0.0285903315002446,42.8821014576387,1.58707500372134,5.24661564677497,1.89399277023502
2022,YR2022,Burkina Faso,BFA,22509038,67.5202901331655,17.8607653483496,2469.19956941259,740.306319930259,55579306937.4917,..,10.4602270329241,11.1563752941877,40.0126802759668,2.98161566942536,3.59640793567206,0.126352497735231
2022,YR2022,Burundi,BDI,13321097,..,..,1031.25412243175,263.587550051638,13737436196.5632,..,10.8511158617014,..,..,2.59858091417074,0.625576918322977,0.0483173495653549
2022,YR2022,Cabo Verde,CPV,519741,96.9941368513357,..,8850.1066918812,3997.76763250653,4599763302.14502,..,36.3662417195149,..,..,0.456081005090828,5.43014452079405,0.827336251347449
2022,YR2022,Cambodia,KHM,17201724,145.873632761406,13.5187383949089,6458.3681488084,2011.27433313262,111095066386.193,..,12.6806587845184,9.63579865392011,46.445050426364,1.54188348947322,8.94830125779534,0.376267127722784
2022,YR2022,Cameroon,CMR,27632771,41.2866025594679,..,4843.65038202917,1458.66180431693,133843481810.674,..,9.60422907020245,..,..,0.939352946747924,2.08735032157122,0.0616638111647852
2022,YR2022,Canada,CAN,38935934,67.3176215563989,13.736451836938,58321.0611834624,45677.686578804,2270784989049.25,..,13.076983249064,1.12800880720952,13.875227510359,1.16713259486345,2.31755804932899,4.05712508351208
2022,YR2022,Cayman Islands,CYM,71591,..,..,76818.8004032916,80029.0319676823,5499534739.67205,..,86.6349027571183,..,..,..,-47.2171219717417,-11.5210191541731
2022,YR2022,Central African Republic,CAF,5098039,45.23357000162,..,1136.80171107045,398.91539795642,5795459458.30387,..,..,..,..,1.71086224316852,1.00929791484186,..
2022,YR2022,Chad,TCD,18455316,47.9883784319429,..,2449.48251052484,862.60212817252,45205973768.2093,..,..,..,..,2.0442448086408,3.44402627536712,..
2022,YR2022,Channel Islands,CHI,167215,..,..,..,67508.9385276664,..,..,..,..,..,..,..,..
2022,YR2022,Chile,CHL,19553036,75.2016177425303,21.3364673205925,29569.4775527937,14283.1489501524,578173059090.967,..,10.8183737285977,0.868163613692791,41.0570219536024,1.54099069337002,6.2318507042491,4.66582130676196
2022,YR2022,China,CHN,1412175000,37.440719876366,7.51799464421188,21499.3822834427,11830.5983703496,30360890176120.6,..,4.54463838478613,1.61081926788766,29.280483663244,1.63053389156959,1.03841365474349,1.1467645106016
2022,YR2022,Colombia,COL,51737944,48.2826551123359,15.2632926851651,18458.7209460704,6856.72590505374,955016270619.415,..,9.24242757039335,1.69393739979328,27.3855430806744,2.79798282722927,4.97124137726565,0.978931362975407
2022,YR2022,Comoros,COM,834188,50.3887704814699,..,3399.27830776976,1368.3741885336,2835637173.00184,..,26.0860946248185,..,..,..,0.337727307705265,..
2022,YR2022,"Congo, Dem. Rep.",COD,102396968,85.8221691879958,10.6622824617649,1484.33841881449,513.512704372167,151991753572.518,..,7.19944741757937,6.54174434124461,19.5484719498891,0.567707215239695,2.00131622839817,0.619688911128846
2022,YR2022,"Congo, Rep.",COG,6035104,98.1613366922001,..,6205.1050414034,1686.00234391385,37448454255.7938,..,..,..,..,1.90798488893194,3.36508336137956,0.157485885506815
2022,YR2022,Costa Rica,CRI,5081765,82.2275325353143,14.3541941212592,24831.7193480342,13686.1614090822,126188962272.663,..,26.7575333361133,4.07695737383747,23.8944764709285,..,5.4175310653788,1.4442383878191
2022,YR2022,Cote d'Ivoire,CIV,30395002,52.8663910413483,11.8184021017749,6272.26395759415,2227.09845246984,190645475535.602,..,7.94965812564996,23.0307792478927,37.7236653517784,0.865226904910508,2.2547265327193,0.236159857443863
2022,YR2022,Croatia,HRV,3855641,125.410877974694,21.6758671975929,39864.0100879958,16618.1111874724,153701311719.69,..,36.8745574228875,..,47.1295859589438,1.80285265162096,5.51626974323097,-0.560478989182165
2022,YR2022,Cuba,CUB,11059820,93.8607755890525,..,..,7552.33152218842,..,..,..,..,..,..,..,..
2022,YR2022,Curacao,CUW,153321,..,..,26734.6457811916,16772.8147195764,4098982625.81808,..,76.6645238480516,..,..,..,5.71077944316966,0.599831353244533
2022,YR2022,Cyprus,CYP,1331370,205.753543745524,22.9534539238281,50623.796875,31370.55078125,47557208380.8034,..,151.943740048593,..,30.9868544519358,1.72118847605333,0.17262361266281,-17.3876141432774
2022,YR2022,Czechia,CZE,10672118,144.011494109397,12.6419883935481,48390.661678675,20627.348651011,516430851532.897,..,21.5378421909321,..,25.5296959451459,1.32690210545667,3.02937517288668,1.87936942184381
2022,YR2022,Denmark,DNK,5903037,131.995824909071,30.809641082876,69475.3198650883,59108.7449374068,410115383750.451,..,60.4956145785376,0.0414590846973732,34.307687319906,1.36156457421085,6.9048667972729,7.25600454193578
2022,YR2022,Djibouti,DJI,1137096,302.285409231545,..,6180.67998594606,2959.78673011268,7028026489.29933,..,51.6851412477256,..,..,..,5.24930012962196,..
2022,YR2022,Dominica,DMA,66826,..,..,17550.8009946466,8590.92209069816,1172849827.26826,..,43.052215458874,..,..,..,2.71598643499556,-0.116820011056489
2022,YR2022,Dominican Republic,DOM,11230734,54.3781976712844,13.9061030287421,22986.95808105,8698.13592094395,258160411677.422,..,15.2837437058641,5.78628347336594,50.7444977078438,0.679073001629194,3.56897098132173,-0.0430038972564199
2022,YR2022,Ecuador,ECU,17823897,61.880792818786,13.0891981797338,14186.6388544625,6107.49495006543,252861189718.137,..,8.45803197698527,6.40320106528411,21.0668798352064,2.21851529975547,0.759467924339618,..
2022,YR2022,"Egypt, Arab Rep.",EGY,112618250,36.9831048772713,..,16360.3907750364,4029.78295457978,1842478578400.74,..,11.9501271985974,..,..,1.01475596559521,2.39118080969079,0.07169410264584
2022,YR2022,El Salvador,SLV,6280319,88.7011093776867,21.1624556167344,11085.6178074688,4355.96083888359,69621216142.9849,..,22.2558617150883,5.79138872043663,37.0755003032141,1.43329011743175,0.0823187568481088,-0.367043386288837
2022,YR2022,Equatorial Guinea,GNQ,1803545,81.8130161368099,6.5959868261885,16932.7706827155,5524.24312418579,30539013900.9581,..,..,1.13389063259036,3.95238475380726,1.3031878031878,10.1419330984832,-0.00502467793842411
2022,YR2022,Eritrea,ERI,3409447,..,..,..,..,..,..,..,..,..,..,..,..
2022,YR2022,Estonia,EST,1348840,175.68711950524,21.098827586414,43128.6327713627,21023.2994937246,58173625027.3249,..,54.0175146438556,..,35.7967956057443,2.13485210963824,4.52988372813183,4.90619274394699
2022,YR2022,Eswatini,SWZ,1218917,92.5715871298334,..,9927.60567008139,3695.64957179548,12100927320.5586,..,8.07941757941801,..,..,1.65499533493805,0.281255609924273,-0.457396630256397
2022,YR2022,Ethiopia,ETH,125384287,26.5954996967313,4.49688508975156,2655.59276743729,811.177729326201,332969605707.482,..,11.7370739980556,18.542060877121,30.195307848041,1.50594072756186,2.9803331590978,..
2022,YR2022,Faroe Islands,FRO,53912,122.86334141193,..,70256.7191950519,57775.0758629956,3787680245.24364,..,..,..,..,..,..,..
2022,YR2022,Fiji,FJI,919422,..,18.4958647782959,12118.3182710082,5291.51693123572,11141848421.3669,..,41.84274183506,16.2521494630893,47.3498792215867,1.36090769946015,2.08084502833913,0.334905885522852
2022,YR2022,Finland,FIN,5556106,94.5625340522667,21.1993912863772,57068.3056478074,46016.1492103929,317077555419.616,..,27.6139756255166,..,37.081598791865,1.58854518946055,4.66691154081507,7.87007815250504
2022,YR2022,France,FRA,68184457,75.9630077981996,24.5475390855725,53673.8137406422,38868.3303330557,3659719845024.82,..,23.4304244263147,0.0033186879915913,19.9531435293413,1.95772067476703,4.0180319137717,3.68514145333107
2022,YR2022,French Polynesia,PYF,280378,69.5264023221442,..,..,20160.4994298379,..,..,..,..,..,..,-0.168607958150952,0.104236259376576
2022,YR2022,Gabon,GAB,2430747,92.0630888500131,..,18662.0497970621,6527.48207900404,45362721558.0593,..,..,..,..,1.3582460776711,5.40389729406011,..
2022,YR2022,"Gambia, The",GMB,2636470,44.7219215369466,..,2863.18049829859,710.686979216316,7548689488.3493,..,15.9330761661712,..,..,0.705923163360025,10.4995860985808,0.090713869389176
2022,YR2022,Georgia,GEO,3712502,114.695437688718,22.9022783420258,20966.5280391134,5736.30449578597,77838277278.2648,..,34.9575300997632,0.643720911222712,48.2448387376939,1.60787681983081,9.03652531888906,1.4615880566137
2022,YR2022,Germany,DEU,83177813,88.7857542130501,11.204620255227,63676.087821808,44817.1316331389,5296437725413.92,..,21.7758636031239,..,21.0339861302977,1.35030514561756,2.07605246190373,3.59242335410766
2022,YR2022,Ghana,GHA,33149152,70.1154557958907,12.2975358068104,6728.45414012286,2067.20895910766,223042549015.962,..,25.9886841106199,10.1894431491498,32.4794462214642,0.337946355940024,1.93240124339233,-0.059738215160515
2022,YR2022,Gibraltar,GIB,37609,..,..,..,..,..,..,..,..,..,..,..,..
2022,YR2022,Greece,GRC,10436882,108.121843229922,27.7824123127756,35831.3441781205,20552.3223279685,373967511088.431,..,36.5170990010879,0.00300168094132714,36.7825982550228,4.00035246143373,3.69648293387112,1.20300543823662
2022,YR2022,Greenland,GRL,56661,93.3651328766632,..,70681.2253902158,49679.3365414895,4004868911.83502,..,..,..,..,..,..,..
2022,YR2022,Grenada,GRD,116913,..,..,16376.4273099594,9406.19337643226,1914617246.08929,..,74.5033393649275,..,..,..,13.3138087097027,0.796560750661155
2022,YR2022,Guam,GUM,165180,71.8668596237337,..,..,34627.9862781837,..,..,..,..,..,..,..,..
2022,YR2022,Guatemala,GTM,17847877,54.4310384820058,11.8188537119783,12147.9309684074,4385.14891178047,216814777728.626,..,9.69424580998654,4.3953850576106,53.6183417698096,0.461665961921935,1.51615526851124,0.763528592172662
2022,YR2022,Guinea,GIN,14055137,94.1652726931221,..,3792.01068836277,987.502501465337,53297229730.4031,..,5.28301402384129,..,..,2.18865717393084,3.30630355394451,0.0411843979072536
2022,YR2022,Guinea-Bissau,GNB,2105529,45.7584952252858,8.69743380915367,2603.24022588591,752.901123263165,5481197789.56933,..,11.5081981204648,17.1409977416077,21.1383126446875,1.39829187831807,1.16465840634171,0.0287763792038574
2022,YR2022,Guyana,GUY,821637,..,..,37068.1993827588,17365.3336428642,30456604136.2518,..,27.6204117218153,..,..,0.601394233025198,-20.3619575428882,0.0317743889110475
2022,YR2022,Haiti,HTI,11503606,36.529550283828,..,3057.42840826502,1256.72143592448,35171451781.8879,..,3.90231661061691,..,..,0.0687408576027912,0.194598953085393,..
2022,YR2022,Honduras,HND,10463872,112.698524913966,..,6352.58710177732,2482.22384904714,66472658301.8488,..,22.7228949598267,..,..,1.46557698015697,2.41292398026651,0.0653929634654205
2022,YR2022,"Hong Kong SAR, China",HKG,7346100,384.881143223724,..,64036.6454154727,43281.6852291306,470419600886.604,..,40.7897357639139,..,..,..,34.127375983385,33.1779024510164
2022,YR2022,Hungary,HUN,9605074,185.000204092698,23.4285893294636,40610.9711368238,16487.7973935944,390071382981.057,..,30.9178684390396,..,40.1418236316037,1.83314817173654,-1.08324491969383,-3.34640741916541
2022,YR2022,Iceland,ISL,382003,93.0487199615013,22.1634978708807,65380.3173049324,57606.8756094882,24975477351.4361,..,36.0529656278961,0.492111240801595,35.330882604515,..,4.74021987239207,0.849859264489789
2022,YR2022,India,IND,1425423212,50.0752701498882,6.73444285965496,8594.39190499879,2098.2112447615,12250645714410.2,..,14.5307815370521,5.49349042783413,32.5985062705735,2.38309809835882,1.49248825904,0.43430316091549
2022,YR2022,Indonesia,IDN,278830529,45.4646701959453,..,13334.2653947637,4024.91225288391,3718000273848.35,..,5.03162652436786,..,..,0.76801260357697,1.87264100861425,0.502980500452874
2022,YR2022,"Iran, Islamic Rep.",IRN,89524246,48.9183508223052,..,16377.9610645368,5465.31447539413,1466224615320.02,..,..,..,..,2.11062130699384,0.354893288694741,0.0236595525796494
2022,YR2022,Iraq,IRQ,44070551,68.75879409409,..,13433.3977166987,4412.99733146512,592017239177.052,..,10.8850809165814,..,..,1.64001134527485,-0.726653366772653,0.0829238086878284
2022,YR2022,Ireland,IRL,5212836,237.755419559378,16.7926964316008,123219.076059494,97793.5366671697,642320835569.671,..,140.519115050239,..,26.2636704711662,0.212502380914468,-6.48790793588936,-1.53962869718639
2022,YR2022,Isle of Man,IMN,84132,..,..,..,86103.3379308107,..,..,..,..,..,..,..,..
2022,YR2022,Israel,ISR,9557500,60.6448526742952,25.001722534697,48098.187235579,42516.3888090274,459698424504.046,..,25.1495385365438,0.488151785022513,31.9683265309442,4.43301220057923,4.35725962102686,2.0860046027153
2022,YR2022,Italy,ITA,59013667,72.0165023032697,24.6064132004012,52333.3274270604,33891.8866526216,3088381557782.51,..,12.7457761707036,..,23.5560657099633,1.65164252620196,2.94181405797187,2.24599989500342
2022,YR2022,Jamaica,JAM,2839144,..,..,11096.6377085321,5965.46127464873,31504952370.3526,..,41.1356619886428,..,..,1.2899994472516,1.69418617103882,0.320461084571339
2022,YR2022,Japan,JPN,125124989,46.8129868368938,..,44972.3438362201,36238.3294895302,5627164027811.25,..,8.98634009006988,..,..,1.00994395391657,1.12971840820326,4.10428029545103
2022,YR2022,Jordan,JOR,11256263,104.095459439189,17.4675167960003,9266.57538251337,3909.80228869045,104307009614.896,..,27.9717682321214,2.61050033654925,46.7522997531972,4.798376906378,1.97382535440765,0.250121854977615
2022,YR2022,Kazakhstan,KAZ,20034609,68.3343147415612,12.0616921084291,33506.2614893237,11058.3482413407,671284847990.359,..,7.98116968775852,15.1612075635282,24.2071804116019,0.517435849596282,2.25355434978679,-1.26517705072823
2022,YR2022,Kenya,KEN,54252461,40.2753238373561,14.5993496343343,5491.69378280246,1747.53198804428,297937902775.433,..,11.5790817704727,7.72418990203466,33.4438583270535,1.01020520038813,0.691645983068062,0.472858743987299
2022,YR2022,Kiribati,KIR,130469,107.685878015909,20.2549472550754,3107.77604642687,1948.24312238625,405468433.001267,..,39.5905655521585,1.99963044902154,14.9043859114753,..,1.58130645815643,0.00639707547419397
2022,YR2022,"Korea, Dem. People's Rep.",PRK,26328845,..,..,..,..,..,..,..,..,..,..,..,..
2022,YR2022,"Korea, Rep.",KOR,51672569,90.5851475278549,17.1586747721333,53228.6035655365,35809.0138105144,2750458690513.83,..,15.0345807060392,1.40079069173312,16.8928231379441,2.57642560395009,1.39186469730544,3.65679386129604
2022,YR2022,Kosovo,XKX,1768096,110.012031619226,..,13022.4627441502,4666.3913779077,23024964288.081,..,40.4106965549334,..,..,1.15004614573509,8.1685714094263,1.96241997008476
2022,YR2022,Kuwait,KWT,4589643,90.9204116970196,..,51379.8833194119,26579.8321646876,235815321817.755,..,20.7918371701101,..,..,4.51075426849442,0.409943823254395,13.3778011104154
2022,YR2022,Kyrgyz Republic,KGZ,6975220,133.786718048766,19.5419794530385,6139.77788825006,1212.17812721768,42826301521.6796,..,23.5526443683373,4.90185143876868,38.7575900609177,2.90437000597407,0.451992680624909,-3.74630889394977
2022,YR2022,Lao PDR,LAO,7559007,..,12.1129327823146,8183.03286472653,2589.05015191628,61855602705.6979,..,7.3986036217757,8.07849759468571,53.8897151348485,..,4.69509225789707,4.31190937888365E-05
2022,YR2022,Latvia,LVA,1879383,159.892778190649,17.154863262059,37718.7097958367,16421.3748596,70887901972.229,..,33.5199920169125,..,44.5916445789175,2.25461931057619,3.20337891789771,-0.441745510701357
2022,YR2022,Lebanon,LBN,5744489,114.888278265666,..,11474.7505845558,5909.03651555028,65916578510.7246,..,70.6678816503606,..,..,1.39503764342103,2.50966160641735,0.315123128470233
2022,YR2022,Lesotho,LSO,2286110,142.373981074229,30.4425485967987,2577.54544127769,967.51928598325,5892552408.75934,..,19.754323691125,8.76092045035799,31.369121947046,1.47290152655986,-0.332065069453934,..
2022,YR2022,Liberia,LBR,5373294,..,..,1578.99837069175,638.005183858289,8484422471.24775,..,15.6266402546129,..,..,1.31348766985405,3.09332516183889,2.35554820755667
2022,YR2022,Libya,LBY,7223805,156.321684682347,..,11450.0598552928,7002.68189296358,82712999632.9637,..,19.1706582953803,..,..,4.34666046441666,1.62326033379453,0.140358835130097
2022,YR2022,Liechtenstein,LIE,39493,..,..,..,..,..,..,..,..,..,..,..,..
2022,YR2022,Lithuania,LTU,2831639,175.651612151093,21.2820773125213,46651.2145810247,18884.5152531698,132099398604.998,..,42.6711687240913,..,33.2638130909344,2.44457587877222,3.40588108209325,-1.1305471868484
2022,YR2022,Luxembourg,LUX,653103,412.177169924175,26.6829703355982,132570.826463419,107467.187082637,86582404475.7383,..,335.211319857434,..,27.813347386189,0.625325775260002,-391.555119009248,-238.157313331211
2022,YR2022,"Macao SAR, China",MAC,677300,170.368049338506,16.7484467074505,59921.441691873,34000.7134128308,40584792457.9056,..,68.4736966888235,..,53.4375044741772,..,13.3808225043823,3.41806176528486
2022,YR2022,Madagascar,MDG,30437261,70.5471344130961,9.24054268135003,1602.71368352337,438.516263353189,48782214693.6721,..,17.3953659613916,0.42356982677164,54.9864657288642,0.653151211221591,3.05272592480357,0.926668015064399
2022,YR2022,Malawi,MWI,20568728,43.616624856781,13.5038573905772,1659.95933825168,560.635759714941,34143252119.5588,..,10.9531482405303,7.46025146986679,32.7437026931358,0.933234952541455,4.39220201011103,0.472445954445383
2022,YR2022,Malaysia,MYS,34695493,146.424604753908,11.6310545373191,32129.2217820113,11191.6511756943,1114739189433.22,..,18.9262584459191,1.97516067289994,19.5385992054514,0.902025405170821,3.68486215546291,2.89613781686811
2022,YR2022,Maldives,MDV,524106,162.243432933656,..,21357.8112511153,10939.9963271738,11193757023.577,..,102.292672697967,..,..,..,11.8454662775286,..
2022,YR2022,Mali,MLI,23072640,61.5613274861987,..,2813.81095962843,877.817842432934,64922047299.5613,..,12.5458634641368,..,..,3.09091717190995,3.17422530916772,0.193583913465391
2022,YR2022,Malta,MLT,531113,245.160375092004,22.991051755472,56841.958125813,31430.6187070236,30189502906.0749,..,173.752068089859,..,31.4869213913996,0.411834981751042,115.053872398938,144.290767393181
2022,YR2022,Marshall Islands,MHL,40077,128.337975527291,..,6936.86510911803,5591.46421459004,278008742.978123,..,..,..,..,..,0.994849672770884,..
2022,YR2022,Mauritania,MRT,4875637,102.025899125696,..,6053.26178155509,1576.75624107308,29513507112.8359,..,13.0805547159888,..,..,2.05903871155909,14.6644208551054,0.0313874288822132
2022,YR2022,Mauritius,MUS,1262523,147.663795034012,19.0380322201383,25085.9891959451,10688.4383112722,31671638337.6322,..,44.8135284063935,1.10384086321716,51.1424357854174,0.138698687184487,4.21993412406582,0.99471592636646
2022,YR2022,Mexico,MEX,128613117,88.7984855867186,13.4041093602603,21391.8573692427,10013.2479236143,2751273454677.72,..,8.16685770055205,1.68513148679286,26.3049041656157,0.685819352028866,2.6714140927358,1.18290936690195
2022,YR2022,"Micronesia, Fed. Sts.",FSM,112114,90.6343902457202,..,3814.99076486823,2923.25915160041,427713874.612437,..,..,..,..,..,..,..
2022,YR2022,Moldova,MDA,2528654,112.117671579766,18.9210049545943,15358.0153548867,3611.95484733286,38835106959.1956,..,25.1300872977125,3.22202881322351,45.4356655628202,0.360059008856848,4.03446735088075,0.309528091354559
2022,YR2022,Monaco,MCO,38931,..,..,..,214359.605825981,..,..,..,..,..,..,..,..
2022,YR2022,Mongolia,MNG,3433748,136.327929944516,15.7742886705877,15310.4349469163,4205.88554513551,52572175378.1041,..,26.975079588456,6.45858114072625,24.9228457975075,0.513936273012978,14.6053065112102,0.442409441117436
2022,YR2022,Montenegro,MNE,623591,125.455937754994,..,25583.4216629604,7773.60323941511,15953591498.2272,..,54.1950772942597,..,..,1.57303708395214,13.9582230042507,0.824853789342859
2022,YR2022,Morocco,MAR,37329064,100.906310201651,22.059101413607,8690.4482421875,3334.91162109375,329348886632.318,..,24.9706660030776,4.03956937883217,43.8674700844924,3.81341286888659,1.74814323662076,0.487223239705891
2022,YR2022,Mozambique,MOZ,32656246,135.279578416991,22.6615908818801,1476.66560298097,596.058889461466,48222355190.685,..,19.7154478827248,5.35143262981653,32.3838836719258,2.20848120068367,16.0042947069706,2.98526015079116
2022,YR2022,Myanmar,MMR,53756787,..,..,5350.47666899931,1174.76697947364,287624434643.866,..,..,..,..,4.17058942838215,1.98946076043536,..
2022,YR2022,Namibia,NAM,2889662,99.2625547814064,27.1668398520557,9953.09752403491,3905.55135268164,28761087697.4978,..,16.4515175258314,22.7993641836406,25.033504723929,2.91089959085182,8.40166893779959,0.0866312612726303
2022,YR2022,Nauru,NRU,11801,167.338761904762,..,12363.6457029853,8498.6998601243,145903382.940929,..,66.0357534252676,..,..,..,-5.91699334587118,1.62938852486446
2022,YR2022,Nepal,NPL,29715436,48.9734014799428,..,4763.38751073946,1113.55462341223,141546136718.578,..,7.97668216468422,..,..,1.15743842490309,0.160405404733603,..
2022,YR2022,Netherlands,NLD,17700982,184.107484252682,23.898794550321,71324.0360349277,51777.5431588864,1262505478021.61,..,47.677561299611,..,26.758562285895,1.30419995572639,1.47701805979237,16.6236510867605
2022,YR2022,New Caledonia,NCL,287123,50.4727487439639,..,..,..,..,..,..,..,..,..,7.23562598706021,0.592336611397022
2022,YR2022,New Zealand,NZL,5081700,53.4761627655817,29.6007619884988,49964.1765523158,42965.2749754735,253902955985.903,..,11.3197603436769,2.68461879488795,27.8669551120823,1.17089864666233,3.9304013825679,0.271516698541571
2022,YR2022,Nicaragua,NIC,6730654,115.454678712865,19.8606394420617,7277.82264804562,2175.73899144405,48984506117.3588,..,17.0922486023775,3.24285676760115,46.0712221806314,0.537113968209365,8.23239650343154,0.123742213487539
2022,YR2022,Niger,NER,25311973,52.8061484327332,..,1717.51891457684,566.797962983866,43473792392.7583,..,10.3786459613418,..,..,1.5729764923811,6.25880834283465,0.0564970533574879
2022,YR2022,Nigeria,NGA,223150896,..,..,7752.26206532009,2254.29080416892,1729924225902.99,..,3.66091143117404,..,..,0.650166691789414,-0.0288727652154093,-0.0103660347123125
2022,YR2022,North Macedonia,MKD,1831712,166.147357379878,17.6879383127227,22822.3280431288,6250.62720952063,41803932144.5355,..,29.2557513346116,4.0522948313398,39.4203761744119,1.58059754666542,6.13067578989693,1.22251732314005
2022,YR2022,Northern Mariana Islands,MNP,46078,93.1569343065693,..,..,19461.8611129744,..,..,..,..,..,..,..,..
2022,YR2022,Norway,NOR,5457127,82.6094798361389,31.3445975469679,91051.0831968407,79620.1635455079,496877324492.726,..,18.4609023362093,0.130894311210521,15.1353364749208,1.46436961628818,2.39446435427431,4.66550201605234
2022,YR2022,Oman,OMN,4730226,105.745009280655,..,39780.2122774985,18792.4460565306,188169394400.543,..,13.9764698385083,..,..,5.2647590817834,6.25544528201825,-0.277472631539073
2022,YR2022,Pakistan,PAK,243700667,33.031353478032,..,5526.27928310213,1642.28066974826,1346757947320.27,..,4.85678802851381,..,..,3.17683202352522,0.389980753542853,0.308623619595814
2022,YR2022,Palau,PLW,17759,105.200935152021,..,16040.9080564681,12820.3765209089,284870486.174818,..,39.2959243988241,..,..,..,30.4991067893894,..
2022,YR2022,Panama,PAN,4400773,93.4752688168442,..,33915.1526066674,15956.0653932059,149252887882.301,..,27.1663109739252,..,..,..,3.2250848191713,0.245169799303356
2022,YR2022,Papua New Guinea,PNG,10203169,..,14.7704952075626,4125.49303365201,2467.23488790877,42093102630.6742,..,9.27627582753938,4.88737510103277,23.1604120051726,0.420977241775767,3.76981381554657,7.7607957921354
2022,YR2022,Paraguay,PRY,6760464,73.7379050218566,10.2661363910434,15259.1456311862,6218.19790694162,103158904710.391,..,10.913602346947,5.7263734517276,36.1276054888885,0.871127145265658,2.03844719825164,0.826879993858475
2022,YR2022,Peru,PER,33475438,57.2969759649721,..,15559.821643644,6667.51695632036,520871844722.863,..,7.71297744380509,..,..,1.135133506685,4.55221582089149,-0.238677170381462
2022,YR2022,Philippines,PHL,113964338,72.4296836107599,14.6190058206626,9457.10395402883,3577.70136573244,1077772591518.08,..,16.4085100782592,24.3356183189004,25.8630210739197,1.31630135538263,2.3475097233369,0.954928174452084
2022,YR2022,Poland,POL,36821749,123.021332860345,17.1225309189416,43405.0215797441,17303.64494323,1598248809948.92,..,21.9853877945801,..,35.5710568386031,2.20458906428882,6.00626096603428,1.81179767723624
2022,YR2022,Portugal,PRT,10434332,101.364146479435,23.1729317343953,41070.861152974,22042.8680283647,428547000796.034,..,27.8011613211739,..,31.7877880404884,1.38999857860246,5.08368921917481,2.11209863543316
2022,YR2022,Puerto Rico (US),PRI,3220137,98.2564691765992,..,42310.9585064702,29643.7408907829,136247082992.149,..,..,..,..,..,..,..
2022,YR2022,Qatar,QAT,2657333,100.213640845612,..,114740.16518158,64315.6355652952,304902827362.464,..,30.4309414416619,..,..,6.50020565272303,0.0322850595933247,1.01132657794685
2022,YR2022,Romania,ROU,19048502,93.9496509383447,16.2141886979742,39256.9888833852,12076.3033811896,747786831259.141,..,21.6121509496462,0.0372932478730554,32.4331499179457,1.75011695275109,3.88647349252643,0.736330590087305
2022,YR2022,Russian Federation,RUS,144236933,42.7827864294811,10.847869154279,38214.49609375,10119.0625,5606591485618.39,..,5.22235541577499,6.4567541139309,21.6956240983234,4.60728884010235,-1.73680981421063,-0.571057314490557
2022,YR2022,Rwanda,RWA,13651030,61.1450795033651,13.6800512047892,2892.45964942821,948.413686948024,39485053448.1339,..,13.1977971728891,3.74953487302885,24.6070542797501,1.33346574344023,2.29121488787355,7.50967189282577E-06
2022,YR2022,Samoa,WSM,215261,60.8477796541449,24.0176542849306,6449.36505263744,4095.15868286688,1388296770.59579,..,27.3309065122301,7.27595641068144,38.4395861481129,..,0.539647016745273,-0.0100140113063629
2022,YR2022,San Marino,SMR,33755,370.436071813414,17.8114069282582,70887.573899815,51277.3460993917,2392810056.98825,..,108.530561839456,0.430351896741917,18.5986025739278,..,3.92890134686182,3.58661031433868
2022,YR2022,Sao Tome and Principe,STP,226305,..,..,5632.13890715047,1403.23356704678,1274581195.38269,..,43.0647326699478,..,..,..,10.2819916432401,0.0288394942106788
2022,YR2022,Saudi Arabia,SAU,32175224,56.8241647749332,6.95344592267954,67178.5902274906,26706.917926066,2161486188573.72,..,10.9598624248953,1.47845376822847,19.8283118054466,6.39742215278993,2.1556449627378,2.14122271197559
2022,YR2022,Senegal,SEN,17651103,79.5998216515832,18.592484196448,4228.73382642974,1433.1991875241,74641816329.8955,..,19.1694867733836,12.5108390619672,40.8021485418072,1.52411336065101,10.5411241953817,0.252328610867105
2022,YR2022,Serbia,SRB,6664449,131.913292283516,23.8929959453301,24651.9500494588,7862.95387364846,164291663855.165,..,31.0793224668125,2.71385821747058,40.8801328906148,2.17267406821898,6.90354140371273,0.167850060527366
2022,YR2022,Seychelles,SYC,119878,189.826835436591,..,27978.1770550937,15869.6738782504,3353967909.01052,..,133.198426924704,..,..,1.1392449640985,9.40509377025538,-1.80965175443903
2022,YR2022,Sierra Leone,SLE,8276807,45.0542127390319,..,2934.73326430435,1077.08884538507,24290220825.1271,..,4.37873995570905,..,..,0.582258374348818,2.03619504430889,..
2022,YR2022,Singapore,SGP,5637022,332.34956775484,11.7839491106795,133571.962410322,68218.805333562,752948090690.158,..,125.006424804742,..,20.1689926683294,2.40634363671921,29.414237864711,11.8537102479729
2022,YR2022,Sint Maarten (Dutch part),SXM,42139,..,..,45515.6523389272,33523.6038330075,1917984073.91005,..,87.9427319288101,..,..,..,1.0725730154733,0.115704647119696
2022,YR2022,Slovak Republic,SVK,5431752,204.056318531151,19.5730907262736,38664.9076949851,18964.8298400624,210018189702.051,..,22.0628082569536,..,30.3723342698392,1.80127696639016,4.16872005912019,1.76698213946475
2022,YR2022,Slovenia,SVN,2112076,186.647076274632,21.0307739977541,47050.0676441642,25275.715967757,99373318669.6156,..,32.8414123355375,..,31.5861782064517,1.29505522763484,3.64010857871706,1.3880392371997
2022,YR2022,Solomon Islands,SLB,781066,74.8355405329858,22.0746646402949,2330.10309195408,1788.61727922057,1819964301.62021,..,19.6963022578562,27.5515147369403,19.047669640479,..,2.77627597762606,0.160399477505541
2022,YR2022,"Somalia, Fed. Rep.",SOM,17801897,90.7576203077526,6.63660668120026E-05,1387.54753732191,460.046226685196,24700978342.0083,..,..,16.0918812315696,4.54053767876146,1.16300107811428,6.23346074683917,..
2022,YR2022,South Africa,ZAF,62378410,64.94713440234,26.018376592419,13767.4967589936,5786.86505344736,858794557506.174,..,7.66597422698359,3.79588091072742,32.6277513208926,0.798457056094626,2.26670277731613,0.582595080538106
2022,YR2022,South Sudan,SSD,11021177,..,..,..,..,..,..,60.2322928101023,..,..,1.57467379753671,..,..
2022,YR2022,Spain,ESP,47786102,78.4657338703054,15.471017099813,46733.4809780536,28203.1093419474,2233210888832.33,..,17.3970110505355,..,25.3047880621765,1.4055469125943,4.65609043363165,4.7433173339625
2022,YR2022,Sri Lanka,LKA,22181000,46.6826080196819,7.2772315851375,13249.065064602,4033.14561476298,293877512197.936,..,5.41524021780269,17.1045297077545,43.3709230548314,1.3433273089473,1.19249322228342,0.0204113525419149
2022,YR2022,St. Kitts and Nevis,KNA,46709,..,..,29749.8700864823,21050.758653729,1389586681.8695,..,75.3843759670321,..,..,..,4.1869384420309,-0.771304710437532
2022,YR2022,St. Lucia,LCA,178781,..,..,22962.2818144554,11224.2899455738,4105219705.07015,..,68.6754240648312,..,..,..,2.47761444857422,-0.769468944703278
2022,YR2022,St. Martin (French part),MAF,28870,..,..,..,..,..,..,..,..,..,..,..,..
2022,YR2022,St. Vincent and the Grenadines,VCT,102046,..,..,16835.023514541,8532.7381341339,1717946809.56485,..,38.5468916920334,..,..,..,6.59514716509223,-0.139237010494943
2022,YR2022,Sudan,SDN,49383346,2.69883443585856,..,3132.0771484375,973.225280761719,154672454523.183,..,6.07809416683182,..,..,..,1.11000421594226,..
2022,YR2022,Suriname,SUR,623164,..,..,18742.5873760369,7081.33357325783,11679705719.6006,..,20.6549457496066,..,..,..,-0.245419018781694,-0.333809165471575
2022,YR2022,Sweden,SWE,10486941,107.111751826512,28.1710469421456,63088.4236678734,54304.1877501033,661604576787.992,..,35.4503872723671,..,36.9339431662298,1.33147661923348,9.35228228785513,11.0135585045894
2022,YR2022,Switzerland,CHE,8777088,138.500698753519,8.98993332404232,82777.293582076,90605.019427268,726543590171.716,..,39.2914465967615,0.891879536038964,28.4579730119371,0.682061302644033,-1.49836009615472,-3.73349399848223
2022,YR2022,Syrian Arab Republic,SYR,22462173,35.6094680799956,..,4454.85373271464,712.272278200037,100065695233.932,..,..,..,..,..,..,..
2022,YR2022,Tajikistan,TJK,10182222,65.4355115893577,10.3442793427409,4213.75618362687,1325.75545290849,42905400915.5615,..,7.67891017149137,4.36935095377544,34.2457223364059,1.93089624067946,1.62432287476597,0.111862536241132
2022,YR2022,Tanzania,TZA,64711821,35.0034517101994,11.7926807942271,3546.98095703125,1070.58532714844,222506089071.156,..,9.54126078567882,15.5641353550035,34.8469902377191,1.19134153738855,1.89781100360764,..
2022,YR2022,Thailand,THA,71735329,132.858712082871,15.1390495981787,20762.7952598527,6278.7855138276,1489425948925.17,..,20.498462616147,3.03760298440843,43.8383827210674,1.24105269630565,2.39179841841837,1.54148867939674
2022,YR2022,Timor-Leste,TLS,1369295,97.6211103607359,21.6431379455773,5348.49200064987,1579.71085276403,7323663354.02986,..,17.4780438282809,1.29208642054656,5.37997420140963,1.38083515113743,1.67248575304862,0.529826110704228
2022,YR2022,Togo,TGO,9089738,61.575092396894,13.4049128206821,2739.68813234711,861.508010803054,24903047324.7446,..,..,16.2294102704886,46.0112559452713,4.14153649480957,-2.00429827129667,-0.627610991189993
2022,YR2022,Tonga,TON,105042,70.1272756617234,20.4015705804568,6810.60970632543,4533.96790206106,715400064.771836,..,25.5664385992259,4.4326764051349,31.5210830409363,..,0.523176247933185,0.0734003500303984
2022,YR2022,Trinidad and Tobago,TTO,1365805,..,..,30784.1112580356,15712.230497272,42045093076.7813,..,15.3835395741595,..,..,0.765634931845469,4.1369722626234,4.77773910326031
2022,YR2022,Tunisia,TUN,12119334,116.095794384146,..,12712.22345453,3986.54558325666,154063681928.083,..,26.307996337326,..,..,2.5712401122127,1.43159199894021,0.0746621436859496
2022,YR2022,Turkiye,TUR,84979913,79.8982722314341,17.1801094092697,33520.8111384208,14273.5747654873,2848595614232.43,..,14.4706149558456,1.94615469711956,37.1946171890376,1.65879843534611,1.48839623728753,0.532773290392968
2022,YR2022,Turkmenistan,TKM,7230193,37.3609509597775,..,17119.5744946142,7551.03650143157,123777827673.938,..,..,..,..,..,2.21764501242202,..
2022,YR2022,Turks and Caicos Islands,TCA,45847,..,..,28209.6242536079,48307.3079245499,1293326643.15516,..,..,..,..,..,2.44052271812869,..
2022,YR2022,Tuvalu,TUV,9992,..,..,5498.18455447209,4515.29701517492,54937860.0682851,..,59.5857952287343,..,..,..,0.337639353401454,..
2022,YR2022,Uganda,UGA,47312719,34.5053019270937,12.5499042686332,2724.90609568409,933.094056370423,128922716406.488,..,10.9116952702849,8.28999806097319,42.7662290891359,1.84520857089792,6.48067616265599,0.000798083083936601
2022,YR2022,Ukraine,UKR,41048766,87.3965139907244,16.6915073808281,13787.12109375,1874.66296386719,531796221835.605,..,27.3604118357035,1.20080197683764,26.4768973552907,25.6424104715416,0.136428578229067,0.0209890120352411
2022,YR2022,United Arab Emirates,ARE,10074977,185.741660982819,0.568698432322806,70075.6300053372,41828.5553298104,706010360564.282,..,..,0.0110081295968015,14.4116155205809,..,4.44591399207935,4.85589648044943
2022,YR2022,United Kingdom,GBR,67604000,69.1989264413981,26.5536048949437,53139.151252206,48433.009835767,3592419181254.14,..,26.6588833653879,0.664463320997625,31.9620263428462,2.05691855462534,2.91635435189931,4.51477242355252
2022,YR2022,United States,USA,334017321,27.3139397355363,12.7967300718031,72679.2575396348,63886.1317069841,24276130895657.9,..,6.54136646556089,1.9742343841129,1.91529058302312,3.30947715843109,1.62816817042838,1.51864594633252
2022,YR2022,Uruguay,URY,3390913,61.0307951043821,18.5974753271705,30804.7032775797,18228.3558443761,104456068805.088,..,17.1806494012609,3.30015405268228,26.0392290852661,2.04278364297671,12.4804063396028,8.40244067590129
2022,YR2022,Uzbekistan,UZB,34938955,62.8412525378517,11.9887402782307,9607.56167273449,3576.71552716054,335678164943.395,..,12.9315604670529,2.94930593280098,30.4235733855334,..,2.94947448385164,0.0045329069584263
2022,YR2022,Vanuatu,VUT,313046,63.5996121674253,15.7243472991405,3222.83595459346,2740.27545530661,1008895904.24166,..,29.1996083407583,10.8043606553832,38.9977914046569,..,1.01371235156553,0.141216298502945
2022,YR2022,"Venezuela, RB",VEN,28213017,27.8982770650022,..,..,1379.97778822986,..,..,..,..,..,0.649886788939365,2.63893280227629,2.52771341214204
2022,YR2022,Viet Nam,VNM,99680655,183.153619147836,..,12979.7639049934,3617.66311465012,1293831367795.1,..,9.90578605388,..,..,..,4.32947308910883,0.646760393311564
2022,YR2022,Virgin Islands (U.S.),VIR,105413,205.629280821918,..,46479.2996685326,36983.431060272,4899522415.95903,..,..,..,..,..,..,..
2022,YR2022,West Bank and Gaza,PSE,5043612,82.3949283869453,..,5753.08395899307,3099.9609010368,29016323292.585,..,15.7698999474452,..,..,..,1.62179695015304,-0.414284151533215
2022,YR2022,"Yemen, Rep.",YEM,38222876,..,..,..,..,..,..,..,..,..,..,..,..
2022,YR2022,Zambia,ZMB,20152938,69.2973154193203,..,3585.12379084347,1298.8480495593,72250777479.1933,..,9.68287439865228,..,..,1.1165478995702,-0.223286755156161,-0.866698984611388
2022,YR2022,Zimbabwe,ZWE,16069056,55.0673522476036,..,5036.76136109489,1369.19761495571,80936000370.0699,..,4.63732454523646,..,..,0.994988109351456,0.826254039449821,0.143040941498346
2023,YR2023,Afghanistan,AFG,41454761,67.5846651516385,..,1983.81261992909,378.06630312259,82238478027.9442,..,..,..,..,..,..,..
2023,YR2023,Albania,ALB,2414095,82.3524933990723,17.8021587949933,20481.0358398226,6198.17195301204,49443166215.7366,..,45.0885479118101,1.37367926483562,44.1068819349929,1.7407334644623,6.90036950940795,1.11861571609445
2023,YR2023,Algeria,DZA,46164219,43.7397984507007,..,15159.3242373415,4660.40545687895,699818363984.642,..,4.87338782413837,..,..,7.39039327356489,0.489819143410423,0.0667878174497705
2023,YR2023,American Samoa,ASM,47521,..,..,..,..,..,..,..,..,..,..,..,..
2023,YR2023,Andorra,AND,80856,..,13.9472972221746,64631.2963909271,40227.2524257376,5225828100.9848,..,99.5064136157992,9.11507686141229,23.5324987105911,..,7.28597529959797,5.85442986890042
2023,YR2023,Angola,AGO,36749906,53.033483632308,8.86912888166896,8788.26106439635,2809.15727975557,322967768020.026,..,8.09835653416939,2.03267779977934,11.5384607165307,1.40725542077164,-1.97786390222726,0.0311251844360311
2023,YR2023,Antigua and Barbuda,ATG,93316,..,..,28474.0444178181,17789.4058123944,2657083928.89311,..,81.2228247919901,..,..,..,14.6092927494913,0.912671660862465
2023,YR2023,Argentina,ARG,45538401,26.6769512482215,9.92889407586128,27230.3968496682,12993.0928872416,1240028731129.33,..,6.02107876677154,11.2323152286505,29.9572874092889,0.75569413987974,3.81190879856952,0.465502912082337
2023,YR2023,Armenia,ARM,2964300,123.418750077627,22.3886922456361,19402.7510915578,5197.23509013575,57515575060.7049,..,39.7697456030084,3.30034853849212,50.4331259046727,5.50629814850566,2.39959276465582,0.22266869639411
2023,YR2023,Aruba,ABW,107359,159.018596924652,..,41964.7711908515,31430.9353682253,4505295870.27862,..,108.70078871773,..,..,..,-3.58459079731401,1.43102981655745
2023,YR2023,Australia,AUS,26659922,49.044339318428,..,60684.9596204883,61869.082498576,1617856290055.37,..,10.2544445805635,..,..,1.86157133456052,2.03614704389564,0.767352799619242
2023,YR2023,Austria,AUT,9131761,115.152914822732,25.640680066923,64536.2981841434,46497.9114640341,589330050842.331,..,33.8122914016072,..,25.784723023539,0.870829952423219,0.566112370322707,1.61999885650409
2023,YR2023,Azerbaijan,AZE,10153958,83.5358861156321,17.7860607300996,21310.7386915022,5668.61021317029,216388345622.489,..,20.5791008410732,3.55906368224261,19.9098469111959,4.92241403839666,0.349083720733803,2.58907165203154
2023,YR2023,"Bahamas, The",BHS,399440,76.5494751592857,16.1980053499047,35221.2696932313,33009.645615121,14068783966.2643,..,48.1062090935268,23.6539355537638,57.0502234318377,..,2.11151935376225,1.47568565177817
2023,YR2023,Bahrain,BHR,1577059,157.447854682297,..,57819.9051831242,25342.6226641572,91185401848.1927,..,59.7352992148333,..,..,3.52083573819693,15.6428756083644,2.40956363579833
2023,YR2023,Bangladesh,BGD,171466990,30.9829714104596,..,8242.39798977242,1885.37733613545,1413299173688.33,..,3.97608645302663,..,..,0.919471499049507,0.339361232770537,0.00182706803125311
2023,YR2023,Barbados,BRB,282336,..,..,21318.6724772626,21068.2610447067,6019028712.5404,..,..,..,..,..,3.11355691690029,0.110753469698543
2023,YR2023,Belarus,BLR,9178298,131.584674884961,12.70106334387,27782.4380139967,6497.78450683592,254995495258.99,..,20.321957017728,9.77239816703404,27.789005290782,2.02344784419461,2.74854001098901,0.0895471993012767
2023,YR2023,Belgium,BEL,11779946,165.846946501713,..,63095.4017281289,44866.1935177304,743260425205.666,..,46.5035602147285,..,..,1.18422875211757,-0.652181403274143,-1.63653633753174
2023,YR2023,Belize,BLZ,411106,106.400505850771,..,12371.0086545348,6165.69414825936,5085795883.93117,..,44.4178213356288,..,..,0.992933768484191,0.525413666914349,0.0738795522871439
2023,YR2023,Benin,BEN,14111034,44.6631308180211,..,3721.21254814808,1263.62158336368,52510156788.1442,..,10.1738529814919,..,..,0.757551382919002,2.25158090881957,0.0661299214628737
2023,YR2023,Bermuda,BMU,64698,73.5909186382666,..,103052.348367859,115124.71719745,6667280834.70371,..,31.1249919760508,..,..,..,1.75782259401686,0.428656805024893
2023,YR2023,Bhutan,BTN,786385,81.7366278688545,..,14610.2959119536,3480.51388574877,11489317550.7216,..,14.9540426629941,..,..,..,0.338339566584512,..
2023,YR2023,Bolivia,BOL,12244159,49.6083255594597,..,11616.1575595159,3122.77049447823,142230080127.765,..,6.81242316300838,..,..,1.30430837360161,0.458812480265399,0.490147568702744
2023,YR2023,Bosnia and Herzegovina,BIH,3185073,99.6330317954442,19.0586852173251,19805.0002774731,6493.32400514463,63080371648.772,..,16.9753518320966,0.000223727605552233,41.4240190148786,0.717630060649091,4.0920266922729,0.423263177895876
2023,YR2023,Botswana,BWA,2480244,68.8033578360816,18.7133278342197,18932.4802712334,7269.05170664457,46957170597.845,..,9.33053702939364,18.6954747888654,13.8033736170746,2.45625898216649,3.82011318135645,-0.0162986666584598
2023,YR2023,Brazil,BRA,211140729,33.6662298301284,14.0418624162203,19079.8122132253,9288.02594608687,4028525459883.49,..,6.14035939524768,2.10618660316881,18.0533108222407,1.00237538990131,2.86383330702497,1.14766572316818
2023,YR2023,British Virgin Islands,VGB,38985,..,..,..,..,..,..,..,..,..,..,..,..
2023,YR2023,Brunei Darussalam,BRN,458949,136.86343465048,..,76616.7014884981,28645.9645396284,35163158531.4447,..,13.1283187035795,..,..,2.97601749693804,-0.370504516227009,..
2023,YR2023,Bulgaria,BGR,6446596,119.899505956556,20.5146095521809,33073.8179631314,9787.26510772747,213213542585.851,..,23.6727905603989,0.0269794976306407,40.9109499632916,1.94458310651254,5.05888344751487,1.16106548349197
2023,YR2023,Burkina Faso,BFA,23025776,63.1326851693299,18.5514879980901,2486.20669812871,745.405334618409,57246838520.8113,..,10.2990662883505,10.3716137748008,42.980889818075,4.0787117239204,0.544129932348491,0.22418331684449
2023,YR2023,Burundi,BDI,13689450,..,..,1036.16712196238,264.843307950214,14184558007.7479,..,14.0807490740646,..,..,3.4315771103264,0.990959506801914,0.033217541224321
2023,YR2023,Cabo Verde,CPV,522331,95.0324943346692,..,9228.4604533114,4168.67748407593,4820310977.0386,..,39.5659078022483,..,..,0.566494134671967,6.33796269296642,0.298388514504322
2023,YR2023,Cambodia,KHM,17423880,134.206842395931,12.203542053066,6695.29194763723,2085.05748462122,116657963460.597,..,16.6720549597366,9.77690173574141,42.2045467454953,1.5448976529505,9.35096701989758,0.357643079247944
2023,YR2023,Cameroon,CMR,28372687,37.8903321242578,..,4875.25120768005,1468.17837007337,138323976561.878,..,9.345747910743,..,..,0.926490469517272,1.68299656289954,-0.162872827089933
2023,YR2023,Canada,CAN,40083484,66.6323313370668,14.089801316377,57517.4431587432,45048.2842408265,2305499512574.39,..,14.1224047976307,1.00483121351516,13.8007472911546,1.25316567875902,2.01979850018061,4.21969543510921
2023,YR2023,Cayman Islands,CYM,73038,..,..,79675.8568481808,83005.4838305223,5819365232.47743,..,86.3659743976015,..,..,..,93.7235744543564,17.453235626313
2023,YR2023,Central African Republic,CAF,5152421,43.480570208358,..,1132.67643369804,397.467795750451,5836025843.19088,..,..,..,..,2.37720659578149,1.51604656547544,..
2023,YR2023,Chad,TCD,19319064,46.8951015094343,..,2433.09879153397,856.832488745342,47005191271.9674,..,..,..,..,2.11758982875058,4.97994045498876,..
2023,YR2023,Channel Islands,CHI,167691,..,..,..,69818.1528119104,..,..,..,..,..,..,..,..
2023,YR2023,Chile,CHL,19658835,60.7247236874408,17.7194011337982,29563.6780243659,14280.3475638842,581187468274.136,..,9.29907283884064,0.905863205242266,45.5445280956127,1.63026388670906,5.47730938390937,2.61238541611217
2023,YR2023,China,CHN,1410710000,36.1051923691138,7.6382330077989,22687.0758723942,12484.1578844175,32004884803945.3,..,4.73926972078007,1.3582101434115,31.2189676180013,1.66484889659813,0.280991103634816,1.23516227448843
2023,YR2023,Colombia,COL,52321152,40.3881324933957,17.5622334373789,18382.9976800475,6828.59753791113,961819615833.414,..,9.0054159694401,1.32523954576488,23.646335718832,2.96545217971359,4.58478761240549,0.346389567858682
2023,YR2023,Comoros,COM,850387,45.6837789196272,..,3434.40177367723,1382.51308503106,2920570621.11206,..,24.2493458507898,..,..,..,0.403422329791574,..
2023,YR2023,"Congo, Dem. Rep.",COD,105789731,86.7400581798289,..,1559.33806475859,539.45912637913,164961954408.872,..,8.20331808428044,..,..,1.11885996027452,3.40082269757578,0.287628845851116
2023,YR2023,"Congo, Rep.",COG,6182885,96.2103944039618,..,6172.28776650683,1677.08549205924,38162545447.2186,..,..,..,..,1.97625641072141,4.0889721782705,0.172079981336882
2023,YR2023,Costa Rica,CRI,5105525,72.4719990801769,13.9115296586432,25979.6286150717,14318.8389652137,132639643384.964,..,24.468143482792,3.71195489080265,23.8656514763931,..,5.4191807109794,1.14091155598797
2023,YR2023,Cote d'Ivoire,CIV,31165654,48.8170039103332,13.0371915904877,6520.89886460031,2315.38147441648,203228077783.126,..,12.7160176274503,25.5087371550178,35.5681018649838,0.864878467778842,3.07641433618414,0.596852247154812
2023,YR2023,Croatia,HRV,3859686,107.278314008304,21.1834528152976,41320.2032633085,17225.154484029,159483010052.546,..,36.6715063524944,..,47.1455811198445,1.70663158780592,3.90300483680134,1.59675370166247
2023,YR2023,Cuba,CUB,11019931,120.533878427187,..,..,7433.42885399674,..,..,..,..,..,..,..,..
2023,YR2023,Curacao,CUW,154654,..,..,27617.9204919042,17326.9646862721,4271221875.75495,..,75.6072902661377,..,..,..,4.16291089883125,0.221397421595543
2023,YR2023,Cyprus,CYP,1344976,190.740788408329,23.2663088788842,51453.7265625,31884.84375,49278520825.2553,..,140.820629363286,..,29.5074223210529,1.6506068333336,-63.1546692723109,-95.1677842468813
2023,YR2023,Czechia,CZE,10864042,131.892598295876,..,47558.4106763314,20272.5874017334,516676571040.913,..,21.7823142807391,..,..,1.47176821017418,3.4462419046487,2.44834224639404
2023,YR2023,Denmark,DNK,5946952,129.625337431278,31.5935489663634,69379.22000847,59026.9843650999,412594891187.811,..,58.2178891385544,0.0434268970850545,32.2391763073731,1.99961332917573,2.21212901346256,2.81320920036956
2023,YR2023,Djibouti,DJI,1152944,285.902043800644,..,6510.67859061619,3117.8155381531,7506447816.97939,..,48.5411985375397,..,..,..,3.51446231641349,..
2023,YR2023,Dominica,DMA,66510,..,..,18278.2253401989,8946.98822588042,1215684767.37663,..,47.7133558596514,..,..,..,7.2826833844529,0.0608489219948992
2023,YR2023,Dominican Republic,DOM,11331265,49.8436131764417,14.5126176833961,23282.4895071054,8809.96335385949,263820058464.731,..,15.3388484729448,5.26627191662373,49.0851998294061,0.779308679345321,3.94375586800192,0.299112775337563
2023,YR2023,Ecuador,ECU,17980083,56.9977535649091,..,14343.0190134813,6174.81822806637,257888672332.972,..,8.65121027096888,..,..,2.2651385614971,0.39702767894988,..
2023,YR2023,"Egypt, Arab Rep.",EGY,114535772,40.4504007720031,..,16691.387399222,4111.3118478995,1911760941520.97,..,14.0568318156581,..,..,0.808918707093165,2.48546398363597,0.0986042659199118
2023,YR2023,El Salvador,SLV,6309624,81.7147723425988,20.7052378334693,11424.6459176917,4489.17787712717,72085220073.7693,..,22.94627180064,5.27826342707385,38.7662341722471,1.33693500391086,1.89928827474734,-0.133102201178079
2023,YR2023,Equatorial Guinea,GNQ,1847549,61.443281519042,..,15688.2384192658,5118.21986148331,28984789203.2762,..,..,..,..,1.51867240610434,1.14918183344023,..
2023,YR2023,Eritrea,ERI,3470390,..,..,..,..,..,..,..,..,..,..,..,..
2023,YR2023,Estonia,EST,1370286,154.592617111149,21.3289742256328,41288.6165892158,20126.3730486957,56577213271.5702,..,54.3296454044129,..,34.745,2.99572297522503,12.540812828973,5.38574365737206
2023,YR2023,Eswatini,SWZ,1230506,99.7246110815617,..,10181.5040730397,3790.16576788091,12528401850.8997,..,13.8913385315845,..,..,1.38354667632574,0.608772714416035,-0.474566306277584
2023,YR2023,Ethiopia,ETH,128691692,20.5982015072652,3.93105822731496,2757.95923634026,842.44660489404,354926440591.656,..,11.0610740683626,18.2833667007966,29.6907971510535,0.882490047359025,2.40146315358044,..
2023,YR2023,Faroe Islands,FRO,54414,113.336400780359,..,71807.3137035442,59050.1954015578,3907323167.86466,..,..,..,..,..,..,..
2023,YR2023,Fiji,FJI,924145,..,20.5379880712802,13194.8047570404,5761.5694863591,12193912842.1951,..,..,13.7849881681014,43.5129338679153,1.33351782363525,1.65373894455648,0.528443795116309
2023,YR2023,Finland,FIN,5583911,85.5633906057585,25.3756670380578,56250.8787899319,45357.0296547377,314099900834.768,..,27.9839398194844,..,31.1418596293064,2.0075369530221,-0.0389119475535467,-0.33165323249416
2023,YR2023,France,FRA,68372286,70.6261450610225,23.0769652594876,54296.7230897731,39319.4152227295,3712391079956.77,..,23.1152451701751,0.0032685427152019,19.1255005584599,1.95099683800051,0.590645170561014,2.29047668137074
2023,YR2023,French Polynesia,PYF,281118,71.672203765227,..,..,20664.9770259225,..,..,..,..,..,..,-0.105843018626247,0.24394798179443
2023,YR2023,Gabon,GAB,2484789,91.478653318692,..,18701.4227766897,6541.2536861807,46469089599.868,..,..,..,..,1.32324399735374,5.93517225575899,..
2023,YR2023,"Gambia, The",GMB,2697845,39.9620173231694,..,2963.59873325179,735.612383709511,7995330024.50967,..,22.7542027461763,..,..,0.581008845800962,8.62799548703865,-0.0255672949818963
2023,YR2023,Georgia,GEO,3715483,107.151179161579,23.5992189173728,22590.5293649146,6180.6206023429,83934727816.341,..,34.7026448233638,0.662356095253115,45.7025705724649,1.65864808405362,6.86202066832702,1.53530939828721
2023,YR2023,Germany,DEU,83287273,81.9625483787634,10.6356015557046,63039.3719696432,44368.9920074881,5250377382984.22,..,21.3468717240029,..,20.1228442367678,1.48796332620564,1.69740103499567,2.26453788303299
2023,YR2023,Ghana,GHA,33787914,64.3878615281647,..,6808.53775165029,2091.8133564595,230046288018.513,..,24.7006624429426,..,..,0.398080247565807,1.63794208213468,0.0136640630241222
2023,YR2023,Gibraltar,GIB,38471,..,..,..,..,..,..,..,..,..,..,..,..
2023,YR2023,Greece,GRC,10407351,92.4710882947018,26.6941129395794,36700.5134631055,21050.8648111581,381955125490.765,..,33.9896795730417,..,34.4436610876641,2.88325472633445,1.94366777616511,1.66732326246234
2023,YR2023,Greenland,GRL,56865,91.8900994375821,..,71037.5372239623,49929.7755428605,4039549554.24062,..,..,..,..,..,..,..
2023,YR2023,Grenada,GRD,117081,..,..,17093.1562867447,9817.86383583917,2001283831.20836,..,85.7058522363531,..,..,..,16.4807317512533,0.00187632505896079
2023,YR2023,Guam,GUM,166506,..,..,..,..,..,..,..,..,..,..,..,..
2023,YR2023,Guatemala,GTM,18124838,48.2970707467356,11.5678620103716,12384.948508094,4470.70728455461,224475185347.545,..,9.51881613879813,4.2689630959722,51.5193326783044,0.41898209578954,1.58123029170621,0.62693319438149
2023,YR2023,Guinea,GIN,14405468,95.829526758227,..,3904.82395527998,1016.88094800324,56250816533.4192,..,15.2901141642171,..,..,2.13309701622161,5.86822813302221,0.088541326275285
2023,YR2023,Guinea-Bissau,GNB,2153339,40.4745452891609,8.64191716838539,2693.77665018683,779.085789155531,5800614318.13665,..,11.0074235717399,16.6769663871776,26.4578739503808,1.2348847572106,1.18124925655384,0.0143500116308697
2023,YR2023,Guyana,GUY,826353,..,..,49312.3603225444,23101.3538282741,40749416889.6156,..,32.4051685711913,..,..,0.640353101540134,-6.70884466235383,0.0405049947866879
2023,YR2023,Haiti,HTI,11637398,30.7854236995359,..,2965.94622340134,1219.11871645847,34515896648.3184,..,3.66392757434018,..,..,0.0540804620761845,0.119129583029912,..
2023,YR2023,Honduras,HND,10644851,98.7919798336365,..,6467.8800352783,2527.27366333188,68849619261.4123,..,21.5536154863007,..,..,1.52388630538342,3.16136364280263,0.667504352259896
2023,YR2023,"Hong Kong SAR, China",HKG,7536100,353.007500147482,..,64434.5576690871,43550.6298747786,485585270050.007,..,46.2775715787785,..,..,..,32.0136011857385,25.2432365225511
2023,YR2023,Hungary,HUN,9592186,158.385747467469,..,40333.2546888118,16375.0462724192,386884080960.455,..,30.2783400820928,..,..,2.04951096796972,-33.1910318158223,-33.9467223141211
2023,YR2023,Iceland,ISL,385663,87.4049419122047,23.1751062205462,68118.3960312086,60019.4084189868,26270744968.584,..,37.6744640610311,0.445178683503326,35.1916300451168,..,5.95630440129812,1.09514611318809
2023,YR2023,India,IND,1438069596,44.9928422877561,..,9301.75603225735,2270.9051808027,13376572539398.9,..,14.1799870930227,..,..,2.35679426678262,0.771919134264091,0.381437635526984
2023,YR2023,Indonesia,IDN,281190067,41.3362868707652,..,13889.9749067297,4192.65167890692,3905722974651.64,..,6.19104665286915,..,..,0.821108120466812,1.57116694173474,0.519698620911752
2023,YR2023,"Iran, Islamic Rep.",IRN,90608707,49.3935500960203,..,17044.8173461033,5687.84396330117,1544408860781.59,..,..,..,..,2.35179187276968,0.310885408088419,0.0189427659801377
2023,YR2023,Iraq,IRQ,45074049,69.4613207990167,..,13202.3228073875,4337.08705324182,595082145134,..,12.6187396964586,..,..,2.26269486919183,-1.99474822313262,0.106441118944823
2023,YR2023,Ireland,IRL,5311538,239.649627585111,..,117862.128878959,93541.9643678381,626029176301.489,..,149.831209627943,..,..,0.230374711003044,-24.6702589530642,-22.391820616793
2023,YR2023,Isle of Man,IMN,84165,..,..,..,..,..,..,..,..,..,..,..,..
2023,YR2023,Israel,ISR,9849000,57.9903207136983,22.1364060336696,47527.151024672,42011.6213954855,468094910441.995,..,25.2423423421449,0.291455812187494,30.7166694956338,5.38479973351622,3.15712318737314,1.49930306676288
2023,YR2023,Italy,ITA,58984216,65.1071778763174,24.7080453637277,52870.3261442897,34239.6554751239,3118514737285.23,..,12.9001309410865,..,23.3356071730007,1.60646040928357,1.8137542726883,1.31981246497356
2023,YR2023,Jamaica,JAM,2839786,..,..,11398.8120394641,6127.90771263434,32370186846.3016,..,40.7924429479895,..,..,1.18599590352408,2.29897160435092,-0.0181567529224059
2023,YR2023,Japan,JPN,124516650,45.1508795641248,..,45858.6595131439,36952.5150709861,5710166656067.31,..,10.4801017236182,..,..,1.13954641785041,0.474278368651713,4.64281280520537
2023,YR2023,Jordan,JOR,11439213,100.347868752034,17.0491301941353,9381.35436036929,3958.23043952182,107315310756.743,..,30.9201229917117,2.62582296200704,44.5974321398106,4.81224565580192,3.92718313792336,0.291127089761114
2023,YR2023,Kazakhstan,KAZ,20330104,62.3342837675021,11.892477417904,34703.2349286604,11453.3952725363,705520375236.098,..,8.76383607498811,13.2314720326807,29.9801442457351,0.440775673081948,2.18549414987511,1.18173226040417
2023,YR2023,Kenya,KEN,55339003,41.1110904167396,14.0631113817639,5691.82513474417,1811.21651838425,314979928207.083,..,11.6698271203333,7.99909417775644,33.5069593335309,0.975388127956637,0.472521238226254,0.276112857903001
2023,YR2023,Kiribati,KIR,132530,107.603778509938,17.7169834832785,3140.58326370439,1968.80973802094,416221499.938743,..,38.2499379474829,0.45531626633975,11.7503000850303,..,1.77076659064425,0.00572657518902926
2023,YR2023,"Korea, Dem. People's Rep.",PRK,26418204,..,..,..,..,..,..,..,..,..,..,..,..
2023,YR2023,"Korea, Rep.",KOR,51712619,82.2580090716629,14.5990999081076,54029.3434990785,36347.7036392553,2793998855187.97,..,15.0778273587411,1.09154187145526,16.0950504621487,2.59925771052554,1.03221435142435,1.74392257724062
2023,YR2023,Kosovo,XKX,1682668,109.951851577902,..,14240.2030320365,5102.74914613981,23961533955.5107,..,44.5334288038808,..,..,1.27351351798076,8.68015870393432,1.96452462968615
2023,YR2023,Kuwait,KWT,4853420,96.0797881582,..,47777.4012284844,24716.196765637,231883794670.351,..,25.2164216213634,..,..,4.76885841726812,1.27859898143139,6.77278632164282
2023,YR2023,Kyrgyz Republic,KGZ,7099750,132.373403912336,19.6084664812218,6575.77541290499,1298.25724482211,46686361487.7722,..,..,6.66888358386144,42.671226868472,3.45490593195541,1.04737270916902,0.0526979979456112
2023,YR2023,Lao PDR,LAO,7664993,..,..,8372.15591874407,2648.88726608035,64172516512.0818,..,14.3569501558248,..,..,..,11.2425630959408,..
2023,YR2023,Latvia,LVA,1883710,135.642989154266,16.6322142422569,37277.7217221317,16229.3844520245,70220417185.1967,..,32.4453678993195,..,40.0098425233341,2.97016956920808,3.94830779361871,2.38422237774829
2023,YR2023,Lebanon,LBN,5773493,104.206410069182,..,11330.2687387422,5834.63415739394,65415227251.247,..,72.4519406213605,..,..,1.62409234575544,3.26435467389127,0.361938078109898
2023,YR2023,Lesotho,LSO,2311472,141.51375589725,40.2247629322737,2595.82951058542,974.382478149793,6000187230.49191,..,20.3471154576669,12.8423494674681,33.2468628071285,1.6252797841757,-1.21096656797415,..
2023,YR2023,Liberia,LBR,5493031,..,..,1616.92373356695,653.329188343162,8881812193.11901,..,..,..,..,1.42410022779043,7.11347042965831,2.02114469082005
2023,YR2023,Libya,LBY,7305659,159.433825342143,..,12476.5974944083,7630.49664928174,91149766774.4011,..,24.2954061284096,..,..,5.28705130951195,1.80500147243983,-0.372909465710425
2023,YR2023,Liechtenstein,LIE,39846,..,..,..,..,..,..,..,..,..,..,..,..
2023,YR2023,Lithuania,LTU,2871585,149.041909014608,21.418435814263,46159.7081733083,18685.5523679178,132551525594.85,..,43.6675347033859,..,31.2096116216331,2.71300052887971,4.80150438624708,3.01601214513048
2023,YR2023,Luxembourg,LUX,666430,402.566968197345,26.8469729272694,130048.92038753,105422.829667869,86668502013.8616,..,329.173829402827,..,25.3492683682195,0.77317942181024,-10.4511316835125,-23.8030552176999
2023,YR2023,"Macao SAR, China",MAC,678800,145.874467252327,22.9306249864095,104815.20003062,59474.3964251614,71148557780.7849,..,91.2214869093436,..,71.6920258200339,..,2.50808598999395,1.04075220306071
2023,YR2023,Madagascar,MDG,31195932,61.1330416886146,9.61487095893803,1629.46097248642,445.834551910581,50832553694.3402,..,..,6.83738492222342,44.408551271955,0.647758015406905,3.27357918889341,1.12112698305525
2023,YR2023,Malawi,MWI,21104482,42.4376683990967,..,1649.29873234551,557.03523965791,34807595409.4085,..,11.0008422429334,..,..,1.16535783959732,5.68592009976555,0.541177063758079
2023,YR2023,Malaysia,MYS,35126298,132.593461641599,12.5648395418319,32857.6676600774,11445.3925275079,1154168225812.84,..,23.7199506755102,1.61144783924257,19.7961004448198,0.981466758859051,1.97990062716743,1.99161746820324
2023,YR2023,Maldives,MDV,525994,149.349976177434,..,22333.0477138175,11439.5364342871,11747049099.1817,..,92.83007450818,..,..,..,11.5818458756845,..
2023,YR2023,Mali,MLI,23769127,57.5332621823016,..,2860.42819002278,892.360907760383,67989880923.0316,..,11.3280143460762,..,..,3.77364142226059,2.83131972701562,0.119549510666896
2023,YR2023,Malta,MLT,552747,221.061835472405,21.4831065249643,60418.3949311068,33408.2005015872,33396086542.9845,..,167.91055889703,..,31.2816476371216,0.504866253628109,108.806291988427,113.674637584537
2023,YR2023,Marshall Islands,MHL,38827,118.493597542315,..,6801.61469241924,5482.44553639985,264086293.662562,..,..,..,..,..,0.773225575444257,..
2023,YR2023,Mauritania,MRT,5022441,92.1654445146742,..,6276.47521079359,1634.89897144624,31523226434.1734,..,11.6644459105594,..,..,2.26048047574852,7.90868374475115,0.00122878703239848
2023,YR2023,Mauritius,MUS,1248647,147.321392128852,20.5916033814226,26635.0124048697,11348.4337725632,33257728334.3033,..,44.1958221511921,1.14405700458384,53.0196001596231,0.14048907662346,5.39963130399295,0.114911853703082
2023,YR2023,Mexico,MEX,129739759,73.5788616365245,14.1935866614195,21917.24858366,10259.1766616403,2843538549187.14,..,7.33487096238802,1.6886822508619,30.2992676567192,0.660371879752505,1.70739186154278,0.0439008459421971
2023,YR2023,"Micronesia, Fed. Sts.",FSM,112630,97.8550268716246,..,3814.72009332148,2923.05174793291,429651924.110799,..,..,..,..,..,..,..
2023,YR2023,Moldova,MDA,2457783,93.9946211488052,18.5850270257317,15990.4793311152,3760.7000642059,39301128261.8663,..,24.1002221985388,2.97871889664523,44.3649036577227,0.570612660188445,2.15951089914844,0.0669096513629941
2023,YR2023,Monaco,MCO,38956,..,..,..,225884.183303985,..,..,..,..,..,..,..,..
2023,YR2023,Mongolia,MNG,3481145,142.864246599181,14.2955117783966,16222.8638898529,4456.53627552726,56474141515.8419,..,28.3699014179664,5.97606223925948,23.0986642699018,0.542565742478439,11.0581069914836,0.373614483437144
2023,YR2023,Montenegro,MNE,623529,116.806669538329,..,27243.51720726,8278.0284985113,16987123040.7257,..,54.3756703344164,..,..,1.51875139564723,6.87914947745747,0.749725845166655
2023,YR2023,Morocco,MAR,37712505,93.1178844179777,20.7438772425044,8915.3515625,3421.21704101563,341388709808.433,..,26.2874385559782,4.4020194586634,42.160460199834,3.59263420161027,0.725864122672683,0.83971469102163
2023,YR2023,Mozambique,MOZ,33635160,106.058613430022,22.3596241293103,1512.27640791481,610.433258850746,50865658944.44,..,14.9540645160191,5.19549336181497,28.4432325737859,1.92823085749343,12.8268059338812,0.832189373906965
2023,YR2023,Myanmar,MMR,54133798,..,..,5364.13797034429,1177.76649647177,290381161330.748,..,..,..,..,3.75371612518577,2.27715131661601,..
2023,YR2023,Namibia,NAM,2963095,110.770713965983,32.9629020947691,10137.6726120025,3977.97779909619,30038887028.2617,..,27.2957969084331,30.5781082311241,24.2957641650341,2.74670698895234,18.4906995136203,-2.47743518791155
2023,YR2023,Nauru,NRU,11875,143.955555555556,..,12372.5209531064,8504.80065666726,146923686.318139,..,62.2684265481355,..,..,..,0.955055945287656,3.00795306139443
2023,YR2023,Nepal,NPL,29694614,41.5701502933145,13.9448572554799,4861.23030387639,1136.42769313825,144352357438.712,..,9.58425567747115,16.5751381242333,37.9825909322408,1.07154635588773,0.182279066044198,..
2023,YR2023,Netherlands,NLD,17877117,165.030429478933,25.2540392502664,70198.9297909022,50960.7745021066,1254954481146.74,..,47.244447179939,..,26.3637823316406,1.44136515676766,-30.2430732965592,-31.8304390848986
2023,YR2023,New Caledonia,NCL,289870,51.6307347204266,..,..,..,..,..,..,..,..,..,7.03488478280661,0.517959793838735
2023,YR2023,New Zealand,NZL,5200000,50.4064316790513,30.6677718688638,49508.2697230172,42573.2308423434,257443002559.689,..,13.9757707092859,2.89194267306388,26.4084878311704,1.22064828880902,1.72217162155154,-0.17944300930844
2023,YR2023,Nicaragua,NIC,6823613,105.003097611103,19.9424179242094,7496.5292687685,2241.12235476653,51153414573.2492,..,15.1512068735076,3.39304030453465,46.4500769533484,0.554656019996368,6.25581189724963,0.236439250268614
2023,YR2023,Niger,NER,26159867,46.4755580630668,..,1689.56425367067,557.572652727864,44198776163.979,..,8.68750054753285,..,..,1.97616000981122,6.14147869426916,0.0548870717893883
2023,YR2023,Nigeria,NGA,227882945,..,..,7843.83461990405,2280.91931156115,1787476133276.69,..,4.53799260785564,..,..,0.842654277365197,0.384195197914633,0.0524927682512212
2023,YR2023,North Macedonia,MKD,1827816,147.79425348309,17.7577976514035,23455.319400522,6423.99221393369,42872008085.3846,..,31.1445225483877,4.12123599184681,37.1413121117923,1.69322815512816,4.04601094449743,0.716307158322798
2023,YR2023,Northern Mariana Islands,MNP,45143,..,..,..,..,..,..,..,..,..,..,..,..
2023,YR2023,Norway,NOR,5519601,80.3638456401269,27.0526715460901,90085.4382059786,78775.7495154943,497235674807.157,..,23.462400978569,0.142360201306505,17.9790561724658,1.81314737150102,2.85439221069972,2.25655065897445
2023,YR2023,Oman,OMN,5049269,106.446730998207,..,37793.6164427762,17853.9645119949,190830135902.4,..,17.2385681961462,..,..,5.52596096461175,11.8157929012346,-0.166323017184698
2023,YR2023,Pakistan,PAK,247504495,28.4676925469837,..,5418.7693189297,1610.33122837537,1341169763803.19,..,5.08996316448156,..,..,2.88079974069692,0.608281270820624,0.00950439485657225
2023,YR2023,Palau,PLW,17727,106.697590281594,..,16425.9722714446,13128.1314312511,291183210.455899,..,37.9054815351011,..,..,..,28.8707822649542,..
2023,YR2023,Panama,PAN,4458759,88.3489105288611,..,35872.9506479276,16877.1508423953,159948841558.003,..,28.2520681952281,..,..,..,2.84826789984183,1.19451192535425
2023,YR2023,Papua New Guinea,PNG,10389635,..,15.9347989235859,4205.84773981096,2515.29070398356,43697222882.2109,..,10.5391441783026,3.37008594025183,26.3856862469613,0.336863761991679,0.140519776766319,1.07062795688373
2023,YR2023,Paraguay,PRY,6844146,82.4052107741573,10.1382749909056,15826.087501295,6449.23028812969,108316053467.638,..,11.504387433095,5.27459731920148,35.8392624878049,0.922071975751778,2.57834141880415,0.706759557427103
2023,YR2023,Peru,PER,33845617,50.7851842068664,..,15327.5819994558,6568.0002779793,518771469889.674,..,7.37258006099632,..,..,1.23585995220031,1.62534746680837,0.552922765097389
2023,YR2023,Philippines,PHL,114891199,67.4199693173966,14.1044353413959,9898.53294588746,3744.69763802928,1137254318494.01,..,17.9566917278662,23.1011970975082,24.230972109487,1.17630268153778,2.0421035482067,0.806558599703659
2023,YR2023,Poland,POL,36687353,110.024935041815,17.9988487014512,43672.7668014946,17410.3830137066,1602238212133.11,..,21.5400015930152,..,35.1253772738396,3.26980459253118,4.38918673390545,1.51270625237515
2023,YR2023,Portugal,PRT,10578174,93.1358537072038,22.6188283771548,41768.2549192626,22417.1615864385,441831868212.315,..,28.6783283985994,..,30.9160981042168,1.46642848168082,3.96325428743124,1.9466354147271
2023,YR2023,Puerto Rico (US),PRI,3203792,101.657550951677,..,42837.8994791262,30012.9242468103,137243719648.029,..,..,..,..,..,..,..
2023,YR2023,Qatar,QAT,2656032,..,..,116563.992526162,65337.9507645329,309597694197.248,..,33.9242708308312,..,..,..,-0.21820397647038,-0.0881159742756979
2023,YR2023,Romania,ROU,19061062,83.3753324062231,..,40116.8555054263,12340.8170509969,764669870033.971,..,20.5467213039492,..,..,1.60357956167259,2.50426860654842,0.525793132358004
2023,YR2023,Russian Federation,RUS,143826130,40.8343264105273,12.0728013906636,39887.33984375,10562.0263671875,5835481974159.47,..,5.65209154796189,4.40663590198294,23.4333653005584,5.40231844120686,-0.484918766027148,0.51680716450069
2023,YR2023,Rwanda,RWA,13954471,64.9069041420041,13.5080695479594,3062.99909649442,1004.33216650024,42742532065.0576,..,13.8750884645537,5.35005041623252,25.8621575187722,1.25231620743593,3.19322395833009,0.0870247009332948
2023,YR2023,Samoa,WSM,216663,80.8405125235965,23.9562772523711,7383.74570300182,4688.4631403154,1599784495.24948,..,41.5635298389323,8.23871853162799,45.1299556077891,..,0.229294017897832,-4.08555849610599E-05
2023,YR2023,San Marino,SMR,33860,340.983395012486,17.2694010169446,70951.7895931976,51323.7972635865,2402427595.62567,..,105.521104831506,0.397899701111154,19.4069804350734,..,-0.893347982047045,1.70700878964933
2023,YR2023,Sao Tome and Principe,STP,230871,..,..,5541.3016760535,1380.60169416257,1279325859.25215,..,22.151281908185,..,..,..,-3.73659884967941,0.521894212241369
2023,YR2023,Saudi Arabia,SAU,33702731,54.1690118283683,7.80440393794593,64481.8441927288,25634.8237547841,2173214249211.45,..,13.9334039146587,1.82704932317571,21.6512607782404,7.28424248969983,1.87131032249407,1.42338281826992
2023,YR2023,Senegal,SEN,18077573,71.3930249127445,19.5370790010841,4304.76148720232,1458.96642332589,77819640032.4886,..,18.0987646221924,10.0071203304605,40.5273481581769,1.47655823980403,15.6044600024418,0.230445027093786
2023,YR2023,Serbia,SRB,6623183,114.49206464322,..,25735.2402009063,8208.4786891507,170449205399.559,..,30.670045627073,..,..,2.20807318692135,6.06995232091603,0.40280936197502
2023,YR2023,Seychelles,SYC,119773,180.82726250166,..,28635.3563581744,16242.4365925219,3429742537.08762,..,131.148312282329,..,..,1.4864216122769,10.9586044074443,-1.80631740603081
2023,YR2023,Sierra Leone,SLE,8460512,55.2867969448945,..,3034.94608285625,1113.86837500697,25677197753.3583,..,6.07972212473047,..,..,0.603276275520294,2.27421424673208,..
2023,YR2023,Singapore,SGP,5917648,325.69322405378,13.8948735640483,129555.245509242,66167.3596303607,766662339477.273,..,135.425689756329,..,20.4106090359184,2.83014132029943,26.2141035698283,7.70587538194622
2023,YR2023,Sint Maarten (Dutch part),SXM,42749,..,..,46571.0886504628,34300.9634216479,1990867468.71863,..,95.0654651283001,..,..,..,2.68405110111367,0.00840085586995618
2023,YR2023,Slovak Republic,SVK,5426740,181.39087235645,19.3078908764281,39518.2209359245,19383.3732009401,214455110281.819,..,19.2439494017975,..,28.6454787298072,1.83861085562872,0.393861455912485,-0.728979678876821
2023,YR2023,Slovenia,SVN,2120461,160.1596693009,20.3151075328515,47977.4268117652,25773.9015835069,101734262434.702,..,31.5866909201194,..,30.638902761872,1.32131919558764,2.09028809314832,1.19717101486213
2023,YR2023,Solomon Islands,SLB,800005,101.13453179317,..,2339.57493302805,1795.88798697142,1871671644.2971,..,24.5270560883832,..,..,..,5.23830750788181,0.426436486757114
2023,YR2023,"Somalia, Fed. Rep.",SOM,18358615,103.121007483117,7.5916654951987E-05,1401.64735228455,464.721069525567,25732304106.3615,..,..,6.34957576958737,1.66768008953425,1.28520375603975,6.17357181967512,..
2023,YR2023,South Africa,ZAF,63212384,65.6798759740707,25.4004573761785,13695.3755694076,5756.55049453121,865717339517.612,..,8.73165111191307,3.4336548319723,32.3820716894876,0.754561053349382,1.0127377916456,-0.732288648563323
2023,YR2023,South Sudan,SSD,11483374,..,..,..,..,..,..,36.7261101859108,..,..,2.09613379474333,..,..
2023,YR2023,Spain,ESP,48352528,71.7976366055733,14.9983875932141,47322.5937004504,28558.6319817501,2288167036933.65,..,17.8634692536308,..,24.8205649541157,1.4715775760116,2.89981565316893,3.12423805627594
2023,YR2023,Sri Lanka,LKA,22037000,43.5362302960951,9.92189093067548,13024.9404319855,3964.91987394354,287030612299.665,..,9.29284602985668,12.7654076150935,46.0835819022037,1.64003079587098,0.851705946554554,0.0615072639538359
2023,YR2023,St. Kitts and Nevis,KNA,46758,..,..,30616.577281386,21664.0333984701,1431569920.52305,..,80.0288328784039,..,..,..,2.82603990513145,-0.11535242398939
2023,YR2023,St. Lucia,LCA,179285,..,..,23403.7440265988,11440.0829538276,4195940247.80877,..,74.674634356735,..,..,..,8.35645076926594,1.56985789726356
2023,YR2023,St. Martin (French part),MAF,27515,..,..,..,..,..,..,..,..,..,..,..,..
2023,YR2023,St. Vincent and the Grenadines,VCT,101323,..,..,17858.2446468702,9051.35208011007,1809450922.35483,..,44.9688330385762,..,..,..,6.88612464767325,-0.0334558762573228
2023,YR2023,Sudan,SDN,50042791,2.47372878267665,..,2181.0791015625,677.723205566406,109147290533.351,..,..,..,..,..,1.37399372870934,..
2023,YR2023,Suriname,SUR,628886,..,..,19020.8663908707,7186.47308739957,11961956581.0891,..,23.1739285230455,..,..,..,-1.52896596211284,0.29897375805964
2023,YR2023,Sweden,SWE,10536632,107.619709443974,27.5821816916854,62662.7652797761,53937.7967122429,660254497855.377,..,38.1562884320899,..,36.4369431851887,1.50126036606591,3.22512369002956,7.18866590272622
2023,YR2023,Switzerland,CHE,8888822,135.32000224909,9.00355781857989,82295.2993346568,90077.4460280731,731508267222.482,..,40.0990372707895,0.856992176010623,28.0268121095233,0.705659021596424,-12.9086989818136,1.04908567076054
2023,YR2023,Syrian Arab Republic,SYR,23594623,..,..,..,..,..,..,..,..,..,..,..,..
2023,YR2023,Tajikistan,TJK,10389799,65.6347010367354,10.752156064593,4472.3241378777,1407.1075436221,46466548855.3976,..,8.10020276627761,4.90195114006678,32.6725736981409,2.39642126155182,1.14813698883392,0.326989674452997
2023,YR2023,Tanzania,TZA,66617606,38.212034806339,11.4914890206943,3620.79345703125,1092.86413574219,233786087616.827,..,10.9166837640591,16.4902360279213,34.4677402634239,1.210113658261,2.08641570952108,..
2023,YR2023,Thailand,THA,71702435,128.824114152375,15.486772180917,21191.4540309274,6408.41432577294,1519478855208.06,..,23.9218985216023,3.22499099772215,42.4414347937287,1.1309417952786,2.00183400496619,2.65221078959284
2023,YR2023,Timor-Leste,TLS,1384286,89.3046529157582,..,4331.07806144305,1279.21122757564,5995450725.36276,..,22.3961323112973,..,..,2.64956730769231,5.87499269142466,-3.26959675936196
2023,YR2023,Togo,TGO,9304337,..,13.7896420898615,2842.23076240747,893.753030300995,26445072845.206,..,..,15.3193688047729,41.427696711088,3.04669540490778,0.812296154474204,-1.00894626970132
2023,YR2023,Tonga,TON,104597,79.6239205024045,20.4538603855689,7030.41917439715,4680.29974543195,735360754.384418,..,36.9020515357904,4.84196918650307,29.9764936910784,..,0.44357392332268,0.193075897448093
2023,YR2023,Trinidad and Tobago,TTO,1367510,..,..,31196.603554718,15922.7668349788,42661667327.1124,..,15.0563432766828,..,..,0.959389724160016,-5.98486458707791,2.11959065954848
2023,YR2023,Tunisia,TUN,12200431,112.128858013354,..,12650.9615158166,3967.33387634534,154347183057.376,..,30.1995754968123,..,..,2.48712212584858,1.46351333844229,-0.0258166014925261
2023,YR2023,Turkiye,TUR,85325965,65.6832084738667,18.2219303841014,35069.1701714685,14932.8851363122,2992310786629.76,..,13.6615969158149,1.64906135914996,34.1125613938302,1.71991880187465,0.933806495534912,0.52250052856101
2023,YR2023,Turkmenistan,TKM,7364438,34.0992738017257,..,17866.4041809169,7880.44528570939,131576025873.303,..,..,..,..,..,3.00321589469314,..
2023,YR2023,Turks and Caicos Islands,TCA,46198,..,..,31839.3705381969,54523.0330927151,1470915240.12362,..,..,..,..,..,1.99307418959353,..
2023,YR2023,Tuvalu,TUV,9816,..,..,5812.39924537753,4773.34085526672,57054510.9926258,..,..,..,..,..,0.267002517757908,..
2023,YR2023,Uganda,UGA,48656601,33.3416963302219,12.9683684791221,2791.05576885861,955.745797275462,135803286914.102,..,11.6758956406421,9.10148892993134,42.8405961036792,1.80686571158733,6.13816501913594,0.000780823017518307
2023,YR2023,Ukraine,UKR,37732836,77.5096141935657,17.4590616933322,15916.9580078125,2164.26123046875,561229725741.223,..,23.1473615789833,1.2922207785043,24.2884551587582,36.5281725077224,2.52287921090664,0.071183599782799
2023,YR2023,United Arab Emirates,ARE,10483751,199.044979237546,0.616670610056634,70239.8552855072,41926.5823645673,736377153089.291,..,53.5030453335277,0.00872843011975603,13.8559826161135,..,5.87184069440898,4.26711404500529
2023,YR2023,United Kingdom,GBR,68492000,64.9923841747803,26.8736892132882,52592.6822066393,47934.9375098983,3602177989697.14,..,27.7062044811243,0.596196034689266,31.5873796597752,2.23063973904322,0.403116734836793,0.88305164751163
2023,YR2023,United States,USA,336806231,25.2903297883366,10.8130735453764,74158.7164155605,65186.5977244157,24977117771722.8,..,6.62047373838522,1.67368059775669,1.89866971088908,3.304441637598,1.32618252590589,1.28639455857168
2023,YR2023,Uruguay,URY,3388081,52.910987066463,18.6579991591649,31059.2537072459,18378.9833563662,105231267359.7,..,17.475967435041,2.9057988526465,25.1808425280049,2.11561237275002,-6.72904061401343,-10.6690748151982
2023,YR2023,Uzbekistan,UZB,35652307,66.1051443040339,11.5296953038943,10007.685502618,3725.67414578619,356797075898.787,..,13.2537110222785,4.39685463481889,31.6894499262205,..,2.10084902446518,0.0114253468709483
2023,YR2023,Vanuatu,VUT,320409,..,17.5712891365028,3214.70244012121,2733.35978526081,1030019594.1368,..,..,10.6458079931667,39.0113691018497,..,0.83061864668994,0.394242632398637
2023,YR2023,"Venezuela, RB",VEN,28300854,28.0946077372131,..,..,1430.74575249312,..,..,..,..,..,0.500704497643446,0.0126982233499548,1.00999714952717
2023,YR2023,Viet Nam,VNM,100352192,164.818071269894,..,13545.9346616752,3775.46375555802,1359364235987.88,..,11.3763112002999,..,..,..,4.26407109843686,-0.357260010950116
2023,YR2023,Virgin Islands (U.S.),VIR,104917,..,..,..,..,..,..,..,..,..,..,..,..
2023,YR2023,West Bank and Gaza,PSE,5165775,79.5331663669115,..,5361.13098084938,2888.76306072177,27694396392.5972,..,16.1559819937193,..,..,..,0.580098297204125,0.0176999250475064
2023,YR2023,"Yemen, Rep.",YEM,39390799,..,..,..,..,..,..,..,..,..,..,..,..
2023,YR2023,Zambia,ZMB,20723965,78.2418870451485,..,3673.4841969922,1330.85998216751,76129157926.5195,..,9.662783397659,..,..,1.33879038934617,2.32465335614826,0.555570554083799
2023,YR2023,Zimbabwe,ZWE,16340822,40.2912612046942,..,5218.02266462129,1418.47184628799,85266779554.5421,..,5.67523152748153,..,..,0.209793581326229,1.68432122793783,0.0850250538767285
2024,YR2024,Afghanistan,AFG,42647492,..,..,..,..,..,..,..,..,..,..,..,..
2024,YR2024,Albania,ALB,2377128,79.4546360752224,..,21641.0733223921,6549.23387415397,51443601344.7113,..,43.8521882749362,..,..,2.03786228936679,6.32349466068578,0.96360035909559
2024,YR2024,Algeria,DZA,46814308,40.1345741170703,..,15501.9197003966,4765.72900168387,725711643445.634,..,4.95823770183629,..,..,7.97145723551219,0.455370730483787,9.83448987171453E-05
2024,YR2024,American Samoa,ASM,46765,..,..,..,..,..,..,..,..,..,..,..,..
2024,YR2024,Andorra,AND,81938,..,..,65928.3071971004,41034.5266723078,5402033635.11601,..,109.277566469012,..,..,..,6.64266743694098,2.92935294534611
2024,YR2024,Angola,AGO,37885849,50.8422305562091,7.74436374420001,8901.88736611562,2845.47779302975,337255560567.664,..,8.53589124383075,2.57027343185161,9.43904690702236,1.00049213337543,-1.0986881170909,0.0327362071037519
2024,YR2024,Antigua and Barbuda,ATG,93772,..,..,29371.637778586,18350.185036972,2754237217.77357,..,81.4472386836277,..,..,..,11.1314252318887,-0.00309941222918482
2024,YR2024,Argentina,ARG,45696159,27.929760849367,..,26771.9657650571,12774.3506596628,1223376004342.6,..,6.27910233379253,..,..,0.618350391157195,1.82409522925391,0.431840831132215
2024,YR2024,Armenia,ARM,3033500,150.064726588742,22.3660356799158,20078.7848984844,5378.31799981682,60908993989.5524,..,39.4791046134811,3.06058419060942,48.2402939182656,5.48174920349075,0.506878336560983,0.218745715726565
2024,YR2024,Aruba,ABW,107995,160.365278789947,..,44558.9287594176,33373.9174591266,4812141511.37331,..,..,..,..,..,2.42051208397071,2.05517344762543
2024,YR2024,Australia,AUS,27196812,47.1453811065195,..,60303.9817116245,61480.670710531,1640076053462.49,..,11.0007546739824,..,..,1.8837883329175,3.03883928325354,0.789641841336561
2024,YR2024,Austria,AUT,9177982,108.825777834405,..,63788.078678479,45958.8250071261,585445837925.664,..,35.0005184281277,..,..,0.999843177036641,2.55351579610657,2.57882965563557
2024,YR2024,Azerbaijan,AZE,10202830,82.6898691594703,..,22072.1491157176,5871.14373251952,225198385162.317,..,24.6146616588964,..,..,4.99292395978321,0.311206693209432,0.999031400144059
2024,YR2024,"Bahamas, The",BHS,401283,79.2424586933455,..,36244.0500123244,33968.2032187918,14544121121.0956,..,52.8637991163848,..,..,..,1.51932088638775,1.02913380122278
2024,YR2024,Bahrain,BHR,1588670,157.818492147586,..,58891.8304860737,25812.4504577306,93559684338.3106,..,62.4052260148315,..,..,2.8946654057963,5.73694505846498,0.583743474754261
2024,YR2024,Bangladesh,BGD,173562364,26.7780758040478,..,8486.78495660517,1941.27874360025,1472986459828.03,..,4.38940515211053,..,..,0.941321120606305,0.292042784584373,0.00757689470651514
2024,YR2024,Barbados,BRB,282467,..,..,21837.7254102057,21581.2171257633,6168436783.44456,..,..,..,..,..,4.04185101459713,0.247665459686185
2024,YR2024,Belarus,BLR,9132629,131.91792910245,..,29040.9725790425,6792.13183495565,265220428363.568,..,22.2687208944265,..,..,2.07364910790144,2.28598440253164,0.224125633740459
2024,YR2024,Belgium,BEL,11858610,158.931826338067,..,63347.7858809235,45045.6601021398,751216687125.378,..,46.8787518063051,..,..,1.2770531266155,-6.1601989579997,0.702186396962341
2024,YR2024,Belize,BLZ,417072,108.972446521476,..,12621.4081961897,6290.49294452749,5264035959.20123,..,47.465624617666,..,..,0.898885869151742,4.00992513639046,0.0815022943647894
2024,YR2024,Benin,BEN,14462724,40.6398022401523,..,3901.32588494392,1324.78312597434,56423799507.9997,..,..,..,..,0.720549619940377,2.5276563137227,0.280611552394602
2024,YR2024,Bermuda,BMU,64636,75.2902443250736,..,109311.936941299,122117.603586776,7065486356.13778,..,..,..,..,..,1.27620852105354,0.366097296828972
2024,YR2024,Bhutan,BTN,791524,..,..,..,..,..,..,15.4176999329574,..,..,..,..,..
2024,YR2024,Bolivia,BOL,12413315,46.9778716148403,..,11329.1518061536,3045.61476602385,140632330052.604,..,6.36021089716286,..,..,1.37066364312669,0.705218407730592,0.243068684628877
2024,YR2024,Bosnia and Herzegovina,BIH,3164253,95.1562957108171,20.3059477554195,20527.6935527158,6730.26828824205,64954815907.2616,..,16.922766556591,1.33453616551058E-05,42.6763950102086,0.747079920408854,3.39024835333872,0.400440744558177
2024,YR2024,Botswana,BWA,2521139,71.1052579052124,22.4882379320016,18068.5050714283,6937.33180990267,45553212807.2757,..,11.469193903189,32.6124447866298,14.5360789330417,2.83392800595041,2.40833479893043,0.0155573607751684
2024,YR2024,Brazil,BRA,211998573,35.5845239385389,15.4102340842559,19652.3654991704,9566.74408628371,4166273441898.55,..,6.92162610807803,2.4873405144024,20.3397744212622,0.972774559040702,3.38960802616211,1.20498232875479
2024,YR2024,British Virgin Islands,VGB,39471,..,..,..,..,..,..,..,..,..,..,..,..
2024,YR2024,Brunei Darussalam,BRN,462721,132.587439642245,..,79071.7333801445,29563.8682753082,36588151541.3938,..,14.0531100477636,..,..,3.57781609529419,0.189449066349964,..
2024,YR2024,Bulgaria,BGR,6441421,110.22631455921,..,34221.5294617032,10126.8980075708,220435278526.734,..,21.9206761869913,..,..,2.14947328244853,3.1312025090285,0.997588250514518
2024,YR2024,Burkina Faso,BFA,23548781,60.5024222912348,..,2547.67232852209,763.833733522408,59994577724.1268,..,..,..,..,4.67973196943363,0.358681465803854,0.0118166137177292
2024,YR2024,Burundi,BDI,14047786,..,..,1051.25931339275,268.700857391724,14767865865.0483,..,15.633762623873,..,..,3.80127919699841,1.08105925624791,0.27597879235966
2024,YR2024,Cabo Verde,CPV,524877,96.5053536678629,..,9848.95276350935,4448.96609078891,5169488779.6525,..,41.389679969699,..,..,0.623903407592831,4.03361601888808,0.761549287559536
2024,YR2024,Cambodia,KHM,17638801,143.447009703011,..,7008.88934551726,2182.71843902341,123628404396.599,..,17.3633167009152,..,..,1.52066451977199,9.48089832015712,0.370699486249938
2024,YR2024,Cameroon,CMR,29123744,34.4031785915423,..,4916.93354019494,1480.73097431993,143199513689.651,..,..,..,..,1.00912763032385,1.66655391243674,0.118996760647801
2024,YR2024,Canada,CAN,41288599,65.1499212653783,14.2302331833719,56706.8238031978,44413.3983847404,2341345308573.89,..,14.2240857529071,0.897609803272928,13.6532924758108,1.31303419578919,2.81029565355294,3.98612144026465
2024,YR2024,Cayman Islands,CYM,74457,..,..,..,..,..,..,..,..,..,..,..,..
2024,YR2024,Central African Republic,CAF,5330690,46.4318999802251,..,1111.21941638883,389.938307964229,5923566230.74976,..,..,..,..,2.51969119903231,1.46851186564355,..
2024,YR2024,Chad,TCD,20299123,47.8679892951699,..,2412.865855392,849.707321000625,48979060781.1025,..,..,..,..,2.98484990097129,5.2230945466515,..
2024,YR2024,Channel Islands,CHI,168126,..,..,..,..,..,..,..,..,..,..,..,..
2024,YR2024,Chile,CHL,19764771,63.859857248066,..,30182.7871224714,14579.4001071307,596555875617.396,..,10.0111554759986,..,..,1.57780388625485,3.79129110936144,1.08756940238631
2024,YR2024,China,CHN,1408975000,37.1984201388065,..,23845.6197217259,13121.6769905565,33597882047418.8,..,5.318760191262,..,..,1.71129740345228,0.0989988051182737,0.918936853713498
2024,YR2024,Colombia,COL,52886363,37.0254687077888,15.2812370381266,18477.2146664536,6863.59563194342,977192682078.988,..,8.73901017576719,1.4061509699695,24.3443230926476,3.35903368303836,3.26725610813097,1.07727384839102
2024,YR2024,Comoros,COM,866628,44.3731767499027,..,3482.53486037478,1401.88898411553,3018062220.97688,..,..,..,..,..,0.492716315085539,..
2024,YR2024,"Congo, Dem. Rep.",COD,109276265,100.554088317275,..,1602.074979895,554.244129980766,175068770052.875,..,9.11057537501749,..,..,1.22855267131451,4.10789956662809,0.278746430646021
2024,YR2024,"Congo, Rep.",COG,6332961,93.1881220839752,..,6181.47071635967,1679.58061097707,39147012969.3478,..,..,..,..,1.18596121569308,3.83980276481754,0.161543082011543
2024,YR2024,Costa Rica,CRI,5129910,71.3310137687617,..,26973.4361580719,14866.5823676109,138371299881.655,..,25.0101569032737,..,..,..,5.55680052586902,0.353660612563219
2024,YR2024,Cote d'Ivoire,CIV,31934230,51.2640379409119,..,6747.03796777388,2395.67689089222,215461462281.624,..,..,..,..,0.762358993041457,3.58346670744132,0.261479093421508
2024,YR2024,Croatia,HRV,3866200,104.912326073253,..,42829.1978370384,17854.2091012685,165586244677.558,..,35.5364690352935,..,..,1.79323424509814,4.87780112464328,3.0039639580847
2024,YR2024,Cuba,CUB,10979783,124.863238865053,..,..,7381.39774048869,..,..,..,..,..,..,..,..
2024,YR2024,Curacao,CUW,155967,..,..,28762.058180431,18044.7751865648,4485931928.22728,..,..,..,..,..,4.347105970852,0.227176781229777
2024,YR2024,Cyprus,CYP,1358282,190.40287092076,..,52635.58203125,32617.216796875,51220475871.3833,..,146.822253913787,..,..,1.64735214954921,-133.824278977736,-148.411917430972
2024,YR2024,Czechia,CZE,10905028,131.484981069952,..,47963.8968485782,20445.432830127,523047638122.857,..,23.2128822819307,..,..,1.91680849222604,3.76083530894919,3.22117995937696
2024,YR2024,Denmark,DNK,5976992,131.765030975207,..,71431.2926242287,60772.8624276041,426944264564.674,..,59.9171779868913,..,..,2.41617454160591,4.36742106623918,7.23166771367063
2024,YR2024,Djibouti,DJI,1168722,241.237463098287,..,6871.12440453129,3290.42482052598,8030434256.31262,..,45.8247027975792,..,..,..,1.63337101411676,..
2024,YR2024,Dominica,DMA,66205,..,..,18739.3640404986,9172.71049624795,1240639596.30121,..,50.443495145109,..,..,..,8.70431929375585,-0.058236970290003
2024,YR2024,Dominican Republic,DOM,11427557,51.7835143952326,14.7034417622704,24229.8894872915,9168.45418897141,276888443219.725,..,16.9192308136686,5.45886508723004,47.9158235467088,0.782420068931067,3.6013993607877,-0.0380585334268545
2024,YR2024,Ecuador,ECU,18135478,57.2031395531255,..,13935.5391125402,5999.39391066593,252727662993.613,..,8.05284461504275,..,..,2.22194770434425,0.355365031150455,..
2024,YR2024,"Egypt, Arab Rep.",EGY,116538258,39.6007520873733,..,16798.151577864,4137.60929232898,1957627322504.22,..,14.6622405410146,..,..,0.665263620234986,11.9719350883142,0.130622555968081
2024,YR2024,El Salvador,SLV,6338193,84.6596461582312,21.4969845858726,11669.0817135644,4585.22599757795,73960892033.3419,..,26.1798258034721,4.72432150701761,37.0397602471985,1.18611916982816,2.61241857793703,0.813824727837948
2024,YR2024,Equatorial Guinea,GNQ,1892516,60.5414510975907,..,15454.428493564,5041.94038551173,29247753194.9258,..,..,..,..,0.982185856511218,1.47277889961866,1.20462210677783
2024,YR2024,Eritrea,ERI,3535603,..,..,..,..,..,..,..,..,..,..,..,..
2024,YR2024,Estonia,EST,1372341,151.037702410455,..,41189.6675300734,20078.1397620993,56526269527.8885,..,55.5359843754141,..,..,3.37400221824601,-7.97097840452121,-8.63115552174275
2024,YR2024,Eswatini,SWZ,1242822,107.480621053879,..,10380.3966630516,3864.20550510839,12900985341.5671,..,15.9559968317169,..,..,1.4440675502379,1.55448906259813,1.31248662268479
2024,YR2024,Ethiopia,ETH,132059767,17.4004358583187,3.39819259746301,2892.22220168264,883.458588619291,381946190066.437,..,8.75820884886824,18.5000840516538,32.1089790833586,0.650506448320295,2.68582028016447,..
2024,YR2024,Faroe Islands,FRO,54681,105.752803037623,..,72059.580327154,59257.6449307094,3940289911.86911,..,..,..,..,..,..,..
2024,YR2024,Fiji,FJI,928784,..,..,13592.4635937435,5935.20896505673,12624462706.4514,..,..,..,..,1.3128793789726,3.41161017865705,0.428514465134429
2024,YR2024,Finland,FIN,5619911,83.4601015353507,..,56123.1479579839,45254.0358658917,315407096563.701,..,29.9446319550262,..,..,2.29979173712597,2.92666706920425,4.02590028330083
2024,YR2024,France,FRA,68551653,68.1081875443744,..,54799.3482689389,39683.3953489029,3756585907158.45,..,23.5435527442493,..,..,2.05257687860637,1.64700185498585,1.32023614664222
2024,YR2024,French Polynesia,PYF,281807,64.4688665693732,..,..,20846.6514059991,..,..,..,..,..,..,-0.219284661446365,0.178943351735933
2024,YR2024,Gabon,GAB,2538952,92.0468055151256,..,18923.6616611651,6618.98685865885,48046268621.9384,..,..,..,..,1.538206793748,5.47750591310442,..
2024,YR2024,"Gambia, The",GMB,2759988,42.1706172274882,..,3057.68417746891,758.96588872906,8439171637.60406,..,26.8386145673799,..,..,0.574440350261863,9.66186331873299,-0.0276582440753649
2024,YR2024,Georgia,GEO,3699557,103.456471449056,24.2581681897327,24883.9081161639,6808.07398025981,92059436458.5108,..,33.6978465386744,0.516222544319322,44.4932545434274,1.86402941794564,4.68837813919395,1.35093891139211
2024,YR2024,Germany,DEU,83516593,79.0907305894936,..,62554.5547232436,44027.7631554469,5224343287117.36,..,21.7194666219963,..,..,1.89190377205494,1.01586176558023,1.71085912204498
2024,YR2024,Ghana,GHA,34427414,69.7884227390592,..,7055.62496009323,2167.72691406678,242906921529.863,..,25.2282285184864,..,..,0.383994182354107,2.14505298599888,0.00651996317351896
2024,YR2024,Gibraltar,GIB,39329,..,..,..,..,..,..,..,..,..,..,..,..
2024,YR2024,Greece,GRC,10405134,89.7765279446168,..,37474.2798239947,21494.6856060599,389924903122.161,..,33.9258056815239,..,..,3.12797536550149,2.6312519942121,0.866326898920859
2024,YR2024,Greenland,GRL,56836,..,..,..,..,..,..,..,..,..,..,..,..
2024,YR2024,Grenada,GRD,117207,..,..,17751.5098662481,10196.0049872434,2080601216.89334,..,88.729621049733,..,..,..,11.9486288193338,-0.2931200427625
2024,YR2024,Guam,GUM,167777,..,..,..,..,..,..,..,..,..,..,..,..
2024,YR2024,Guatemala,GTM,18406359,47.344196760267,..,12640.8875023146,4563.09590652717,232672713446.216,..,9.80796619245749,..,..,0.367622067360881,1.63251851384265,0.764326988799379
2024,YR2024,Guinea,GIN,14754785,97.7778177312748,..,4016.34191386072,1045.92207475817,59260261425.5034,..,12.86605378441,..,..,2.05370337042453,5.60537419672227,0.000119958358646675
2024,YR2024,Guinea-Bissau,GNB,2201352,38.8065847890015,..,2744.27981043716,793.692157673779,6041125849.26546,..,..,..,..,..,1.20132689112583,0.0175383080155885
2024,YR2024,Guyana,GUY,831087,..,..,70516.7215064805,33034.9576389333,58605530526.6564,..,..,..,..,0.868162254451279,34.9900722943113,0.0231118155255315
2024,YR2024,Haiti,HTI,11772557,22.2478853726107,..,2809.64535578242,1154.87300909888,33076710100.7338,..,2.43445212758629,..,..,0.068443100204951,0.0792936453462934,..
2024,YR2024,Honduras,HND,10825703,91.1101585856976,..,6585.85535717861,2573.37159995648,71296514097.7746,..,20.0200747456375,..,..,1.57536270602411,3.52903749551745,1.85728672857736
2024,YR2024,"Hong Kong SAR, China",HKG,7524100,359.506710667464,..,66153.9746651078,44712.7654725532,497749120777.738,..,48.8120283174467,..,..,..,30.924624334882,19.7945796558828
2024,YR2024,Hungary,HUN,9562065,146.504561505902,..,40686.9319263343,16518.6369936397,389051087730.184,..,30.0057520532254,..,..,2.15630980446665,-27.9229280333136,-35.0208718788789
2024,YR2024,Iceland,ISL,386506,85.9671932681303,..,67310.0573573616,59307.1777759714,26015741028.9644,..,36.9487149067303,..,..,..,8.11751049330284,1.38700967664964
2024,YR2024,India,IND,1450935791,44.6492935069676,..,9818.04270686639,2396.94999213544,14245349560959,..,14.6181873646862,..,..,2.2712033218142,0.694133152879562,0.620186160780468
2024,YR2024,Indonesia,IDN,283487931,42.572647301834,..,14470.4372020578,4367.86266621191,4102194303076.81,..,6.91732581967921,..,..,0.779216788275608,1.73651146010755,0.601128467926804
2024,YR2024,"Iran, Islamic Rep.",IRN,91567738,52.0621306794348,..,17484.1320140467,5834.44296939863,1600982419419.64,..,..,..,..,2.01043175751636,0.304914200880697,0.0188160119711683
2024,YR2024,Iraq,IRQ,46042015,70.7087434748943,..,12725.0431260393,4180.29619477317,585886626484.749,..,14.4556280231004,..,..,2.35714058035714,-2.73525447039729,0.156879569109714
2024,YR2024,Ireland,IRL,5395790,246.169874857401,..,119037.731175443,94474.9879707069,642302599499.143,..,162.932185326978,..,..,0.239096332495524,0.791076186083952,11.0226070349404
2024,YR2024,Isle of Man,IMN,84160,..,..,..,..,..,..,..,..,..,..,..,..
2024,YR2024,Israel,ISR,9974400,54.4520002969727,..,47338.8424624205,41845.1660567523,472176550257.167,..,23.7082087914884,..,..,8.77671668977531,2.73472411141711,1.83606007729428
2024,YR2024,Italy,ITA,58952704,62.8237685119526,..,53265.0032474189,34495.2545799636,3140115970004.12,..,13.2357665956582,..,..,1.60924561245844,1.13001784266315,1.92672090904624
2024,YR2024,Jamaica,JAM,2839175,..,..,11340.2638800451,6096.4327030963,32196993701.627,..,39.5806904393563,..,..,1.27385736005958,1.38581813054415,0.00485366460704293
2024,YR2024,Japan,JPN,123975371,46.4069516150859,..,46106.9229230044,37152.5636003552,5716122875047.88,..,11.7756414119224,..,..,1.37139689580634,0.401239653950032,5.03289135614276
2024,YR2024,Jordan,JOR,11552876,99.6794477365724,..,9520.25064497454,4016.83429143296,109986275190.311,..,29.8927203134722,..,..,4.80018703722722,3.06387579665258,0.101372419947837
2024,YR2024,Kazakhstan,KAZ,20592571,57.1613431963924,..,35973.9633287017,11872.7842626298,740796393997.686,..,8.5097075869515,..,..,0.42842846956594,0.678943746848058,-0.65877615790415
2024,YR2024,Kenya,KEN,56432944,40.1860139968756,..,5845.20117717825,1860.02287047776,329861910700.434,..,11.3698555214881,..,..,0.999546585264659,0.385110027210407,0.347068508744116
2024,YR2024,Kiribati,KIR,134518,..,..,3257.1362912531,2041.87601786956,438143459.626784,..,37.4197506214082,..,..,..,2.62220169231084,0.00533079170477288
2024,YR2024,"Korea, Dem. People's Rep.",PRK,26498823,..,..,..,..,..,..,..,..,..,..,..,..
2024,YR2024,"Korea, Rep.",KOR,51751065,84.6424951192038,..,55070.9386194121,37048.4264001496,2849979724104.21,..,16.0823768906706,..,..,2.56205259386748,0.811874572082119,2.59086624072191
2024,YR2024,Kosovo,XKX,1594353,113.789651964133,..,15716.2925564586,5631.68223392136,25057318186.2675,..,47.8842588791784,..,..,1.47659639574127,7.67877491657097,2.16502899157062
2024,YR2024,Kuwait,KWT,4897263,..,..,46137.4674254845,23867.826500295,225947312136.531,..,25.1492162782104,..,..,4.84093247384389,0.383567812220823,6.44289504941182
2024,YR2024,Kyrgyz Republic,KGZ,7221868,127.650577802859,20.3821895007982,7048.98952111264,1391.68404329929,50906871854.8587,..,..,8.47221678486463,39.6494805051226,2.96620373701758,4.03548948093475,0.11442786862021
2024,YR2024,Lao PDR,LAO,7769819,..,..,8600.32454665553,2721.07810663082,66822965068.7706,..,18.1711526273648,..,..,..,5.98958863567394,..
2024,YR2024,Latvia,LVA,1866124,132.262507895925,..,37611.6699359404,16374.773539624,70188039947.5369,..,32.7019840744376,..,..,3.25799154535171,3.46583040049498,0.587698088601779
2024,YR2024,Lebanon,LBN,5805962,..,..,..,..,..,..,..,..,..,2.58828538225203,..,..
2024,YR2024,Lesotho,LSO,2337423,..,37.2829803739764,2640.28544552536,991.069661910744,6171463926.93622,..,18.9457606038355,12.953870503842,32.7105865534348,1.56745014441231,-0.5534084172031,..
2024,YR2024,Liberia,LBR,5612817,..,..,1646.05861366601,665.101337624192,9239025769.781,..,..,..,..,0.711206896551724,9.86626133953545,1.56729466140958
2024,YR2024,Libya,LBY,7381023,128.816175842936,..,12583.8338726816,7696.0807819319,92881567242.442,..,..,..,..,..,..,-0.1165486290358
2024,YR2024,Liechtenstein,LIE,40450,..,..,..,..,..,..,..,..,..,..,..,..
2024,YR2024,Lithuania,LTU,2888278,143.04839086338,..,47165.3665643051,19092.6451176955,136226690609.618,..,46.0393364890649,..,..,3.11817486440289,5.53816765536591,0.93661621762588
2024,YR2024,Luxembourg,LUX,677012,351.267921153192,..,128475.279802738,104147.1739928,86979306129.8114,..,286.220740620097,..,..,0.962679157025622,113.622225285264,116.422168400337
2024,YR2024,"Macao SAR, China",MAC,687000,142.07943455076,..,111693.502831434,63377.2932129214,76733436445.1954,..,92.81919528371,..,..,..,3.82364491952989,2.50782084405561
2024,YR2024,Madagascar,MDG,31964956,54.9795881437152,..,1657.04970622969,453.383067004772,52967520949.4448,..,..,..,..,0.708648145396825,3.47985819890072,0.771464590180723
2024,YR2024,Malawi,MWI,21655286,..,..,1634.24660266597,551.95152347056,35390077575.2599,..,12.3943795489262,..,..,1.02496048269861,6.02024979620808,0.498534828455504
2024,YR2024,Malaysia,MYS,35557673,137.362571161559,..,34116.2317848885,11883.79127749,1213093813799.27,..,25.9986069166616,..,..,0.987556748730683,3.6930953933026,3.08803660181351
2024,YR2024,Maldives,MDV,527799,156.473955741011,..,23034.4098404839,11798.791369146,12157538479.3976,..,98.0296010614013,..,..,..,11.416720004027,..
2024,YR2024,Mali,MLI,24478595,49.8960414309506,..,2916.18529537154,909.755317910813,71384118790.3552,..,..,..,..,4.1981465701254,3.43740692659041,0.291385374194393
2024,YR2024,Malta,MLT,568847,218.170552427881,..,62700.4942180461,34670.0815997119,35666988034.4529,..,169.921997634319,..,..,0.451123319487248,170.537958922807,146.009131316365
2024,YR2024,Marshall Islands,MHL,37548,123.809133966775,..,7209.26654997536,5811.03355673487,270693540.418475,..,..,..,..,..,0.587459539725077,..
2024,YR2024,Mauritania,MRT,5169395,93.5988355881472,..,6482.69016724334,1688.6139322919,33511586137.0969,..,11.7126232848119,..,..,2.15504682070845,13.2039338372346,0.0357294983159763
2024,YR2024,Mauritius,MUS,1245779,145.421700301153,20.5324115436094,28011.1579806299,11934.770909957,34895712377.9512,..,43.344134956134,1.06983372637177,53.2625752927556,0.149590857574221,4.56073459342588,0.256585584661694
2024,YR2024,Mexico,MEX,130861007,74.5889079825143,..,22039.6287019016,10316.4611902215,2884128005836.94,..,7.27206098429119,..,..,0.893257529320534,2.44924957519445,0.702870515020015
2024,YR2024,"Micronesia, Fed. Sts.",FSM,113160,98.4249672966653,..,3824.1523439548,2930.27926555574,432741079.241925,..,..,..,..,..,..,..
2024,YR2024,Moldova,MDA,2402306,88.6661154286831,..,16376.6113704265,3851.51202518347,39341631754.8437,..,24.8851409100466,..,..,0.597780838491135,2.51844626798863,0.540584339882072
2024,YR2024,Monaco,MCO,38631,..,..,..,247170.219910657,..,..,..,..,..,..,..,..
2024,YR2024,Mongolia,MNG,3524788,138.448379141249,16.854871862883,16842.6505873797,4626.79609644243,59366772678.5888,..,27.4257680672343,6.54856267738058,25.9063305481183,0.742307300960191,11.6924984371367,0.233105726486234
2024,YR2024,Montenegro,MNE,623525,109.944104480975,..,28105.7093264336,8540.00828913129,17524612407.7645,..,49.6469618445425,..,..,1.83253539270475,7.24824965709432,0.819537728951938
2024,YR2024,Morocco,MAR,38081173,92.1872446062404,..,9162.7470703125,3516.15405273438,354338830185.762,..,26.4202500217762,..,..,3.51575374206256,1.02047789871899,0.43043854407714
2024,YR2024,Mozambique,MOZ,34631766,95.659420351194,21.8525035902837,1500.31427446351,605.604720848519,51958532879.6799,..,14.3304726307918,5.32518955172268,30.5313664589362,1.99330115632931,15.4256916399298,-0.19392822134497
2024,YR2024,Myanmar,MMR,54500091,..,..,5276.29433987853,1158.47928099316,287558521666.165,..,..,..,..,6.79452485229039,1.47879223317634,..
2024,YR2024,Namibia,NAM,3030131,109.628509818932,..,10281.3356402988,4034.35053463284,31153793845.0744,..,28.087980686692,..,..,2.73490195432496,14.7630958665235,0.332446580196714
2024,YR2024,Nauru,NRU,11947,165.846774193548,..,12468.7614524615,8570.95582950675,148964293.072557,..,93.9627906956781,..,..,..,-3.59566562291604,-0.821995381062142
2024,YR2024,Nepal,NPL,29651054,40.5298226771909,..,5046.81592972946,1179.81272768386,149643411660.469,..,9.71148589332282,..,..,0.979452474186084,0.132590416512966,..
2024,YR2024,Netherlands,NLD,17993485,153.83065216636,..,70498.8840396071,51178.5256968147,1268520612483.41,..,46.9047756674845,..,..,1.91642541759119,-1.40403571808501,-0.487984342833322
2024,YR2024,New Caledonia,NCL,292639,40.368957724281,..,..,..,..,..,..,..,..,..,8.48945728851914,0.536553895561065
2024,YR2024,New Zealand,NZL,5287500,51.224397222513,..,49316.3999433708,42408.2378731636,260760464700.573,..,14.7590261307627,..,..,1.19404695449297,0.676410624636647,0.338864970911806
2024,YR2024,Nicaragua,NIC,6916140,98.5258377100159,..,7661.60202722818,2290.47162505995,52988712244.5939,..,13.2229132843529,..,..,0.545131278321867,6.86656428120852,0.374733745436064
2024,YR2024,Niger,NER,27032412,49.9759837351389,..,1803.4369300532,595.151744559316,48751250109.2132,..,..,..,..,2.24177586841643,1.80157547660986,0.104279967179761
2024,YR2024,Nigeria,NGA,232679478,..,..,7994.21563861459,2324.64881202751,1860089921812.28,..,8.91573942337382,..,..,0.555429367236392,0.428249682662515,0.161718333143736
2024,YR2024,North Macedonia,MKD,1824359,136.324876175556,..,24203.2859505244,6628.84686594032,44155482553.4128,..,30.5357559504593,..,..,2.10352863426818,6.23445070666485,-0.382897529307991
2024,YR2024,Northern Mariana Islands,MNP,44278,..,..,..,..,..,..,..,..,..,..,..,..
2024,YR2024,Norway,NOR,5572279,81.3635091827243,..,91105.246799623,79667.5272314776,507663853531.356,..,24.6470436402011,..,..,2.09124111193175,2.4905624422878,1.02387035878428
2024,YR2024,Oman,OMN,5281538,114.852671522017,..,36721.0804634186,17347.2911339051,193943781868.603,..,17.1822593481727,..,..,5.59419531945284,11.6351181523148,-0.133271017434193
2024,YR2024,Pakistan,PAK,251269164,27.5784683520695,..,5500.32394824285,1634.56735260799,1382061800204.16,..,5.19560478511439,..,..,2.66760037007452,0.7166886452434,0.0226067766430513
2024,YR2024,Palau,PLW,17695,..,..,..,..,..,..,..,..,..,..,..,..
2024,YR2024,Panama,PAN,4515577,83.6737787798304,..,36394.9175291147,17122.720655567,164344052511.367,..,27.7539872956402,..,..,..,3.74510335231647,0.999178159951755
2024,YR2024,Papua New Guinea,PNG,10576502,..,..,4288.52828988176,2564.73748186493,45357628034.991,..,7.77310383807986,..,..,0.307995782327758,-0.6236311790975,2.41999004342543
2024,YR2024,Paraguay,PRY,6929153,76.8311565430624,11.4048611893673,16296.2836189263,6640.83816613117,112919442526.934,..,11.6867747631272,5.70902381049843,36.0970236936653,0.933106143624753,2.46843780233781,0.374275369578404
2024,YR2024,Peru,PER,34217848,51.4758878672647,..,15661.7497711956,6711.19403272527,535911373084.806,..,7.68319178711403,..,..,0.909288680359786,2.35092628744149,0.405755692899451
2024,YR2024,Philippines,PHL,115843670,65.8854725286968,..,10375.9404179938,3925.3048697218,1201987017721.73,..,19.3268460131213,..,..,1.32426895346612,2.04498934693652,0.622080708949349
2024,YR2024,Poland,POL,36559233,100.359442847164,..,45153.0439773281,18000.5034591285,1650760655426.38,..,21.0497847118425,..,..,4.15439387975356,2.24523191798779,1.09483113228872
2024,YR2024,Portugal,PRT,10694681,89.696408854026,..,42197.2025135828,22647.3791895579,451285619975.167,..,28.9225103236848,..,..,1.53226822745255,4.30503475485494,2.18414063122314
2024,YR2024,Puerto Rico (US),PRI,3203295,94.6225085555605,..,44205.7494879255,30971.2620550191,141604056305.924,..,..,..,..,..,..,..
2024,YR2024,Qatar,QAT,2857822,..,..,110889.792701691,62157.3751791848,316903289158.333,..,30.6883592896037,..,..,..,0.209965001654649,0.713128892187042
2024,YR2024,Romania,ROU,19051804,77.2149837939003,..,40504.0002945958,12459.9112061891,771674274828.582,..,19.1067758340878,..,..,2.29815245791591,1.87134949618788,0.519718451154568
2024,YR2024,Russian Federation,RUS,143533851,39.5081647660396,..,41704.7109375,11043.259765625,6088997179872.49,..,5.72788614567186,..,..,7.05233864500366,-0.430126781944773,-0.00782533802589507
2024,YR2024,Rwanda,RWA,14256567,69.9544135680561,..,3264.64451474392,1070.45003770926,46542623255.6292,..,14.5380253930242,..,..,1.24772078121775,4.02009319742237,0.0922832636726734
2024,YR2024,Samoa,WSM,218019,79.5241461770504,..,7686.24942571869,4880.54418032056,1675748413.54576,..,38.7385373278733,..,..,..,0.318181346491415,0.174346789553346
2024,YR2024,San Marino,SMR,33977,..,..,..,..,..,..,..,..,..,..,..,..
2024,YR2024,Sao Tome and Principe,STP,235536,..,..,5491.29829852275,1368.14347554019,1293398436.04085,..,20.8320279660997,..,..,..,-2.02904327860989,0.466158404777792
2024,YR2024,Saudi Arabia,SAU,35300280,54.6787052668733,8.18471656930006,62792.7741476371,24963.3322139095,2216602509388.35,..,15.1530275953824,1.94573046879485,22.9378336996353,7.2981029390103,1.72104243015611,2.22712722734939
2024,YR2024,Senegal,SEN,18501984,68.1405147656211,..,4460.92372176318,1511.89280670234,82535939325.2829,..,..,..,..,1.56647768181405,6.1461393599949,0.146544797166124
2024,YR2024,Serbia,SRB,6586476,111.725028388916,..,26900.853091323,8580.26105823259,177181823265.525,..,31.3814165871845,..,..,2.59513983105714,6.20170332537196,0.733871863374789
2024,YR2024,Seychelles,SYC,121354,188.369185297411,..,29241.7758048825,16586.4074964781,3548606461.02571,..,125.217330895091,..,..,1.17906851761683,10.4342001858715,-1.63446755347589
2024,YR2024,Sierra Leone,SLE,8642022,40.5454450452166,..,3098.76290609663,1137.29005673054,26779577207.271,..,..,..,..,0.462539633893509,1.7469962843978,..
2024,YR2024,Singapore,SGP,6036860,322.371427934716,14.1917409326666,132569.525225795,67706.8336149739,800303664054.59,..,136.409667379543,..,21.4614117036998,2.8417655746547,27.7575647897241,10.0947685766209
2024,YR2024,Sint Maarten (Dutch part),SXM,43350,..,..,47303.194758482,34840.1808966872,2050593492.7802,..,..,..,..,..,2.06435549473904,0.262067188261888
2024,YR2024,Slovak Republic,SVK,5422069,171.212800151635,..,40319.0547230873,19776.1758069498,218612696723.355,..,19.2478769887001,..,..,2.01078152849676,3.55503662060591,1.59198344812895
2024,YR2024,Slovenia,SVN,2127400,155.657928684474,..,48648.9078834081,26134.627203987,103495686631.162,..,31.6188559401758,..,..,1.31001116486788,2.5587649173879,2.00432968791538
2024,YR2024,Solomon Islands,SLB,819198,111.352972064455,..,2353.24808229243,1806.38367324387,1927776122.51779,..,24.0566104199719,..,..,..,2.08128126058924,3.33830427771402
2024,YR2024,"Somalia, Fed. Rep.",SOM,19009151,130.325060583271,7.96182509481436E-05,1409.33492233283,467.269910194415,26790260348.198,..,..,18.5025136222654,5.75867734944344,1.58578050121769,6.39257959388318,..
2024,YR2024,South Africa,ZAF,64007187,61.646770473025,..,13597.6538495998,5715.47531469148,870347572712.603,..,9.01419506668509,..,..,0.700150834276412,0.580891709673066,-0.315070203056406
2024,YR2024,South Sudan,SSD,11943408,..,..,..,..,..,..,..,..,..,1.9617070809135,..,..
2024,YR2024,Spain,ESP,48848840,69.9502612382631,..,48460.2914069661,29245.2192451729,2367229021292.26,..,19.1960212893143,..,..,1.43210737406914,2.47896679493344,4.14277282941019
2024,YR2024,Sri Lanka,LKA,21916000,42.3975008711047,..,13752.836740386,4186.4986638365,301407170002.3,..,10.4940036665799,..,..,1.42539087177796,0.769118881748846,0.111481374444496
2024,YR2024,St. Kitts and Nevis,KNA,46843,..,..,30656.4410109367,21692.2406392872,1436039666.27531,..,63.2181299146991,..,..,..,3.74957950139418,0.798906895015592
2024,YR2024,St. Lucia,LCA,179744,..,..,24252.4688588491,11854.9517233237,4359235762.56497,..,80.8444671171829,..,..,..,7.32073642166254,-0.0137435106872968
2024,YR2024,St. Martin (French part),MAF,26129,..,..,..,..,..,..,..,..,..,..,..,..
2024,YR2024,St. Vincent and the Grenadines,VCT,100616,..,..,18714.198849353,9485.18771201686,1882947831.4265,..,48.591526759824,..,..,..,12.0060314102276,-0.166075161787957
2024,YR2024,Sudan,SDN,50448963,1.99541210225008,..,1861.39794921875,578.38916015625,93905594489.6469,..,..,..,..,..,..,..
2024,YR2024,Suriname,SUR,634431,..,..,19179.1018321639,7246.2576795921,12167816754.4816,..,25.6285770664214,..,..,..,-0.850285319023894,-0.25018704189255
2024,YR2024,Sweden,SWE,10569709,105.883091480464,..,62978.9390459835,54209.9474264877,665669058844.783,..,40.0438301128385,..,..,1.99771738810168,4.47808450970011,4.8968267960219
2024,YR2024,Switzerland,CHE,9005582,134.09514852061,..,82286.1801896488,90067.4645431168,741034943164.658,..,41.5856990521147,..,..,0.717812077671144,-11.5737467714118,-2.98328041264978
2024,YR2024,Syrian Arab Republic,SYR,24672760,..,..,..,..,..,..,..,..,..,..,..,..
2024,YR2024,Tajikistan,TJK,10590927,..,..,4755.93296704719,1496.33813395037,50369738870.8902,..,8.20371256630958,..,..,1.84774975839365,2.05083616601343,0.711211356261096
2024,YR2024,Tanzania,TZA,68560157,41.5131207208244,12.8029080708118,3713.26293945313,1120.77416992188,246705840510.802,..,12.2289175265029,16.9164465058153,37.4978626175109,1.154617473534,2.17843632795407,..
2024,YR2024,Thailand,THA,71668011,136.747107022451,15.2576732483721,21740.5403219261,6574.46109387985,1558101282937.74,..,27.7070832272571,2.81649196973438,41.6796772719736,1.07876078016919,2.71636831286516,1.39695065705357
2024,YR2024,Timor-Leste,TLS,1400638,95.4485021286221,..,3890.95763434187,1149.21888298011,5449823119.04932,..,27.5706501571326,..,..,2.66415662650602,11.5563780898082,0.24120816145628
2024,YR2024,Togo,TGO,9515236,..,..,2960.77542569109,931.029965529857,28172476918.4511,..,..,..,..,1.99877193389434,0.786342441379874,-0.688691759888138
2024,YR2024,Tonga,TON,104175,..,..,..,..,..,..,39.3314331905573,..,..,..,..,..
2024,YR2024,Trinidad and Tobago,TTO,1368333,..,..,31960.1568888983,16312.4849555716,43732137356.2569,..,15.4878607690112,..,..,0.921416388185832,-1.76782828873977,2.054477216358
2024,YR2024,Tunisia,TUN,12277109,106.298549204247,..,12774.9158568021,4006.20588267443,156839034439.788,..,29.5242876201158,..,..,2.50636792573464,1.4797736580075,0.0673886067922573
2024,YR2024,Turkiye,TUR,85518661,54.5988061195916,17.6239296511937,36154.490436557,15395.0278894893,3091883611271.66,..,12.3981350243022,1.66183963980519,35.0328672101673,1.92255231276371,0.860701598247461,0.486563486853348
2024,YR2024,Turkmenistan,TKM,7494498,28.7346076303052,..,18662.298799056,8231.49544263659,139864561024.928,..,..,..,..,..,3.2007384018073,..
2024,YR2024,Turks and Caicos Islands,TCA,46535,..,..,33390.5267148059,57179.29601876,1553828160.67349,..,..,..,..,..,2.5209301366237,..
2024,YR2024,Tuvalu,TUV,9646,..,..,..,..,..,..,..,..,..,..,..,..
2024,YR2024,Uganda,UGA,50015092,42.6527889088562,..,2879.67009290376,986.090145363924,144026964626.23,..,12.5649062915496,..,..,1.88159798311992,6.04170465829259,0.000741568140112512
2024,YR2024,Ukraine,UKR,37860221,77.7530113300514,21.027968473332,16319.8447265625,2219.04248046875,577582962162.907,..,21.0982141412615,1.31933754753133,26.2324276708577,34.4815297701892,2.1065185105382,0.159902475289734
2024,YR2024,United Arab Emirates,ARE,10986400,..,0.64751617298844,69701.8047983545,41605.4168670844,765771908236.642,..,53.9485795052584,0.013488710890721,17.2588326151331,..,8.26261712974626,13.9715136907523
2024,YR2024,United Kingdom,GBR,69226000,62.8401605267118,26.9583697121296,52621.1790252979,47960.9105761942,3642753739205.27,..,28.7460022119587,0.557645334393815,31.0918761101089,2.2786177901127,-0.351465690300773,-1.96687949604445
2024,YR2024,United States,USA,340110988,25.3786342507088,10.8905153823848,75489.2664334817,66356.1706750101,25674728990086.7,..,6.93412417637499,1.6108869281022,1.85189517713821,3.41921653228044,1.03321085618604,1.12054360395912
2024,YR2024,Uruguay,URY,3386588,52.4649167856379,18.1623555727699,32038.7727288227,18958.6033293537,108502123258.158,..,16.4507993595348,3.00591209973116,24.6980889779933,2.31053827798919,-4.86239476784597,-1.69272270432753
2024,YR2024,Uzbekistan,UZB,36361859,60.7274403812997,..,10450.2051402852,3890.41593075015,379988885832.125,..,14.7969963731574,..,..,..,2.5972703195852,0.0319251972949375
2024,YR2024,Vanuatu,VUT,327777,..,..,3172.04772751391,2697.09183254533,1039724287.98133,..,..,..,..,..,2.58164239501493,0.249206591462533
2024,YR2024,"Venezuela, RB",VEN,28405543,26.0811657596499,..,..,1501.02277449885,..,..,..,..,..,..,1.36272366359347,2.17273423729851
2024,YR2024,Viet Nam,VNM,100987686,173.862024782965,..,14415.2159532813,4017.74604111554,1455759302312.16,..,12.6019066342781,..,..,..,4.23394171325231,0.125947695981725
2024,YR2024,Virgin Islands (U.S.),VIR,104377,..,..,..,..,..,..,..,..,..,..,..,..
2024,YR2024,West Bank and Gaza,PSE,5289152,81.3136801569531,..,3845.50297375419,2072.09019517685,20339449744.6379,..,13.8923499551002,..,..,..,1.18281329825606,0.0779578513120457
2024,YR2024,"Yemen, Rep.",YEM,40583164,..,..,..,..,..,..,..,..,..,..,..,..
2024,YR2024,Zambia,ZMB,21314956,62.5348874064443,..,3708.06904295647,1343.38966380353,79037328495.5792,..,13.1058202790394,..,..,1.33268361976463,9.32437789659637,1.2272934646034
2024,YR2024,Zimbabwe,ZWE,16634373,41.4865312656314,..,5215.25301075742,1417.71894115853,86752463870.312,..,5.09391203804448,..,..,0.351195023855751,1.12046122708248,0.31608536377079
,,,,,,,,,,,,,,,,
,,,,,,,,,,,,,,,,
,,,,,,,,,,,,,,,,
Data from database: World Development Indicators,,,,,,,,,,,,,,,,
Last Updated: 02/24/2026,,,,,,,,,,,,,,,,
